time;theta_1;theta_2;omega_1;omega_2
0.00;0.3500000000;-0.2000000000;0.0000000000;0.0000000000
0.01;0.3498098443;-0.1998805763;-0.0380259027;0.0238812252
0.02;0.3492396533;-0.1995224924;-0.0760004108;0.0477273801
0.03;0.3482901405;-0.1989262385;-0.1138835910;0.0715106054
0.04;0.3469624188;-0.1980925827;-0.1516355895;0.0952031167
0.05;0.3452579986;-0.1970225708;-0.1892166601;0.1187772326
0.06;0.3431787874;-0.1957175246;-0.2265871925;0.1422054046
0.07;0.3407270880;-0.1941790405;-0.2637077413;0.1654602451
0.08;0.3379055968;-0.1924089882;-0.3005390553;0.1885145566
0.09;0.3347174012;-0.1904095078;-0.3370421076;0.2113413609
0.10;0.3311659781;-0.1881830085;-0.3731781264;0.2339139275
0.11;0.3272551905;-0.1857321650;-0.4089086267;0.2562058028
0.12;0.3229892847;-0.1830599153;-0.4441954424;0.2781908388
0.13;0.3183728868;-0.1801694572;-0.4790007607;0.2998432219
0.14;0.3134109993;-0.1770642447;-0.5132871557;0.3211375020
0.15;0.3081089969;-0.1737479845;-0.5470176243;0.3420486208
0.16;0.3024726219;-0.1702246317;-0.5801556230;0.3625519408
0.17;0.2965079797;-0.1664983857;-0.6126651052;0.3826232736
0.18;0.2902215334;-0.1625736854;-0.6445105599;0.4022389086
0.19;0.2836200985;-0.1584552040;-0.6756570516;0.4213756410
0.20;0.2767108368;-0.1541478446;-0.7060702608;0.4400107997
0.21;0.2695012500;-0.1496567338;-0.7357165254;0.4581222756
0.22;0.2619991729;-0.1449872166;-0.7645628834;0.4756885485
0.23;0.2542127663;-0.1401448501;-0.7925771157;0.4926887147
0.24;0.2461505094;-0.1351353971;-0.8197277897;0.5091025133
0.25;0.2378211913;-0.1299648198;-0.8459843038;0.5249103530
0.26;0.2292339032;-0.1246392731;-0.8713169315;0.5400933372
0.27;0.2203980286;-0.1191650967;-0.8956968666;0.5546332899
0.28;0.2113232346;-0.1135488090;-0.9190962673;0.5685127799
0.29;0.2020194614;-0.1077970984;-0.9414883011;0.5817151446
0.30;0.1924969127;-0.1019168163;-0.9628471891;0.5942245131
0.31;0.1827660441;-0.0959149686;-0.9831482494;0.6060258288
0.32;0.1728375526;-0.0897987076;-1.0023679401;0.6171048705
0.33;0.1627223647;-0.0835753236;-1.0204839012;0.6274482726
0.34;0.1524316244;-0.0772522361;-1.0374749958;0.6370435448
0.35;0.1419766809;-0.0708369853;-1.0533213490;0.6458790905
0.36;0.1313690756;-0.0643372226;-1.0680043858;0.6539442233
0.37;0.1206205288;-0.0577607017;-1.0815068677;0.6612291838
0.38;0.1097429267;-0.0511152692;-1.0938129260;0.6677251533
0.39;0.0987483069;-0.0444088551;-1.1049080944;0.6734242679
0.40;0.0876488449;-0.0376494633;-1.1147793377;0.6783196299
0.41;0.0764568389;-0.0308451617;-1.1234150797;0.6824053189
0.42;0.0651846957;-0.0240040725;-1.1308052265;0.6856764001
0.43;0.0538449154;-0.0171343624;-1.1369411883;0.6881289326
0.44;0.0424500765;-0.0102442324;-1.1418158980;0.6897599752
0.45;0.0310128205;-0.0033419080;-1.1454238259;0.6905675908
0.46;0.0195458363;0.0035643713;-1.1477609920;0.6905508495
0.47;0.0080618450;0.0104663612;-1.1488249748;0.6897098299
0.48;-0.0034264160;0.0173558236;-1.1486149166;0.6880456190
0.49;-0.0149062085;0.0242245363;-1.1471315255;0.6855603104
0.50;-0.0263648092;0.0310643029;-1.1443770739;0.6822570008
0.51;-0.0377895255;0.0378669630;-1.1403553937;0.6781397853
0.52;-0.0491677105;0.0446244022;-1.1350718685;0.6732137507
0.53;-0.0604867794;0.0513285619;-1.1285334214;0.6674849678
0.54;-0.0717342237;0.0579714490;-1.1207485008;0.6609604817
0.55;-0.0828976272;0.0645451456;-1.1117270621;0.6536483012
0.56;-0.0939646809;0.0710418190;-1.1014805471;0.6455573860
0.57;-0.1049231972;0.0774537303;-1.0900218595;0.6366976334
0.58;-0.1157611250;0.0837732447;-1.0773653388;0.6270798631
0.59;-0.1264665633;0.0899928397;-1.0635267303;0.6167158013
0.60;-0.1370277760;0.0961051149;-1.0485231539;0.6056180624
0.61;-0.1474332044;0.1021028001;-1.0323730694;0.5938001315
0.62;-0.1576714812;0.1079787644;-1.0150962406;0.5812763437
0.63;-0.1677314431;0.1137260244;-0.9967136972;0.5680618639
0.64;-0.1776021433;0.1193377524;-0.9772476950;0.5541726651
0.65;-0.1872728633;0.1248072843;-0.9567216742;0.5396255057
0.66;-0.1967331250;0.1301281275;-0.9351602175;0.5244379061
0.67;-0.2059727015;0.1352939683;-0.9125890060;0.5086281248
0.68;-0.2149816281;0.1402986791;-0.8890347749;0.4922151334
0.69;-0.2237502125;0.1451363256;-0.8645252685;0.4752185909
0.70;-0.2322690446;0.1498011733;-0.8390891943;0.4576588184
0.71;-0.2405290063;0.1542876942;-0.8127561776;0.4395567718
0.72;-0.2485212798;0.1585905729;-0.7855567153;0.4209340154
0.73;-0.2562373566;0.1627047125;-0.7575221303;0.4018126943
0.74;-0.2636690454;0.1666252404;-0.7286845259;0.3822155070
0.75;-0.2708084796;0.1703475136;-0.6990767406;0.3621656769
0.76;-0.2776481245;0.1738671240;-0.6687323040;0.3416869248
0.77;-0.2841807839;0.1771799029;-0.6376853922;0.3208034403
0.78;-0.2903996065;0.1802819257;-0.6059707852;0.2995398530
0.79;-0.2962980916;0.1831695163;-0.5736238247;0.2779212041
0.80;-0.3018700946;0.1858392509;-0.5406803722;0.2559729177
0.81;-0.3071098318;0.1882879617;-0.5071767696;0.2337207717
0.82;-0.3120118853;0.1905127404;-0.4731497990;0.2111908694
0.83;-0.3165712070;0.1925109411;-0.4386366451;0.1884096104
0.84;-0.3207831226;0.1942801835;-0.4036748579;0.1654036615
0.85;-0.3246433349;0.1958183550;-0.3683023167;0.1421999283
0.86;-0.3281479269;0.1971236132;-0.3325571949;0.1188255259
0.87;-0.3312933649;0.1981943876;-0.2964779262;0.0953077503
0.88;-0.3340765004;0.1990293817;-0.2601031715;0.0716740497
0.89;-0.3364945728;0.1996275740;-0.2234717869;0.0479519953
0.90;-0.3385452107;0.1999882193;-0.1866227924;0.0241692529
0.91;-0.3402264338;0.2001108492;-0.1495953413;0.0003535539
0.92;-0.3415366535;0.1999952731;-0.1124286905;-0.0234673334
0.93;-0.3424746746;0.1996415778;-0.0751621714;-0.0472656324
0.94;-0.3430396953;0.1990501282;-0.0378351609;-0.0710135874
0.95;-0.3432313075;0.1982215663;-0.0004870532;-0.0946834917
0.96;-0.3430494973;0.1971568107;0.0368427682;-0.1182477171
0.97;-0.3424946443;0.1958570560;0.0741149589;-0.1416787421
0.98;-0.3415675212;0.1943237712;0.1112902410;-0.1649491811
0.99;-0.3402692931;0.1925586984;0.1483294312;-0.1880318133
1.00;-0.3386015165;0.1905638511;0.1851934695;-0.2108996112
1.01;-0.3365661373;0.1883415117;0.2218434470;-0.2335257699
1.02;-0.3341654902;0.1858942298;0.2582406352;-0.2558837359
1.03;-0.3314022957;0.1832248187;0.2943465154;-0.2779472361
1.04;-0.3282796586;0.1803363532;0.3301228083;-0.2996903065
1.05;-0.3248010650;0.1772321662;0.3655315054;-0.3210873216
1.06;-0.3209703796;0.1739158446;0.4005348997;-0.3421130231
1.07;-0.3167918427;0.1703912264;0.4350956183;-0.3627425485
1.08;-0.3122700663;0.1666623958;0.4691766555;-0.3829514605
1.09;-0.3074100307;0.1627336793;0.5027414067;-0.4027157753
1.10;-0.3022170798;0.1586096408;0.5357537035;-0.4220119912
1.11;-0.2966969173;0.1542950766;0.5681778494;-0.4408171172
1.12;-0.2908556008;0.1497950104;0.5999786568;-0.4591087010
1.13;-0.2846995376;0.1451146875;0.6311214847;-0.4768648570
1.14;-0.2782354781;0.1402595692;0.6615722772;-0.4940642941
1.15;-0.2714705104;0.1352353264;0.6912976033;-0.5106863426
1.16;-0.2644120537;0.1300478339;0.7202646971;-0.5267109816
1.17;-0.2570678510;0.1247031629;0.7484414985;-0.5421188648
1.18;-0.2494459626;0.1192075748;0.7757966953;-0.5568913469
1.19;-0.2415547578;0.1135675139;0.8022997648;-0.5710105086
1.20;-0.2334029070;0.1077895998;0.8279210166;-0.5844591812
1.21;-0.2249993732;0.1018806201;0.8526316354;-0.5972209706
1.22;-0.2163534030;0.0958475222;0.8764037235;-0.6092802804
1.23;-0.2074745172;0.0896974055;0.8992103439;-0.6206223341
1.24;-0.1983725011;0.0834375130;0.9210255628;-0.6312331965
1.25;-0.1890573939;0.0770752227;0.9418244916;-0.6410997938
1.26;-0.1795394785;0.0706180389;0.9615833285;-0.6502099333
1.27;-0.1698292702;0.0640735835;0.9802793995;-0.6585523212
1.28;-0.1599375051;0.0574495865;0.9978911979;-0.6661165796
1.29;-0.1498751285;0.0507538774;1.0143984230;-0.6728932623
1.30;-0.1396532824;0.0439943751;1.0297820177;-0.6788738693
1.31;-0.1292832932;0.0371790790;1.0440242037;-0.6840508600
1.32;-0.1187766583;0.0303160588;1.0571085155;-0.6884176645
1.33;-0.1081450332;0.0234134452;1.0690198329;-0.6919686941
1.34;-0.0974002178;0.0164794198;1.0797444101;-0.6946993500
1.35;-0.0865541423;0.0095222051;1.0892699038;-0.6966060307
1.36;-0.0756188534;0.0025500547;1.0975853981;-0.6976861377
1.37;-0.0646064997;-0.0044287568;1.1046814267;-0.6979380794
1.38;-0.0535293168;-0.0114059441;1.1105499931;-0.6973612739
1.39;-0.0423996134;-0.0183732210;1.1151845868;-0.6959561502
1.40;-0.0312297555;-0.0253223106;1.1185801976;-0.6937241472
1.41;-0.0200321515;-0.0322449555;1.1207333260;-0.6906677118
1.42;-0.0088192375;-0.0391329279;1.1216419912;-0.6867902950
1.43;0.0023965382;-0.0459780394;1.1213057351;-0.6820963468
1.44;0.0136027306;-0.0527721510;1.1197256234;-0.6765913093
1.45;0.0247869127;-0.0595071831;1.1169042440;-0.6702816080
1.46;0.0359366912;-0.0661751253;1.1128457012;-0.6631746427
1.47;0.0470397212;-0.0727680460;1.1075556074;-0.6552787754
1.48;0.0580837214;-0.0792781019;1.1010410713;-0.6466033183
1.49;0.0690564893;-0.0856975477;1.0933106830;-0.6371585195
1.50;0.0799459154;-0.0920187448;1.0843744966;-0.6269555475
1.51;0.0907399979;-0.0982341714;1.0742440090;-0.6160064751
1.52;0.1014268572;-0.1043364303;1.0629321367;-0.6043242614
1.53;0.1119947500;-0.1103182586;1.0504531896;-0.5919227330
1.54;0.1224320827;-0.1161725359;1.0368228421;-0.5788165640
1.55;0.1327274252;-0.1218922925;1.0220581025;-0.5650212553
1.56;0.1428695241;-0.1274707180;1.0061772793;-0.5505531126
1.57;0.1528473154;-0.1329011688;0.9891999466;-0.5354292237
1.58;0.1626499370;-0.1381771759;0.9711469066;-0.5196674353
1.59;0.1722667408;-0.1432924529;0.9520401513;-0.5032863286
1.60;0.1816873045;-0.1482409022;0.9319028223;-0.4863051943
1.61;0.1909014426;-0.1530166231;0.9107591698;-0.4687440074
1.62;0.1998992175;-0.1576139175;0.8886345100;-0.4506234012
1.63;0.2086709502;-0.1620272971;0.8655551822;-0.4319646408
1.64;0.2172072298;-0.1662514892;0.8415485050;-0.4127895961
1.65;0.2254989231;-0.1702814427;0.8166427324;-0.3931207147
1.66;0.2335371843;-0.1741123338;0.7908670087;-0.3729809945
1.67;0.2413134632;-0.1777395714;0.7642513248;-0.3523939555
1.68;0.2488195134;-0.1811588018;0.7368264730;-0.3313836123
1.69;0.2560474003;-0.1843659141;0.7086240030;-0.3099744455
1.70;0.2629895087;-0.1873570442;0.6796761783;-0.2881913735
1.71;0.2696385490;-0.1901285795;0.6500159323;-0.2660597242
1.72;0.2759875643;-0.1926771624;0.6196768255;-0.2436052061
1.73;0.2820299363;-0.1949996942;0.5886930038;-0.2208538801
1.74;0.2877593908;-0.1970933385;0.5570991568;-0.1978321308
1.75;0.2931700031;-0.1989555242;0.5249304772;-0.1745666375
1.76;0.2982562029;-0.2005839485;0.4922226217;-0.1510843461
1.77;0.3030127785;-0.2019765790;0.4590116717;-0.1274124399
1.78;0.3074348808;-0.2031316565;0.4253340960;-0.1035783113
1.79;0.3115180276;-0.2040476964;0.3912267142;-0.0796095331
1.80;0.3152581061;-0.2047234907;0.3567266606;-0.0555338294
1.81;0.3186513765;-0.2051581094;0.3218713498;-0.0313790478
1.82;0.3216944744;-0.2053509012;0.2866984425;-0.0071731298
1.83;0.3243844129;-0.2053014948;0.2512458131;0.0170559172
1.84;0.3267185850;-0.2050097992;0.2155515171;0.0412800489
1.85;0.3286947650;-0.2044760038;0.1796537599;0.0654712125
1.86;0.3303111097;-0.2037005783;0.1435908662;0.0896013761
1.87;0.3315661599;-0.2026842729;0.1074012505;0.1136425566
1.88;0.3324588405;-0.2014281168;0.0711233866;0.1375668492
1.89;0.3329884618;-0.1999334182;0.0347957796;0.1613464561
1.90;0.3331547187;-0.1982017622;-0.0015430633;0.1849537154
1.91;0.3329576913;-0.1962350101;-0.0378546609;0.2083611302
1.92;0.3323978444;-0.1940352969;-0.0741005867;0.2315413975
1.93;0.3314760264;-0.1916050296;-0.1102424967;0.2544674376
1.94;0.3301934687;-0.1889468850;-0.1462421576;0.2771124231
1.95;0.3285517844;-0.1860638066;-0.1820614758;0.2994498084
1.96;0.3265529668;-0.1829590017;-0.2176625257;0.3214533587
1.97;0.3241993873;-0.1796359386;-0.2530075785;0.3430971797
1.98;0.3214937936;-0.1760983424;-0.2880591322;0.3643557466
1.99;0.3184393072;-0.1723501917;-0.3227799415;0.3852039335
2.00;0.3150394205;-0.1683957142;-0.3571330478;0.4056170430
2.01;0.3112979942;-0.1642393821;-0.3910818114;0.4255708349
2.02;0.3072192532;-0.1598859078;-0.4245899426;0.4450415559
2.03;0.3028077839;-0.1553402388;-0.4576215348;0.4640059679
2.04;0.2980685294;-0.1506075520;-0.4901410981;0.4824413776
2.05;0.2930067856;-0.1456932485;-0.5221135933;0.5003256641
2.06;0.2876281964;-0.1406029477;-0.5535044669;0.5176373080
2.07;0.2819387486;-0.1353424810;-0.5842796875;0.5343554187
2.08;0.2759447666;-0.1299178854;-0.6144057820;0.5504597624
2.09;0.2696529065;-0.1243353970;-0.6438498734;0.5659307885
2.10;0.2630701502;-0.1186014437;-0.6725797184;0.5807496568
2.11;0.2562037984;-0.1127226383;-0.7005637468;0.5948982630
2.12;0.2490614644;-0.1067057707;-0.7277711003;0.6083592641
2.13;0.2416510659;-0.1005578004;-0.7541716725;0.6211161026
2.14;0.2339808181;-0.0942858485;-0.7797361492;0.6331530309
2.15;0.2260592251;-0.0878971894;-0.8044360486;0.6444551333
2.16;0.2178950714;-0.0813992424;-0.8282437617;0.6550083486
2.17;0.2094974131;-0.0747995630;-0.8511325933;0.6647994904
2.18;0.2008755686;-0.0681058341;-0.8730768018;0.6738162672
2.19;0.1920391086;-0.0613258570;-0.8940516397;0.6820473012
2.20;0.1829978463;-0.0544675423;-0.9140333927;0.6894821453
2.21;0.1737618268;-0.0475389000;-0.9329994191;0.6961112993
2.22;0.1643413158;-0.0405480306;-0.9509281873;0.7019262250
2.23;0.1547467888;-0.0335031151;-0.9677993133;0.7069193595
2.24;0.1449889193;-0.0264124049;-0.9835935964;0.7110841269
2.25;0.1350785667;-0.0192842126;-0.9982930535;0.7144149493
2.26;0.1250267638;-0.0121269013;-1.0118809524;0.7169072551
2.27;0.1148447047;-0.0049488747;-1.0243418426;0.7185574871
2.28;0.1045437312;0.0022414328;-1.0356615849;0.7193631077
2.29;0.0941353198;0.0094355667;-1.0458273785;0.7193226038
2.30;0.0836310686;0.0166250626;-1.0548277858;0.7184354886
2.31;0.0730426826;0.0238014560;-1.0626527556;0.7167023032
2.32;0.0623819608;0.0309562933;-1.0692936427;0.7141246157
2.33;0.0516607812;0.0380811417;-1.0747432257;0.7107050191
2.34;0.0408910870;0.0451675991;-1.0789957217;0.7064471269
2.35;0.0300848719;0.0522073050;-1.0820467983;0.7013555682
2.36;0.0192541657;0.0591919501;-1.0838935825;0.6954359803
2.37;0.0084110196;0.0661132864;-1.0845346670;0.6886950000
2.38;-0.0024325085;0.0729631373;-1.0839701134;0.6811402538
2.39;-0.0132643686;0.0797334073;-1.0822014516;0.6727803462
2.40;-0.0240725334;0.0864160920;-1.0792316778;0.6636248464
2.41;-0.0348450129;0.0930032871;-1.0750652475;0.6536842742
2.42;-0.0455698688;0.0994871985;-1.0697080673;0.6429700845
2.43;-0.0562352292;0.1058601511;-1.0631674824;0.6314946500
2.44;-0.0668293026;0.1121145980;-1.0554522620;0.6192712430
2.45;-0.0773403925;0.1182431296;-1.0465725817;0.6063140167
2.46;-0.0877569109;0.1242384821;-1.0365400029;0.5926379844
2.47;-0.0980673923;0.1300935459;-1.0253674500;0.5782589981
2.48;-0.1082605072;0.1358013742;-1.0130691852;0.5631937269
2.49;-0.1183250752;0.1413551908;-0.9996607802;0.5474596333
2.50;-0.1282500781;0.1467483980;-0.9851590869;0.5310749496
2.51;-0.1380246726;0.1519745842;-0.9695822049;0.5140586535
2.52;-0.1476382023;0.1570275312;-0.9529494480;0.4964304426
2.53;-0.1570802100;0.1619012211;-0.9352813085;0.4782107088
2.54;-0.1663404490;0.1665898436;-0.9165994205;0.4594205118
2.55;-0.1754088947;0.1710878020;-0.8969265211;0.4400815527
2.56;-0.1842757551;0.1753897197;-0.8762864112;0.4202161467
2.57;-0.1929314814;0.1794904463;-0.8547039149;0.3998471956
2.58;-0.2013667779;0.1833850632;-0.8322048385;0.3789981601
2.59;-0.2095726118;0.1870688890;-0.8088159283;0.3576930316
2.60;-0.2175402222;0.1905374850;-0.7845648283;0.3359563045
2.61;-0.2252611291;0.1937866595;-0.7594800379;0.3138129474
2.62;-0.2327271415;0.1968124731;-0.7335908690;0.2912883750
2.63;-0.2399303653;0.1996112423;-0.7069274032;0.2684084193
2.64;-0.2468632111;0.2021795442;-0.6795204495;0.2451993010
2.65;-0.2535184008;0.2045142196;-0.6514015019;0.2216876013
2.66;-0.2598889747;0.2066123772;-0.6226026976;0.1979002326
2.67;-0.2659682975;0.2084713960;-0.5931567756;0.1738644104
2.68;-0.2717500640;0.2100889288;-0.5630970360;0.1496076241
2.69;-0.2772283047;0.2114629043;-0.5324573003;0.1251576088
2.70;-0.2823973909;0.2125915300;-0.5012718713;0.1005423166
2.71;-0.2872520389;0.2134732935;-0.4695754954;0.0757898876
2.72;-0.2917873147;0.2141069649;-0.4374033243;0.0509286215
2.73;-0.2959986377;0.2144915979;-0.4047908783;0.0259869490
2.74;-0.2998817841;0.2146265309;-0.3717740106;0.0009934031
2.75;-0.3034328902;0.2145113884;-0.3383888717;-0.0240234095
2.76;-0.3066484552;0.2141460807;-0.3046718756;-0.0490348376
2.77;-0.3095253436;0.2135308051;-0.2706596657;-0.0740122136
2.78;-0.3120607872;0.2126660454;-0.2363890827;-0.0989268825
2.79;-0.3142523873;0.2115525719;-0.2018971325;-0.1237502312
2.80;-0.3160981158;0.2101914404;-0.1672209546;-0.1484537170
2.81;-0.3175963164;0.2085839919;-0.1323977918;-0.1730088969
2.82;-0.3187457060;0.2067318512;-0.0974649602;-0.1973874565
2.83;-0.3195453746;0.2046369254;-0.0624598191;-0.2215612397
2.84;-0.3199947859;0.2023014023;-0.0274197422;-0.2455022778
2.85;-0.3200937775;0.1997277483;0.0076179115;-0.2691828189
2.86;-0.3198425602;0.1969187060;0.0426158263;-0.2925753579
2.87;-0.3192417176;0.1938772920;0.0775367587;-0.3156526656
2.88;-0.3182922055;0.1906067933;0.1123435652;-0.3383878192
2.89;-0.3169953502;0.1871107648;0.1469992318;-0.3607542318
2.90;-0.3153528475;0.1833930253;0.1814669020;-0.3827256823
2.91;-0.3133667611;0.1794576539;0.2157099059;-0.4042763455
2.92;-0.3110395199;0.1753089858;0.2496917897;-0.4253808222
2.93;-0.3083739165;0.1709516080;0.2833763448;-0.4460141692
2.94;-0.3053731040;0.1663903546;0.3167276382;-0.4661519290
2.95;-0.3020405934;0.1616303014;0.3497100426;-0.4857701601
2.96;-0.2983802505;0.1566767613;0.3822882680;-0.5048454660
2.97;-0.2943962919;0.1515352780;0.4144273929;-0.5233550255
2.98;-0.2900932815;0.1462116208;0.4460928966;-0.5412766217
2.99;-0.2854761264;0.1407117776;0.4772506923;-0.5585886706
3.00;-0.2805500722;0.1350419491;0.5078671603;-0.5752702503
3.01;-0.2753206982;0.1292085418;0.5379091826;-0.5913011287
3.02;-0.2697939122;0.1232181608;0.5673441774;-0.6066617917
3.03;-0.2639759449;0.1170776028;0.5961401348;-0.6213334696
3.04;-0.2578733445;0.1107938483;0.6242656526;-0.6352981643
3.05;-0.2514929694;0.1043740537;0.6516899729;-0.6485386746
3.06;-0.2448419828;0.0978255436;0.6783830192;-0.6610386211
3.07;-0.2379278447;0.0911558018;0.7043154338;-0.6727824705
3.08;-0.2307583051;0.0843724636;0.7294586152;-0.6837555588
3.09;-0.2233413961;0.0774833060;0.7537847564;-0.6939441129
3.10;-0.2156854236;0.0704962396;0.7772668826;-0.7033352721
3.11;-0.2077989591;0.0634192986;0.7998788893;-0.7119171078
3.12;-0.1996908305;0.0562606320;0.8215955799;-0.7196786418
3.13;-0.1913701130;0.0490284937;0.8423927035;-0.7266098637
3.14;-0.1828461195;0.0417312328;0.8622469919;-0.7327017471
3.15;-0.1741283904;0.0343772836;0.8811361958;-0.7379462633
3.16;-0.1652266835;0.0269751558;0.8990391210;-0.7423363952
3.17;-0.1561509629;0.0195334239;0.9159356627;-0.7458661477
3.18;-0.1469113884;0.0120607176;0.9318068400;-0.7485305584
3.19;-0.1375183037;0.0045657106;0.9466348279;-0.7503257052
3.20;-0.1279822249;-0.0029428891;0.9604029885;-0.7512487131
3.21;-0.1183138285;-0.0104563502;0.9730959010;-0.7512977593
3.22;-0.1085239387;-0.0179659282;0.9846993893;-0.7504720757
3.23;-0.0986235155;-0.0254628766;0.9952005483;-0.7487719510
3.24;-0.0886236412;-0.0329384567;1.0045877679;-0.7461987304
3.25;-0.0785355079;-0.0403839486;1.0128507550;-0.7427548134
3.26;-0.0683704038;-0.0477906618;1.0199805533;-0.7384436500
3.27;-0.0581396998;-0.0551499455;1.0259695604;-0.7332697363
3.28;-0.0478548363;-0.0624531989;1.0308115431;-0.7272386063
3.29;-0.0375273089;-0.0696918818;1.0345016492;-0.7203568245
3.30;-0.0271686549;-0.0768575249;1.0370364177;-0.7126319748
3.31;-0.0167904390;-0.0839417395;1.0384137855;-0.7040726495
3.32;-0.0064042397;-0.0909362280;1.0386330916;-0.6946884357
3.33;0.0039783648;-0.0978327935;1.0376950786;-0.6844899011
3.34;0.0143458109;-0.1046233497;1.0356018913;-0.6734885775
3.35;0.0246865635;-0.1112999304;1.0323570728;-0.6616969440
3.36;0.0349891297;-0.1178546987;1.0279655572;-0.6491284085
3.37;0.0452420730;-0.1242799564;1.0224336600;-0.6357972875
3.38;0.0554340268;-0.1305681529;1.0157690661;-0.6217187860
3.39;0.0655537084;-0.1367118942;1.0079808141;-0.6069089752
3.40;0.0755899318;-0.1427039509;0.9990792795;-0.5913847700
3.41;0.0855316217;-0.1485372672;0.9890761539;-0.5751639055
3.42;0.0953678259;-0.1542049684;0.9779844231;-0.5582649121
3.43;0.1050877286;-0.1597003691;0.9658183422;-0.5407070910
3.44;0.1146806629;-0.1650169807;0.9525934089;-0.5225104880
3.45;0.1241361227;-0.1701485186;0.9383263349;-0.5036958675
3.46;0.1334437751;-0.1750889093;0.9230350148;-0.4842846853
3.47;0.1425934720;-0.1798322973;0.9067384944;-0.4642990615
3.48;0.1515752612;-0.1843730514;0.8894569362;-0.4437617527
3.49;0.1603793978;-0.1887057711;0.8712115849;-0.4226961245
3.50;0.1689963543;-0.1928252925;0.8520247305;-0.4011261225
3.51;0.1774168314;-0.1967266938;0.8319196708;-0.3790762444
3.52;0.1856317676;-0.2004053011;0.8109206732;-0.3565715115
3.53;0.1936323488;-0.2038566928;0.7890529357;-0.3336374392
3.54;0.2014100173;-0.2070767052;0.7663425468;-0.3103000092
3.55;0.2089564805;-0.2100614364;0.7428164458;-0.2865856399
3.56;0.2162637194;-0.2128072508;0.7185023821;-0.2625211577
3.57;0.2233239964;-0.2153107831;0.6934288748;-0.2381337681
3.58;0.2301298627;-0.2175689416;0.6676251722;-0.2134510270
3.59;0.2366741655;-0.2195789119;0.6411212112;-0.1885008116
3.60;0.2429500545;-0.2213381600;0.6139475773;-0.1633112916
3.61;0.2489509886;-0.2228444348;0.5861354646;-0.1379109003
3.62;0.2546707413;-0.2240957706;0.5577166361;-0.1123283061
3.63;0.2601034064;-0.2250904898;0.5287233850;-0.0865923836
3.64;0.2652434034;-0.2258272040;0.4991884963;-0.0607321850
3.65;0.2700854815;-0.2263048165;0.4691452087;-0.0347769109
3.66;0.2746247249;-0.2265225230;0.4386271778;-0.0087558823
3.67;0.2788565560;-0.2264798130;0.4076684392;0.0173014886
3.68;0.2827767392;-0.2261764703;0.3763033733;0.0433657269
3.69;0.2863813845;-0.2256125739;0.3445666699;0.0694073243
3.70;0.2896669503;-0.2247884977;0.3124932941;0.0953967672
3.71;0.2926302455;-0.2237049107;0.2801184523;0.1213045665
3.72;0.2952684324;-0.2223627767;0.2474775602;0.1471012860
3.73;0.2975790284;-0.2207633532;0.2146062094;0.1727575721
3.74;0.2995599075;-0.2189081909;0.1815401369;0.1982441828
3.75;0.3012093015;-0.2167991321;0.1483151933;0.2235320175
3.76;0.3025258015;-0.2144383096;0.1149673124;0.2485921463
3.77;0.3035083579;-0.2118281441;0.0815324816;0.2733958400
3.78;0.3041562813;-0.2089713426;0.0480467117;0.2979146000
3.79;0.3044692424;-0.2058708960;0.0145460076;0.3221201886
3.80;0.3044472716;-0.2025300760;-0.0189336602;0.3459846591
3.81;0.3040907590;-0.1989524321;-0.0523563855;0.3694803864
3.82;0.3034004531;-0.1951417884;-0.0856863540;0.3925800977
3.83;0.3023774601;-0.1911022400;-0.1188878733;0.4152569027
3.84;0.3010232424;-0.1868381485;-0.1519254005;0.4374843252
3.85;0.2993396167;-0.1823541383;-0.1847635721;0.4592363333
3.86;0.2973287527;-0.1776550918;-0.2173672325;0.4804873707
3.87;0.2949931702;-0.1727461444;-0.2497014634;0.5012123876
3.88;0.2923357371;-0.1676326794;-0.2817316135;0.5213868714
3.89;0.2893596662;-0.1623203221;-0.3134233286;0.5409868773
3.90;0.2860685122;-0.1568149347;-0.3447425815;0.5599890595
3.91;0.2824661684;-0.1511226096;-0.3756557032;0.5783707007
3.92;0.2785568630;-0.1452496629;-0.4061294140;0.5961097431
3.93;0.2743451545;-0.1392026281;-0.4361308551;0.6131848172
3.94;0.2698359282;-0.1329882488;-0.4656276209;0.6295752718
3.95;0.2650343909;-0.1266134713;-0.4945877917;0.6452612025
3.96;0.2599460659;-0.1200854372;-0.5229799668;0.6602234798
3.97;0.2545767879;-0.1134114752;-0.5507732980;0.6744437768
3.98;0.2489326971;-0.1065990935;-0.5779375241;0.6879045958
3.99;0.2430202334;-0.0996559706;-0.6044430048;0.7005892943
4.00;0.2368461297;-0.0925899474;-0.6302607557;0.7124821101
4.01;0.2304174053;-0.0854090178;-0.6553624834;0.7235681851
4.02;0.2237413589;-0.0781213196;-0.6797206205;0.7338335883
4.03;0.2168255611;-0.0707351252;-0.7033083613;0.7432653377
4.04;0.2096778466;-0.0632588320;-0.7260996968;0.7518514203
4.05;0.2023063060;-0.0557009527;-0.7480694502;0.7595808120
4.06;0.1947192774;-0.0480701050;-0.7691933118;0.7664434944
4.07;0.1869253377;-0.0403750021;-0.7894478739;0.7724304720
4.08;0.1789332928;-0.0326244414;-0.8088106653;0.7775337862
4.09;0.1707521689;-0.0248272952;-0.8272601846;0.7817465289
4.10;0.1623912020;-0.0169924992;-0.8447759337;0.7850628537
4.11;0.1538598279;-0.0091290424;-0.8613384499;0.7874779861
4.12;0.1451676720;-0.0012459561;-0.8769293370;0.7889882310
4.13;0.1363245379;0.0066476969;-0.8915312957;0.7895909795
4.14;0.1273403968;0.0145428332;-0.9051281522;0.7892847133
4.15;0.1182253756;0.0224303594;-0.9177048859;0.7880690071
4.16;0.1089897459;0.0303011838;-0.9292476553;0.7859445299
4.17;0.0996439115;0.0381462264;-0.9397438220;0.7829130442
4.18;0.0901983965;0.0459564305;-0.9491819736;0.7789774028
4.19;0.0806638330;0.0537227734;-0.9575519440;0.7741415446
4.20;0.0710509483;0.0614362771;-0.9648448317;0.7684104883
4.21;0.0613705524;0.0690880192;-0.9710530168;0.7617903247
4.22;0.0516335251;0.0766691435;-0.9761701747;0.7542882064
4.23;0.0418508027;0.0841708705;-0.9801912881;0.7459123372
4.24;0.0320333655;0.0915845082;-0.9831126563;0.7366719584
4.25;0.0221922237;0.0989014620;-0.9849319026;0.7265773352
4.26;0.0123384050;0.1061132448;-0.9856479785;0.7156397399
4.27;0.0024829408;0.1132114875;-0.9852611658;0.7038714354
4.28;-0.0073631470;0.1201879483;-0.9837730762;0.6912856558
4.29;-0.0171888593;0.1270345227;-0.9811866482;0.6778965869
4.30;-0.0269832327;0.1337432525;-0.9775061414;0.6637193450
4.31;-0.0367353534;0.1403063355;-0.9727371284;0.6487699545
4.32;-0.0464343695;0.1467161339;-0.9668864844;0.6330653251
4.33;-0.0560695045;0.1529651835;-0.9599623738;0.6166232272
4.34;-0.0656300699;0.1590462020;-0.9519742353;0.5994622672
4.35;-0.0751054778;0.1649520972;-0.9429327638;0.5816018614
4.36;-0.0844852535;0.1706759749;-0.9328498907;0.5630622101
4.37;-0.0937590477;0.1762111469;-0.9217387620;0.5438642700
4.38;-0.1029166487;0.1815511381;-0.9096137141;0.5240297270
4.39;-0.1119479936;0.1866896938;-0.8964902480;0.5035809680
4.40;-0.1208431807;0.1916207867;-0.8823850020;0.4825410524
4.41;-0.1295924799;0.1963386232;-0.8673157216;0.4609336837
4.42;-0.1381863442;0.2008376498;-0.8513012299;0.4387831804
4.43;-0.1466154198;0.2051125592;-0.8343613942;0.4161144466
4.44;-0.1548705569;0.2091582960;-0.8165170937;0.3929529430
4.45;-0.1629428193;0.2129700620;-0.7977901844;0.3693246576
4.46;-0.1708234943;0.2165433213;-0.7782034641;0.3452560758
4.47;-0.1785041013;0.2198738055;-0.7577806359;0.3207741515
4.48;-0.1859764016;0.2229575177;-0.7365462717;0.2959062773
4.49;-0.1932324061;0.2257907371;-0.7145257746;0.2706802551
4.50;-0.2002643838;0.2283700229;-0.6917453413;0.2451242672
4.51;-0.2070648694;0.2306922176;-0.6682319241;0.2192668463
4.52;-0.2136266710;0.2327544511;-0.6440131924;0.1931368470
4.53;-0.2199428765;0.2345541430;-0.6191174951;0.1667634165
4.54;-0.2260068608;0.2360890059;-0.5935738220;0.1401759654
4.55;-0.2318122915;0.2373570477;-0.5674117657;0.1134041387
4.56;-0.2373531352;0.2383565736;-0.5406614846;0.0864777873
4.57;-0.2426236626;0.2390861884;-0.5133536648;0.0594269391
4.58;-0.2476184538;0.2395447979;-0.4855194832;0.0322817697
4.59;-0.2523324030;0.2397316103;-0.4571905714;0.0050725743
4.60;-0.2567607229;0.2396461372;-0.4283989790;-0.0221702616
4.61;-0.2608989483;0.2392881944;-0.3991771387;-0.0494162907
4.62;-0.2647429406;0.2386579024;-0.3695578307;-0.0766350330
4.63;-0.2682888903;0.2377556864;-0.3395741490;-0.1037960047
4.64;-0.2715333202;0.2365822764;-0.3092594669;-0.1308687471
4.65;-0.2744730883;0.2351387069;-0.2786474042;-0.1578228560
4.66;-0.2771053897;0.2334263158;-0.2477717945;-0.1846280112
4.67;-0.2794277590;0.2314467439;-0.2166666532;-0.2112540057
4.68;-0.2814380715;0.2292019332;-0.1853661453;-0.2376707754
4.69;-0.2831345449;0.2266941255;-0.1539045554;-0.2638484294
4.70;-0.2845157402;0.2239258607;-0.1223162560;-0.2897572800
4.71;-0.2855805624;0.2208999742;-0.0906356780;-0.3153678729
4.72;-0.2863282611;0.2176195948;-0.0588972806;-0.3406510181
4.73;-0.2867584302;0.2140881417;-0.0271355218;-0.3655778204
4.74;-0.2868710084;0.2103093215;0.0046151710;-0.3901197110
4.75;-0.2866662782;0.2062871247;0.0363204297;-0.4142484782
4.76;-0.2861448655;0.2020258219;0.0679459751;-0.4379362992
4.77;-0.2853077384;0.1975299600;0.0994576451;-0.4611557719
4.78;-0.2841562057;0.1928043576;0.1308214237;-0.4838799463
4.79;-0.2826919157;0.1878541004;0.1620034704;-0.5060823566
4.80;-0.2809168542;0.1826845363;0.1929701483;-0.5277370534
4.81;-0.2788333421;0.1773012699;0.2236880538;-0.5488186351
4.82;-0.2764440329;0.1717101569;0.2541240457;-0.5693022804
4.83;-0.2737519105;0.1659172983;0.2842452746;-0.5891637798
4.84;-0.2707602852;0.1599290339;0.3140192128;-0.6083795675
4.85;-0.2674727912;0.1537519358;0.3434136843;-0.6269267524
4.86;-0.2638933825;0.1473928017;0.3723968950;-0.6447831499
4.87;-0.2600263289;0.1408586471;0.4009374637;-0.6619273118
4.88;-0.2558762119;0.1341566987;0.4290044525;-0.6783385572
4.89;-0.2514479201;0.1272943856;0.4565673990;-0.6939970018
4.90;-0.2467466441;0.1202793318;0.4835963471;-0.7088835872
4.91;-0.2417778714;0.1131193476;0.5100618795;-0.7229801088
4.92;-0.2365473809;0.1058224211;0.5359351498;-0.7362692434
4.93;-0.2310612370;0.0983967090;0.5611879147;-0.7487345758
4.94;-0.2253257832;0.0908505275;0.5857925671;-0.7603606240
4.95;-0.2193476360;0.0831923428;0.6097221684;-0.7711328637
4.96;-0.2131336777;0.0754307617;0.6329504816;-0.7810377513
4.97;-0.2066910492;0.0675745210;0.6554520044;-0.7900627457
4.98;-0.2000271429;0.0596324784;0.6772020013;-0.7981963288
4.99;-0.1931495943;0.0516136011;0.6981765367;-0.8054280243
5.00;-0.1860662743;0.0435269559;0.7183525071;-0.8117484151
5.01;-0.1787852804;0.0353816985;0.7377076731;-0.8171491591
5.02;-0.1713149282;0.0271870627;0.7562206905;-0.8216230032
5.03;-0.1636637421;0.0189523489;0.7738711418;-0.8251637957
5.04;-0.1558404458;0.0106869140;0.7906395659;-0.8277664968
5.05;-0.1478539527;0.0024001593;0.8065074877;-0.8294271871
5.06;-0.1397133562;-0.0058984801;0.8214574464;-0.8301430748
5.07;-0.1314279187;-0.0141995470;0.8354730230;-0.8299125000
5.08;-0.1230070618;-0.0224935731;0.8485388662;-0.8287349382
5.09;-0.1144603550;-0.0307710908;0.8606407177;-0.8266110012
5.10;-0.1057975049;-0.0390226441;0.8717654354;-0.8235424359
5.11;-0.0970283437;-0.0472388001;0.8819010152;-0.8195321219
5.12;-0.0881628181;-0.0554101604;0.8910366116;-0.8145840666
5.13;-0.0792109773;-0.0635273724;0.8991625562;-0.8087033984
5.14;-0.0701829611;-0.0715811402;0.9062703742;-0.8018963586
5.15;-0.0610889881;-0.0795622359;0.9123527992;-0.7941702910
5.16;-0.0519393436;-0.0874615104;0.9174037862;-0.7855336296
5.17;-0.0427443669;-0.0952699045;0.9214185221;-0.7759958854
5.18;-0.0335144396;-0.1029784594;0.9243934342;-0.7655676307
5.19;-0.0242599724;-0.1105783272;0.9263261969;-0.7542604823
5.20;-0.0149913934;-0.1180607813;0.9272157350;-0.7420870833
5.21;-0.0057191349;-0.1254172266;0.9270622265;-0.7290610830
5.22;0.0035463788;-0.1326392095;0.9258671016;-0.7151971159
5.23;0.0127947437;-0.1397184274;0.9236330400;-0.7005107798
5.24;0.0220155892;-0.1466467387;0.9203639658;-0.6850186115
5.25;0.0311985899;-0.1534161715;0.9160650406;-0.6687380632
5.26;0.0403334781;-0.1600189329;0.9107426536;-0.6516874764
5.27;0.0494100564;-0.1664474180;0.9044044100;-0.6338860559
5.28;0.0584182092;-0.1726942178;0.8970591171;-0.6153538425
5.29;0.0673479149;-0.1787521281;0.8887167684;-0.5961116854
5.30;0.0761892579;-0.1846141570;0.8793885257;-0.5761812139
5.31;0.0849324398;-0.1902735324;0.8690866989;-0.5555848083
5.32;0.0935677911;-0.1957237101;0.8578247248;-0.5343455709
5.33;0.1020857820;-0.2009583802;0.8456171431;-0.5124872962
5.34;0.1104770337;-0.2059714739;0.8324795718;-0.4900344413
5.35;0.1187323288;-0.2107571705;0.8184286799;-0.4670120953
5.36;0.1268426216;-0.2153099030;0.8034821603;-0.4434459498
5.37;0.1347990486;-0.2196243643;0.7876586995;-0.4193622680
5.38;0.1425929377;-0.2236955125;0.7709779478;-0.3947878549
5.39;0.1502158182;-0.2275185765;0.7534604873;-0.3697500263
5.40;0.1576594298;-0.2310890608;0.7351277998;-0.3442765796
5.41;0.1649157311;-0.2344027500;0.7160022329;-0.3183957627
5.42;0.1719769085;-0.2374557136;0.6961069669;-0.2921362445
5.43;0.1788353844;-0.2402443094;0.6754659792;-0.2655270847
5.44;0.1854838246;-0.2427651878;0.6541040103;-0.2385977044
5.45;0.1919151461;-0.2450152951;0.6320465277;-0.2113778561
5.46;0.1981225238;-0.2469918768;0.6093196905;-0.1838975946
5.47;0.2040993979;-0.2486924800;0.5859503140;-0.1561872475
5.48;0.2098394796;-0.2501149566;0.5619658333;-0.1282773859
5.49;0.2153367575;-0.2512574652;0.5373942681;-0.1001987957
5.50;0.2205855031;-0.2521184733;0.5122641867;-0.0719824482
5.51;0.2255802763;-0.2526967587;0.4866046708;-0.0436594718
5.52;0.2303159301;-0.2529914114;0.4604452799;-0.0152611226
5.53;0.2347876155;-0.2530018344;0.4338160170;0.0131812442
5.54;0.2389907854;-0.2527277446;0.4067472933;0.0416362031
5.55;0.2429211990;-0.2521691733;0.3792698946;0.0700722869
5.56;0.2465749247;-0.2513264667;0.3514149474;0.0984580161
5.57;0.2499483441;-0.2502002857;0.3232138853;0.1267619279
5.58;0.2530381543;-0.2487916056;0.2946984165;0.1549526049
5.59;0.2558413709;-0.2471017155;0.2659004910;0.1829987049
5.60;0.2583553298;-0.2451322176;0.2368522687;0.2108689903
5.61;0.2605776897;-0.2428850255;0.2075860882;0.2385323582
5.62;0.2625064333;-0.2403623633;0.1781344351;0.2659578699
5.63;0.2641398688;-0.2375667635;0.1485299118;0.2931147814
5.64;0.2654766309;-0.2345010648;0.1188052066;0.3199725743
5.65;0.2665156814;-0.2311684100;0.0889930643;0.3465009864
5.66;0.2672563099;-0.2275722430;0.0591262558;0.3726700429
5.67;0.2676981335;-0.2237163060;0.0292375495;0.3984500880
5.68;0.2678410970;-0.2196046358;-0.0006403188;0.4238118165
5.69;0.2676854722;-0.2152415606;-0.0304746742;0.4487263062
5.70;0.2672318573;-0.2106316956;-0.0602329320;0.4731650499
5.71;0.2664811755;-0.2057799390;-0.0898826262;0.4970999882
5.72;0.2654346744;-0.2006914673;-0.1193914385;0.5205035421
5.73;0.2640939235;-0.1953717299;-0.1487272268;0.5433486458
5.74;0.2624608131;-0.1898264444;-0.1778580541;0.5656087802
5.75;0.2605375514;-0.1840615908;-0.2067522169;0.5872580053
5.76;0.2583266625;-0.1780834053;-0.2353782747;0.6082709940
5.77;0.2558309835;-0.1718983742;-0.2637050785;0.6286230644
5.78;0.2530536613;-0.1655132273;-0.2917018001;0.6482902134
5.79;0.2499981495;-0.1589349308;-0.3193379615;0.6672491484
5.80;0.2466682044;-0.1521706804;-0.3465834645;0.6854773204
5.81;0.2430678815;-0.1452278931;-0.3734086201;0.7029529556
5.82;0.2392015308;-0.1381141998;-0.3997841786;0.7196550865
5.83;0.2350737927;-0.1308374370;-0.4256813595;0.7355635831
5.84;0.2306895926;-0.1234056381;-0.4510718820;0.7506591829
5.85;0.2260541365;-0.1158270245;-0.4759279953;0.7649235199
5.86;0.2211729049;-0.1081099970;-0.5002225087;0.7783391533
5.87;0.2160516472;-0.1002631257;-0.5239288227;0.7908895948
5.88;0.2106963759;-0.0922951410;-0.5470209596;0.8025593344
5.89;0.2051133599;-0.0842149233;-0.5694735936;0.8133338662
5.90;0.1993091180;-0.0760314929;-0.5912620821;0.8231997113
5.91;0.1932904120;-0.0677539998;-0.6123624955;0.8321444406
5.92;0.1870642392;-0.0593917127;-0.6327516476;0.8401566955
5.93;0.1806378249;-0.0509540086;-0.6524071259;0.8472262067
5.94;0.1740186146;-0.0424503618;-0.6713073204;0.8533438121
5.95;0.1672142656;-0.0338903325;-0.6894314536;0.8585014724
5.96;0.1602326390;-0.0252835555;-0.7067596086;0.8626922849
5.97;0.1530817904;-0.0166397291;-0.7232727568;0.8659104956
5.98;0.1457699612;-0.0079686033;-0.7389527859;0.8681515093
5.99;0.1383055692;0.0007200320;-0.7537825254;0.8694118974
6.00;0.1306971992;0.0094163581;-0.7677457729;0.8696894045
6.01;0.1229535931;0.0181105399;-0.7808273175;0.8689829519
6.02;0.1150836395;0.0267927373;-0.7930129642;0.8672926398
6.03;0.1070963642;0.0354531171;-0.8042895549;0.8646197472
6.04;0.0990009192;0.0440818648;-0.8146449897;0.8609667297
6.05;0.0908065720;0.0526691964;-0.8240682460;0.8563372152
6.06;0.0825226950;0.0612053698;-0.8325493961;0.8507359978
6.07;0.0741587541;0.0696806969;-0.8400796236;0.8441690295
6.08;0.0657242982;0.0780855546;-0.8466512374;0.8366434100
6.09;0.0572289469;0.0864103967;-0.8522576847;0.8281673750
6.10;0.0486823800;0.0946457649;-0.8568935620;0.8187502816
6.11;0.0400943254;0.1027823001;-0.8605546236;0.8084025935
6.12;0.0314745475;0.1108107530;-0.8632377887;0.7971358631
6.13;0.0228328360;0.1187219956;-0.8649411468;0.7849627128
6.14;0.0141789934;0.1265070312;-0.8656639605;0.7718968146
6.15;0.0055228241;0.1341570048;-0.8654066663;0.7579528679
6.16;-0.0031258780;0.1416632138;-0.8641708740;0.7431465770
6.17;-0.0117573407;0.1490171172;-0.8619593632;0.7274946261
6.18;-0.0203618257;0.1562103460;-0.8587760784;0.7110146540
6.19;-0.0289296397;0.1632347119;-0.8546261216;0.6937252276
6.20;-0.0374511464;0.1700822170;-0.8495157435;0.6756458143
6.21;-0.0459167775;0.1767450624;-0.8434523321;0.6567967539
6.22;-0.0543170443;0.1832156569;-0.8364443998;0.6371992295
6.23;-0.0626425489;0.1894866252;-0.8285015685;0.6168752381
6.24;-0.0708839948;0.1955508159;-0.8196345527;0.5958475603
6.25;-0.0790321983;0.2014013090;-0.8098551415;0.5741397298
6.26;-0.0870780988;0.2070314239;-0.7991761782;0.5517760026
6.27;-0.0950127693;0.2124347257;-0.7876115388;0.5287813262
6.28;-0.1028274267;0.2176050325;-0.7751761088;0.5051813076
6.29;-0.1105134415;0.2225364213;-0.7618857588;0.4810021827
6.30;-0.1180623480;0.2272232350;-0.7477573188;0.4562707845
6.31;-0.1254658532;0.2316600873;-0.7328085510;0.4310145119
6.32;-0.1327158465;0.2358418686;-0.7170581217;0.4052612980
6.33;-0.1398044083;0.2397637514;-0.7005255726;0.3790395796
6.34;-0.1467238186;0.2434211948;-0.6832312907;0.3523782656
6.35;-0.1534665655;0.2468099491;-0.6651964774;0.3253067065
6.36;-0.1600253528;0.2499260605;-0.6464431176;0.2978546635
6.37;-0.1663931083;0.2527658745;-0.6269939472;0.2700522785
6.38;-0.1725629904;0.2553260398;-0.6068724212;0.2419300435
6.39;-0.1785283958;0.2576035118;-0.5861026806;0.2135187708
6.40;-0.1842829657;0.2595955554;-0.5647095193;0.1848495634
6.41;-0.1898205926;0.2612997478;-0.5427183511;0.1559537854
6.42;-0.1951354259;0.2627139811;-0.5201551760;0.1268630327
6.43;-0.2002218778;0.2638364644;-0.4970465469;0.0976091039
6.44;-0.2050746288;0.2646657258;-0.4734195360;0.0682239710
6.45;-0.2096886323;0.2652006135;-0.4493017016;0.0387397510
6.46;-0.2140591200;0.2654402979;-0.4247210546;0.0091886768
6.47;-0.2181816054;0.2653842719;-0.3997060259;-0.0203969316
6.48;-0.2220518885;0.2650323521;-0.3742854331;-0.0499846958
6.49;-0.2256660593;0.2643846789;-0.3484884482;-0.0795422076
6.50;-0.2290205010;0.2634417168;-0.3223445652;-0.1090370584
6.51;-0.2321118934;0.2622042545;-0.2958835680;-0.1384368678
6.52;-0.2349372154;0.2606734040;-0.2691354992;-0.1677093129
6.53;-0.2374937474;0.2588506003;-0.2421306280;-0.1968221577
6.54;-0.2397790735;0.2567376000;-0.2148994201;-0.2257432828
6.55;-0.2417910834;0.2543364803;-0.1874725062;-0.2544407149
6.56;-0.2435279737;0.2516496374;-0.1598806522;-0.2828826578
6.57;-0.2449882495;0.2486797842;-0.1321547288;-0.3110375220
6.58;-0.2461707245;0.2454299484;-0.1043256820;-0.3388739563
6.59;-0.2470745227;0.2419034702;-0.0764245034;-0.3663608785
6.60;-0.2476990775;0.2381039986;-0.0484822010;-0.3934675073
6.61;-0.2480441329;0.2340354893;-0.0205297703;-0.4201633941
6.62;-0.2481097424;0.2297022003;0.0074018347;-0.4464184557
6.63;-0.2478962686;0.2251086886;0.0352817302;-0.4722030064
6.64;-0.2474043828;0.2202598062;0.0630791310;-0.4974877914
6.65;-0.2466350632;0.2151606948;0.0907633792;-0.5222440200
6.66;-0.2455895941;0.2098167821;0.1183039725;-0.5464433993
6.67;-0.2442695637;0.2042337757;0.1456705921;-0.5700581677
6.68;-0.2426768626;0.1984176582;0.1728331321;-0.5930611293
6.69;-0.2408136810;0.1923746813;0.1997617265;-0.6154256878
6.70;-0.2386825066;0.1861113592;0.2264267787;-0.6371258803
6.71;-0.2362861216;0.1796344628;0.2527989893;-0.6581364122
6.72;-0.2336275996;0.1729510120;0.2788493847;-0.6784326903
6.73;-0.2307103022;0.1660682695;0.3045493459;-0.6979908573
6.74;-0.2275378751;0.1589937324;0.3298706366;-0.7167878247
6.75;-0.2241142446;0.1517351249;0.3547854324;-0.7348013066
6.76;-0.2204436128;0.1443003897;0.3792663493;-0.7520098515
6.77;-0.2165304537;0.1366976798;0.4032864725;-0.7683928752
6.78;-0.2123795076;0.1289353498;0.4268193853;-0.7839306912
6.79;-0.2079957765;0.1210219462;0.4498391980;-0.7986045419
6.80;-0.2033845186;0.1129661984;0.4723205764;-0.8123966278
6.81;-0.1985512424;0.1047770091;0.4942387712;-0.8252901358
6.82;-0.1935017010;0.0964634439;0.5155696460;-0.8372692669
6.83;-0.1882418857;0.0880347212;0.5362897063;-0.8483192619
6.84;-0.1827780192;0.0795002018;0.5563761274;-0.8584264261
6.85;-0.1771165493;0.0708693778;0.5758067829;-0.8675781527
6.86;-0.1712641410;0.0621518621;0.5945602721;-0.8757629438
6.87;-0.1652276701;0.0533573769;0.6126159476;-0.8829704307
6.88;-0.1590142146;0.0444957422;0.6299539418;-0.8891913917
6.89;-0.1526310473;0.0355768647;0.6465551938;-0.8944177684
6.90;-0.1460856275;0.0266107254;0.6624014744;-0.8986426799
6.91;-0.1393855925;0.0176073686;0.6774754117;-0.9018604348
6.92;-0.1325387490;0.0085768892;0.6917605152;-0.9040665419
6.93;-0.1255530639;-0.0004705788;0.7052411989;-0.9052577175
6.94;-0.1184366555;-0.0095248748;0.7179028038;-0.9054318922
6.95;-0.1111977840;-0.0185758235;0.7297316195;-0.9045882138
6.96;-0.1038448418;-0.0276132471;0.7407149041;-0.9027270492
6.97;-0.0963863438;-0.0366269778;0.7508409033;-0.8998499838
6.98;-0.0888309175;-0.0456068695;0.7600988682;-0.8959598185
6.99;-0.0811872926;-0.0545428102;0.7684790717;-0.8910605648
7.00;-0.0734642912;-0.0634247342;0.7759728233;-0.8851574377
7.01;-0.0656708168;-0.0722426338;0.7825724826;-0.8782568462
7.02;-0.0578158441;-0.0809865713;0.7882714710;-0.8703663822
7.03;-0.0499084082;-0.0896466907;0.7930642822;-0.8614948073
7.04;-0.0419575940;-0.0982132298;0.7969464906;-0.8516520375
7.05;-0.0339725252;-0.1066765307;0.7999147581;-0.8408491259
7.06;-0.0259623531;-0.1150270521;0.8019668390;-0.8290982446
7.07;-0.0179362465;-0.1232553796;0.8031015839;-0.8164126634
7.08;-0.0099033797;-0.1313522372;0.8033189403;-0.8028067283
7.09;-0.0018729224;-0.1393084974;0.8026199531;-0.7882958380
7.10;0.0061459717;-0.1471151919;0.8010067617;-0.7728964189
7.11;0.0141441759;-0.1547635218;0.7984825965;-0.7566258988
7.12;0.0221126011;-0.1622448673;0.7950517729;-0.7395026804
7.13;0.0300422069;-0.1695507974;0.7907196835;-0.7215461121
7.14;0.0379240118;-0.1766730790;0.7854927893;-0.7027764596
7.15;0.0457491047;-0.1836036865;0.7793786077;-0.6832148757
7.16;0.0535086546;-0.1903348099;0.7723857006;-0.6628833696
7.17;0.0611939214;-0.1968588634;0.7645236592;-0.6418047758
7.18;0.0687962658;-0.2031684937;0.7558030887;-0.6200027225
7.19;0.0763071598;-0.2092565874;0.7462355901;-0.5975015994
7.20;0.0837181961;-0.2151162789;0.7358337415;-0.5743265255
7.21;0.0910210983;-0.2207409573;0.7246110777;-0.5505033167
7.22;0.0982077296;-0.2261242729;0.7125820683;-0.5260584531
7.23;0.1052701029;-0.2312601443;0.6997620952;-0.5010190464
7.24;0.1122003890;-0.2361427642;0.6861674280;-0.4754128076
7.25;0.1189909260;-0.2407666051;0.6718151995;-0.4492680142
7.26;0.1256342274;-0.2451264252;0.6567233787;-0.4226134781
7.27;0.1321229906;-0.2492172731;0.6409107449;-0.3954785137
7.28;0.1384501046;-0.2530344932;0.6243968591;-0.3678929058
7.29;0.1446086578;-0.2565737297;0.6072020358;-0.3398868781
7.30;0.1505919455;-0.2598309313;0.5893473139;-0.3114910623
7.31;0.1563934767;-0.2628023549;0.5708544271;-0.2827364667
7.32;0.1620069813;-0.2654845692;0.5517457737;-0.2536544459
7.33;0.1674264162;-0.2678744579;0.5320443862;-0.2242766702
7.34;0.1726459718;-0.2699692232;0.5117739005;-0.1946350959
7.35;0.1776600777;-0.2717663878;0.4909585246;-0.1647619356
7.36;0.1824634084;-0.2732637980;0.4696230082;-0.1346896282
7.37;0.1870508882;-0.2744596253;0.4477926103;-0.1044508103
7.38;0.1914176966;-0.2753523684;0.4254930690;-0.0740782868
7.39;0.1955592729;-0.2759408551;0.4027505694;-0.0436050021
7.40;0.1994713200;-0.2762242428;0.3795917125;-0.0130640113
7.41;0.2031498091;-0.2762020201;0.3560434843;0.0175115483
7.42;0.2065909829;-0.2758740072;0.3321332246;0.0480884861
7.43;0.2097913590;-0.2752403565;0.3078885959;0.0786335869
7.44;0.2127477333;-0.2743015523;0.2833375530;0.1091136394
7.45;0.2154571826;-0.2730584111;0.2585083125;0.1394954653
7.46;0.2179170670;-0.2715120808;0.2334293222;0.1697459483
7.47;0.2201250320;-0.2696640401;0.2081292313;0.1998320634
7.48;0.2220790106;-0.2675160972;0.1826368608;0.2297209063
7.49;0.2237772248;-0.2650703888;0.1569811734;0.2593797233
7.50;0.2252181866;-0.2623293781;0.1311912443;0.2887759417
7.51;0.2264006994;-0.2592958532;0.1052962324;0.3178771997
7.52;0.2273238583;-0.2559729245;0.0793253508;0.3466513781
7.53;0.2279870510;-0.2523640221;0.0533078387;0.3750666311
7.54;0.2283899571;-0.2484728935;0.0272729323;0.4030914181
7.55;0.2285325490;-0.2443035994;0.0012498365;0.4306945362
7.56;0.2284150904;-0.2398605112;-0.0247323030;0.4578451524
7.57;0.2280381363;-0.2351483063;-0.0506444280;0.4845128370
7.58;0.2274025317;-0.2301719644;-0.0764575963;0.5106675968
7.59;0.2265094103;-0.2249367627;-0.1021430086;0.5362799091
7.60;0.2253601929;-0.2194482712;-0.1276720374;0.5613207557
7.61;0.2239565857;-0.2137123475;-0.1530162540;0.5857616572
7.62;0.2223005779;-0.2077351311;-0.1781474567;0.6095747084
7.63;0.2203944398;-0.2015230374;-0.2030376983;0.6327326121
7.64;0.2182407195;-0.1950827517;-0.2276593139;0.6552087151
7.65;0.2158422402;-0.1884212225;-0.2519849484;0.6769770425
7.66;0.2132020973;-0.1815456545;-0.2759875845;0.6980123331
7.67;0.2103236541;-0.1744635013;-0.2996405700;0.7182900740
7.68;0.2072105390;-0.1671824575;-0.3229176454;0.7377865354
7.69;0.2038666405;-0.1597104514;-0.3457929719;0.7564788045
7.70;0.2002961035;-0.1520556359;-0.3682411585;0.7743448195
7.71;0.1965033243;-0.1442263801;-0.3902372899;0.7913634028
7.72;0.1924929461;-0.1362312604;-0.4117569533;0.8075142935
7.73;0.1882698533;-0.1280790511;-0.4327762664;0.8227781791
7.74;0.1838391665;-0.1197787149;-0.4532719040;0.8371367260
7.75;0.1792062368;-0.1113393925;-0.4732211251;0.8505726095
7.76;0.1743766393;-0.1027703928;-0.4926017998;0.8630695425
7.77;0.1693561677;-0.0940811825;-0.5113924354;0.8746123019
7.78;0.1641508271;-0.0852813748;-0.5295722027;0.8851867553
7.79;0.1587668272;-0.0763807188;-0.5471209619;0.8947798847
7.80;0.1532105761;-0.0673890881;-0.5640192872;0.9033798092
7.81;0.1474886721;-0.0583164693;-0.5802484927;0.9109758060
7.82;0.1416078966;-0.0491729505;-0.5957906553;0.9175583290
7.83;0.1355752065;-0.0399687091;-0.6106286394;0.9231190263
7.84;0.1293977258;-0.0307140002;-0.6247461191;0.9276507550
7.85;0.1230827377;-0.0214191440;-0.6381276003;0.9311475939
7.86;0.1166376761;-0.0120945139;-0.6507584425;0.9336048547
7.87;0.1100701171;-0.0027505240;-0.6626248782;0.9350190903
7.88;0.1033877698;0.0066023835;-0.6737140332;0.9353881008
7.89;0.0965984675;0.0159537504;-0.6840139441;0.9347109381
7.90;0.0897101587;0.0252931157;-0.6935135759;0.9329879072
7.91;0.0827308975;0.0346100272;-0.7022028376;0.9302205656
7.92;0.0756688339;0.0438940550;-0.7100725974;0.9264117206
7.93;0.0685322047;0.0531348031;-0.7171146954;0.9215654240
7.94;0.0613293231;0.0623219226;-0.7233219560;0.9156869645
7.95;0.0540685692;0.0714451232;-0.7286881985;0.9087828584
7.96;0.0467583800;0.0804941864;-0.7332082459;0.9008608376
7.97;0.0394072391;0.0894589764;-0.7368779329;0.8919298355
7.98;0.0320236667;0.0983294532;-0.7396941114;0.8819999715
7.99;0.0246162093;0.1070956836;-0.7416546554;0.8710825329
8.00;0.0171934296;0.1157478531;-0.7427584634;0.8591899554
8.01;0.0097638963;0.1242762772;-0.7430054601;0.8463358012
8.02;0.0023361736;0.1326714124;-0.7423965956;0.8325347365
8.03;-0.0050811890;0.1409238677;-0.7409338433;0.8178025066
8.04;-0.0124796667;0.1490244144;-0.7386201967;0.8021559099
8.05;-0.0198507697;0.1569639971;-0.7354596633;0.7856127705
8.06;-0.0271860534;0.1647337438;-0.7314572583;0.7681919099
8.07;-0.0344771284;0.1723249753;-0.7266189958;0.7499131174
8.08;-0.0417156702;0.1797292152;-0.7209518788;0.7307971194
8.09;-0.0488934295;0.1869381989;-0.7144638875;0.7108655486
8.10;-0.0560022413;0.1939438824;-0.7071639661;0.6901409115
8.11;-0.0630340351;0.2007384511;-0.6990620087;0.6686465563
8.12;-0.0699808439;0.2073143281;-0.6901688430;0.6464066397
8.13;-0.0768348135;0.2136641816;-0.6804962131;0.6234460937
8.14;-0.0835882118;0.2197809332;-0.6700567613;0.5997905919
8.15;-0.0902334375;0.2256577647;-0.6588640081;0.5754665159
8.16;-0.0967630287;0.2312881249;-0.6469323315;0.5505009215
8.17;-0.1031696715;0.2366657368;-0.6342769449;0.5249215051
8.18;-0.1094462084;0.2417846031;-0.6209138746;0.4987565698
8.19;-0.1155856459;0.2466390126;-0.6068599359;0.4720349921
8.20;-0.1215811626;0.2512235454;-0.5921327080;0.4447861890
8.21;-0.1274261166;0.2555330786;-0.5767505091;0.4170400844
8.22;-0.1331140528;0.2595627906;-0.5607323703;0.3888270771
8.23;-0.1386387097;0.2633081664;-0.5440980083;0.3601780081
8.24;-0.1439940266;0.2667650013;-0.5268677989;0.3311241289
8.25;-0.1491741494;0.2699294050;-0.5090627485;0.3016970700
8.26;-0.1541734373;0.2727978053;-0.4907044663;0.2719288099
8.27;-0.1589864684;0.2753669514;-0.4718151359;0.2418516439
8.28;-0.1636080455;0.2776339170;-0.4524174861;0.2114981542
8.29;-0.1680332011;0.2795961028;-0.4325347621;0.1809011799
8.30;-0.1722572028;0.2812512391;-0.4121906963;0.1500937869
8.31;-0.1762755577;0.2825973879;-0.3914094786;0.1191092389
8.32;-0.1800840171;0.2836329448;-0.3702157278;0.0879809682
8.33;-0.1836785804;0.2843566401;-0.3486344609;0.0567425470
8.34;-0.1870554991;0.2847675408;-0.3266910650;0.0254276580
8.35;-0.1902112803;0.2848650509;-0.3044112668;-0.0059299334
8.36;-0.1931426898;0.2846489125;-0.2818211039;-0.0372964080
8.37;-0.1958467555;0.2841192059;-0.2589468952;-0.0686379215
8.38;-0.1983207694;0.2832763501;-0.2358152118;-0.0999206327
8.39;-0.2005622907;0.2821211020;-0.2124528482;-0.1311107325
8.40;-0.2025691474;0.2806545566;-0.1888867932;-0.1621744725
8.41;-0.2043394381;0.2788781460;-0.1651442011;-0.1930781941
8.42;-0.2058715339;0.2767936380;-0.1412523634;-0.2237883577
8.43;-0.2071640792;0.2744031354;-0.1172386800;-0.2542715726
8.44;-0.2082159929;0.2717090738;-0.0931306313;-0.2844946265
8.45;-0.2090264690;0.2687142201;-0.0689557496;-0.3144245163
8.46;-0.2095949770;0.2654216700;-0.0447415917;-0.3440284783
8.47;-0.2099212618;0.2618348454;-0.0205157105;-0.3732740199
8.48;-0.2100053438;0.2579574917;0.0036943722;-0.4021289509
8.49;-0.2098475185;0.2537936747;0.0278611938;-0.4305614159
8.50;-0.2094483554;0.2493477767;0.0519573781;-0.4585399267
8.51;-0.2088086973;0.2446244931;0.0759556625;-0.4860333954
8.52;-0.2079296590;0.2396288279;0.0998289257;-0.5130111681
8.53;-0.2068126255;0.2343660895;0.1235502147;-0.5394430587
8.54;-0.2054592505;0.2288418855;0.1470927720;-0.5652993835
8.55;-0.2038714543;0.2230621177;0.1704300623;-0.5905509958
8.56;-0.2020514212;0.2170329767;0.1935358000;-0.6151693210
8.57;-0.2000015969;0.2107609356;0.2163839759;-0.6391263918
8.58;-0.1977246860;0.2042527443;0.2389488840;-0.6623948840
8.59;-0.1952236482;0.1975154222;0.2612051482;-0.6849481520
8.60;-0.1925016953;0.1905562520;0.2831277493;-0.7067602643
8.61;-0.1895622876;0.1833827716;0.3046920512;-0.7278060393
8.62;-0.1864091295;0.1760027672;0.3258738280;-0.7480610804
8.63;-0.1830461656;0.1684242646;0.3466492897;-0.7675018114
8.64;-0.1794775760;0.1606555213;0.3669951090;-0.7861055111
8.65;-0.1757077718;0.1527050175;0.3868884468;-0.8038503474
8.66;-0.1717413899;0.1445814472;0.4063069789;-0.8207154111
8.67;-0.1675832877;0.1362937087;0.4252289207;-0.8366807484
8.68;-0.1632385377;0.1278508948;0.4436330534;-0.8517273929
8.69;-0.1587124216;0.1192622832;0.4614987486;-0.8658373965
8.70;-0.1540104244;0.1105373257;0.4788059931;-0.8789938592
8.71;-0.1491382280;0.1016856376;0.4955354134;-0.8911809572
8.72;-0.1441017048;0.0927169871;0.5116682992;-0.9023839702
8.73;-0.1389069107;0.0836412841;0.5271866274;-0.9125893067
8.74;-0.1335600787;0.0744685684;0.5420730844;-0.9217845280
8.75;-0.1280676108;0.0652089984;0.5563110882;-0.9299583700
8.76;-0.1224360714;0.0558728394;0.5698848107;-0.9371007635
8.77;-0.1166721792;0.0464704512;0.5827791976;-0.9432028522
8.78;-0.1107827996;0.0370122758;0.5949799892;-0.9482570090
8.79;-0.1047749365;0.0275088257;0.6064737389;-0.9522568501
8.80;-0.0986557239;0.0179706707;0.6172478321;-0.9551972464
8.81;-0.0924324182;0.0084084255;0.6272905030;-0.9570743331
8.82;-0.0861123885;-0.0011672626;0.6365908510;-0.9578855169
8.83;-0.0797031092;-0.0107457271;0.6451388562;-0.9576294809
8.84;-0.0732121499;-0.0203162944;0.6529253928;-0.9563061867
8.85;-0.0666471672;-0.0298682971;0.6599422427;-0.9539168745
8.86;-0.0600158952;-0.0393910865;0.6661821064;-0.9504640611
8.87;-0.0533261365;-0.0488740456;0.6716386138;-0.9459515344
8.88;-0.0465857525;-0.0583066014;0.6763063331;-0.9403843470
8.89;-0.0398026544;-0.0676782377;0.6801807783;-0.9337688064
8.90;-0.0329847932;-0.0769785078;0.6832584155;-0.9261124634
8.91;-0.0261401509;-0.0861970466;0.6855366676;-0.9174240983
8.92;-0.0192767302;-0.0953235827;0.6870139181;-0.9077137045
8.93;-0.0124025450;-0.1043479509;0.6876895121;-0.8969924714
8.94;-0.0055256113;-0.1132601035;0.6875637579;-0.8852727634
8.95;0.0013460629;-0.1220501226;0.6866379247;-0.8725680986
8.96;0.0082044874;-0.1307082309;0.6849142410;-0.8588931255
8.97;0.0150416986;-0.1392248030;0.6823958901;-0.8442635974
8.98;0.0218497698;-0.1475903768;0.6790870047;-0.8286963458
8.99;0.0286208202;-0.1557956635;0.6749926599;-0.8122092528
9.00;0.0353470246;-0.1638315584;0.6701188650;-0.7948212215
9.01;0.0420206222;-0.1716891508;0.6644725534;-0.7765521456
9.02;0.0486339265;-0.1793597338;0.6580615717;-0.7574228786
9.03;0.0551793337;-0.1868348134;0.6508946673;-0.7374552007
9.04;0.0616493320;-0.1941061184;0.6429814742;-0.7166717869
9.05;0.0680365103;-0.2011656083;0.6343324986;-0.6950961729
9.06;0.0743335670;-0.2080054822;0.6249591020;-0.6727527211
9.07;0.0805333181;-0.2146181869;0.6148734844;-0.6496665866
9.08;0.0866287058;-0.2209964245;0.6040886656;-0.6258636826
9.09;0.0926128066;-0.2271331599;0.5926184660;-0.6013706454
9.10;0.0984788390;-0.2330216278;0.5804774855;-0.5762147998
9.11;0.1042201713;-0.2386553396;0.5676810831;-0.5504241246
9.12;0.1098303293;-0.2440280893;0.5542453540;-0.5240272176
9.13;0.1153030031;-0.2491339603;0.5401871069;-0.4970532616
9.14;0.1206320545;-0.2539673300;0.5255238403;-0.4695319904
9.15;0.1258115236;-0.2585228764;0.5102737182;-0.4414936545
9.16;0.1308356352;-0.2627955819;0.4944555452;-0.4129689881
9.17;0.1356988055;-0.2667807388;0.4780887409;-0.3839891762
9.18;0.1403956478;-0.2704739535;0.4611933141;-0.3545858215
9.19;0.1449209782;-0.2738711500;0.4437898365;-0.3247909130
9.20;0.1492698212;-0.2769685743;0.4258994159;-0.2946367936
9.21;0.1534374153;-0.2797627973;0.4075436693;-0.2641561295
9.22;0.1574192171;-0.2822507181;0.3887446957;-0.2333818789
9.23;0.1612109068;-0.2844295669;0.3695250483;-0.2023472622
9.24;0.1648083923;-0.2862969069;0.3499077074;-0.1710857314
9.25;0.1682078131;-0.2878506373;0.3299160523;-0.1396309411
9.26;0.1714055447;-0.2890889943;0.3095738335;-0.1080167190
9.27;0.1743982015;-0.2900105534;0.2889051450;-0.0762770367
9.28;0.1771826406;-0.2906142304;0.2679343961;-0.0444459814
9.29;0.1797559648;-0.2908992823;0.2466862840;-0.0125577269
9.30;0.1821155249;-0.2908653084;0.2251857652;0.0193534946
9.31;0.1842589226;-0.2905122501;0.2034580283;0.0512534208
9.32;0.1861840126;-0.2898403918;0.1815284659;0.0831077880
9.33;0.1878889044;-0.2888503603;0.1594226470;0.1148823593
9.34;0.1893719637;-0.2875431246;0.1371662894;0.1465429531
9.35;0.1906318144;-0.2859199949;0.1147852322;0.1780554722
9.36;0.1916673391;-0.2839826220;0.0923054080;0.2093859322
9.37;0.1924776800;-0.2817329960;0.0697528164;0.2405004912
9.38;0.1930622397;-0.2791734442;0.0471534957;0.2713654792
9.39;0.1934206810;-0.2763066299;0.0245334968;0.3019474280
9.40;0.1935529275;-0.2731355499;0.0019188555;0.3322131018
9.41;0.1934591626;-0.2696635321;-0.0206644343;0.3621295278
9.42;0.1931398297;-0.2658942326;-0.0431904472;0.3916640276
9.43;0.1925956308;-0.2618316326;-0.0656333533;0.4207842491
9.44;0.1918275254;-0.2574800353;-0.0879674446;0.4494581986
9.45;0.1908367298;-0.2528440617;-0.1101671620;0.4776542739
9.46;0.1896247148;-0.2479286468;-0.1322071212;0.5053412974
9.47;0.1881932039;-0.2427390351;-0.1540621397;0.5324885499
9.48;0.1865441717;-0.2372807759;-0.1757072625;0.5590658051
9.49;0.1846798407;-0.2315597181;-0.1971177888;0.5850433641
9.50;0.1826026794;-0.2255820049;-0.2182692980;0.6103920904
9.51;0.1803153987;-0.2193540678;-0.2391376755;0.6350834456
9.52;0.1778209490;-0.2128826205;-0.2596991388;0.6590895246
9.53;0.1751225171;-0.2061746525;-0.2799302634;0.6823830919
9.54;0.1722235218;-0.1992374223;-0.2998080081;0.7049376169
9.55;0.1691276104;-0.1920784498;-0.3193097407;0.7267273107
9.56;0.1658386545;-0.1847055091;-0.3384132632;0.7477271610
9.57;0.1623607451;-0.1771266203;-0.3570968370;0.7679129682
9.58;0.1586981886;-0.1693500413;-0.3753392076;0.7872613808
9.59;0.1548555010;-0.1613842592;-0.3931196294;0.8057499299
9.60;0.1508374033;-0.1532379810;-0.4104178896;0.8233570637
9.61;0.1466488161;-0.1449201249;-0.4272143327;0.8400621812
9.62;0.1422948532;-0.1364398098;-0.4434898834;0.8558456646
9.63;0.1377808164;-0.1278063460;-0.4592260703;0.8706889115
9.64;0.1331121893;-0.1190292245;-0.4744050485;0.8845743655
9.65;0.1282946303;-0.1101181066;-0.4890096215;0.8974855453
9.66;0.1233339668;-0.1010828128;-0.5030232631;0.9094070734
9.67;0.1182361878;-0.0919333118;-0.5164301383;0.9203247023
9.68;0.1130074372;-0.0826797090;-0.5292151236;0.9302253399
9.69;0.1076540065;-0.0733322350;-0.5413638269;0.9390970720
9.70;0.1021823273;-0.0639012333;-0.5528626062;0.9469291845
9.71;0.0965989639;-0.0543971487;-0.5636985875;0.9537121825
9.72;0.0909106054;-0.0448305145;-0.5738596824;0.9594378076
9.73;0.0851240578;-0.0352119408;-0.5833346040;0.9640990531
9.74;0.0792462357;-0.0255521009;-0.5921128826;0.9676901773
9.75;0.0732841546;-0.0158617195;-0.6001848795;0.9702067137
9.76;0.0672449219;-0.0061515595;-0.6075418008;0.9716454798
9.77;0.0611357289;0.0035675908;-0.6141757088;0.9720045829
9.78;0.0549638416;0.0132849309;-0.6200795339;0.9712834233
9.79;0.0487365927;0.0229896604;-0.6252470833;0.9694826959
9.80;0.0424613721;0.0326709925;-0.6296730505;0.9666043883
9.81;0.0361456186;0.0423181668;-0.6333530219;0.9626517775
9.82;0.0297968103;0.0519204619;-0.6362834830;0.9576294231
9.83;0.0234224562;0.0614672086;-0.6384618232;0.9515431591
9.84;0.0170300868;0.0709478021;-0.6398863392;0.9444000827
9.85;0.0106272451;0.0803517150;-0.6405562364;0.9362085412
9.86;0.0042214774;0.0896685096;-0.6404716302;0.9269781164
9.87;-0.0021796757;0.0988878501;-0.6396335451;0.9167196073
9.88;-0.0085686881;0.1079995145;-0.6380439123;0.9054450101
9.89;-0.0149380579;0.1169934069;-0.6357055666;0.8931674970
9.90;-0.0212803159;0.1258595688;-0.6326222413;0.8799013926
9.91;-0.0275880347;0.1345881906;-0.6287985623;0.8656621490
9.92;-0.0338538375;0.1431696229;-0.6242400405;0.8504663193
9.93;-0.0400704071;0.1515943869;-0.6189530629;0.8343315292
9.94;-0.0462304945;0.1598531855;-0.6129448830;0.8172764476
9.95;-0.0523269275;0.1679369135;-0.6062236089;0.7993207563
9.96;-0.0583526193;0.1758366672;-0.5987981915;0.7804851180
9.97;-0.0643005766;0.1835437545;-0.5906784104;0.7607911439
9.98;-0.0701639080;0.1910497038;-0.5818748593;0.7402613606
9.99;-0.0759358323;0.1983462734;-0.5723989302;0.7189191752
10.00;-0.0816096858;0.2054254599;-0.5622627966;0.6967888420
10.01;-0.0871789304;0.2122795064;-0.5514793955;0.6738954265
10.02;-0.0926371615;0.2189009108;-0.5400624089;0.6502647706
10.03;-0.0979781145;0.2252824328;-0.5280262440;0.6259234574
10.04;-0.1031956726;0.2314171018;-0.5153860129;0.6008987754
10.05;-0.1082838737;0.2372982234;-0.5021575114;0.5752186831
10.06;-0.1132369166;0.2429193859;-0.4883571970;0.5489117740
10.07;-0.1180491684;0.2482744666;-0.4740021664;0.5220072410
10.08;-0.1227151698;0.2533576377;-0.4591101325;0.4945348422
10.09;-0.1272296419;0.2581633714;-0.4436994007;0.4665248658
10.10;-0.1315874916;0.2626864455;-0.4277888444;0.4380080964
10.11;-0.1357838173;0.2669219480;-0.4113978810;0.4090157809
10.12;-0.1398139141;0.2708652815;-0.3945464465;0.3795795960
10.13;-0.1436732792;0.2745121672;-0.3772549701;0.3497316146
10.14;-0.1473576163;0.2778586491;-0.3595443490;0.3195042742
10.15;-0.1508628401;0.2809010973;-0.3414359221;0.2889303449
10.16;-0.1541850811;0.2836362109;-0.3229514441;0.2580428983
10.17;-0.1573206892;0.2860610212;-0.3041130595;0.2268752764
10.18;-0.1602662375;0.2881728944;-0.2849432756;0.1954610617
10.19;-0.1630185261;0.2899695331;-0.2654649364;0.1638340470
10.20;-0.1655745848;0.2914489792;-0.2457011959;0.1320282062
10.21;-0.1679316767;0.2926096148;-0.2256754917;0.1000776649
10.22;-0.1700873003;0.2934501642;-0.2054115177;0.0680166714
10.23;-0.1720391925;0.2939696945;-0.1849331980;0.0358795686
10.24;-0.1737853302;0.2941676166;-0.1642646599;0.0037007651
10.25;-0.1753239326;0.2940436856;-0.1434302074;-0.0284852929
10.26;-0.1766534628;0.2935980014;-0.1224542943;-0.0606441499
10.27;-0.1777726288;0.2928310081;-0.1013614979;-0.0927413693
10.28;-0.1786803853;0.2917434941;-0.0801764921;-0.1247425618
10.29;-0.1793759338;0.2903365914;-0.0589240211;-0.1566134138
10.30;-0.1798587235;0.2886117744;-0.0376288732;-0.1883197157
10.31;-0.1801284517;0.2865708592;-0.0163158538;-0.2198273914
10.32;-0.1801850636;0.2842160018;0.0049902404;-0.2511025269
10.33;-0.1800287525;0.2815496963;0.0262646478;-0.2821113999
10.34;-0.1796599587;0.2785747730;0.0474826681;-0.3128205101
10.35;-0.1790793692;0.2752943962;0.0686196883;-0.3431966087
10.36;-0.1782879166;0.2717120609;0.0896512090;-0.3732067303
10.37;-0.1772867779;0.2678315904;0.1105528698;-0.4028182232
10.38;-0.1760773728;0.2636571330;0.1313004758;-0.4319987816
10.39;-0.1746613620;0.2591931578;0.1518700229;-0.4607164779
10.40;-0.1730406452;0.2544444515;0.1722377238;-0.4889397957
10.41;-0.1712173589;0.2494161135;0.1923800333;-0.5166376626
10.42;-0.1691938735;0.2441135519;0.2122736740;-0.5437794845
10.43;-0.1669727910;0.2385424778;0.2318956614;-0.5703351796
10.44;-0.1645569414;0.2327089006;0.2512233297;-0.5962752133
10.45;-0.1619493800;0.2266191224;0.2702343560;-0.6215706329
10.46;-0.1591533831;0.2202797313;0.2889067861;-0.6461931032
10.47;-0.1561724449;0.2136975960;0.3072190586;-0.6701149422
10.48;-0.1530102730;0.2068798581;0.3251500296;-0.6933091566
10.49;-0.1496707844;0.1998339260;0.3426789971;-0.7157494778
10.50;-0.1461581007;0.1925674668;0.3597857250;-0.7374103974
10.51;-0.1424765434;0.1850883987;0.3764504666;-0.7582672034
10.52;-0.1386306289;0.1774048829;0.3926539884;-0.7782960153
10.53;-0.1346250635;0.1695253153;0.4083775927;-0.7974738190
10.54;-0.1304647374;0.1614583172;0.4236031406;-0.8157785020
10.55;-0.1261547196;0.1532127265;0.4383130738;-0.8331888866
10.56;-0.1217002513;0.1447975881;0.4524904369;-0.8496847639
10.57;-0.1171067407;0.1362221439;0.4661188981;-0.8652469258
10.58;-0.1123797555;0.1274958229;0.4791827700;-0.8798571962
10.59;-0.1075250175;0.1186282303;0.4916670297;-0.8934984618
10.60;-0.1025483950;0.1096291374;0.5035573381;-0.9061547002
10.61;-0.0974558962;0.1005084697;0.5148400583;-0.9178110082
10.62;-0.0922536624;0.0912762965;0.5255022740;-0.9284536275
10.63;-0.0869479599;0.0819428184;0.5355318061;-0.9380699688
10.64;-0.0815451735;0.0725183564;0.5449172293;-0.9466486343
10.65;-0.0760517981;0.0630133389;0.5536478871;-0.9541794388
10.66;-0.0704744314;0.0534382906;0.5617139066;-0.9606534277
10.67;-0.0648197659;0.0438038191;0.5691062114;-0.9660628938
10.68;-0.0590945807;0.0341206030;0.5758165346;-0.9704013914
10.69;-0.0533057335;0.0243993788;0.5818374296;-0.9736637485
10.70;-0.0474601525;0.0146509285;0.5871622806;-0.9758460765
10.71;-0.0415648275;0.0048860664;0.5917853115;-0.9769457771
10.72;-0.0356268023;-0.0048843736;0.5957015940;-0.9769615477
10.73;-0.0296531653;-0.0146495511;0.5989070544;-0.9758933835
10.74;-0.0236510416;-0.0243986321;0.6013984785;-0.9737425775
10.75;-0.0176275839;-0.0341208021;0.6031735167;-0.9705117181
10.76;-0.0115899644;-0.0438052789;0.6042306863;-0.9662046839
10.77;-0.0055453654;-0.0534413254;0.6045693737;-0.9608266365
10.78;0.0004990288;-0.0630182627;0.6041898345;-0.9543840107
10.79;0.0065360407;-0.0725254824;0.6030931930;-0.9468845025
10.80;0.0125585087;-0.0819524593;0.6012814399;-0.9383370543
10.81;0.0185592951;-0.0912887639;0.5987574287;-0.9287518389
10.82;0.0245312952;-0.1005240745;0.5955248718;-0.9181402403
10.83;0.0304674457;-0.1096481890;0.5915883335;-0.9065148336
10.84;0.0363607331;-0.1186510373;0.5869532241;-0.8938893617
10.85;0.0422042022;-0.1275226920;0.5816257904;-0.8802787116
10.86;0.0479909645;-0.1362533806;0.5756131070;-0.8656988882
10.87;0.0537142063;-0.1448334959;0.5689230652;-0.8501669862
10.88;0.0593671967;-0.1532536070;0.5615643615;-0.8337011619
10.89;0.0649432960;-0.1615044697;0.5535464843;-0.8163206025
10.90;0.0704359632;-0.1695770369;0.5448797002;-0.7980454945
10.91;0.0758387636;-0.1774624681;0.5355750391;-0.7788969919
10.92;0.0811453767;-0.1851521388;0.5256442781;-0.7588971822
10.93;0.0863496036;-0.1926376504;0.5150999249;-0.7380690529
10.94;0.0914453738;-0.1999108381;0.5039551998;-0.7164364569
10.95;0.0964267526;-0.2069637800;0.4922240172;-0.6940240768
10.96;0.1012879477;-0.2137888050;0.4799209667;-0.6708573903
10.97;0.1060233163;-0.2203785007;0.4670612924;-0.6469626336
10.98;0.1106273709;-0.2267257205;0.4536608729;-0.6223667667
10.99;0.1150947861;-0.2328235910;0.4397361992;-0.5970974364
11.00;0.1194204042;-0.2386655185;0.4253043534;-0.5711829415
11.01;0.1235992413;-0.2442451954;0.4103829859;-0.5446521967
11.02;0.1276264927;-0.2495566064;0.3949902926;-0.5175346976
11.03;0.1314975383;-0.2545940335;0.3791449915;-0.4898604854
11.04;0.1352079477;-0.2593520621;0.3628662990;-0.4616601125
11.05;0.1387534851;-0.2638255852;0.3461739055;-0.4329646080
11.06;0.1421301138;-0.2680098086;0.3290879513;-0.4038054442
11.07;0.1453340007;-0.2719002547;0.3116290019;-0.3742145034
11.08;0.1483615203;-0.2754927668;0.2938180226;-0.3442240449
11.09;0.1512092588;-0.2787835124;0.2756763539;-0.3138666727
11.10;0.1538740173;-0.2817689868;0.2572256861;-0.2831753042
11.11;0.1563528158;-0.2844460158;0.2384880335;-0.2521831386
11.12;0.1586428957;-0.2868117584;0.2194857092;-0.2209236264
11.13;0.1607417229;-0.2888637093;0.2002412992;-0.1894304390
11.14;0.1626469907;-0.2905997011;0.1807776369;-0.1577374390
11.15;0.1643566216;-0.2920179054;0.1611177770;-0.1258786509
11.16;0.1658687697;-0.2931168353;0.1412849702;-0.0938882316
11.17;0.1671818226;-0.2938953455;0.1213026366;-0.0618004424
11.18;0.1682944026;-0.2943526340;0.1011943406;-0.0296496195
11.19;0.1692053684;-0.2944882424;0.0809837647;0.0025298533
11.20;0.1699138161;-0.2943020561;0.0606946836;0.0347035735
11.21;0.1704190799;-0.2937943047;0.0403509388;0.0668371478
11.22;0.1707207323;-0.2929655615;0.0199764121;0.0988962203
11.23;0.1708185851;-0.2918167430;-0.0004049992;0.1308465004
11.24;0.1707126890;-0.2903491081;-0.0207694089;0.1626537916
11.25;0.1704033332;-0.2885642574;-0.0410929668;0.1942840195
11.26;0.1698910451;-0.2864641311;-0.0613518850;0.2257032608
11.27;0.1691765899;-0.2840510080;-0.0815224629;0.2568777725
11.28;0.1682609690;-0.2813275033;-0.1015811129;0.2877740206
11.29;0.1671454190;-0.2782965662;-0.1215043860;0.3183587109
11.30;0.1658314102;-0.2749614777;-0.1412689968;0.3485988180
11.31;0.1643206450;-0.2713258476;-0.1608518490;0.3784616168
11.32;0.1626150554;-0.2673936112;-0.1802300607;0.4079147134
11.33;0.1607168014;-0.2631690259;-0.1993809893;0.4369260764
11.34;0.1586282679;-0.2586566677;-0.2182822563;0.4654640694
11.35;0.1563520622;-0.2538614266;-0.2369117726;0.4934974832
11.36;0.1538910110;-0.2487885026;-0.2552477631;0.5209955694
11.37;0.1512481570;-0.2434434006;-0.2732687908;0.5479280733
11.38;0.1484267554;-0.2378319257;-0.2909537818;0.5742652683
11.39;0.1454302705;-0.2319601770;-0.3082820491;0.5999779902
11.40;0.1422623712;-0.2258345428;-0.3252333168;0.6250376719
11.41;0.1389269271;-0.2194616937;-0.3417877434;0.6494163780
11.42;0.1354280039;-0.2128485763;-0.3579259456;0.6730868406
11.43;0.1317698588;-0.2060024065;-0.3736290214;0.6960224942
11.44;0.1279569354;-0.1989306621;-0.3888785726;0.7181975109
11.45;0.1239938588;-0.1916410754;-0.4036567272;0.7395868361
11.46;0.1198854300;-0.1841416254;-0.4179461618;0.7601662233
11.47;0.1156366206;-0.1764405290;-0.4317301225;0.7799122689
11.48;0.1112525666;-0.1685462332;-0.4449924463;0.7988024470
11.49;0.1067385625;-0.1604674053;-0.4577175814;0.8168151427
11.50;0.1021000555;-0.1522129244;-0.4698906072;0.8339296860
11.51;0.0973426385;-0.1437918713;-0.4814972533;0.8501263838
11.52;0.0924720439;-0.1352135188;-0.4925239184;0.8653865518
11.53;0.0874941366;-0.1264873212;-0.5029576881;0.8796925447
11.54;0.0824149073;-0.1176229040;-0.5127863516;0.8930277858
11.55;0.0772404651;-0.1086300532;-0.5219984187;0.9053767950
11.56;0.0719770303;-0.0995187037;-0.5305831347;0.9167252153
11.57;0.0666309271;-0.0902989285;-0.5385304950;0.9270598377
11.58;0.0612085760;-0.0809809268;-0.5458312590;0.9363686248
11.59;0.0557164857;-0.0715750120;-0.5524769627;0.9446407321
11.60;0.0501612460;-0.0620916002;-0.5584599300;0.9518665275
11.61;0.0445495194;-0.0525411975;-0.5637732837;0.9580376091
11.62;0.0388880329;-0.0429343879;-0.5684109548;0.9631468205
11.63;0.0331835703;-0.0332818206;-0.5723676909;0.9671882639
11.64;0.0274429638;-0.0235941976;-0.5756390639;0.9701573114
11.65;0.0216730858;-0.0138822606;-0.5782214751;0.9720506133
11.66;0.0158808403;-0.0041567784;-0.5801121615;0.9728661048
11.67;0.0100731549;0.0055714659;-0.5813091981;0.9726030093
11.68;0.0042569723;0.0152916879;-0.5818115018;0.9712618402
11.69;-0.0015607583;0.0249931148;-0.5816188314;0.9688443998
11.70;-0.0073730895;0.0346649983;-0.5807317888;0.9653537760
11.71;-0.0131730841;0.0442966272;-0.5791518170;0.9607943359
11.72;-0.0189538234;0.0538773407;-0.5768811983;0.9551717182
11.73;-0.0247084160;0.0633965403;-0.5739230502;0.9484928220
11.74;-0.0304300056;0.0728437030;-0.5702813212;0.9407657945
11.75;-0.0361117795;0.0822083934;-0.5659607842;0.9320000151
11.76;-0.0417469770;0.0914802758;-0.5609670297;0.9222060788
11.77;-0.0473288972;0.1006491268;-0.5553064573;0.9113957766
11.78;-0.0528509072;0.1097048464;-0.5489862664;0.8995820740
11.79;-0.0583064502;0.1186374703;-0.5420144455;0.8867790882
11.80;-0.0636890530;0.1274371810;-0.5343997608;0.8730020630
11.81;-0.0689923341;0.1360943190;-0.5261517431;0.8582673424
11.82;-0.0742100108;0.1445993933;-0.5172806748;0.8425923426
11.83;-0.0793359073;0.1529430928;-0.5077975748;0.8259955224
11.84;-0.0843639612;0.1611162957;-0.4977141832;0.8084963529
11.85;-0.0892882313;0.1691100799;-0.4870429448;0.7901152858
11.86;-0.0941029042;0.1769157328;-0.4757969919;0.7708737205
11.87;-0.0988023012;0.1845247601;-0.4639901266;0.7507939710
11.88;-0.1033808850;0.1919288953;-0.4516368014;0.7298992314
11.89;-0.1078332658;0.1991201080;-0.4387521007;0.7082135412
11.90;-0.1121542079;0.2060906123;-0.4253517196;0.6857617505
11.91;-0.1163386354;0.2128328746;-0.4114519444;0.6625694840
11.92;-0.1203816382;0.2193396214;-0.3970696304;0.6386631058
11.93;-0.1242784774;0.2256038463;-0.3822221806;0.6140696833
11.94;-0.1280245909;0.2316188171;-0.3669275236;0.5888169514
11.95;-0.1316155985;0.2373780820;-0.3512040906;0.5629332771
11.96;-0.1350473064;0.2428754759;-0.3350707928;0.5364476238
11.97;-0.1383157125;0.2481051262;-0.3185469975;0.5093895162
11.98;-0.1414170106;0.2530614581;-0.3016525049;0.4817890053
11.99;-0.1443475942;0.2577391999;-0.2844075240;0.4536766338
12.00;-0.1471040613;0.2621333878;-0.2668326483;0.4250834024
12.01;-0.1496832173;0.2662393697;-0.2489488314;0.3960407357
12.02;-0.1520820790;0.2700528103;-0.2307773626;0.3665804493
12.03;-0.1542978776;0.2735696938;-0.2123398420;0.3367347171
12.04;-0.1563280619;0.2767863280;-0.1936581554;0.3065360395
12.05;-0.1581703006;0.2796993473;-0.1747544499;0.2760172112
12.06;-0.1598224854;0.2823057152;-0.1556511083;0.2452112907
12.07;-0.1612827326;0.2846027271;-0.1363707241;0.2141515695
12.08;-0.1625493856;0.2865880122;-0.1169360764;0.1828715418
12.09;-0.1636210163;0.2882595357;-0.0973701045;0.1514048752
12.10;-0.1644964268;0.2896156002;-0.0776958826;0.1197853807
12.11;-0.1651746504;0.2906548470;-0.0579365946;0.0880469847
12.12;-0.1656549527;0.2913762569;-0.0381155089;0.0562236996
12.13;-0.1659368323;0.2917791515;-0.0182559526;0.0243495954
12.14;-0.1660200214;0.2918631931;0.0016187132;-0.0075412279
12.15;-0.1659044856;0.2916283849;0.0214851191;-0.0394146693
12.16;-0.1655904244;0.2910750713;0.0413199127;-0.0712366540
12.17;-0.1650782704;0.2902039368;0.0610997837;-0.1029731620
12.18;-0.1643686893;0.2890160061;0.0808014892;-0.1345902559
12.19;-0.1634625784;0.2875126425;0.1004018787;-0.1660541094
12.20;-0.1623610662;0.2856955470;0.1198779198;-0.1973310351
12.21;-0.1610655108;0.2835667567;0.1392067227;-0.2283875138
12.22;-0.1595774984;0.2811286427;0.1583655655;-0.2591902227
12.23;-0.1578988412;0.2783839085;0.1773319194;-0.2897060651
12.24;-0.1560315760;0.2753355872;0.1960834733;-0.3199021997
12.25;-0.1539779614;0.2719870389;0.2145981584;-0.3497460706
12.26;-0.1517404752;0.2683419476;0.2328541735;-0.3792054376
12.27;-0.1493218119;0.2644043182;0.2508300093;-0.4082484071
12.28;-0.1467248797;0.2601784726;0.2685044724;-0.4368434632
12.29;-0.1439527967;0.2556690458;0.2858567105;-0.4649594997
12.30;-0.1410088879;0.2508809817;0.3028662354;-0.4925658519
12.31;-0.1378966814;0.2458195285;0.3195129478;-0.5196323295
12.32;-0.1346199041;0.2404902338;0.3357771605;-0.5461292496
12.33;-0.1311824775;0.2348989393;0.3516396219;-0.5720274698
12.34;-0.1275885136;0.2290517755;0.3670815389;-0.5972984222
12.35;-0.1238423097;0.2229551552;0.3820845999;-0.6219141474
12.36;-0.1199483440;0.2166157679;0.3966309972;-0.6458473287
12.37;-0.1159112698;0.2100405727;0.4107034489;-0.6690713263
12.38;-0.1117359107;0.2032367919;0.4242852205;-0.6915602120
12.39;-0.1074272550;0.1962119030;0.4373601461;-0.7132888037
12.40;-0.1029904494;0.1889736317;0.4499126487;-0.7342326995
12.41;-0.0984307935;0.1815299436;0.4619277606;-0.7543683118
12.42;-0.0937537335;0.1738890358;0.4733911427;-0.7736729011
12.43;-0.0889648556;0.1660593287;0.4842891029;-0.7921246098
12.44;-0.0840698798;0.1580494566;0.4946086150;-0.8097024941
12.45;-0.0790746528;0.1498682585;0.5043373353;-0.8263865569
12.46;-0.0739851414;0.1415247686;0.5134636195;-0.8421577785
12.47;-0.0688074251;0.1330282061;0.5219765387;-0.8569981473
12.48;-0.0635476893;0.1243879653;0.5298658938;-0.8708906889
12.49;-0.0582122175;0.1156136051;0.5371222299;-0.8838194941
12.50;-0.0528073840;0.1067148376;0.5437368493;-0.8957697458
12.51;-0.0473396462;0.0977015180;0.5497018237;-0.9067277439
12.52;-0.0418155371;0.0885836324;0.5550100050;-0.9166809294
12.53;-0.0362416569;0.0793712871;0.5596550355;-0.9256179062
12.54;-0.0306246656;0.0700746960;0.5636313568;-0.9335284612
12.55;-0.0249712748;0.0607041696;0.5669342181;-0.9404035829
12.56;-0.0192882395;0.0512701021;0.5695596822;-0.9462354771
12.57;-0.0135823498;0.0417829597;0.5715046316;-0.9510175818
12.58;-0.0078604231;0.0322532678;0.5727667726;-0.9547445786
12.59;-0.0021292955;0.0226915990;0.5733446390;-0.9574124030
12.60;0.0036041864;0.0131085600;0.5732375935;-0.9590182514
12.61;0.0093331738;0.0035147794;0.5724458292;-0.9595605869
12.62;0.0150508238;-0.0060791054;0.5709703687;-0.9590391414
12.63;0.0207503081;-0.0156624605;0.5688130627;-0.9574549168
12.64;0.0264248209;-0.0252246684;0.5659765876;-0.9548101825
12.65;0.0320675874;-0.0347551406;0.5624644408;-0.9511084714
12.66;0.0376718717;-0.0442433302;0.5582809364;-0.9463545732
12.67;0.0432309851;-0.0536787445;0.5534311983;-0.9405545253
12.68;0.0487382944;-0.0630509574;0.5479211530;-0.9337156017
12.69;0.0541872293;-0.0723496216;0.5417575213;-0.9258462997
12.70;0.0595712910;-0.0815644809;0.5349478081;-0.9169563238
12.71;0.0648840593;-0.0906853819;0.5275002922;-0.9070565686
12.72;0.0701192008;-0.0997022862;0.5194240143;-0.8961590986
12.73;0.0752704761;-0.1086052819;0.5107287646;-0.8842771273
12.74;0.0803317477;-0.1173845946;0.5014250686;-0.8714249931
12.75;0.0852969866;-0.1260305990;0.4915241730;-0.8576181352
12.76;0.0901602801;-0.1345338296;0.4810380299;-0.8428730661
12.77;0.0949158384;-0.1428849912;0.4699792808;-0.8272073444
12.78;0.0995580013;-0.1510749693;0.4583612390;-0.8106395453
12.79;0.1040812452;-0.1590948401;0.4461978724;-0.7931892298
12.80;0.1084801895;-0.1669358803;0.4335037841;-0.7748769139
12.81;0.1127496024;-0.1745895763;0.4202941941;-0.7557240354
12.82;0.1168844076;-0.1820476333;0.4065849186;-0.7357529216
12.83;0.1208796896;-0.1893019843;0.3923923501;-0.7149867546
12.84;0.1247306999;-0.1963447980;0.3777334365;-0.6934495375
12.85;0.1284328620;-0.2031684873;0.3626256590;-0.6711660594
12.86;0.1319817767;-0.2097657166;0.3470870110;-0.6481618602
12.87;0.1353732274;-0.2161294094;0.3311359753;-0.6244631958
12.88;0.1386031846;-0.2222527552;0.3147915015;-0.6000970021
12.89;0.1416678105;-0.2281292161;0.2980729832;-0.5750908602
12.90;0.1445634634;-0.2337525330;0.2810002344;-0.5494729608
12.91;0.1472867017;-0.2391167318;0.2635934659;-0.5232720693
12.92;0.1498342878;-0.2442161286;0.2458732620;-0.4965174911
12.93;0.1522031918;-0.2490453353;0.2278605556;-0.4692390369
12.94;0.1543905947;-0.2535992639;0.2095766049;-0.4414669886
12.95;0.1563938916;-0.2578731320;0.1910429682;-0.4132320657
12.96;0.1582106945;-0.2618624660;0.1722814800;-0.3845653920
12.97;0.1598388352;-0.2655631055;0.1533142259;-0.3554984628
12.98;0.1612763675;-0.2689712070;0.1341635185;-0.3260631123
12.99;0.1625215691;-0.2720832468;0.1148518716;-0.2962914824
13.00;0.1635729440;-0.2748960237;0.0954019763;-0.2662159908
13.01;0.1644292239;-0.2774066625;0.0758366756;-0.2358693003
13.02;0.1650893694;-0.2796126153;0.0561789391;-0.2052842885
13.03;0.1655525714;-0.2815116640;0.0364518386;-0.1744940179
13.04;0.1658182521;-0.2831019221;0.0166785227;-0.1435317063
13.05;0.1658860651;-0.2843818358;-0.0031178085;-0.1124306975
13.06;0.1657558966;-0.2853501852;-0.0229139279;-0.0812244325
13.07;0.1654278647;-0.2860060853;-0.0426866072;-0.0499464213
13.08;0.1649023200;-0.2863489863;-0.0624126415;-0.0186302140
13.09;0.1641798446;-0.2863786741;-0.0820688746;0.0126906268
13.10;0.1632612521;-0.2860952701;-0.1016322242;0.0439825544
13.11;0.1621475863;-0.2854992311;-0.1210797067;0.0752120658
13.12;0.1608401204;-0.2845913483;-0.1403884626;0.1063457296
13.13;0.1593403553;-0.2833727471;-0.1595357812;0.1373502141
13.14;0.1576500181;-0.2818448854;-0.1784991257;0.1681923153
13.15;0.1557710605;-0.2800095523;-0.1972561582;0.1988389850
13.16;0.1537056564;-0.2778688667;-0.2157847646;0.2292573595
13.17;0.1514561996;-0.2754252750;-0.2340630791;0.2594147881
13.18;0.1490253012;-0.2726815489;-0.2520695090;0.2892788619
13.19;0.1464157868;-0.2696407828;-0.2697827595;0.3188174436
13.20;0.1436306933;-0.2663063912;-0.2871818578;0.3479986964
13.21;0.1406732657;-0.2626821051;-0.3042461776;0.3767911145
13.22;0.1375469533;-0.2587719690;-0.3209554630;0.4051635535
13.23;0.1342554062;-0.2545803366;-0.3372898526;0.4330852608
13.24;0.1308024708;-0.2501118674;-0.3532299031;0.4605259070
13.25;0.1271921860;-0.2453715217;-0.3687566125;0.4874556174
13.26;0.1234287783;-0.2403645563;-0.3838514433;0.5138450042
13.27;0.1195166571;-0.2350965191;-0.3984963456;0.5396651980
13.28;0.1154604098;-0.2295732442;-0.4126737788;0.5648878814
13.29;0.1112647966;-0.2238008458;-0.4263667342;0.5894853210
13.30;0.1069347450;-0.2177857125;-0.4395587565;0.6134304006
13.31;0.1024753443;-0.2115345007;-0.4522339642;0.6366966549
13.32;0.0978918396;-0.2050541283;-0.4643770711;0.6592583020
13.33;0.0931896257;-0.1983517672;-0.4759734055;0.6810902772
13.34;0.0883742410;-0.1914348363;-0.4870089298;0.7021682660
13.35;0.0834513612;-0.1843109938;-0.4974702594;0.7224687369
13.36;0.0784267924;-0.1769881292;-0.5073446802;0.7419689744
13.37;0.0733064643;-0.1694743549;-0.5166201663;0.7606471114
13.38;0.0680964234;-0.1617779975;-0.5252853961;0.7784821604
13.39;0.0628028261;-0.1539075892;-0.5333297682;0.7954540454
13.40;0.0574319307;-0.1458718579;-0.5407434158;0.8115436320
13.41;0.0519900908;-0.1376797183;-0.5475172206;0.8267327573
13.42;0.0464837472;-0.1293402618;-0.5536428259;0.8410042581
13.43;0.0409194204;-0.1208627460;-0.5591126482;0.8543419989
13.44;0.0353037030;-0.1122565849;-0.5639198881;0.8667308981
13.45;0.0296432515;-0.1035313378;-0.5680585399;0.8781569529
13.46;0.0239447784;-0.0946966986;-0.5715234007;0.8886072629
13.47;0.0182150443;-0.0857624846;-0.5743100774;0.8980700524
13.48;0.0124608496;-0.0767386251;-0.5764149936;0.9065346901
13.49;0.0066890264;-0.0676351498;-0.5778353945;0.9139917081
13.50;0.0009064301;-0.0584621776;-0.5785693513;0.9204328187
13.51;-0.0048800686;-0.0492299038;-0.5786157638;0.9258509286
13.52;-0.0106635922;-0.0399485890;-0.5779743621;0.9302401519
13.53;-0.0164372648;-0.0306285463;-0.5766457074;0.9335958209
13.54;-0.0221942199;-0.0212801295;-0.5746311911;0.9359144941
13.55;-0.0279276095;-0.0119137207;-0.5719330325;0.9371939627
13.56;-0.0336306117;-0.0025397179;-0.5685542763;0.9374332545
13.57;-0.0392964391;0.0068314777;-0.5644987882;0.9366326357
13.58;-0.0449183471;0.0161894732;-0.5597712488;0.9347936102
13.59;-0.0504896420;0.0255238973;-0.5543771479;0.9319189169
13.60;-0.0560036889;0.0348244122;-0.5483227760;0.9280125246
13.61;-0.0614539200;0.0440807258;-0.5416152158;0.9230796244
13.62;-0.0668338419;0.0532826040;-0.5342623323;0.9171266206
13.63;-0.0721370441;0.0624198829;-0.5262727615;0.9101611184
13.64;-0.0773572060;0.0714824804;-0.5176558988;0.9021919107
13.65;-0.0824881047;0.0804604083;-0.5084218857;0.8932289616
13.66;-0.0875236226;0.0893437839;-0.4985815961;0.8832833891
13.67;-0.0924577542;0.0981228412;-0.4881466213;0.8723674451
13.68;-0.0972846135;0.1067879425;-0.4771292546;0.8604944938
13.69;-0.1019984410;0.1153295889;-0.4655424743;0.8476789889
13.70;-0.1065936102;0.1237384318;-0.4533999270;0.8339364485
13.71;-0.1110646345;0.1320052827;-0.4407159093;0.8192834289
13.72;-0.1154061731;0.1401211238;-0.4275053491;0.8037374973
13.73;-0.1196130379;0.1480771178;-0.4137837865;0.7873172028
13.74;-0.1236801991;0.1558646180;-0.3995673533;0.7700420464
13.75;-0.1276027910;0.1634751770;-0.3848727535;0.7519324501
13.76;-0.1313761177;0.1709005563;-0.3697172412;0.7330097256
13.77;-0.1349956585;0.1781327348;-0.3541185999;0.7132960413
13.78;-0.1384570734;0.1851639170;-0.3380951203;0.6928143893
13.79;-0.1417562073;0.1919865417;-0.3216655782;0.6715885518
13.80;-0.1448890954;0.1985932890;-0.3048492115;0.6496430674
13.81;-0.1478519676;0.2049770882;-0.2876656975;0.6270031961
13.82;-0.1506412524;0.2111311246;-0.2701351297;0.6036948857
13.83;-0.1532535815;0.2170488463;-0.2522779940;0.5797447365
13.84;-0.1556857931;0.2227239705;-0.2341151451;0.5551799671
13.85;-0.1579349359;0.2281504894;-0.2156677828;0.5300283800
13.86;-0.1599982721;0.2333226764;-0.1969574273;0.5043183270
13.87;-0.1618732805;0.2382350905;-0.1780058953;0.4780786752
13.88;-0.1635576596;0.2428825822;-0.1588352758;0.4513387736
13.89;-0.1650493301;0.2472602977;-0.1394679048;0.4241284191
13.90;-0.1663464370;0.2513636830;-0.1199263414;0.3964778234
13.91;-0.1674473521;0.2551884885;-0.1002333426;0.3684175810
13.92;-0.1683506754;0.2587307722;-0.0804118389;0.3399786360
13.93;-0.1690552374;0.2619869030;-0.0604849088;0.3111922511
13.94;-0.1695600995;0.2649535642;-0.0404757545;0.2820899756
13.95;-0.1698645560;0.2676277555;-0.0204076766;0.2527036148
13.96;-0.1699681345;0.2700067962;-0.0003040489;0.2230651995
13.97;-0.1698705966;0.2720883267;0.0198117063;0.1932069560
13.98;-0.1695719381;0.2738703105;0.0399161436;0.1631612762
13.99;-0.1690723896;0.2753510358;0.0599858193;0.1329606883
14.00;-0.1683724157;0.2765291166;0.0799973169;0.1026378281
14.01;-0.1674727151;0.2774034938;0.0999272723;0.0722254104
14.02;-0.1663742197;0.2779734355;0.1197523985;0.0417562002
14.03;-0.1650780938;0.2782385378;0.1394495112;0.0112629848
14.04;-0.1635857331;0.2781987245;0.1589955539;-0.0192214542
14.05;-0.1618987627;0.2778542471;0.1783676229;-0.0496643691
14.06;-0.1600190363;0.2772056845;0.1975429925;-0.0800330733
14.07;-0.1579486337;0.2762539417;0.2164991404;-0.1102949698
14.08;-0.1556898586;0.2750002494;0.2352137722;-0.1404175787
14.09;-0.1532452368;0.2734461623;0.2536648470;-0.1703685652
14.10;-0.1506175129;0.2715935575;0.2718306018;-0.2001157675
14.11;-0.1478096475;0.2694446328;0.2896895766;-0.2296272252
14.12;-0.1448248145;0.2670019046;0.3072206391;-0.2588712077
14.13;-0.1416663971;0.2642682052;0.3244030093;-0.2878162428
14.14;-0.1383379847;0.2612466803;0.3412162838;-0.3164311453
14.15;-0.1348433685;0.2579407858;0.3576404599;-0.3446850471
14.16;-0.1311865379;0.2543542845;0.3736559601;-0.3725474256
14.17;-0.1273716755;0.2504912429;0.3892436551;-0.3999881342
14.18;-0.1234031531;0.2463560267;0.4043848878;-0.4269774325
14.19;-0.1192855266;0.2419532968;0.4190614963;-0.4534860164
14.20;-0.1150235309;0.2372880050;0.4332558364;-0.4794850488
14.21;-0.1106220746;0.2323653889;0.4469508045;-0.5049461912
14.22;-0.1060862347;0.2271909670;0.4601298588;-0.5298416345
14.23;-0.1014212505;0.2217705329;0.4727770414;-0.5541441303
14.24;-0.0966325181;0.2161101499;0.4848769985;-0.5778270235
14.25;-0.0917255839;0.2102161447;0.4964150014;-0.6008642828
14.26;-0.0867061384;0.2040951012;0.5073769657;-0.6232305338
14.27;-0.0815800097;0.1977538533;0.5177494704;-0.6449010898
14.28;-0.0763531565;0.1911994784;0.5275197762;-0.6658519841
14.29;-0.0710316618;0.1844392901;0.5366758433;-0.6860600013
14.30;-0.0656217251;0.1774808297;0.5452063477;-0.7055027090
14.31;-0.0601296556;0.1703318592;0.5531006970;-0.7241584882
14.32;-0.0545618647;0.1630003525;0.5603490460;-0.7420065638
14.33;-0.0489248585;0.1554944869;0.5669423100;-0.7590270352
14.34;-0.0432252300;0.1478226341;0.5728721781;-0.7752009047
14.35;-0.0374696515;0.1399933513;0.5781311255;-0.7905101065
14.36;-0.0316648665;0.1320153714;0.5827124240;-0.8049375342
14.37;-0.0258176818;0.1238975938;0.5866101520;-0.8184670671
14.38;-0.0199349593;0.1156490737;0.5898192033;-0.8310835961
14.39;-0.0140236079;0.1072790125;0.5923352950;-0.8427730477
14.40;-0.0080905750;0.0987967467;0.5941549733;-0.8535224067
14.41;-0.0021428387;0.0902117380;0.5952756192;-0.8633197382
14.42;0.0038126011;0.0815335618;0.5956954524;-0.8721542073
14.43;0.0097687309;0.0727718961;0.5954135342;-0.8800160970
14.44;0.0157185321;0.0639365107;0.5944297691;-0.8868968255
14.45;0.0216549891;0.0550372553;0.5927449049;-0.8927889605
14.46;0.0275710982;0.0460840480;0.5903605321;-0.8976862321
14.47;0.0334598759;0.0370868641;0.5872790818;-0.9015835438
14.48;0.0393143669;0.0280557237;0.5835038223;-0.9044769816
14.49;0.0451276531;0.0190006801;0.5790388546;-0.9063638206
14.50;0.0508928612;0.0099318081;0.5738891067;-0.9072425299
14.51;0.0566031715;0.0008591914;0.5680603268;-0.9071127751
14.52;0.0622518259;-0.0082070885;0.5615590752;-0.9059754189
14.53;0.0678321358;-0.0172569648;0.5543927150;-0.9038325195
14.54;0.0733374902;-0.0262803975;0.5465694024;-0.9006873267
14.55;0.0787613636;-0.0352673849;0.5380980746;-0.8965442759
14.56;0.0840973238;-0.0442079753;0.5289884384;-0.8914089800
14.57;0.0893390393;-0.0530922793;0.5192509561;-0.8852882196
14.58;0.0944802872;-0.0619104809;0.5088968318;-0.8781899305
14.59;0.0995149601;-0.0706528494;0.4979379961;-0.8701231896
14.60;0.1044370734;-0.0793097502;0.4863870901;-0.8610981992
14.61;0.1092407726;-0.0878716566;0.4742574484;-0.8511262688
14.62;0.1139203397;-0.0963291602;0.4615630818;-0.8402197956
14.63;0.1184702005;-0.1046729820;0.4483186591;-0.8283922433
14.64;0.1228849302;-0.1128939829;0.4345394875;-0.8156581191
14.65;0.1271592607;-0.1209831739;0.4202414938;-0.8020329496
14.66;0.1312880856;-0.1289317265;0.4054412034;-0.7875332551
14.67;0.1352664673;-0.1367309820;0.3901557204;-0.7721765227
14.68;0.1390896415;-0.1443724613;0.3744027055;-0.7559811779
14.69;0.1427530234;-0.1518478744;0.3582003549;-0.7389665563
14.70;0.1462522130;-0.1591491287;0.3415673779;-0.7211528727
14.71;0.1495829994;-0.1662683382;0.3245229745;-0.7025611909
14.72;0.1527413665;-0.1731978319;0.3070868124;-0.6832133921
14.73;0.1557234967;-0.1799301610;0.2892790042;-0.6631321428
14.74;0.1585257761;-0.1864581077;0.2711200835;-0.6423408621
14.75;0.1611447977;-0.1927746918;0.2526309814;-0.6208636890
14.76;0.1635773660;-0.1988731778;0.2338330029;-0.5987254492
14.77;0.1658205002;-0.2047470819;0.2147478023;-0.5759516216
14.78;0.1678714378;-0.2103901784;0.1953973594;-0.5525683049
14.79;0.1697276375;-0.2157965052;0.1758039548;-0.5286021842
14.80;0.1713867822;-0.2209603700;0.1559901453;-0.5040804975
14.81;0.1728467817;-0.2258763556;0.1359787397;-0.4790310024
14.82;0.1741057750;-0.2305393247;0.1157927735;-0.4534819433
14.83;0.1751621327;-0.2349444248;0.0954554843;-0.4274620179
14.84;0.1760144583;-0.2390870925;0.0749902870;-0.4010003455
14.85;0.1766615906;-0.2429630575;0.0544207486;-0.3741264339
14.86;0.1771026044;-0.2465683465;0.0337705632;-0.3468701482
14.87;0.1773368123;-0.2498992864;0.0130635270;-0.3192616789
14.88;0.1773637650;-0.2529525076;-0.0076764870;-0.2913315109
14.89;0.1771832524;-0.2557249467;-0.0284255541;-0.2631103927
14.90;0.1767953036;-0.2582138489;-0.0491597233;-0.2346293059
14.91;0.1762001874;-0.2604167702;-0.0698550425;-0.2059194356
14.92;0.1753984120;-0.2623315794;-0.0904875839;-0.1770121405
14.93;0.1743907246;-0.2639564599;-0.1110334692;-0.1479389237
14.94;0.1731781109;-0.2652899102;-0.1314688952;-0.1187314038
14.95;0.1717617939;-0.2663307459;-0.1517701591;-0.0894212862
14.96;0.1701432335;-0.2670780998;-0.1719136842;-0.0600403348
14.97;0.1683241242;-0.2675314225;-0.1918760450;-0.0306203438
14.98;0.1663063940;-0.2676904825;-0.2116339928;-0.0011931099
14.99;0.1640922026;-0.2675553664;-0.2311644814;0.0282095959
15.00;0.1616839387;-0.2671264781;-0.2504446923;0.0575560555
15.01;0.1590842183;-0.2664045383;-0.2694520603;0.0868146318
15.02;0.1562958814;-0.2653905836;-0.2881642985;0.1159537961
15.03;0.1533219895;-0.2640859651;-0.3065594241;0.1449421555
15.04;0.1501658222;-0.2624923473;-0.3246157834;0.1737484813
15.05;0.1468308741;-0.2606117058;-0.3423120768;0.2023417359
15.06;0.1433208507;-0.2584463256;-0.3596273841;0.2306911014
15.07;0.1396396649;-0.2559987987;-0.3765411889;0.2587660074
15.08;0.1357914324;-0.2532720214;-0.3930334037;0.2865361592
15.09;0.1317804677;-0.2502691914;-0.4090843937;0.3139715663
15.10;0.1276112793;-0.2469938048;-0.4246750017;0.3410425713
15.11;0.1232885646;-0.2434496524;-0.4397865711;0.3677198783
15.12;0.1188172052;-0.2396408161;-0.4544009699;0.3939745827
15.13;0.1142022612;-0.2355716645;-0.4685006138;0.4197781998
15.14;0.1094489657;-0.2312468493;-0.4820684885;0.4451026952
15.15;0.1045627189;-0.2266712997;-0.4950881723;0.4699205138
15.16;0.0995490824;-0.2218502182;-0.5075438573;0.4942046102
15.17;0.0944137725;-0.2167890751;-0.5194203712;0.5179284789
15.18;0.0891626541;-0.2114936027;-0.5307031968;0.5410661841
15.19;0.0838017339;-0.2059697899;-0.5413784926;0.5635923903
15.20;0.0783371534;-0.2002238758;-0.5514331115;0.5854823923
15.21;0.0727751822;-0.1942623431;-0.5608546191;0.6067121458
15.22;0.0671222106;-0.1880919117;-0.5696313113;0.6272582971
15.23;0.0613847421;-0.1817195315;-0.5777522308;0.6470982133
15.24;0.0555693861;-0.1751523747;-0.5852071827;0.6662100116
15.25;0.0496828500;-0.1683978289;-0.5919867494;0.6845725891
15.26;0.0437319314;-0.1614634882;-0.5980823043;0.7021656511
15.27;0.0377235102;-0.1543571460;-0.6034860243;0.7189697398
15.28;0.0316645406;-0.1470867856;-0.6081909014;0.7349662618
15.29;0.0255620425;-0.1396605719;-0.6121907534;0.7501375149
15.30;0.0194230937;-0.1320868424;-0.6154802328;0.7644667147
15.31;0.0132548210;-0.1243740975;-0.6180548353;0.7779380193
15.32;0.0070643923;-0.1165309915;-0.6199109064;0.7905365535
15.33;0.0008590075;-0.1085663223;-0.6210456472;0.8022484323
15.34;-0.0053541095;-0.1004890216;-0.6214571189;0.8130607822
15.35;-0.0115677201;-0.0923081448;-0.6211442457;0.8229617618
15.36;-0.0177745790;-0.0840328605;-0.6201068171;0.8319405812
15.37;-0.0239674432;-0.0756724397;-0.6183454879;0.8399875191
15.38;-0.0301390806;-0.0672362455;-0.6158617782;0.8470939390
15.39;-0.0362822786;-0.0587337215;-0.6126580710;0.8532523036
15.40;-0.0423898526;-0.0501743813;-0.6087376090;0.8584561871
15.41;-0.0484546550;-0.0415677973;-0.6041044905;0.8627002862
15.42;-0.0544695832;-0.0329235891;-0.5987636633;0.8659804292
15.43;-0.0604275883;-0.0242514123;-0.5927209180;0.8682935824
15.44;-0.0663216836;-0.0155609473;-0.5859828798;0.8696378558
15.45;-0.0721449529;-0.0068618876;-0.5785569995;0.8700125060
15.46;-0.0778905582;0.0018360717;-0.5704515428;0.8694179371
15.47;-0.0835517485;0.0105232453;-0.5616755789;0.8678557000
15.48;-0.0891218674;0.0191899689;-0.5522389681;0.8653284897
15.49;-0.0945943609;0.0278266110;-0.5421523481;0.8618401400
15.50;-0.0999627854;0.0364235841;-0.5314271198;0.8573956169
15.51;-0.1052208149;0.0449713561;-0.5200754312;0.8520010096
15.52;-0.1103622486;0.0534604611;-0.5081101620;0.8456635203
15.53;-0.1153810180;0.0618815109;-0.4955449056;0.8383914507
15.54;-0.1202711942;0.0702252058;-0.4823939517;0.8301941885
15.55;-0.1250269944;0.0784823453;-0.4686722673;0.8210821907
15.56;-0.1296427890;0.0866438386;-0.4543954776;0.8110669661
15.57;-0.1341131076;0.0947007153;-0.4395798459;0.8001610556
15.58;-0.1384326459;0.1026441356;-0.4242422530;0.7883780115
15.59;-0.1425962709;0.1104654000;-0.4084001759;0.7757323752
15.60;-0.1465990278;0.1181559593;-0.3920716666;0.7622396530
15.61;-0.1504361447;0.1257074240;-0.3752753295;0.7479162919
15.62;-0.1541030386;0.1331115739;-0.3580302994;0.7327796529
15.63;-0.1575953204;0.1403603667;-0.3403562182;0.7168479843
15.64;-0.1609087997;0.1474459470;-0.3222732119;0.7001403934
15.65;-0.1640394900;0.1543606544;-0.3038018670;0.6826768176
15.66;-0.1669836126;0.1610970323;-0.2849632071;0.6644779949
15.67;-0.1697376011;0.1676478350;-0.2657786683;0.6455654338
15.68;-0.1722981056;0.1740060358;-0.2462700754;0.6259613819
15.69;-0.1746619963;0.1801648340;-0.2264596175;0.6056887955
15.70;-0.1768263668;0.1861176618;-0.2063698233;0.5847713072
15.71;-0.1787885377;0.1918581912;-0.1860235366;0.5632331948
15.72;-0.1805460596;0.1973803398;-0.1654438913;0.5410993485
15.73;-0.1820967156;0.2026782771;-0.1446542868;0.5183952396
15.74;-0.1834385242;0.2077464303;-0.1236783627;0.4951468877
15.75;-0.1845697412;0.2125794890;-0.1025399739;0.4713808288
15.76;-0.1854888622;0.2171724111;-0.0812631654;0.4471240834
15.77;-0.1861946238;0.2215204265;-0.0598721474;0.4224041243
15.78;-0.1866860056;0.2256190424;-0.0383912693;0.3972488453
15.79;-0.1869622312;0.2294640465;-0.0168449954;0.3716865296
15.80;-0.1870227693;0.2330515115;0.0047421216;0.3457458185
15.81;-0.1868673346;0.2363777981;0.0263454649;0.3194556804
15.82;-0.1864958881;0.2394395579;0.0479403801;0.2928453807
15.83;-0.1859086373;0.2422337368;0.0695022000;0.2659444510
15.84;-0.1851060366;0.2447575773;0.0910062706;0.2387826594
15.85;-0.1840887865;0.2470086203;0.1124279765;0.2113899808
15.86;-0.1828578335;0.2489847077;0.1337427670;0.1837965676
15.87;-0.1814143691;0.2506839835;0.1549261812;0.1560327208
15.88;-0.1797598290;0.2521048954;0.1759538744;0.1281288611
15.89;-0.1778958914;0.2532461957;0.1968016436;0.1001155007
15.90;-0.1758244760;0.2541069423;0.2174454536;0.0720232147
15.91;-0.1735477417;0.2546864990;0.2378614627;0.0438826137
15.92;-0.1710680849;0.2549845356;0.2580260487;0.0157243155
15.93;-0.1683881368;0.2550010283;0.2779158352;-0.0124210823
15.94;-0.1655107613;0.2547362588;0.2975077167;-0.0405230297
15.95;-0.1624390516;0.2541908141;0.3167788854;-0.0685510520
15.96;-0.1591763277;0.2533655854;0.3357068567;-0.0964747766
15.97;-0.1557261324;0.2522617671;0.3542694948;-0.1242639612
15.98;-0.1520922282;0.2508808550;0.3724450390;-0.1518885201
15.99;-0.1482785932;0.2492246452;0.3902121287;-0.1793185523
16.00;-0.1442894171;0.2472952314;0.4075498292;-0.2065243687
16.01;-0.1401290964;0.2450950034;0.4244376569;-0.2334765193
16.02;-0.1358022303;0.2426266440;0.4408556043;-0.2601458212
16.03;-0.1313136157;0.2398931262;0.4567841649;-0.2865033862
16.04;-0.1266682417;0.2368977107;0.4722043576;-0.3125206485
16.05;-0.1218712847;0.2336439417;0.4870977511;-0.3381693930
16.06;-0.1169281024;0.2301356441;0.5014464870;-0.3634217831
16.07;-0.1118442282;0.2263769188;0.5152333038;-0.3882503891
16.08;-0.1066253650;0.2223721391;0.5284415596;-0.4126282168
16.09;-0.1012773791;0.2181259457;0.5410552539;-0.4365287356
16.10;-0.0958062932;0.2136432423;0.5530590497;-0.4599259077
16.11;-0.0902182801;0.2089291905;0.5644382945;-0.4827942162
16.12;-0.0845196558;0.2039892043;0.5751790403;-0.5051086941
16.13;-0.0787168719;0.1988289442;0.5852680635;-0.5268449530
16.14;-0.0728165087;0.1934543121;0.5946928832;-0.5479792116
16.15;-0.0668252675;0.1878714440;0.6034417797;-0.5684883243
16.16;-0.0607499629;0.1820867045;0.6115038106;-0.5883498096
16.17;-0.0545975149;0.1761066794;0.6188688276;-0.6075418781
16.18;-0.0483749411;0.1699381688;0.6255274905;-0.6260434606
16.19;-0.0420893483;0.1635881798;0.6314712820;-0.6438342352
16.20;-0.0357479242;0.1570639188;0.6366925198;-0.6608946544
16.21;-0.0293579294;0.1503727839;0.6411843686;-0.6772059718
16.22;-0.0229266883;0.1435223564;0.6449408499;-0.6927502675
16.23;-0.0164615809;0.1365203924;0.6479568521;-0.7075104738
16.24;-0.0099700339;0.1293748147;0.6502281375;-0.7214703990
16.25;-0.0034595120;0.1220937033;0.6517513495;-0.7346147513
16.26;0.0030624910;0.1146852864;0.6525240177;-0.7469291612
16.27;0.0095884611;0.1071579316;0.6525445620;-0.7584002026
16.28;0.0161108727;0.0995201354;0.6518122952;-0.7690154138
16.29;0.0226221980;0.0917805146;0.6503274244;-0.7787633158
16.30;0.0291149159;0.0839477954;0.6480910512;-0.7876334308
16.31;0.0355815205;0.0760308037;0.6451051698;-0.7956162982
16.32;0.0420145303;0.0680384553;0.6413726649;-0.8027034893
16.33;0.0484064973;0.0599797444;0.6368973074;-0.8088876212
16.34;0.0547500156;0.0518637344;0.6316837491;-0.8141623684
16.35;0.0610377298;0.0436995462;0.6257375165;-0.8185224728
16.36;0.0672623447;0.0354963480;0.6190650024;-0.8219637523
16.37;0.0734166329;0.0272633445;0.6116734571;-0.8244831075
16.38;0.0794934438;0.0190097659;0.6035709782;-0.8260785264
16.39;0.0854857122;0.0107448571;0.5947664992;-0.8267490879
16.40;0.0913864661;0.0024778668;0.5852697768;-0.8264949626
16.41;0.0971888353;-0.0057819637;0.5750913776;-0.8253174127
16.42;0.1028860591;-0.0140254110;0.5642426630;-0.8232187893
16.43;0.1084714944;-0.0222432804;0.5527357740;-0.8202025281
16.44;0.1139386234;-0.0304264175;0.5405836148;-0.8162731435
16.45;0.1192810611;-0.0385657179;0.5277998347;-0.8114362208
16.46;0.1244925625;-0.0466521386;0.5143988107;-0.8056984063
16.47;0.1295670299;-0.0546767084;0.5003956279;-0.7990673960
16.48;0.1344985202;-0.0626305381;0.4858060600;-0.7915519226
16.49;0.1392812511;-0.0705048309;0.4706465489;-0.7831617408
16.50;0.1439096082;-0.0782908928;0.4549341839;-0.7739076110
16.51;0.1483781508;-0.0859801422;0.4386866797;-0.7638012814
16.52;0.1526816188;-0.0935641199;0.4219223545;-0.7528554692
16.53;0.1568149380;-0.1010344986;0.4046601079;-0.7410838395
16.54;0.1607732260;-0.1083830923;0.3869193971;-0.7285009837
16.55;0.1645517976;-0.1156018656;0.3687202143;-0.7151223965
16.56;0.1681461702;-0.1226829422;0.3500830628;-0.7009644516
16.57;0.1715520688;-0.1296186139;0.3310289328;-0.6860443769
16.58;0.1747654303;-0.1364013492;0.3115792777;-0.6703802278
16.59;0.1777824088;-0.1430238009;0.2917559890;-0.6539908608
16.60;0.1805993789;-0.1494788143;0.2715813725;-0.6368959054
16.61;0.1832129406;-0.1557594347;0.2510781226;-0.6191157361
16.62;0.1856199227;-0.1618589150;0.2302692982;-0.6006714433
16.63;0.1878173859;-0.1677707223;0.2091782970;-0.5815848040
16.64;0.1898026270;-0.1734885446;0.1878288309;-0.5618782520
16.65;0.1915731809;-0.1790062976;0.1662449004;-0.5415748475
16.66;0.1931268242;-0.1843181307;0.1444507694;-0.5206982472
16.67;0.1944615772;-0.1894184325;0.1224709397;-0.4992726735
16.68;0.1955757064;-0.1943018366;0.1003301260;-0.4773228837
16.69;0.1964677261;-0.1989632268;0.0780532299;-0.4548741398
16.70;0.1971364009;-0.2033977419;0.0556653148;-0.4319521772
16.71;0.1975807463;-0.2076007801;0.0331915800;-0.4085831746
16.72;0.1978000307;-0.2115680038;0.0106573353;-0.3847937233
16.73;0.1977937759;-0.2152953429;-0.0119120248;-0.3606107965
16.74;0.1975617580;-0.2187789991;-0.0344910466;-0.3360617198
16.75;0.1971040077;-0.2220154489;-0.0570542432;-0.3111741405
16.76;0.1964208109;-0.2250014466;-0.0795761205;-0.2859759985
16.77;0.1955127080;-0.2277340276;-0.1020312025;-0.2604954961
16.78;0.1943804943;-0.2302105101;-0.1243940579;-0.2347610693
16.79;0.1930252188;-0.2324284979;-0.1466393258;-0.2088013583
16.80;0.1914481840;-0.2343858823;-0.1687417419;-0.1826451795
16.81;0.1896509440;-0.2360808431;-0.1906761646;-0.1563214959
16.82;0.1876353040;-0.2375118508;-0.2124176015;-0.1298593898
16.83;0.1854033180;-0.2386776667;-0.2339412354;-0.1032880344
16.84;0.1829572874;-0.2395773447;-0.2552224509;-0.0766366660
16.85;0.1802997584;-0.2402102309;-0.2762368606;-0.0499345563
16.86;0.1774335201;-0.2405759643;-0.2969603321;-0.0232109852
16.87;0.1743616012;-0.2406744766;-0.3173690140;0.0035047867
16.88;0.1710872677;-0.2405059920;-0.3374393624;0.0301835450
16.89;0.1676140192;-0.2400710263;-0.3571481680;0.0567961490
16.90;0.1639455857;-0.2393703863;-0.3764725819;0.0833135579
16.91;0.1600859238;-0.2384051688;-0.3953901426;0.1097068584
16.92;0.1560392127;-0.2371767588;-0.4138788020;0.1359472914
16.93;0.1518098496;-0.2356868279;-0.4319169519;0.1620062785
16.94;0.1474024459;-0.2339373327;-0.4494834496;0.1878554492
16.95;0.1428218218;-0.2319305122;-0.4665576447;0.2134666677
16.96;0.1380730013;-0.2296688855;-0.4831194037;0.2388120596
16.97;0.1331612073;-0.2271552491;-0.4991491361;0.2638640394
16.98;0.1280918556;-0.2243926737;-0.5146278193;0.2885953368
16.99;0.1228705493;-0.2213845012;-0.5295370231;0.3129790244
17.00;0.1175030729;-0.2181343406;-0.5438589341;0.3369885443
17.01;0.1119953857;-0.2146460648;-0.5575763791;0.3605977359
17.02;0.1063536155;-0.2109238062;-0.5706728489;0.3837808625
17.03;0.1005840516;-0.2069719522;-0.5831325204;0.4065126390
17.04;0.0946931383;-0.2027951408;-0.5949402785;0.4287682589
17.05;0.0886874672;-0.1983982554;-0.6060817376;0.4505234217
17.06;0.0825737702;-0.1937864199;-0.6165432620;0.4717543599
17.07;0.0763589116;-0.1889649931;-0.6263119849;0.4924378665
17.08;0.0700498803;-0.1839395629;-0.6353758278;0.5125513212
17.09;0.0636537824;-0.1787159404;-0.6437235178;0.5320727181
17.10;0.0571778322;-0.1733001535;-0.6513446042;0.5509806915
17.11;0.0506293446;-0.1676984405;-0.6582294745;0.5692545426
17.12;0.0440157262;-0.1619172433;-0.6643693685;0.5868742651
17.13;0.0373444670;-0.1559632001;-0.6697563916;0.6038205710
17.14;0.0306231316;-0.1498431386;-0.6743835272;0.6200749155
17.15;0.0238593501;-0.1435640678;-0.6782446475;0.6356195213
17.16;0.0170608097;-0.1371331708;-0.6813345227;0.6504374027
17.17;0.0102352451;-0.1305577963;-0.6836488296;0.6645123887
17.18;0.0033904300;-0.1238454507;-0.6851841582;0.6778291450
17.19;-0.0034658329;-0.1170037894;-0.6859380174;0.6903731963
17.20;-0.0103257200;-0.1100406080;-0.6859088390;0.7021309461
17.21;-0.0171813971;-0.1029638340;-0.6850959802;0.7130896966
17.22;-0.0240250280;-0.0957815170;-0.6834997253;0.7232376675
17.23;-0.0308487841;-0.0885018197;-0.6811212851;0.7325640128
17.24;-0.0376448533;-0.0811330087;-0.6779627956;0.7410588375
17.25;-0.0444054498;-0.0736834447;-0.6740273148;0.7487132118
17.26;-0.0511228227;-0.0661615727;-0.6693188186;0.7555191855
17.27;-0.0577892655;-0.0585759125;-0.6638421949;0.7614697991
17.28;-0.0643971252;-0.0509350481;-0.6576032366;0.7665590950
17.29;-0.0709388112;-0.0432476184;-0.6506086330;0.7707821265
17.30;-0.0774068041;-0.0355223065;-0.6428659604;0.7741349654
17.31;-0.0837936647;-0.0277678297;-0.6343836708;0.7766147077
17.32;-0.0900920429;-0.0199929292;-0.6251710801;0.7782194780
17.33;-0.0962946857;-0.0122063598;-0.6152383546;0.7789484323
17.34;-0.1023944460;-0.0044168796;-0.6045964965;0.7788017588
17.35;-0.1083842910;0.0033667604;-0.5932573288;0.7777806775
17.36;-0.1142573101;0.0111358265;-0.5812334783;0.7758874374
17.37;-0.1200067228;0.0188816126;-0.5685383584;0.7731253127
17.38;-0.1256258867;0.0265954505;-0.5551861510;0.7694985971
17.39;-0.1311083051;0.0342687200;-0.5411917867;0.7650125964
17.40;-0.1364476339;0.0418928589;-0.5265709255;0.7596736194
17.41;-0.1416376896;0.0494593732;-0.5113399358;0.7534889676
17.42;-0.1466724556;0.0569598467;-0.4955158731;0.7464669227
17.43;-0.1515460891;0.0643859509;-0.4791164581;0.7386167334
17.44;-0.1562529279;0.0717294546;-0.4621600540;0.7299486001
17.45;-0.1607874966;0.0789822333;-0.4446656438;0.7204736584
17.46;-0.1651445125;0.0861362784;-0.4266528069;0.7102039616
17.47;-0.1693188917;0.0931837063;-0.4081416948;0.6991524611
17.48;-0.1733057544;0.1001167674;-0.3891530075;0.6873329870
17.49;-0.1771004305;0.1069278548;-0.3697079686;0.6747602259
17.50;-0.1806984648;0.1136095125;-0.3498283010;0.6614496990
17.51;-0.1840956216;0.1201544438;-0.3295362014;0.6474177387
17.52;-0.1872878894;0.1265555193;-0.3088543157;0.6326814639
17.53;-0.1902714854;0.1328057848;-0.2878057133;0.6172587556
17.54;-0.1930428594;0.1388984682;-0.2664138621;0.6011682305
17.55;-0.1955986979;0.1448269875;-0.2447026025;0.5844292149
17.56;-0.1979359273;0.1505849574;-0.2226961222;0.5670617175
17.57;-0.2000517178;0.1561661956;-0.2004189305;0.5490864019
17.58;-0.2019434862;0.1615647301;-0.1778958323;0.5305245586
17.59;-0.2036088983;0.1667748045;-0.1551519028;0.5113980768
17.60;-0.2050458724;0.1717908843;-0.1322124613;0.4917294157
17.61;-0.2062525809;0.1766076621;-0.1091030457;0.4715415757
17.62;-0.2072274525;0.1812200634;-0.0858493866;0.4508580693
17.63;-0.2079691741;0.1856232511;-0.0624773814;0.4297028921
17.64;-0.2084766924;0.1898126304;-0.0390130685;0.4081004936
17.65;-0.2087492149;0.1937838530;-0.0154826013;0.3860757482
17.66;-0.2087862113;0.1975328216;0.0080877776;0.3636539256
17.67;-0.2085874140;0.2010556933;0.0316717623;0.3408606623
17.68;-0.2081528186;0.2043488832;0.0552430102;0.3177219321
17.69;-0.2074826841;0.2074090679;0.0787751671;0.2942640177
17.70;-0.2065775333;0.2102331881;0.1022418945;0.2705134816
17.71;-0.2054381520;0.2128184515;0.1256168949;0.2464971380
17.72;-0.2040655886;0.2151623349;0.1488739385;0.2222420241
17.73;-0.2024611536;0.2172625868;0.1719868899;0.1977753720
17.74;-0.2006264179;0.2191172285;0.1949297339;0.1731245808
17.75;-0.1985632122;0.2207245563;0.2176766029;0.1483171891
17.76;-0.1962736248;0.2220831424;0.2402018028;0.1233808469
17.77;-0.1937600001;0.2231918359;0.2624798405;0.0983432886
17.78;-0.1910249361;0.2240497634;0.2844854504;0.0732323056
17.79;-0.1880712826;0.2246563300;0.3061936214;0.0480757193
17.80;-0.1849021377;0.2250112185;0.3275796240;0.0229013544
17.81;-0.1815208455;0.2251143905;0.3486190375;-0.0022629881
17.82;-0.1779309926;0.2249660847;0.3692877769;-0.0273895575
17.83;-0.1741364047;0.2245668175;0.3895621202;-0.0524506796
17.84;-0.1701411428;0.2239173812;0.4094187356;-0.0774187836
17.85;-0.1659494990;0.2230188434;0.4288347085;-0.1022664281
17.86;-0.1615659924;0.2218725452;0.4477875688;-0.1269663274
17.87;-0.1569953648;0.2204800997;0.4662553174;-0.1514913778
17.88;-0.1522425750;0.2188433902;0.4842164535;-0.1758146840
17.89;-0.1473127945;0.2169645675;0.5016500007;-0.1999095847
17.90;-0.1422114018;0.2148460479;0.5185355338;-0.2237496795
17.91;-0.1369439768;0.2124905104;0.5348532047;-0.2473088543
17.92;-0.1315162949;0.2099008933;0.5505837680;-0.2705613080
17.93;-0.1259343207;0.2070803916;0.5657086067;-0.2934815783
17.94;-0.1202042019;0.2040324528;0.5802097566;-0.3160445678
17.95;-0.1143322624;0.2007607736;0.5940699309;-0.3382255702
17.96;-0.1083249954;0.1972692958;0.6072725441;-0.3600002961
17.97;-0.1021890565;0.1935622016;0.6198017345;-0.3813448994
17.98;-0.0959312560;0.1896439096;0.6316423875;-0.4022360024
17.99;-0.0895585519;0.1855190696;0.6427801563;-0.4226507226
18.00;-0.0830780413;0.1811925578;0.6532014834;-0.4425666973
18.01;-0.0764969531;0.1766694711;0.6628936198;-0.4619621099
18.02;-0.0698226395;0.1719551218;0.6718446443;-0.4808157145
18.03;-0.0630625677;0.1670550318;0.6800434812;-0.4991068613
18.04;-0.0562243114;0.1619749264;0.6874799169;-0.5168155213
18.05;-0.0493155421;0.1567207278;0.6941446156;-0.5339223103
18.06;-0.0423440200;0.1512985490;0.7000291337;-0.5504085132
18.07;-0.0353175854;0.1457146864;0.7051259326;-0.5662561074
18.08;-0.0282441494;0.1399756134;0.7094283909;-0.5814477854
18.09;-0.0211316846;0.1340879725;0.7129308145;-0.5959669779
18.10;-0.0139882160;0.1280585684;0.7156284458;-0.6097978746
18.11;-0.0068218113;0.1218943597;0.7175174712;-0.6229254461
18.12;0.0003594283;0.1156024515;0.7185950274;-0.6353354636
18.13;0.0075473777;0.1091900872;0.7188592061;-0.6470145184
18.14;0.0147338977;0.1026646398;0.7183090569;-0.6579500407
18.15;0.0219108442;0.0960336041;0.7169445896;-0.6681303166
18.16;0.0290700781;0.0893045874;0.7147667738;-0.6775445050
18.17;0.0362034747;0.0824853011;0.7117775381;-0.6861826530
18.18;0.0433029335;0.0755835515;0.7079797669;-0.6940357099
18.19;0.0503603875;0.0686072312;0.7033772964;-0.7010955404
18.20;0.0573678128;0.0615643091;0.6979749091;-0.7073549363
18.21;0.0643172381;0.0544628218;0.6917783262;-0.7128076270
18.22;0.0712007539;0.0473108636;0.6847941992;-0.7174482887
18.23;0.0780105219;0.0401165776;0.6770301002;-0.7212725520
18.24;0.0847387840;0.0328881455;0.6684945106;-0.7242770080
18.25;0.0913778715;0.0256337785;0.6591968083;-0.7264592134
18.26;0.0979202138;0.0183617073;0.6491472545;-0.7278176937
18.27;0.1043583473;0.0110801723;0.6383569781;-0.7283519451
18.28;0.1106849240;0.0037974145;0.6268379603;-0.7280624345
18.29;0.1168927198;-0.0034783350;0.6146030173;-0.7269505988
18.30;0.1229746431;-0.0107388641;0.6016657820;-0.7250188414
18.31;0.1289237424;-0.0179759897;0.5880406850;-0.7222705288
18.32;0.1347332144;-0.0251815670;0.5737429351;-0.7187099841
18.33;0.1403964119;-0.0323474993;0.5587884980;-0.7143424801
18.34;0.1459068509;-0.0394657472;0.5431940753;-0.7091742306
18.35;0.1512582180;-0.0465283383;0.5269770820;-0.7032123799
18.36;0.1564443775;-0.0535273761;0.5101556239;-0.6964649917
18.37;0.1614593780;-0.0604550493;0.4927484742;-0.6889410358
18.38;0.1662974592;-0.0673036409;0.4747750499;-0.6806503740
18.39;0.1709530580;-0.0740655367;0.4562553872;-0.6716037448
18.40;0.1754208147;-0.0807332343;0.4372101169;-0.6618127462
18.41;0.1796955788;-0.0872993516;0.4176604396;-0.6512898186
18.42;0.1837724145;-0.0937566349;0.3976281004;-0.6400482250
18.43;0.1876466060;-0.1000979672;0.3771353633;-0.6281020317
18.44;0.1913136628;-0.1063163762;0.3562049854;-0.6154660871
18.45;0.1947693242;-0.1124050416;0.3348601914;-0.6021559999
18.46;0.1980095640;-0.1183573033;0.3131246472;-0.5881881162
18.47;0.2010305948;-0.1241666680;0.2910224342;-0.5735794967
18.48;0.2038288719;-0.1298268164;0.2685780230;-0.5583478919
18.49;0.2064010973;-0.1353316104;0.2458162472;-0.5425117178
18.50;0.2087442228;-0.1406750989;0.2227622774;-0.5260900305
18.51;0.2108554537;-0.1458515247;0.1994415946;-0.5091025003
18.52;0.2127322515;-0.1508553301;0.1758799645;-0.4915693856
18.53;0.2143723365;-0.1556811630;0.1521034110;-0.4735115064
18.54;0.2157736907;-0.1603238821;0.1281381901;-0.4549502172
18.55;0.2169345596;-0.1647785621;0.1040107637;-0.4359073802
18.56;0.2178534541;-0.1690404989;0.0797477735;-0.4164053375
18.57;0.2185291524;-0.1731052140;0.0553760148;-0.3964668839
18.58;0.2189607015;-0.1769684591;0.0309224103;-0.3761152395
18.59;0.2191474179;-0.1806262201;0.0064139842;-0.3553740215
18.60;0.2190888888;-0.1840747208;-0.0181221645;-0.3342672171
18.61;0.2187849727;-0.1873104268;-0.0426588877;-0.3128191554
18.62;0.2182357997;-0.1903300485;-0.0671690149;-0.2910544801
18.63;0.2174417716;-0.1931305441;-0.0916253793;-0.2689981215
18.64;0.2164035618;-0.1957091225;-0.1160008441;-0.2466752696
18.65;0.2151221147;-0.1980632458;-0.1402683294;-0.2241113462
18.66;0.2135986451;-0.2001906312;-0.1644008384;-0.2013319779
18.67;0.2118346375;-0.2020892532;-0.1883714844;-0.1783629691
18.68;0.2098318442;-0.2037573450;-0.2121535173;-0.1552302746
18.69;0.2075922845;-0.2051934000;-0.2357203511;-0.1319599730
18.70;0.2051182425;-0.2063961730;-0.2590455901;-0.1085782403
18.71;0.2024122653;-0.2073646808;-0.2821030570;-0.0851113228
18.72;0.1994771605;-0.2080982031;-0.3048668196;-0.0615855107
18.73;0.1963159936;-0.2085962824;-0.3273112184;-0.0380271125
18.74;0.1929320853;-0.2088587244;-0.3494108942;-0.0144624279
18.75;0.1893290083;-0.2088855976;-0.3711408157;0.0090822774
18.76;0.1855105839;-0.2086772328;-0.3924763071;0.0325807981
18.77;0.1814808780;-0.2082342226;-0.4133930760;0.0560070153
18.78;0.1772441978;-0.2075574202;-0.4338672410;0.0793349215
18.79;0.1728050868;-0.2066479382;-0.4538753596;0.1025386469
18.80;0.1681683208;-0.2055071470;-0.4733944557;0.1255924847
18.81;0.1633389029;-0.2041366732;-0.4924020476;0.1484709167
18.82;0.1583220582;-0.2025383977;-0.5108761751;0.1711486383
18.83;0.1531232291;-0.2007144531;-0.5287954270;0.1936005844
18.84;0.1477480689;-0.1986672214;-0.5461389684;0.2158019543
18.85;0.1422024364;-0.1963993311;-0.5628865670;0.2377282373
18.86;0.1364923896;-0.1939136543;-0.5790186201;0.2593552371
18.87;0.1306241792;-0.1912133036;-0.5945161804;0.2806590978
18.88;0.1246042420;-0.1883016279;-0.6093609815;0.3016163280
18.89;0.1184391941;-0.1851822096;-0.6235354630;0.3222038263
18.90;0.1121358235;-0.1818588596;-0.6370227952;0.3423989057
18.91;0.1057010825;-0.1783356138;-0.6498069025;0.3621793185
18.92;0.0991420807;-0.1746167282;-0.6618724866;0.3815232803
18.93;0.0924660764;-0.1707066742;-0.6732050484;0.4004094947
18.94;0.0856804690;-0.1666101336;-0.6837909099;0.4188171771
18.95;0.0787927903;-0.1623319934;-0.6936172339;0.4367260787
18.96;0.0718106963;-0.1578773404;-0.7026720434;0.4541165098
18.97;0.0647419583;-0.1532514553;-0.7109442403;0.4709693629
18.98;0.0575944544;-0.1484598069;-0.7184236217;0.4872661359
18.99;0.0503761598;-0.1435080459;-0.7251008961;0.5029889539
19.00;0.0430951383;-0.1384019986;-0.7309676980;0.5181205919
19.01;0.0357595325;-0.1331476601;-0.7360166010;0.5326444952
19.02;0.0283775545;-0.1277511876;-0.7402411291;0.5465448013
19.03;0.0209574765;-0.1222188934;-0.7436357679;0.5598063592
19.04;0.0135076208;-0.1165572378;-0.7461959730;0.5724147495
19.05;0.0060363506;-0.1107728214;-0.7479181772;0.5843563031
19.06;-0.0014479405;-0.1048723778;-0.7487997967;0.5956181191
19.07;-0.0089368378;-0.0988627654;-0.7488392352;0.6061880819
19.08;-0.0164219156;-0.0927509602;-0.7480358869;0.6160548778
19.09;-0.0238947473;-0.0865440470;-0.7463901371;0.6252080101
19.10;-0.0313469147;-0.0802492114;-0.7439033621;0.6336378135
19.11;-0.0387700187;-0.0738737315;-0.7405779273;0.6413354672
19.12;-0.0461556886;-0.0674249693;-0.7364171832;0.6482930074
19.13;-0.0534955922;-0.0609103622;-0.7314254608;0.6545033381
19.14;-0.0607814453;-0.0543374142;-0.7256080642;0.6599602408
19.15;-0.0680050218;-0.0477136869;-0.7189712633;0.6646583837
19.16;-0.0751581631;-0.0410467908;-0.7115222834;0.6685933282
19.17;-0.0822327872;-0.0343443763;-0.7032692950;0.6717615357
19.18;-0.0892208990;-0.0276141249;-0.6942214004;0.6741603718
19.19;-0.0961145987;-0.0208637395;-0.6843886209;0.6757881099
19.20;-0.1029060913;-0.0141009360;-0.6737818812;0.6766439334
19.21;-0.1095876956;-0.0073334338;-0.6624129936;0.6767279360
19.22;-0.1161518527;-0.0005689469;-0.6502946405;0.6760411212
19.23;-0.1225911351;0.0061848254;-0.6374403559;0.6745854003
19.24;-0.1288982544;0.0129202072;-0.6238645063;0.6723635884
19.25;-0.1350660703;0.0196295556;-0.6095822699;0.6693794002
19.26;-0.1410875982;0.0263052691;-0.5946096158;0.6656374434
19.27;-0.1469560168;0.0329397967;-0.5789632818;0.6611432112
19.28;-0.1526646763;0.0395256467;-0.5626607516;0.6559030736
19.29;-0.1582071050;0.0460553957;-0.5457202315;0.6499242670
19.30;-0.1635770171;0.0525216966;-0.5281606262;0.6432148831
19.31;-0.1687683190;0.0589172876;-0.5100015147;0.6357838561
19.32;-0.1737751163;0.0652350005;-0.4912631247;0.6276409490
19.33;-0.1785917199;0.0714677687;-0.4719663078;0.6187967385
19.34;-0.1832126524;0.0776086353;-0.4521325133;0.6092625995
19.35;-0.1876326535;0.0836507612;-0.4317837625;0.5990506874
19.36;-0.1918466862;0.0895874327;-0.4109426225;0.5881739207
19.37;-0.1958499415;0.0954120688;-0.3896321794;0.5766459618
19.38;-0.1996378439;0.1011182290;-0.3678760121;0.5644811972
19.39;-0.2032060560;0.1066996202;-0.3456981655;0.5516947168
19.40;-0.2065504831;0.1121501034;-0.3231231239;0.5383022931
19.41;-0.2096672773;0.1174637008;-0.3001757840;0.5243203585
19.42;-0.2125528419;0.1226346022;-0.2768814283;0.5097659828
19.43;-0.2152038346;0.1276571711;-0.2532656983;0.4946568502
19.44;-0.2176171711;0.1325259508;-0.2293545678;0.4790112354
19.45;-0.2197900288;0.1372356702;-0.2051743161;0.4628479793
19.46;-0.2217198488;0.1417812494;-0.1807515014;0.4461864643
19.47;-0.2234043395;0.1461578048;-0.1561129345;0.4290465895
19.48;-0.2248414784;0.1503606545;-0.1312856517;0.4114487454
19.49;-0.2260295143;0.1543853225;-0.1062968889;0.3934137881
19.50;-0.2269669692;0.1582275440;-0.0811740548;0.3749630138
19.51;-0.2276526403;0.1618832690;-0.0559447044;0.3561181325
19.52;-0.2280856005;0.1653486666;-0.0306365131;0.3369012425
19.53;-0.2282652003;0.1686201286;-0.0052772498;0.3173348036
19.54;-0.2281910680;0.1716942734;0.0201052490;0.2974416113
19.55;-0.2278631107;0.1745679486;0.0454831061;0.2772447704
19.56;-0.2272815143;0.1772382345;0.0708284297;0.2567676688
19.57;-0.2264467435;0.1797024465;0.0961133400;0.2360339510
19.58;-0.2253595417;0.1819581376;0.1213099956;0.2150674921
19.59;-0.2240209304;0.1840031007;0.1463906206;0.1938923717
19.60;-0.2224322084;0.1858353703;0.1713275309;0.1725328478
19.61;-0.2205949508;0.1874532243;0.1960931615;0.1510133306
19.62;-0.2185110075;0.1888551854;0.2206600929;0.1293583566
19.63;-0.2161825021;0.1900400221;0.2450010792;0.1075925631
19.64;-0.2136118293;0.1910067496;0.2690890744;0.0857406623
19.65;-0.2108016534;0.1917546308;0.2928972607;0.0638274153
19.66;-0.2077549054;0.1922831761;0.3163990755;0.0418776075
19.67;-0.2044747808;0.1925921437;0.3395682395;0.0199160223
19.68;-0.2009647361;0.1926815398;0.3623787844;-0.0020325837
19.69;-0.1972284861;0.1925516177;0.3848050812;-0.0239435060
19.70;-0.1932699997;0.1922028774;0.4068218678;-0.0457921173
19.71;-0.1890934967;0.1916360648;0.4284042778;-0.0675538924
19.72;-0.1847034436;0.1908521704;0.4495278683;-0.0892044332
19.73;-0.1801045489;0.1898524278;0.4701686484;-0.1107194935
19.74;-0.1753017585;0.1886383124;0.4903031074;-0.1320750035
19.75;-0.1703002513;0.1872115392;0.5099082432;-0.1532470946
19.76;-0.1651054331;0.1855740608;0.5289615899;-0.1742121237
19.77;-0.1597229320;0.1837280650;0.5474412464;-0.1949466979
19.78;-0.1541585917;0.1816759721;0.5653259037;-0.2154276985
19.79;-0.1484184664;0.1794204324;0.5825948727;-0.2356323053
19.80;-0.1425088135;0.1769643224;0.5992281110;-0.2555380204
19.81;-0.1364360880;0.1743107422;0.6152062500;-0.2751226927
19.82;-0.1302069346;0.1714630114;0.6305106211;-0.2943645409
19.83;-0.1238281815;0.1684246656;0.6451232812;-0.3132421779
19.84;-0.1173068322;0.1651994519;0.6590270383;-0.3317346333
19.85;-0.1106500587;0.1617913254;0.6722054755;-0.3498213774
19.86;-0.1038651928;0.1582044438;0.6846429751;-0.3674823437
19.87;-0.0969597185;0.1544431632;0.6963247412;-0.3846979517
19.88;-0.0899412638;0.1505120330;0.7072368217;-0.4014491294
19.89;-0.0828175916;0.1464157907;0.7173661293;-0.4177173353
19.90;-0.0755965914;0.1421593563;0.7267004611;-0.4334845798
19.91;-0.0682862702;0.1377478272;0.7352285180;-0.4487334472
19.92;-0.0608947434;0.1331864715;0.7429399214;-0.4634471160
19.93;-0.0534302257;0.1284807230;0.7498252300;-0.4776093793
19.94;-0.0459010210;0.1236361741;0.7558759548;-0.4912046649
19.95;-0.0383155139;0.1186585696;0.7610845721;-0.5042180546
19.96;-0.0306821587;0.1135538003;0.7654445359;-0.5166353025
19.97;-0.0230094708;0.1083278960;0.7689502888;-0.5284428536
19.98;-0.0153060158;0.1029870186;0.7715972703;-0.5396278603
19.99;-0.0075804001;0.0975374546;0.7733819248;-0.5501781999
20.00;0.0001587395;0.0919856083;0.7743017076;-0.5600824893
20.01;0.0079027458;0.0863379939;0.7743550884;-0.5693301007
20.02;0.0156429513;0.0806012283;0.7735415547;-0.5779111752
20.03;0.0233706886;0.0747820227;0.7718616123;-0.5858166360
20.04;0.0310773003;0.0688871754;0.7693167847;-0.5930382003
20.05;0.0387541495;0.0629235635;0.7659096105;-0.5995683904
20.06;0.0463926296;0.0568981346;0.7616436400;-0.6054005437
20.07;0.0539841746;0.0508178991;0.7565234288;-0.6105288216
20.08;0.0615202690;0.0446899214;0.7505545314;-0.6149482172
20.09;0.0689924578;0.0385213118;0.7437434916;-0.6186545621
20.10;0.0763923565;0.0323192183;0.7360978329;-0.6216445313
20.11;0.0837116604;0.0260908176;0.7276260466;-0.6239156479
20.12;0.0909421549;0.0198433072;0.7183375782;-0.6254662861
20.13;0.0980757241;0.0135838963;0.7082428135;-0.6262956724
20.14;0.1051043609;0.0073197979;0.6973530622;-0.6264038867
20.15;0.1120201759;0.0010582196;0.6856805413;-0.6257918612
20.16;0.1188154060;-0.0051936443;0.6732383562;-0.6244613786
20.17;0.1254824238;-0.0114286217;0.6600404822;-0.6224150686
20.18;0.1320137458;-0.0176395709;0.6461017433;-0.6196564035
20.19;0.1384020410;-0.0238193893;0.6314377914;-0.6161896927
20.20;0.1446401389;-0.0299610215;0.6160650836;-0.6120200753
20.21;0.1507210374;-0.0360574675;0.6000008596;-0.6071535123
20.22;0.1566379108;-0.0421017910;0.5832631178;-0.6015967772
20.23;0.1623841170;-0.0480871275;0.5658705907;-0.5953574456
20.24;0.1679532046;-0.0540066922;0.5478427201;-0.5884438834
20.25;0.1733389205;-0.0598537880;0.5291996317;-0.5808652346
20.26;0.1785352156;-0.0656218128;0.5099621087;-0.5726314070
20.27;0.1835362524;-0.0713042675;0.4901515660;-0.5637530581
20.28;0.1883364101;-0.0768947633;0.4697900233;-0.5542415793
20.29;0.1929302914;-0.0823870288;0.4489000783;-0.5441090792
20.30;0.1973127274;-0.0877749173;0.4275048795;-0.5333683664
20.31;0.2014787835;-0.0930524136;0.4056280993;-0.5220329309
20.32;0.2054237645;-0.0982136405;0.3832939063;-0.5101169259
20.33;0.2091432189;-0.1032528660;0.3605269381;-0.4976351472
20.34;0.2126329441;-0.1081645088;0.3373522739;-0.4846030135
20.35;0.2158889903;-0.1129431450;0.3137954073;-0.4710365450
20.36;0.2189076644;-0.1175835137;0.2898822185;-0.4569523421
20.37;0.2216855343;-0.1220805231;0.2656389476;-0.4423675634
20.38;0.2242194316;-0.1264292553;0.2410921667;-0.4272999029
20.39;0.2265064554;-0.1306249721;0.2162687535;-0.4117675673
20.40;0.2285439750;-0.1346631199;0.1911958637;-0.3957892524
20.41;0.2303296324;-0.1385393343;0.1659009044;-0.3793841200
20.42;0.2318613449;-0.1422494448;0.1404115070;-0.3625717732
20.43;0.2331373071;-0.1457894790;0.1147555006;-0.3453722330
20.44;0.2341559928;-0.1491556667;0.0889608855;-0.3278059133
20.45;0.2349161566;-0.1523444438;0.0630558062;-0.3098935966
20.46;0.2354168349;-0.1553524557;0.0370685251;-0.2916564095
20.47;0.2356573476;-0.1581765605;0.0110273959;-0.2731157974
20.48;0.2356372981;-0.1608138326;-0.0150391629;-0.2542934999
20.49;0.2353565744;-0.1632615648;-0.0411026944;-0.2352115260
20.50;0.2348153492;-0.1655172716;-0.0671347300;-0.2158921288
20.51;0.2340140796;-0.1675786909;-0.0931068157;-0.1963577808
20.52;0.2329535074;-0.1694437862;-0.1189905392;-0.1766311484
20.53;0.2316346579;-0.1711107490;-0.1447575561;-0.1567350678
20.54;0.2300588395;-0.1725779993;-0.1703796171;-0.1366925192
20.55;0.2282276425;-0.1738441881;-0.1958285948;-0.1165266025
20.56;0.2261429379;-0.1749081974;-0.2210765108;-0.0962605121
20.57;0.2238068752;-0.1757691419;-0.2460955630;-0.0759175125
20.58;0.2212218815;-0.1764263690;-0.2708581530;-0.0555209135
20.59;0.2183906584;-0.1768794593;-0.2953369135;-0.0350940452
20.60;0.2153161798;-0.1771282268;-0.3195047364;-0.0146602341
20.61;0.2120016896;-0.1771727185;-0.3433348004;0.0057572216
20.62;0.2084506981;-0.1770132144;-0.3668005992;0.0261350765
20.63;0.2046669791;-0.1766502262;-0.3898759695;0.0464501619
20.64;0.2006545662;-0.1760844973;-0.4125351200;0.0666794105
20.65;0.1964177489;-0.1753170007;-0.4347526590;0.0867998796
20.66;0.1919610684;-0.1743489383;-0.4565036236;0.1067887760
20.67;0.1872893135;-0.1731817392;-0.4777635082;0.1266234791
20.68;0.1824075154;-0.1718170575;-0.4985082930;0.1462815651
20.69;0.1773209431;-0.1702567707;-0.5187144725;0.1657408302
20.70;0.1720350980;-0.1685029769;-0.5383590847;0.1849793145
20.71;0.1665557081;-0.1665579927;-0.5574197387;0.2039753251
20.72;0.1608887226;-0.1644243501;-0.5758746434;0.2227074592
20.73;0.1550403052;-0.1621047935;-0.5937026357;0.2411546275
20.74;0.1490168281;-0.1596022767;-0.6108832076;0.2592960766
20.75;0.1428248654;-0.1569199591;-0.6273965344;0.2771114121
20.76;0.1364711855;-0.1540612023;-0.6432235008;0.2945806207
20.77;0.1299627447;-0.1510295660;-0.6583457278;0.3116840927
20.78;0.1233066790;-0.1478288037;-0.6727455981;0.3284026438
20.79;0.1165102969;-0.1444628587;-0.6864062818;0.3447175370
20.80;0.1095810710;-0.1409358595;-0.6993117601;0.3606105036
20.81;0.1025266299;-0.1372521145;-0.7114468492;0.3760637648
20.82;0.0953547499;-0.1334161076;-0.7227972229;0.3910600520
20.83;0.0880733462;-0.1294324926;-0.7333494340;0.4055826271
20.84;0.0806904639;-0.1253060882;-0.7430909351;0.4196153027
20.85;0.0732142689;-0.1210418718;-0.7520100979;0.4331424610
20.86;0.0656530389;-0.1166449743;-0.7600962311;0.4461490730
20.87;0.0580151538;-0.1121206738;-0.7673395977;0.4586207170
20.88;0.0503090857;-0.1074743894;-0.7737314301;0.4705435958
20.89;0.0425433898;-0.1027116751;-0.7792639443;0.4819045544
20.90;0.0347266941;-0.0978382132;-0.7839303526;0.4926910960
20.91;0.0268676893;-0.0928598075;-0.7877248746;0.5028913983
20.92;0.0189751191;-0.0877823766;-0.7906427464;0.5124943280
20.93;0.0110577693;-0.0826119471;-0.7926802287;0.5214894551
20.94;0.0031244584;-0.0773546461;-0.7938346132;0.5298670666
20.95;-0.0048159734;-0.0720166943;-0.7941042265;0.5376181788
20.96;-0.0127546745;-0.0666043986;-0.7934884333;0.5447345490
20.97;-0.0206827918;-0.0611241443;-0.7919876375;0.5512086862
20.98;-0.0285914817;-0.0555823883;-0.7896032816;0.5570338608
20.99;-0.0364719202;-0.0499856504;-0.7863378442;0.5622041133
21.00;-0.0443153131;-0.0443405066;-0.7821948360;0.5667142622
21.01;-0.0521129065;-0.0386535804;-0.7771787944;0.5705599104
21.02;-0.0598559971;-0.0329315356;-0.7712952758;0.5737374509
21.03;-0.0675359421;-0.0271810680;-0.7645508468;0.5762440713
21.04;-0.0751441693;-0.0214088975;-0.7569530737;0.5780777571
21.05;-0.0826721873;-0.0156217602;-0.7485105104;0.5792372939
21.06;-0.0901115950;-0.0098264004;-0.7392326849;0.5797222684
21.07;-0.0974540915;-0.0040295623;-0.7291300842;0.5795330689
21.08;-0.1046914853;0.0017620175;-0.7182141383;0.5786708833
21.09;-0.1118157040;0.0075416185;-0.7064972023;0.5771376973
21.10;-0.1188188034;0.0133025438;-0.6939925377;0.5749362906
21.11;-0.1256929760;0.0190381285;-0.6807142926;0.5720702327
21.12;-0.1324305604;0.0247417473;-0.6666774804;0.5685438768
21.13;-0.1390240496;0.0304068220;-0.6518979582;0.5643623528
21.14;-0.1454660992;0.0360268299;-0.6363924035;0.5595315600
21.15;-0.1517495356;0.0415953109;-0.6201782907;0.5540581575
21.16;-0.1578673638;0.0471058755;-0.6032738668;0.5479495545
21.17;-0.1638127750;0.0525522116;-0.5856981257;0.5412138990
21.18;-0.1695791541;0.0579280927;-0.5674707832;0.5338600661
21.19;-0.1751600865;0.0632273841;-0.5486122503;0.5258976448
21.20;-0.1805493652;0.0684440510;-0.5291436066;0.5173369241
21.21;-0.1857409972;0.0735721647;-0.5090865735;0.5081888784
21.22;-0.1907292097;0.0786059095;-0.4884634865;0.4984651518
21.23;-0.1955084563;0.0835395896;-0.4672972681;0.4881780419
21.24;-0.2000734227;0.0883676353;-0.4456113996;0.4773404824
21.25;-0.2044190320;0.0930846094;-0.4234298937;0.4659660253
21.26;-0.2085404500;0.0976852132;-0.4007772660;0.4540688227
21.27;-0.2124330901;0.1021642923;-0.3776785076;0.4416636075
21.28;-0.2160926178;0.1065168428;-0.3541590567;0.4287656733
21.29;-0.2195149550;0.1107380160;-0.3302447712;0.4153908550
21.30;-0.2226962845;0.1148231246;-0.3059619001;0.4015555074
21.31;-0.2256330530;0.1187676471;-0.2813370566;0.3872764843
21.32;-0.2283219754;0.1225672330;-0.2563971897;0.3725711166
21.33;-0.2307600375;0.1262177075;-0.2311695574;0.3574571911
21.34;-0.2329444991;0.1297150756;-0.2056816988;0.3419529273
21.35;-0.2348728966;0.1330555269;-0.1799614068;0.3260769554
21.36;-0.2365430458;0.1362354390;-0.1540367016;0.3098482934
21.37;-0.2379530433;0.1392513816;-0.1279358032;0.2932863239
21.38;-0.2391012691;0.1421001201;-0.1016871044;0.2764107709
21.39;-0.2399863878;0.1447786185;-0.0753191445;0.2592416764
21.40;-0.2406073500;0.1472840429;-0.0488605824;0.2417993770
21.41;-0.2409633932;0.1496137640;-0.0223401699;0.2241044799
21.42;-0.2410540432;0.1517653599;0.0042132749;0.2061778396
21.43;-0.2408791138;0.1537366185;0.0307708940;0.1880405338
21.44;-0.2404387077;0.1555255392;0.0573038160;0.1697138397
21.45;-0.2397332160;0.1571303354;0.0837831828;0.1512192098
21.46;-0.2387633186;0.1585494356;0.1101801765;0.1325782487
21.47;-0.2375299829;0.1597814851;0.1364660455;0.1138126885
21.48;-0.2360344637;0.1608253468;0.1626121317;0.0949443653
21.49;-0.2342783014;0.1616801028;0.1885898973;0.0759951955
21.50;-0.2322633215;0.1623450545;0.2143709520;0.0569871517
21.51;-0.2299916322;0.1628197230;0.2399270798;0.0379422390
21.52;-0.2274656231;0.1631038497;0.2652302669;0.0188824717
21.53;-0.2246879627;0.1631973962;0.2902527287;-0.0001701509
21.54;-0.2216615961;0.1631005438;0.3149669379;-0.0191936676
21.55;-0.2183897423;0.1628136929;0.3393456522;-0.0381661790
21.56;-0.2148758912;0.1623374629;0.3633619425;-0.0570658706
21.57;-0.2111238003;0.1616726906;0.3869892209;-0.0758710366
21.58;-0.2071374910;0.1608204292;0.4102012696;-0.0945601026
21.59;-0.2029212452;0.1597819470;0.4329722688;-0.1131116489
21.60;-0.1984796006;0.1585587255;0.4552768257;-0.1315044333
21.61;-0.1938173467;0.1571524578;0.4770900035;-0.1497174144
21.62;-0.1889395201;0.1555650460;0.4983873497;-0.1677297737
21.63;-0.1838513991;0.1537985997;0.5191449250;-0.1855209384
21.64;-0.1785584990;0.1518554324;0.5393393325;-0.2030706042
21.65;-0.1730665660;0.1497380594;0.5589477459;-0.2203587568
21.66;-0.1673815717;0.1474491947;0.5779479383;-0.2373656945
21.67;-0.1615097068;0.1449917475;0.5963183103;-0.2540720498
21.68;-0.1554573748;0.1423688191;0.6140379186;-0.2704588110
21.69;-0.1492311854;0.1395836989;0.6310865031;-0.2865073437
21.70;-0.1428379469;0.1366398606;0.6474445146;-0.3021994118
21.71;-0.1362846599;0.1335409583;0.6630931416;-0.3175171982
21.72;-0.1295785091;0.1302908223;0.6780143364;-0.3324433255
21.73;-0.1227268557;0.1268934539;0.6921908412;-0.3469608761
21.74;-0.1157372296;0.1233530216;0.7056062123;-0.3610534118
21.75;-0.1086173208;0.1196738556;0.7182448449;-0.3747049935
21.76;-0.1013749712;0.1158604431;0.7300919955;-0.3879001995
21.77;-0.0940181656;0.1119174227;0.7411338051;-0.4006241449
21.78;-0.0865550230;0.1078495790;0.7513573195;-0.4128624988
21.79;-0.0789937872;0.1036618374;0.7607505097;-0.4246015020
21.80;-0.0713428178;0.0993592576;0.7693022906;-0.4358279839
21.81;-0.0636105801;0.0949470281;0.7770025386;-0.4465293787
21.82;-0.0558056362;0.0904304603;0.7838421073;-0.4566937412
21.83;-0.0479366344;0.0858149813;0.7898128431;-0.4663097614
21.84;-0.0400122995;0.0811061286;0.7949075973;-0.4753667790
21.85;-0.0320414231;0.0763095426;0.7991202387;-0.4838547970
21.86;-0.0240328524;0.0714309605;0.8024456628;-0.4917644941
21.87;-0.0159954810;0.0664762094;0.8048798010;-0.4990872365
21.88;-0.0079382377;0.0614511990;0.8064196269;-0.5058150895
21.89;0.0001299236;0.0563619149;0.8070631613;-0.5119408273
21.90;0.0082000345;0.0512144114;0.8068094757;-0.5174579420
21.91;0.0162631225;0.0460148042;0.8056586935;-0.5223606527
21.92;0.0243102216;0.0407692634;0.8036119904;-0.5266439120
21.93;0.0323323830;0.0354840054;0.8006715918;-0.5303034130
21.94;0.0403206851;0.0301652864;0.7968407696;-0.5333355945
21.95;0.0482662444;0.0248193942;0.7921238364;-0.5357376452
21.96;0.0561602257;0.0194526410;0.7865261387;-0.5375075074
21.97;0.0639938523;0.0140713559;0.7800540480;-0.5386438789
21.98;0.0717584163;0.0086818771;0.7727149505;-0.5391462145
21.99;0.0794452890;0.0032905445;0.7645172350;-0.5390147262
22.00;0.0870459300;-0.0020963077;0.7554702795;-0.5382503820
22.01;0.0945518980;-0.0074723591;0.7455844363;-0.5368549045
22.02;0.1019548599;-0.0128313101;0.7348710154;-0.5348307672
22.03;0.1092466003;-0.0181668895;0.7233422674;-0.5321811911
22.04;0.1164190311;-0.0234728621;0.7110113637;-0.5289101392
22.05;0.1234642004;-0.0287430361;0.6978923771;-0.5250223105
22.06;0.1303743013;-0.0339712703;0.6840002603;-0.5205231329
22.07;0.1371416809;-0.0391514813;0.6693508236;-0.5154187551
22.08;0.1437588486;-0.0442776507;0.6539607117;-0.5097160373
22.09;0.1502184842;-0.0493438326;0.6378473800;-0.5034225413
22.10;0.1565134461;-0.0543441596;0.6210290691;-0.4965465199
22.11;0.1626367788;-0.0592728508;0.6035247799;-0.4890969042
22.12;0.1685817207;-0.0641242175;0.5853542473;-0.4810832916
22.13;0.1743417109;-0.0688926706;0.5665379135;-0.4725159322
22.14;0.1799103965;-0.0735727265;0.5470969007;-0.4634057141
22.15;0.1852816390;-0.0781590136;0.5270529841;-0.4537641486
22.16;0.1904495210;-0.0826462785;0.5064285638;-0.4436033543
22.17;0.1954083518;-0.0870293921;0.4852466366;-0.4329360406
22.18;0.2001526737;-0.0913033551;0.4635307683;-0.4217754906
22.19;0.2046772675;-0.0954633038;0.4413050650;-0.4101355433
22.20;0.2089771575;-0.0995045157;0.4185941447;-0.3980305755
22.21;0.2130476166;-0.1034224147;0.3954231091;-0.3854754826
22.22;0.2168841710;-0.1072125761;0.3718175151;-0.3724856594
22.23;0.2204826048;-0.1108707316;0.3478033466;-0.3590769806
22.24;0.2238389639;-0.1143927739;0.3234069861;-0.3452657799
22.25;0.2269495597;-0.1177747612;0.2986551865;-0.3310688303
22.26;0.2298109730;-0.1210129218;0.2735750434;-0.3165033225
22.27;0.2324200573;-0.1241036577;0.2481939672;-0.3015868437
22.28;0.2347739415;-0.1270435486;0.2225396553;-0.2863373564
22.29;0.2368700328;-0.1298293557;0.1966400646;-0.2707731765
22.30;0.2387060191;-0.1324580252;0.1705233844;-0.2549129508
22.31;0.2402798714;-0.1349266910;0.1442180087;-0.2387756357
22.32;0.2415898455;-0.1372326783;0.1177525097;-0.2223804741
22.33;0.2426344836;-0.1393735060;0.0911556108;-0.2057469730
22.34;0.2434126158;-0.1413468891;0.0644561594;-0.1888948811
22.35;0.2439233614;-0.1431507415;0.0376831006;-0.1718441661
22.36;0.2441661292;-0.1447831775;0.0108654507;-0.1546149915
22.37;0.2441406186;-0.1462425142;-0.0159677300;-0.1372276942
22.38;0.2438468197;-0.1475272726;-0.0427873631;-0.1197027612
22.39;0.2432850134;-0.1486361793;-0.0695643786;-0.1020608068
22.40;0.2424557710;-0.1495681677;-0.0962697422;-0.0843225499
22.41;0.2413599540;-0.1503223786;-0.1228744811;-0.0665087906
22.42;0.2399987131;-0.1508981613;-0.1493497111;-0.0486403876
22.43;0.2383734874;-0.1512950738;-0.1756666630;-0.0307382349
22.44;0.2364860029;-0.1515128832;-0.2017967103;-0.0128232396
22.45;0.2343382711;-0.1515515655;-0.2277113951;0.0050837017
22.46;0.2319325872;-0.1514113056;-0.2533824564;0.0229617254
22.47;0.2292715276;-0.1510924968;-0.2787818566;0.0407900233
22.48;0.2263579483;-0.1505957400;-0.3038818095;0.0585478658
22.49;0.2231949814;-0.1499218431;-0.3286548079;0.0762146241
22.50;0.2197860327;-0.1490718195;-0.3530736515;0.0937697928
22.51;0.2161347785;-0.1480468871;-0.3771114749;0.1111930123
22.52;0.2122451617;-0.1468484665;-0.4007417760;0.1284640910
22.53;0.2081213885;-0.1454781791;-0.4239384442;0.1455630276
22.54;0.2037679241;-0.1439378457;-0.4466757892;0.1624700327
22.55;0.1991894881;-0.1422294835;-0.4689285693;0.1791655513
22.56;0.1943910506;-0.1403553041;-0.4906720202;0.1956302838
22.57;0.1893778265;-0.1383177106;-0.5118818841;0.2118452080
22.58;0.1841552708;-0.1361192951;-0.5325344380;0.2277916002
22.59;0.1787290728;-0.1337628352;-0.5526065223;0.2434510564
22.60;0.1731051506;-0.1312512907;-0.5720755701;0.2588055131
22.61;0.1672896448;-0.1285878007;-0.5909196347;0.2738372677
22.62;0.1612889124;-0.1257756789;-0.6091174183;0.2885289994
22.63;0.1551095197;-0.1228184106;-0.6266482998;0.3028637886
22.64;0.1487582360;-0.1197196481;-0.6434923624;0.3168251370
22.65;0.1422420260;-0.1164832063;-0.6596304202;0.3303969868
22.66;0.1355680426;-0.1131130588;-0.6750440453;0.3435637396
22.67;0.1287436189;-0.1096133324;-0.6897155935;0.3563102752
22.68;0.1217762606;-0.1059883029;-0.7036282292;0.3686219695
22.69;0.1146736376;-0.1022423897;-0.7167659505;0.3804847123
22.70;0.1074435754;-0.0983801506;-0.7291136123;0.3918849242
22.71;0.1000940467;-0.0944062765;-0.7406569491;0.4028095738
22.72;0.0926331623;-0.0903255860;-0.7513825967;0.4132461929
22.73;0.0850691621;-0.0861430192;-0.7612781125;0.4231828927
22.74;0.0774104058;-0.0818636324;-0.7703319953;0.4326083785
22.75;0.0696653631;-0.0774925915;-0.7785337028;0.4415119634
22.76;0.0618426044;-0.0730351665;-0.7858736686;0.4498835823
22.77;0.0539507910;-0.0684967247;-0.7923433174;0.4577138046
22.78;0.0459986647;-0.0638827245;-0.7979350790;0.4649938458
22.79;0.0379950379;-0.0591987090;-0.8026424005;0.4717155793
22.80;0.0299487835;-0.0544502990;-0.8064597570;0.4778715463
22.81;0.0218688245;-0.0496431867;-0.8093826606;0.4834549655
22.82;0.0137641235;-0.0447831287;-0.8114076678;0.4884597420
22.83;0.0056436724;-0.0398759389;-0.8125323854;0.4928804749
22.84;-0.0024835185;-0.0349274819;-0.8127554743;0.4967124642
22.85;-0.0106084304;-0.0299436656;-0.8120766516;0.4999517168
22.86;-0.0187220474;-0.0249304345;-0.8104966911;0.5025949515
22.87;-0.0268153663;-0.0198937621;-0.8080174221;0.5046396032
22.88;-0.0348794075;-0.0148396440;-0.8046417261;0.5060838254
22.89;-0.0429052255;-0.0097740909;-0.8003735323;0.5069264932
22.90;-0.0508839194;-0.0047031209;-0.7952178106;0.5071672036
22.91;-0.0588066430;0.0003672475;-0.7891805636;0.5068062758
22.92;-0.0666646154;0.0054310024;-0.7822688168;0.5058447506
22.93;-0.0744491309;0.0104821462;-0.7744906070;0.5042843880
22.94;-0.0821515692;0.0155147021;-0.7658549691;0.5021276648
22.95;-0.0897634053;0.0205227220;-0.7563719217;0.4993777701
22.96;-0.0972762193;0.0255002931;-0.7460524509;0.4960386012
22.97;-0.1046817058;0.0304415450;-0.7349084932;0.4921147569
22.98;-0.1119716835;0.0353406568;-0.7229529165;0.4876115315
22.99;-0.1191381044;0.0401918641;-0.7101995005;0.4825349067
23.00;-0.1261730627;0.0449894656;-0.6966629154;0.4768915428
23.01;-0.1330688037;0.0497278300;-0.6823586996;0.4706887695
23.02;-0.1398177323;0.0544014027;-0.6673032373;0.4639345755
23.03;-0.1464124214;0.0590047121;-0.6515137338;0.4566375970
23.04;-0.1528456200;0.0635323761;-0.6350081908;0.4488071061
23.05;-0.1591102608;0.0679791086;-0.6178053812;0.4404529974
23.06;-0.1651994682;0.0723397255;-0.5999248227;0.4315857750
23.07;-0.1711065653;0.0766091506;-0.5813867509;0.4222165378
23.08;-0.1768250811;0.0807824217;-0.5622120925;0.4123569648
23.09;-0.1823487570;0.0848546961;-0.5424224370;0.4020192991
23.10;-0.1876715537;0.0888212565;-0.5220400096;0.3912163322
23.11;-0.1927876572;0.0926775160;-0.5010876423;0.3799613866
23.12;-0.1976914847;0.0964190236;-0.4795887455;0.3682682988
23.13;-0.2023776901;0.1000414691;-0.4575672800;0.3561514014
23.14;-0.2068411698;0.1035406882;-0.4350477279;0.3436255042
23.15;-0.2110770675;0.1069126667;-0.4120550639;0.3307058762
23.16;-0.2150807787;0.1101535455;-0.3886147270;0.3174082255
23.17;-0.2188479559;0.1132596247;-0.3647525917;0.3037486805
23.18;-0.2223745121;0.1162273678;-0.3404949396;0.2897437692
23.19;-0.2256566250;0.1190534052;-0.3158684309;0.2754103994
23.20;-0.2286907411;0.1217345384;-0.2909000763;0.2607658379
23.21;-0.2314735781;0.1242677432;-0.2656172091;0.2458276897
23.22;-0.2340021289;0.1266501732;-0.2400474569;0.2306138770
23.23;-0.2362736639;0.1288791625;-0.2142187143;0.2151426177
23.24;-0.2382857336;0.1309522290;-0.1881591151;0.1994324041
23.25;-0.2400361711;0.1328670765;-0.1618970051;0.1835019814
23.26;-0.2415230937;0.1346215977;-0.1354609151;0.1673703257
23.27;-0.2427449050;0.1362138761;-0.1088795335;0.1510566221
23.28;-0.2437002961;0.1376421879;-0.0821816797;0.1345802430
23.29;-0.2443882468;0.1389050038;-0.0553962773;0.1179607256
23.30;-0.2448080265;0.1400009908;-0.0285523275;0.1012177502
23.31;-0.2449591950;0.1409290133;-0.0016788825;0.0843711177
23.32;-0.2448416027;0.1416881340;0.0251949810;0.0674407276
23.33;-0.2444553909;0.1422776152;0.0520401880;0.0504465557
23.34;-0.2438009913;0.1426969192;0.0788276921;0.0334086317
23.35;-0.2428791261;0.1429457089;0.1055285016;0.0163470172
23.36;-0.2416908067;0.1430238475;0.1321137063;-0.0007182166
23.37;-0.2402373333;0.1429313993;0.1585545037;-0.0177670113
23.38;-0.2385202936;0.1426686288;0.1848222261;-0.0347793432
23.39;-0.2365415608;0.1422360006;0.2108883671;-0.0517352454
23.40;-0.2343032926;0.1416341783;0.2367246087;-0.0686148300
23.41;-0.2318079287;0.1408640244;0.2623028482;-0.0853983102
23.42;-0.2290581886;0.1399265981;0.2875952257;-0.1020660217
23.43;-0.2260570691;0.1388231549;0.3125741512;-0.1185984450
23.44;-0.2228078415;0.1375551447;0.3372123323;-0.1349762269
23.45;-0.2193140483;0.1361242098;0.3614828021;-0.1511802020
23.46;-0.2155795000;0.1345321833;0.3853589468;-0.1671914142
23.47;-0.2116082713;0.1327810865;0.4088145340;-0.1829911380
23.48;-0.2074046973;0.1308731271;0.4318237407;-0.1985608997
23.49;-0.2029733692;0.1288106958;0.4543611820;-0.2138824979
23.50;-0.1983191295;0.1265963641;0.4764019388;-0.2289380249
23.51;-0.1934470676;0.1242328810;0.4979215869;-0.2437098866
23.52;-0.1883625146;0.1217231696;0.5188962251;-0.2581808233
23.53;-0.1830710378;0.1190703241;0.5393025038;-0.2723339291
23.54;-0.1775784351;0.1162776057;0.5591176531;-0.2861526723
23.55;-0.1718907292;0.1133484391;0.5783195111;-0.2996209141
23.56;-0.1660141611;0.1102864083;0.5968865521;-0.3127229284
23.57;-0.1599551839;0.1070952524;0.6147979140;-0.3254434199
23.58;-0.1537204559;0.1037788612;0.6320334257;-0.3377675427
23.59;-0.1473168333;0.1003412708;0.6485736346;-0.3496809183
23.60;-0.1407513634;0.0967866585;0.6643998322;-0.3611696528
23.61;-0.1340312767;0.0931193380;0.6794940810;-0.3722203542
23.62;-0.1271639790;0.0893437546;0.6938392389;-0.3828201486
23.63;-0.1201570435;0.0854644793;0.7074189846;-0.3929566963
23.64;-0.1130182025;0.0814862042;0.7202178407;-0.4026182071
23.65;-0.1057553386;0.0774137362;0.7322211967;-0.4117934554
23.66;-0.0983764762;0.0732519917;0.7434153313;-0.4204717938
23.67;-0.0908897724;0.0690059904;0.7537874325;-0.4286431670
23.68;-0.0833035076;0.0646808499;0.7633256179;-0.4362981246
23.69;-0.0756260764;0.0602817789;0.7720189529;-0.4434278331
23.70;-0.0678659782;0.0558140716;0.7798574678;-0.4500240873
23.71;-0.0600318067;0.0512831007;0.7868321737;-0.4560793208
23.72;-0.0521322410;0.0466943118;0.7929350768;-0.4615866159
23.73;-0.0441760348;0.0420532159;0.7981591913;-0.4665397125
23.74;-0.0361720066;0.0373653837;0.8024985505;-0.4709330162
23.75;-0.0281290297;0.0326364382;0.8059482170;-0.4747616057
23.76;-0.0200560212;0.0278720483;0.8085042902;-0.4780212389
23.77;-0.0119619323;0.0230779220;0.8101639131;-0.4807083587
23.78;-0.0038557374;0.0182597993;0.8109252767;-0.4828200972
23.79;0.0042535762;0.0134234454;0.8107876230;-0.4843542796
23.80;0.0123570190;0.0085746440;0.8097512463;-0.4853094265
23.81;0.0204456096;0.0037191898;0.8078174926;-0.4856847562
23.82;0.0285103853;-0.0011371180;0.8049887570;-0.4854801848
23.83;0.0365424126;-0.0059884827;0.8012684800;-0.4846963265
23.84;0.0445327977;-0.0108291177;0.7966611417;-0.4833344923
23.85;0.0524726967;-0.0156532525;0.7911722540;-0.4813966879
23.86;0.0603533258;-0.0204551404;0.7848083517;-0.4788856104
23.87;0.0681659719;-0.0252290649;0.7775769816;-0.4758046449
23.88;0.0759020021;-0.0299693470;0.7694866905;-0.4721578588
23.89;0.0835528741;-0.0346703516;0.7605470106;-0.4679499966
23.90;0.0911101458;-0.0393264945;0.7507684449;-0.4631864727
23.91;0.0985654847;-0.0439322490;0.7401624500;-0.4578733643
23.92;0.1059106777;-0.0484821521;0.7287414182;-0.4520174020
23.93;0.1131376404;-0.0529708119;0.7165186581;-0.4456259613
23.94;0.1202384256;-0.0573929130;0.7035083740;-0.4387070522
23.95;0.1272052328;-0.0617432233;0.6897256445;-0.4312693077
23.96;0.1340304165;-0.0660166003;0.6751863995;-0.4233219728
23.97;0.1407064947;-0.0702079968;0.6599073970;-0.4148748915
23.98;0.1472261569;-0.0743124669;0.6439061984;-0.4059384938
23.99;0.1535822723;-0.0783251721;0.6272011434;-0.3965237816
24.00;0.1597678970;-0.0822413866;0.6098113240;-0.3866423144
24.01;0.1657762821;-0.0860565027;0.5917565583;-0.3763061939
24.02;0.1716008799;-0.0897660369;0.5730573630;-0.3655280484
24.03;0.1772353517;-0.0933656340;0.5537349263;-0.3543210164
24.04;0.1826735736;-0.0968510729;0.5338110801;-0.3426987296
24.05;0.1879096432;-0.1002182713;0.5133082715;-0.3306752960
24.06;0.1929378857;-0.1034632901;0.4922495349;-0.3182652812
24.07;0.1977528593;-0.1065823382;0.4706584633;-0.3054836913
24.08;0.2023493608;-0.1095717766;0.4485591794;-0.2923459532
24.09;0.2067224308;-0.1124281227;0.4259763076;-0.2788678964
24.10;0.2108673585;-0.1151480541;0.4029349446;-0.2650657328
24.11;0.2147796864;-0.1177284122;0.3794606312;-0.2509560379
24.12;0.2184552144;-0.1201662060;0.3555793235;-0.2365557302
24.13;0.2218900039;-0.1224586155;0.3313173647;-0.2218820512
24.14;0.2250803817;-0.1246029942;0.3067014568;-0.2069525448
24.15;0.2280229432;-0.1265968729;0.2817586319;-0.1917850368
24.16;0.2307145557;-0.1284379618;0.2565162251;-0.1763976140
24.17;0.2331523611;-0.1301241532;0.2310018460;-0.1608086031
24.18;0.2353337788;-0.1316535237;0.2052433514;-0.1450365492
24.19;0.2372565079;-0.1330243365;0.1792688178;-0.1291001953
24.20;0.2389185292;-0.1342350430;0.1531065142;-0.1130184600
24.21;0.2403181070;-0.1352842846;0.1267848751;-0.0968104164
24.22;0.2414537908;-0.1361708942;0.1003324736;-0.0804952707
24.23;0.2423244162;-0.1368938974;0.0737779945;-0.0640923400
24.24;0.2429291063;-0.1374525131;0.0471502079;-0.0476210311
24.25;0.2432672721;-0.1378461550;0.0204779425;-0.0311008184
24.26;0.2433386131;-0.1380744315;-0.0062099407;-0.0145512224
24.27;0.2431431175;-0.1381371466;-0.0328845745;0.0020082123
24.28;0.2426810619;-0.1380342996;-0.0595171124;0.0185579385
24.29;0.2419530115;-0.1377660853;-0.0860787544;0.0350784285
24.30;0.2409598189;-0.1373328935;-0.1125407735;0.0515501954
24.31;0.2397026236;-0.1367353086;-0.1388745422;0.0679538152
24.32;0.2381828507;-0.1359741088;-0.1650515585;0.0842699481
24.33;0.2364022095;-0.1350502654;-0.1910434727;0.1004793604
24.34;0.2343626922;-0.1339649411;-0.2168221142;0.1165629456
24.35;0.2320665714;-0.1327194891;-0.2423595178;0.1325017462
24.36;0.2295163985;-0.1313154515;-0.2676279505;0.1482769747
24.37;0.2267150006;-0.1297545569;-0.2925999391;0.1638700350
24.38;0.2236654785;-0.1280387193;-0.3172482966;0.1792625432
24.39;0.2203712031;-0.1261700351;-0.3415461501;0.1944363489
24.40;0.2168358124;-0.1241507811;-0.3654669677;0.2093735554
24.41;0.2130632079;-0.1219834115;-0.3889845865;0.2240565409
24.42;0.2090575507;-0.1196705555;-0.4120732399;0.2384679780
24.43;0.2048232576;-0.1172150139;-0.4347075858;0.2525908549
24.44;0.2003649964;-0.1146197560;-0.4568627341;0.2664084941
24.45;0.1956876817;-0.1118879160;-0.4785142749;0.2799045731
24.46;0.1907964695;-0.1090227896;-0.4996383060;0.2930631430
24.47;0.1856967520;-0.1060278301;-0.5202114616;0.3058686476
24.48;0.1803941527;-0.1029066442;-0.5402109392;0.3183059423
24.49;0.1748945197;-0.0996629878;-0.5596145280;0.3303603123
24.50;0.1692039205;-0.0963007620;-0.5784006361;0.3420174904
24.51;0.1633286353;-0.0928240081;-0.5965483179;0.3532636744
24.52;0.1572751500;-0.0892369031;-0.6140373009;0.3640855444
24.53;0.1510501503;-0.0855437545;-0.6308480128;0.3744702792
24.54;0.1446605137;-0.0817489958;-0.6469616070;0.3844055720
24.55;0.1381133025;-0.0778571806;-0.6623599887;0.3938796464
24.56;0.1314157559;-0.0738729778;-0.6770258399;0.4028812710
24.57;0.1245752827;-0.0698011658;-0.6909426436;0.4113997736
24.58;0.1175994524;-0.0656466266;-0.7040947073;0.4194250552
24.59;0.1104959874;-0.0614143406;-0.7164671864;0.4269476027
24.60;0.1032727542;-0.0571093802;-0.7280461051;0.4339585015
24.61;0.0959377544;-0.0527369039;-0.7388183779;0.4404494468
24.62;0.0884991163;-0.0483021502;-0.7487718294;0.4464127545
24.63;0.0809650850;-0.0438104313;-0.7578952124;0.4518413715
24.64;0.0733440135;-0.0392671266;-0.7661782256;0.4567288849
24.65;0.0656443531;-0.0346776767;-0.7736115297;0.4610695303
24.66;0.0578746434;-0.0300475761;-0.7801867617;0.4648581996
24.67;0.0500435029;-0.0253823676;-0.7858965487;0.4680904476
24.68;0.0421596188;-0.0206876347;-0.7907345194;0.4707624983
24.69;0.0342317367;-0.0159689955;-0.7946953140;0.4728712492
24.70;0.0262686512;-0.0112320957;-0.7977745934;0.4744142762
24.71;0.0182791946;-0.0064826017;-0.7999690457;0.4753898361
24.72;0.0102722275;-0.0017261942;-0.8012763918;0.4757968694
24.73;0.0022566282;0.0030314391;-0.8016953889;0.4756350011
24.74;-0.0057587181;0.0077846103;-0.8012258326;0.4749045416
24.75;-0.0137649291;0.0125276378;-0.7998685569;0.4736064857
24.76;-0.0217531361;0.0172548535;-0.7976254329;0.4717425114
24.77;-0.0297144944;0.0219606093;-0.7944993653;0.4693149775
24.78;-0.0376401931;0.0266392844;-0.7904942878;0.4663269201
24.79;-0.0455214663;0.0312852915;-0.7856151565;0.4627820485
24.80;-0.0533496024;0.0358930837;-0.7798679414;0.4586847397
24.81;-0.0611159545;0.0404571614;-0.7732596165;0.4540400331
24.82;-0.0688119506;0.0449720785;-0.7657981487;0.4488536225
24.83;-0.0764291032;0.0494324492;-0.7574924848;0.4431318495
24.84;-0.0839590191;0.0538329541;-0.7483525366;0.4368816937
24.85;-0.0913934090;0.0581683470;-0.7383891656;0.4301107643
24.86;-0.0987240967;0.0624334607;-0.7276141655;0.4228272892
24.87;-0.1059430290;0.0666232135;-0.7160402437;0.4150401040
24.88;-0.1130422836;0.0707326150;-0.7036810019;0.4067586408
24.89;-0.1200140793;0.0747567720;-0.6905509148;0.3979929151
24.90;-0.1268507833;0.0786908943;-0.6766653088;0.3887535131
24.91;-0.1335449207;0.0825303003;-0.6620403387;0.3790515775
24.92;-0.1400891819;0.0862704228;-0.6466929642;0.3688987934
24.93;-0.1464764309;0.0899068139;-0.6306409252;0.3583073729
24.94;-0.1526997129;0.0934351504;-0.6139027167;0.3472900401
24.95;-0.1587522618;0.0968512389;-0.5964975630;0.3358600140
24.96;-0.1646275073;0.1001510206;-0.5784453907;0.3240309927
24.97;-0.1703190814;0.1033305759;-0.5597668024;0.3118171359
24.98;-0.1758208259;0.1063861291;-0.5404830489;0.2992330474
24.99;-0.1811267979;0.1093140527;-0.5206160014;0.2862937568
25.00;-0.1862312763;0.1121108716;-0.5001881241;0.2730147016
25.01;-0.1911287676;0.1147732668;-0.4792224453;0.2594117080
25.02;-0.1958140110;0.1172980798;-0.4577425295;0.2455009723
25.03;-0.2002819841;0.1196823155;-0.4357724489;0.2312990408
25.04;-0.2045279078;0.1219231461;-0.4133367549;0.2168227908
25.05;-0.2085472504;0.1240179142;-0.3904604495;0.2020894105
25.06;-0.2123357327;0.1259641354;-0.3671689572;0.1871163785
25.07;-0.2158893315;0.1277595020;-0.3434880964;0.1719214437
25.08;-0.2192042839;0.1294018846;-0.3194440513;0.1565226048
25.09;-0.2222770902;0.1308893351;-0.2950633440;0.1409380895
25.10;-0.2251045179;0.1322200888;-0.2703728062;0.1251863334
25.11;-0.2276836039;0.1333925663;-0.2453995518;0.1092859593
25.12;-0.2300116577;0.1344053752;-0.2201709491;0.0932557559
25.13;-0.2320862636;0.1352573117;-0.1947145937;0.0771146564
25.14;-0.2339052830;0.1359473622;-0.1690582810;0.0608817175
25.15;-0.2354668559;0.1364747038;-0.1432299794;0.0445760980
25.16;-0.2367694030;0.1368387060;-0.1172578035;0.0282170371
25.17;-0.2378116265;0.1370389307;-0.0911699870;0.0118238330
25.18;-0.2385925116;0.1370751333;-0.0649948568;-0.0045841786
25.19;-0.2391113272;0.1369472623;-0.0387608062;-0.0209876459
25.20;-0.2393676261;0.1366554600;-0.0124962686;-0.0373672228
25.21;-0.2393612458;0.1362000619;0.0137703086;-0.0537035903
25.22;-0.2390923079;0.1355815965;0.0400104901;-0.0699774778
25.23;-0.2385612186;0.1348007846;0.0661958789;-0.0861696851
25.24;-0.2377686675;0.1338585388;0.0922981424;-0.1022611036
25.25;-0.2367156270;0.1327559619;0.1182890384;-0.1182327373
25.26;-0.2354033517;0.1314943462;0.1441404413;-0.1340657249
25.27;-0.2338333765;0.1300751719;0.1698243681;-0.1497413604
25.28;-0.2320075154;0.1285001053;0.1953130048;-0.1652411146
25.29;-0.2299278595;0.1267709971;0.2205787327;-0.1805466560
25.30;-0.2275967752;0.1248898800;0.2455941547;-0.1956398716
25.31;-0.2250169013;0.1228589670;0.2703321219;-0.2105028879
25.32;-0.2221911472;0.1206806484;0.2947657599;-0.2251180914
25.33;-0.2191226892;0.1183574891;0.3188684963;-0.2394681489
25.34;-0.2158149679;0.1158922261;0.3426140865;-0.2535360280
25.35;-0.2122716844;0.1132877649;0.3659766415;-0.2673050166
25.36;-0.2084967970;0.1105471767;0.3889306546;-0.2807587432
25.37;-0.2044945169;0.1076736944;0.4114510285;-0.2938811959
25.38;-0.2002693042;0.1046707093;0.4335131027;-0.3066567418
25.39;-0.1958258633;0.1015417668;0.4550926805;-0.3190701459
25.40;-0.1911691381;0.0982905630;0.4761660561;-0.3311065895
25.41;-0.1863043070;0.0949209397;0.4967100424;-0.3427516883
25.42;-0.1812367775;0.0914368803;0.5167019974;-0.3539915100
25.43;-0.1759721809;0.0878425054;0.5361198516;-0.3648125920
25.44;-0.1705163659;0.0841420676;0.5549421349;-0.3752019578
25.45;-0.1648753931;0.0803399470;0.5731480028;-0.3851471335
25.46;-0.1590555280;0.0764406456;0.5907172630;-0.3946361638
25.47;-0.1530632351;0.0724487824;0.6076304014;-0.4036576269
25.48;-0.1469051700;0.0683690880;0.6238686075;-0.4122006492
25.49;-0.1405881732;0.0642063988;0.6394137994;-0.4202549197
25.50;-0.1341192620;0.0599656514;0.6542486486;-0.4278107033
25.51;-0.1275056234;0.0556518770;0.6683566035;-0.4348588532
25.52;-0.1207546057;0.0512701951;0.6817219126;-0.4413908233
25.53;-0.1138737106;0.0468258078;0.6943296472;-0.4473986796
25.54;-0.1068705852;0.0423239931;0.7061657224;-0.4528751102
25.55;-0.0997530127;0.0377700994;0.7172169180;-0.4578134359
25.56;-0.0925289044;0.0331695384;0.7274708980;-0.4622076185
25.57;-0.0852062905;0.0285277790;0.7369162288;-0.4660522692
25.58;-0.0777933107;0.0238503407;0.7455423967;-0.4693426560
25.59;-0.0702982053;0.0191427872;0.7533398239;-0.4720747100
25.60;-0.0627293057;0.0144107192;0.7602998832;-0.4742450310
25.61;-0.0550950246;0.0096597683;0.7664149115;-0.4758508923
25.62;-0.0474038468;0.0048955899;0.7716782215;-0.4768902442
25.63;-0.0396643186;0.0001238565;0.7760841124;-0.4773617170
25.64;-0.0318850385;-0.0046497491;0.7796278789;-0.4772646231
25.65;-0.0240746473;-0.0094195405;0.7823058185;-0.4765989576
25.66;-0.0162418175;-0.0141798350;0.7841152373;-0.4753653987
25.67;-0.0083952435;-0.0189249599;0.7850544543;-0.4735653067
25.68;-0.0005436316;-0.0236492593;0.7851228041;-0.4712007220
25.69;0.0073043105;-0.0283471016;0.7843206374;-0.4682743627
25.70;0.0151398837;-0.0330128851;0.7826493207;-0.4647896209
25.71;0.0229544074;-0.0376410460;0.7801112336;-0.4607505579
25.72;0.0307392302;-0.0422260641;0.7767097648;-0.4561618991
25.73;0.0384857392;-0.0467624698;0.7724493065;-0.4510290274
25.74;0.0461853707;-0.0512448506;0.7673352471;-0.4453579761
25.75;0.0538296198;-0.0556678575;0.7613739621;-0.4391554208
25.76;0.0614100501;-0.0600262115;0.7545728040;-0.4324286709
25.77;0.0689183037;-0.0643147098;0.7469400901;-0.4251856594
25.78;0.0763461107;-0.0685282321;0.7384850890;-0.4174349327
25.79;0.0836852983;-0.0726617464;0.7292180064;-0.4091856397
25.80;0.0909278007;-0.0767103153;0.7191499683;-0.4004475192
25.81;0.0980656677;-0.0806691016;0.7082930037;-0.3912308879
25.82;0.1050910738;-0.0845333742;0.6966600265;-0.3815466269
25.83;0.1119963272;-0.0882985134;0.6842648149;-0.3714061677
25.84;0.1187738779;-0.0919600166;0.6711219914;-0.3608214775
25.85;0.1254163262;-0.0955135036;0.6572470003;-0.3498050445
25.86;0.1319164312;-0.0989547215;0.6426560852;-0.3383698619
25.87;0.1382671181;-0.1022795498;0.6273662656;-0.3265294117
25.88;0.1444614859;-0.1054840053;0.6113953122;-0.3142976479
25.89;0.1504928153;-0.1085642463;0.5947617222;-0.3016889796
25.90;0.1563545753;-0.1115165779;0.5774846933;-0.2887182535
25.91;0.1620404304;-0.1143374553;0.5595840980;-0.2754007353
25.92;0.1675442470;-0.1170234887;0.5410804566;-0.2617520918
25.93;0.1728600997;-0.1195714468;0.5219949101;-0.2477883720
25.94;0.1779822778;-0.1219782605;0.5023491936;-0.2335259882
25.95;0.1829052905;-0.1242410268;0.4821656077;-0.2189816964
25.96;0.1876238730;-0.1263570116;0.4614669916;-0.2041725769
25.97;0.1921329913;-0.1283236534;0.4402766947;-0.1891160142
25.98;0.1964278473;-0.1301385659;0.4186185488;-0.1738296770
25.99;0.2005038836;-0.1317995407;0.3965168401;-0.1583314979
26.00;0.2043567878;-0.1333045502;0.3739962811;-0.1426396527
26.01;0.2079824966;-0.1346517495;0.3510819826;-0.1267725403
26.02;0.2113771998;-0.1358394787;0.3277994259;-0.1107487610
26.03;0.2145373436;-0.1368662651;0.3041744350;-0.0945870962
26.04;0.2174596341;-0.1377308241;0.2802331490;-0.0783064872
26.05;0.2201410403;-0.1384320619;0.2560019945;-0.0619260137
26.06;0.2225787966;-0.1389690755;0.2315076581;-0.0454648728
26.07;0.2247704058;-0.1393411547;0.2067770597;-0.0289423579
26.08;0.2267136407;-0.1395477826;0.1818373248;-0.0123778366
26.09;0.2284065462;-0.1395886362;0.1567157583;0.0042092702
26.10;0.2298474412;-0.1394635868;0.1314398175;0.0207995100
26.11;0.2310349198;-0.1391727004;0.1060370855;0.0373734201
26.12;0.2319678525;-0.1387162376;0.0805352451;0.0539115495
26.13;0.2326453869;-0.1380946534;0.0549620523;0.0703944799
26.14;0.2330669484;-0.1373085966;0.0293453106;0.0868028479
26.15;0.2332322407;-0.1363589093;0.0037128445;0.1031173659
26.16;0.2331412456;-0.1352466261;-0.0219075262;0.1193188440
26.17;0.2327942231;-0.1339729728;-0.0474880121;0.1353882112
26.18;0.2321917108;-0.1325393654;-0.0730008802;0.1513065370
26.19;0.2313345231;-0.1309474082;-0.0984184798;0.1670550526
26.20;0.2302237506;-0.1291988924;-0.1237132677;0.1826151721
26.21;0.2288607585;-0.1272957941;-0.1488578348;0.1979685139
26.22;0.2272471855;-0.1252402720;-0.1738249313;0.2130969211
26.23;0.2253849417;-0.1230346652;-0.1985874926;0.2279824830
26.24;0.2232762070;-0.1206814907;-0.2231186656;0.2426075557
26.25;0.2209234285;-0.1181834403;-0.2473918343;0.2569547821
26.26;0.2183293183;-0.1155433781;-0.2713806458;0.2710071131
26.27;0.2154968504;-0.1127643369;-0.2950590368;0.2847478269
26.28;0.2124292582;-0.1098495150;-0.3184012594;0.2981605495
26.29;0.2091300306;-0.1068022727;-0.3413819076;0.3112292738
26.30;0.2056029089;-0.1036261283;-0.3639759434;0.3239383793
26.31;0.2018518827;-0.1003247546;-0.3861587234;0.3362726510
26.32;0.1978811861;-0.0969019742;-0.4079060250;0.3482172977
26.33;0.1936952932;-0.0933617554;-0.4291940728;0.3597579708
26.34;0.1892989133;-0.0897082078;-0.4499995651;0.3708807817
26.35;0.1846969865;-0.0859455775;-0.4702997002;0.3815723197
26.36;0.1798946782;-0.0820782422;-0.4900722025;0.3918196681
26.37;0.1748973738;-0.0781107062;-0.5092953486;0.4016104218
26.38;0.1697106731;-0.0740475955;-0.5279479934;0.4109327021
26.39;0.1643403843;-0.0698936517;-0.5460095957;0.4197751728
26.40;0.1587925179;-0.0656537275;-0.5634602434;0.4281270547
26.41;0.1530732803;-0.0613327801;-0.5802806788;0.4359781396
26.42;0.1471890672;-0.0569358662;-0.5964523233;0.4433188039
26.43;0.1411464563;-0.0524681357;-0.6119573014;0.4501400217
26.44;0.1349522007;-0.0479348255;-0.6267784644;0.4564333761
26.45;0.1286132213;-0.0433412539;-0.6408994136;0.4621910713
26.46;0.1221365988;-0.0386928137;-0.6543045225;0.4674059429
26.47;0.1155295666;-0.0339949663;-0.6669789587;0.4720714675
26.48;0.1087995022;-0.0292532352;-0.6789087044;0.4761817717
26.49;0.1019539190;-0.0244731992;-0.6900805768;0.4797316404
26.50;0.0950004582;-0.0196604859;-0.7004822466;0.4827165239
26.51;0.0879468798;-0.0148207651;-0.7101022562;0.4851325442
26.52;0.0808010541;-0.0099597421;-0.7189300367;0.4869765007
26.53;0.0735709523;-0.0050831506;-0.7269559235;0.4882458745
26.54;0.0662646380;-0.0001967462;-0.7341711706;0.4889388320
26.55;0.0588902574;0.0046937007;-0.7405679641;0.4890542280
26.56;0.0514560301;0.0095824115;-0.7461394342;0.4885916070
26.57;0.0439702397;0.0144636067;-0.7508796650;0.4875512041
26.58;0.0364412243;0.0193315125;-0.7547837045;0.4859339453
26.59;0.0288773665;0.0241803679;-0.7578475714;0.4837414458
26.60;0.0212870838;0.0290044315;-0.7600682618;0.4809760085
26.61;0.0136788189;0.0337979881;-0.7614437531;0.4776406206
26.62;0.0060610298;0.0385553561;-0.7619730078;0.4737389503
26.63;-0.0015578201;0.0432708938;-0.7616559740;0.4692753413
26.64;-0.0091692716;0.0479390063;-0.7604935862;0.4642548079
26.65;-0.0167648801;0.0525541523;-0.7584877629;0.4586830277
26.66;-0.0243362248;0.0571108503;-0.7556414032;0.4525663347
26.67;-0.0318749190;0.0616036857;-0.7519583827;0.4459117106
26.68;-0.0393726195;0.0660273166;-0.7474435463;0.4387267760
26.69;-0.0468210363;0.0703764808;-0.7421027004;0.4310197805
26.70;-0.0542119424;0.0746460014;-0.7359426037;0.4227995915
26.71;-0.0615371830;0.0788307934;-0.7289709562;0.4140756834
26.72;-0.0687886849;0.0829258694;-0.7211963868;0.4048581251
26.73;-0.0759584659;0.0869263458;-0.7126284395;0.3951575671
26.74;-0.0830386436;0.0908274480;-0.7032775587;0.3849852279
26.75;-0.0900214448;0.0946245168;-0.6931550727;0.3743528802
26.76;-0.0968992135;0.0983130131;-0.6822731762;0.3632728357
26.77;-0.1036644202;0.1018885238;-0.6706449122;0.3517579300
26.78;-0.1103096698;0.1053467665;-0.6582841514;0.3398215065
26.79;-0.1168277103;0.1086835949;-0.6452055727;0.3274774000
26.80;-0.1232114399;0.1118950032;-0.6314246405;0.3147399202
26.81;-0.1294539158;0.1149771311;-0.6169575833;0.3016238337
26.82;-0.1355483608;0.1179262684;-0.6018213694;0.2881443466
26.83;-0.1414881714;0.1207388587;-0.5860336841;0.2743170862
26.84;-0.1472669240;0.1234115042;-0.5696129044;0.2601580825
26.85;-0.1528783825;0.1259409692;-0.5525780739;0.2456837493
26.86;-0.1583165041;0.1283241839;-0.5349488776;0.2309108650
26.87;-0.1635754463;0.1305582483;-0.5167456155;0.2158565529
26.88;-0.1686495723;0.1326404349;-0.4979891765;0.2005382618
26.89;-0.1735334572;0.1345681927;-0.4787010114;0.1849737456
26.90;-0.1782218933;0.1363391492;-0.4589031060;0.1691810432
26.91;-0.1827098951;0.1379511139;-0.4386179544;0.1531784581
26.92;-0.1869927047;0.1394020805;-0.4178685310;0.1369845378
26.93;-0.1910657961;0.1406902293;-0.3966782641;0.1206180530
26.94;-0.1949248798;0.1418139295;-0.3750710075;0.1040979762
26.95;-0.1985659070;0.1427717407;-0.3530710141;0.0874434615
26.96;-0.2019850730;0.1435624149;-0.3307029078;0.0706738225
26.97;-0.2051788212;0.1441848982;-0.3079916568;0.0538085116
26.98;-0.2081438465;0.1446383315;-0.2849625460;0.0368670983
26.99;-0.2108770978;0.1449220520;-0.2616411500;0.0198692476
27.00;-0.2133757813;0.1450355941;-0.2380533064;0.0028346989
27.01;-0.2156373626;0.1449786896;-0.2142250887;-0.0142167560
27.02;-0.2176595693;0.1447512687;-0.1901827799;-0.0312652944
27.03;-0.2194403927;0.1443534596;-0.1659528455;-0.0482910847
27.04;-0.2209780895;0.1437855889;-0.1415619078;-0.0652743077
27.05;-0.2222711834;0.1430481813;-0.1170367192;-0.0821951784
27.06;-0.2233184659;0.1421419589;-0.0924041362;-0.0990339680
27.07;-0.2241189979;0.1410678410;-0.0676910937;-0.1157710258
27.08;-0.2246721095;0.1398269427;-0.0429245790;-0.1323868001
27.09;-0.2249774012;0.1384205741;-0.0181316059;-0.1488618608
27.10;-0.2250347435;0.1368502389;0.0066608106;-0.1651769207
27.11;-0.2248442769;0.1351176328;0.0314256797;-0.1813128568
27.12;-0.2244064115;0.1332246420;0.0561360608;-0.1972507324
27.13;-0.2237218268;0.1311733409;0.0807650884;-0.2129718181
27.14;-0.2227914702;0.1289659900;0.1052859977;-0.2284576132
27.15;-0.2216165561;0.1266050338;0.1296721499;-0.2436898671
27.16;-0.2201985647;0.1240930978;0.1538970577;-0.2586506001
27.17;-0.2185392402;0.1214329859;0.1779344101;-0.2733221246
27.18;-0.2166405888;0.1186276774;0.2017580987;-0.2876870654
27.19;-0.2145048768;0.1156803235;0.2253422420;-0.3017283808
27.20;-0.2121346280;0.1125942442;0.2486612116;-0.3154293822
27.21;-0.2095326211;0.1093729247;0.2716896575;-0.3287737547
27.22;-0.2067018868;0.1060200111;0.2944025332;-0.3417455764
27.23;-0.2036457048;0.1025393068;0.3167751215;-0.3543293382
27.24;-0.2003676000;0.0989347682;0.3387830600;-0.3665099624
27.25;-0.1968713391;0.0952105003;0.3604023665;-0.3782728219
27.26;-0.1931609268;0.0913707517;0.3816094646;-0.3896037582
27.27;-0.1892406012;0.0874199105;0.4023812090;-0.4004890995
27.28;-0.1851148296;0.0833624991;0.4226949111;-0.4109156775
27.29;-0.1807883039;0.0792031685;0.4425283643;-0.4208708452
27.30;-0.1762659356;0.0749466940;0.4618598689;-0.4303424924
27.31;-0.1715528504;0.0705979691;0.4806682576;-0.4393190622
27.32;-0.1666543830;0.0661619998;0.4989329200;-0.4477895655
27.33;-0.1615760714;0.0616438995;0.5166338273;-0.4557435961
27.34;-0.1563236506;0.0570488824;0.5337515567;-0.4631713443
27.35;-0.1509030470;0.0523822577;0.5502673153;-0.4700636102
27.36;-0.1453203715;0.0476494239;0.5661629636;-0.4764118161
27.37;-0.1395819131;0.0428558616;0.5814210386;-0.4822080182
27.38;-0.1336941321;0.0380071280;0.5960247765;-0.4874449175
27.39;-0.1276636524;0.0331088499;0.6099581349;-0.4921158700
27.40;-0.1214972552;0.0281667172;0.6232058136;-0.4962148958
27.41;-0.1152018704;0.0231864763;0.6357532759;-0.4997366875
27.42;-0.1087845698;0.0181739232;0.6475867680;-0.5026766178
27.43;-0.1022525584;0.0131348968;0.6586933385;-0.5050307462
27.44;-0.0956131667;0.0080752720;0.6690608561;-0.5067958244
27.45;-0.0888738426;0.0030009525;0.6786780273;-0.5079693010
27.46;-0.0820421424;-0.0020821357;0.6875344121;-0.5085493258
27.47;-0.0751257225;-0.0071680518;0.6956204393;-0.5085347521
27.48;-0.0681323307;-0.0122508471;0.7029274206;-0.5079251386
27.49;-0.0610697971;-0.0173245718;0.7094475629;-0.5067207508
27.50;-0.0539460254;-0.0223832825;0.7151739802;-0.5049225604
27.51;-0.0467689834;-0.0274210491;0.7201007037;-0.5025322443
27.52;-0.0395466940;-0.0324319614;0.7242226906;-0.4995521828
27.53;-0.0322872260;-0.0374101370;0.7275358313;-0.4959854566
27.54;-0.0249986844;-0.0423497274;0.7300369561;-0.4918358427
27.55;-0.0176892013;-0.0472449256;0.7317238393;-0.4871078096
27.56;-0.0103669263;-0.0520899725;0.7325952025;-0.4818065118
27.57;-0.0030400170;-0.0568791642;0.7326507164;-0.4759377825
27.58;0.0042833704;-0.0616068582;0.7318910009;-0.4695081266
27.59;0.0115950906;-0.0662674807;0.7303176239;-0.4625247120
27.60;0.0188870188;-0.0708555325;0.7279330983;-0.4549953600
27.61;0.0261510600;-0.0753655961;0.7247408781;-0.4469285360
27.62;0.0333791584;-0.0797923418;0.7207453524;-0.4383333376
27.63;0.0405633068;-0.0841305339;0.7159518384;-0.4292194836
27.64;0.0476955557;-0.0883750369;0.7103665726;-0.4195973015
27.65;0.0547680227;-0.0925208217;0.7039967011;-0.4094777140
27.66;0.0617729010;-0.0965629713;0.6968502681;-0.3988722256
27.67;0.0687024690;-0.1004966866;0.6889362033;-0.3877929080
27.68;0.0755490987;-0.1043172920;0.6802643079;-0.3762523850
27.69;0.0823052644;-0.1080202407;0.6708452397;-0.3642638170
27.70;0.0889635510;-0.1116011203;0.6606904967;-0.3518408847
27.71;0.0955166629;-0.1150556577;0.6498123995;-0.3389977723
27.72;0.1019574314;-0.1183797239;0.6382240734;-0.3257491506
27.73;0.1082788231;-0.1215693393;0.6259394284;-0.3121101591
27.74;0.1144739476;-0.1246206777;0.6129731394;-0.2980963881
27.75;0.1205360649;-0.1275300711;0.5993406246;-0.2837238600
27.76;0.1264585929;-0.1302940137;0.5850580238;-0.2690090108
27.77;0.1322351144;-0.1329091662;0.5701421758;-0.2539686706
27.78;0.1378593838;-0.1353723594;0.5546105946;-0.2386200444
27.79;0.1433253342;-0.1376805979;0.5384814463;-0.2229806921
27.80;0.1486270833;-0.1398310637;0.5217735239;-0.2070685087
27.81;0.1537589399;-0.1418211193;0.5045062227;-0.1909017036
27.82;0.1587154096;-0.1436483107;0.4866995153;-0.1744987807
27.83;0.1634912004;-0.1453103704;0.4683739255;-0.1578785173
27.84;0.1680812285;-0.1468052199;0.4495505029;-0.1410599432
27.85;0.1724806228;-0.1481309723;0.4302507962;-0.1240623198
27.86;0.1766847301;-0.1492859343;0.4104968276;-0.1069051191
27.87;0.1806891199;-0.1502686083;0.3903110658;-0.0896080019
27.88;0.1844895883;-0.1510776940;0.3697163999;-0.0721907966
27.89;0.1880821624;-0.1517120904;0.3487361125;-0.0546734778
27.90;0.1914631038;-0.1521708968;0.3273938535;-0.0370761444
27.91;0.1946289127;-0.1524534139;0.3057136130;-0.0194189979
27.92;0.1975763304;-0.1525591450;0.2837196956;-0.0017223207
27.93;0.2003023429;-0.1524877964;0.2614366932;0.0159935458
27.94;0.2028041834;-0.1522392780;0.2388894590;0.0337082233
27.95;0.2050793349;-0.1518137038;0.2161030813;0.0514013185
27.96;0.2071255322;-0.1512113916;0.1931028574;0.0690524447
27.97;0.2089407641;-0.1504328627;0.1699142671;0.0866412448
27.98;0.2105232751;-0.1494788421;0.1465629475;0.1041474125
27.99;0.2118715665;-0.1483502574;0.1230746668;0.1215507145
28.00;0.2129843981;-0.1470482379;0.0994752989;0.1388310132
28.01;0.2138607887;-0.1455741139;0.0757907975;0.1559682880
28.02;0.2145000169;-0.1439294152;0.0520471714;0.1729426578
28.03;0.2149016218;-0.1421158695;0.0282704584;0.1897344028
28.04;0.2150654026;-0.1401354010;0.0044867008;0.2063239867
28.05;0.2149914191;-0.1379901282;-0.0192780801;0.2226920782
28.06;0.2146799909;-0.1356823615;-0.0429979089;0.2388195732
28.07;0.2141316971;-0.1332146016;-0.0666468810;0.2546876163
28.08;0.2133473755;-0.1305895361;-0.0901991875;0.2702776224
28.09;0.2123281213;-0.1278100370;-0.1136291401;0.2855712982
28.10;0.2110752857;-0.1248791579;-0.1369111959;0.3005506637
28.11;0.2095904749;-0.1218001304;-0.1600199821;0.3151980727
28.12;0.2078755476;-0.1185763607;-0.1829303208;0.3294962343
28.13;0.2059326133;-0.1152114263;-0.2056172536;0.3434282334
28.14;0.2037640297;-0.1117090718;-0.2280560665;0.3569775510
28.15;0.2013724006;-0.1080732047;-0.2502223147;0.3701280842
28.16;0.1987605726;-0.1043078917;-0.2720918469;0.3828641664
28.17;0.1959316322;-0.1004173537;-0.2936408303;0.3951705861
28.18;0.1928889029;-0.0964059615;-0.3148457751;0.4070326065
28.19;0.1896359407;-0.0922782305;-0.3356835591;0.4184359840
28.20;0.1861765314;-0.0880388165;-0.3561314521;0.4293669859
28.21;0.1825146858;-0.0836925096;-0.3761671408;0.4398124086
28.22;0.1786546357;-0.0792442293;-0.3957687525;0.4497595945
28.23;0.1746008292;-0.0746990190;-0.4149148799;0.4591964487
28.24;0.1703579262;-0.0700620400;-0.4335846047;0.4681114546
28.25;0.1659307933;-0.0653385659;-0.4517575220;0.4764936897
28.26;0.1613244982;-0.0605339766;-0.4694137633;0.4843328400
28.27;0.1565443048;-0.0556537519;-0.4865340206;0.4916192141
28.28;0.1515956670;-0.0507034653;-0.5030995687;0.4983437561
28.29;0.1464842230;-0.0456887778;-0.5190922887;0.5044980584
28.30;0.1412157891;-0.0406154309;-0.5344946897;0.5100743734
28.31;0.1357963533;-0.0354892407;-0.5492899308;0.5150656238
28.32;0.1302320685;-0.0303160902;-0.5634618427;0.5194654131
28.33;0.1245292460;-0.0251019232;-0.5769949480;0.5232680343
28.34;0.1186943483;-0.0198527370;-0.5898744819;0.5264684783
28.35;0.1127339819;-0.0145745754;-0.6020864110;0.5290624410
28.36;0.1066548899;-0.0092735219;-0.6136174527;0.5310463296
28.37;0.1004639444;-0.0039556922;-0.6244550927;0.5324172678
28.38;0.0941681387;0.0013727729;-0.6345876020;0.5331731002
28.39;0.0877745794;0.0067057145;-0.6440040534;0.5333123957
28.40;0.0812904784;0.0120369631;-0.6526943363;0.5328344497
28.41;0.0747231444;0.0173603459;-0.6606491714;0.5317392853
28.42;0.0680799748;0.0226696938;-0.6678601232;0.5300276539
28.43;0.0613684471;0.0279588488;-0.6743196123;0.5277010342
28.44;0.0545961101;0.0332216716;-0.6800209260;0.5247616309
28.45;0.0477705755;0.0384520484;-0.6849582283;0.5212123712
28.46;0.0408995090;0.0436438982;-0.6891265678;0.5170569021
28.47;0.0339906211;0.0487911801;-0.6925218848;0.5122995846
28.48;0.0270516588;0.0538879004;-0.6951410175;0.5069454892
28.49;0.0200903958;0.0589281196;-0.6969817058;0.5010003884
28.50;0.0131146243;0.0639059595;-0.6980425948;0.4944707494
28.51;0.0061321450;0.0688156098;-0.6983232362;0.4873637261
28.52;-0.0008492409;0.0736513353;-0.6978240887;0.4796871492
28.53;-0.0078217418;0.0784074824;-0.6965465172;0.4714495162
28.54;-0.0147775838;0.0830784858;-0.6944927895;0.4626599808
28.55;-0.0217090207;0.0876588749;-0.6916660733;0.4533283404
28.56;-0.0286083420;0.0921432802;-0.6880704307;0.4434650242
28.57;-0.0354678825;0.0965264397;-0.6837108112;0.4330810795
28.58;-0.0422800308;0.1008032050;-0.6785930444;0.4221881580
28.59;-0.0490372383;0.1049685470;-0.6727238304;0.4107985007
28.60;-0.0557320276;0.1090175618;-0.6661107293;0.3989249231
28.61;-0.0623570011;0.1129454768;-0.6587621496;0.3865807991
28.62;-0.0689048495;0.1167476555;-0.6506873353;0.3737800443
28.63;-0.0753683603;0.1204196036;-0.6418963516;0.3605370997
28.64;-0.0817404254;0.1239569733;-0.6324000701;0.3468669133
28.65;-0.0880140494;0.1273555690;-0.6222101521;0.3327849228
28.66;-0.0941823575;0.1306113519;-0.6113390317;0.3183070372
28.67;-0.1002386031;0.1337204445;-0.5997998975;0.3034496177
28.68;-0.1061761750;0.1366791350;-0.5876066734;0.2882294585
28.69;-0.1119886049;0.1394838818;-0.5747739990;0.2726637680
28.70;-0.1176695744;0.1421313172;-0.5613172087;0.2567701480
28.71;-0.1232129218;0.1446182515;-0.5472523104;0.2405665745
28.72;-0.1286126489;0.1469416765;-0.5325959636;0.2240713766
28.73;-0.1338629270;0.1490987690;-0.5173654563;0.2073032167
28.74;-0.1389581036;0.1510868941;-0.5015786826;0.1902810689
28.75;-0.1438927079;0.1529036079;-0.4852541185;0.1730241983
28.76;-0.1486614567;0.1545466607;-0.4684107982;0.1555521401
28.77;-0.1532592598;0.1560139993;-0.4510682894;0.1378846778
28.78;-0.1576812253;0.1573037696;-0.4332466691;0.1200418219
28.79;-0.1619226645;0.1584143184;-0.4149664979;0.1020437883
28.80;-0.1659790967;0.1593441960;-0.3962487956;0.0839109766
28.81;-0.1698462534;0.1600921572;-0.3771150155;0.0656639478
28.82;-0.1735200828;0.1606571632;-0.3575870188;0.0473234032
28.83;-0.1769967537;0.1610383829;-0.3376870492;0.0289101613
28.84;-0.1802726591;0.1612351938;-0.3174377075;0.0104451367
28.85;-0.1833444197;0.1612471830;-0.2968619256;-0.0080506829
28.86;-0.1862088869;0.1610741476;-0.2759829409;-0.0265562585
28.87;-0.1888631461;0.1607160955;-0.2548242712;-0.0450505221
28.88;-0.1913045192;0.1601732451;-0.2334096883;-0.0635123995
28.89;-0.1935305668;0.1594460257;-0.2117631932;-0.0819208321
28.90;-0.1955390906;0.1585350767;-0.1899089905;-0.1002547998
28.91;-0.1973281354;0.1574412478;-0.1678714627;-0.1184933433
28.92;-0.1988959905;0.1561655976;-0.1456751456;-0.1366155864
28.93;-0.2002411912;0.1547093930;-0.1233447026;-0.1546007588
28.94;-0.2013625200;0.1530741081;-0.1009048999;-0.1724282185
28.95;-0.2022590075;0.1512614227;-0.0783805818;-0.1900774740
28.96;-0.2029299329;0.1492732204;-0.0557966453;-0.2075282071
28.97;-0.2033748248;0.1471115874;-0.0331780159;-0.2247602953
28.98;-0.2035934607;0.1447788098;-0.0105496229;-0.2417538338
28.99;-0.2035858677;0.1422773715;0.0120636256;-0.2584891583
29.00;-0.2033523216;0.1396099521;0.0346368664;-0.2749468667
29.01;-0.2028933464;0.1367794234;0.0571453062;-0.2911078417
29.02;-0.2022097138;0.1337888471;0.0795642457;-0.3069532723
29.03;-0.2013024418;0.1306414715;0.1018691036;-0.3224646760
29.04;-0.2001727935;0.1273407276;0.1240354411;-0.3376239203
29.05;-0.1988222757;0.1238902262;0.1460389860;-0.3524132442
29.06;-0.1972526368;0.1202937538;0.1678556564;-0.3668152791
29.07;-0.1954658651;0.1165552682;0.1894615852;-0.3808130704
29.08;-0.1934641864;0.1126788950;0.2108331435;-0.3943900977
29.09;-0.1912500614;0.1086689225;0.2319469651;-0.4075302951
29.10;-0.1888261832;0.1045297973;0.2527799699;-0.4202180716
29.11;-0.1861954741;0.1002661196;0.2733093878;-0.4324383303
29.12;-0.1833610823;0.0958826379;0.2935127823;-0.4441764876
29.13;-0.1803263789;0.0913842439;0.3133680742;-0.4554184923
29.14;-0.1770949536;0.0867759670;0.3328535654;-0.4661508432
29.15;-0.1736706113;0.0820629691;0.3519479614;-0.4763606073
29.16;-0.1700573677;0.0772505382;0.3706303956;-0.4860354363
29.17;-0.1662594448;0.0723440828;0.3888804513;-0.4951635838
29.18;-0.1622812666;0.0673491261;0.4066781855;-0.5037339203
29.19;-0.1581274538;0.0622712990;0.4240041509;-0.5117359487
29.20;-0.1538028193;0.0571163345;0.4408394182;-0.5191598186
29.21;-0.1493123626;0.0518900606;0.4571655989;-0.5259963399
29.22;-0.1446612639;0.0465983941;0.4729648660;-0.5322369955
29.23;-0.1398548793;0.0412473332;0.4882199762;-0.5378739532
29.24;-0.1348987339;0.0358429513;0.5029142902;-0.5429000769
29.25;-0.1297985163;0.0303913894;0.5170317935;-0.5473089367
29.26;-0.1245600721;0.0248988494;0.5305571162;-0.5510948179
29.27;-0.1191893972;0.0193715865;0.5434755522;-0.5542527296
29.28;-0.1136926310;0.0138159024;0.5557730783;-0.5567784119
29.29;-0.1080760499;0.0082381376;0.5674363719;-0.5586683420
29.30;-0.1023460599;0.0026446642;0.5784528286;-0.5599197396
29.31;-0.0965091892;-0.0029581217;0.5888105785;-0.5605305712
29.32;-0.0905720813;-0.0085638075;0.5984985022;-0.5604995531
29.33;-0.0845414867;-0.0141659713;0.6075062457;-0.5598261536
29.34;-0.0784242557;-0.0197581898;0.6158242343;-0.5585105944
29.35;-0.0722273306;-0.0253340457;0.6234436853;-0.5565538500
29.36;-0.0659577373;-0.0308871351;0.6303566206;-0.5539576473
29.37;-0.0596225774;-0.0364110752;0.6365558771;-0.5507244630
29.38;-0.0532290201;-0.0418995116;0.6420351169;-0.5468575208
29.39;-0.0467842937;-0.0473461261;0.6467888359;-0.5423607871
29.40;-0.0402956775;-0.0527446435;0.6508123711;-0.5372389656
29.41;-0.0337704932;-0.0580888397;0.6541019076;-0.5314974918
29.42;-0.0272160961;-0.0633725482;0.6566544830;-0.5251425248
29.43;-0.0206398673;-0.0685896679;0.6584679918;-0.5181809402
29.44;-0.0140492042;-0.0737341700;0.6595411879;-0.5106203203
29.45;-0.0074515128;-0.0788001050;0.6598736859;-0.5024689444
29.46;-0.0008541982;-0.0837816094;0.6594659614;-0.4937357781
29.47;0.0057353433;-0.0886729132;0.6583193496;-0.4844304611
29.48;0.0123097329;-0.0934683456;0.6564360429;-0.4745632956
29.49;0.0188616184;-0.0981623426;0.6538190873;-0.4641452318
29.50;0.0253836819;-0.1027494524;0.6504723770;-0.4531878549
29.51;0.0318686490;-0.1072243425;0.6464006487;-0.4417033700
29.52;0.0383092965;-0.1115818053;0.6416094736;-0.4297045865
29.53;0.0446984614;-0.1158167644;0.6361052490;-0.4172049022
29.54;0.0510290485;-0.1199242801;0.6298951883;-0.4042182869
29.55;0.0572940389;-0.1238995553;0.6229873098;-0.3907592648
29.56;0.0634864978;-0.1277379407;0.6153904251;-0.3768428969
29.57;0.0695995825;-0.1314349405;0.6071141252;-0.3624847631
29.58;0.0756265499;-0.1349862169;0.5981687667;-0.3477009431
29.59;0.0815607644;-0.1383875955;0.5885654564;-0.3325079976
29.60;0.0873957051;-0.1416350697;0.5783160352;-0.3169229488
29.61;0.0931249731;-0.1447248055;0.5674330608;-0.3009632603
29.62;0.0987422985;-0.1476531456;0.5559297903;-0.2846468176
29.63;0.1042415475;-0.1504166136;0.5438201607;-0.2679919069
29.64;0.1096167290;-0.1530119177;0.5311187703;-0.2510171950
29.65;0.1148620010;-0.1554359548;0.5178408580;-0.2337417081
29.66;0.1199716771;-0.1576858137;0.5040022828;-0.2161848106
29.67;0.1249402325;-0.1597587785;0.4896195025;-0.1983661840
29.68;0.1297623098;-0.1616523315;0.4747095516;-0.1803058050
29.69;0.1344327247;-0.1633641562;0.4592900193;-0.1620239242
29.70;0.1389464718;-0.1648921399;0.4433790265;-0.1435410440
29.71;0.1432987290;-0.1662343761;0.4269952027;-0.1248778967
29.72;0.1474848633;-0.1673891667;0.4101576628;-0.1060554224
29.73;0.1515004350;-0.1683550238;0.3928859833;-0.0870947471
29.74;0.1553412025;-0.1691306719;0.3752001779;-0.0680171598
29.75;0.1590031261;-0.1697150487;0.3571206741;-0.0488440910
29.76;0.1624823729;-0.1701073072;0.3386682881;-0.0295970894
29.77;0.1657753195;-0.1703068162;0.3198642012;-0.0102978002
29.78;0.1688785562;-0.1703131613;0.3007299345;0.0090320584
29.79;0.1717888903;-0.1701261457;0.2812873247;0.0283707168
29.80;0.1745033486;-0.1697457903;0.2615584995;0.0476963775
29.81;0.1770191808;-0.1691723341;0.2415658527;0.0669872373
29.82;0.1793338616;-0.1684062342;0.2213320200;0.0862215105
29.83;0.1814450933;-0.1674481650;0.2008798539;0.1053774515
29.84;0.1833508077;-0.1662990185;0.1802323996;0.1244333776
29.85;0.1850491677;-0.1649599029;0.1594128702;0.1433676920
29.86;0.1865385693;-0.1634321417;0.1384446223;0.1621589065
29.87;0.1878176426;-0.1617172730;0.1173511318;0.1807856650
29.88;0.1888852530;-0.1598170473;0.0961559696;0.1992267655
29.89;0.1897405019;-0.1577334267;0.0748827770;0.2174611839
29.90;0.1903827274;-0.1554685821;0.0535552423;0.2354680963
29.91;0.1908115046;-0.1530248918;0.0321970760;0.2532269020
29.92;0.1910266459;-0.1504049390;0.0108319877;0.2707172467
29.93;0.1910282003;-0.1476115088;-0.0105163386;0.2879190446
29.94;0.1908164538;-0.1446475860;-0.0318242677;0.3048125016
29.95;0.1903919281;-0.1415163516;-0.0530682369;0.3213781375
29.96;0.1897553805;-0.1382211799;-0.0742247799;0.3375968088
29.97;0.1889078018;-0.1347656347;-0.0952705501;0.3534497305
29.98;0.1878504161;-0.1311534659;-0.1161823440;0.3689184988
29.99;0.1865846784;-0.1273886053;-0.1369371247;0.3839851123
30.00;0.1851122732;-0.1234751629;-0.1575120450;0.3986319941
30.01;0.1834351125;-0.1194174218;-0.1778844708;0.4128420133
30.02;0.1815553335;-0.1152198345;-0.1980320041;0.4265985055
30.03;0.1794752960;-0.1108870175;-0.2179325056;0.4398852940
30.04;0.1771975798;-0.1064237467;-0.2375641186;0.4526867099
30.05;0.1747249818;-0.1018349518;-0.2569052905;0.4649876120
30.06;0.1720605129;-0.0971257116;-0.2759347967;0.4767734066
30.07;0.1692073945;-0.0923012477;-0.2946317622;0.4880300658
30.08;0.1661690546;-0.0873669191;-0.3129756846;0.4987441464
30.09;0.1629491247;-0.0823282163;-0.3309464559;0.5089028077
30.10;0.1595514351;-0.0771907552;-0.3485243848;0.5184938282
30.11;0.1559800108;-0.0719602707;-0.3656902182;0.5275056229
30.12;0.1522390672;-0.0666426101;-0.3824251632;0.5359272581
30.13;0.1483330050;-0.0612437271;-0.3987109078;0.5437484674
30.14;0.1442664058;-0.0557696743;-0.4145296424;0.5509596654
30.15;0.1400440266;-0.0502265970;-0.4298640802;0.5575519610
30.16;0.1356707945;-0.0446207256;-0.4446974775;0.5635171706
30.17;0.1311518013;-0.0389583690;-0.4590136534;0.5688478290
30.18;0.1264922977;-0.0332459069;-0.4727970096;0.5735372005
30.19;0.1216976874;-0.0274897828;-0.4860325490;0.5775792885
30.20;0.1167735209;-0.0216964964;-0.4987058940;0.5809688443
30.21;0.1117254894;-0.0158725962;-0.5108033046;0.5837013749
30.22;0.1065594184;-0.0100246716;-0.5223116954;0.5857731494
30.23;0.1012812605;-0.0041593458;-0.5332186524;0.5871812048
30.24;0.0958970894;0.0017167326;-0.5435124484;0.5879233505
30.25;0.0904130923;0.0075968966;-0.5531820582;0.5879981717
30.26;0.0848355634;0.0134744692;-0.5622171731;0.5874050315
30.27;0.0791708960;0.0193427709;-0.5706082143;0.5861440727
30.28;0.0734255757;0.0251951275;-0.5783463451;0.5842162173
30.29;0.0676061726;0.0310248778;-0.5854234829;0.5816231655
30.30;0.0617193339;0.0368253815;-0.5918323098;0.5783673942
30.31;0.0557717762;0.0425900272;-0.5975662823;0.5744521531
30.32;0.0497702772;0.0483122395;-0.6026196397;0.5698814608
30.33;0.0437216689;0.0539854873;-0.6069874123;0.5646600991
30.34;0.0376328284;0.0596032909;-0.6106654274;0.5587936070
30.35;0.0315106710;0.0651592298;-0.6136503147;0.5522882730
30.36;0.0253621413;0.0706469501;-0.6159395112;0.5451511266
30.37;0.0191942058;0.0760601719;-0.6175312636;0.5373899290
30.38;0.0130138442;0.0813926966;-0.6184246307;0.5290131627
30.39;0.0068280418;0.0866384137;-0.6186194840;0.5200300201
30.40;0.0006437808;0.0917913085;-0.6181165077;0.5104503916
30.41;-0.0055319671;0.0968454683;-0.6169171967;0.5002848523
30.42;-0.0116922494;0.1017950898;-0.6150238541;0.4895446482
30.43;-0.0178301408;0.1066344852;-0.6124395874;0.4782416819
30.44;-0.0239387509;0.1113580892;-0.6091683030;0.4663884971
30.45;-0.0300112323;0.1159604649;-0.6052147007;0.4539982624
30.46;-0.0360407886;0.1204363101;-0.6005842658;0.4410847550
30.47;-0.0420206822;0.1247804634;-0.5952832609;0.4276623432
30.48;-0.0479442418;0.1289879102;-0.5893187162;0.4137459687
30.49;-0.0538048704;0.1330537878;-0.5826984194;0.3993511283
30.50;-0.0595960526;0.1369733912;-0.5754309033;0.3844938548
30.51;-0.0653113618;0.1407421785;-0.5675254342;0.3691906981
30.52;-0.0709444679;0.1443557756;-0.5589919974;0.3534587050
30.53;-0.0764891440;0.1478099814;-0.5498412835;0.3373153997
30.54;-0.0819392737;0.1511007723;-0.5400846727;0.3207787629
30.55;-0.0872888578;0.1542243068;-0.5297342189;0.3038672113
30.56;-0.0925320208;0.1571769295;-0.5188026324;0.2865995766
30.57;-0.0976630176;0.1599551754;-0.5073032627;0.2689950841
30.58;-0.1026762398;0.1625557735;-0.4952500799;0.2510733314
30.59;-0.1075662216;0.1649756509;-0.4826576557;0.2328542664
30.60;-0.1123276458;0.1672119353;-0.4695411439;0.2143581658
30.61;-0.1169553497;0.1692619592;-0.4559162604;0.1956056129
30.62;-0.1214443305;0.1711232622;-0.4417992621;0.1766174753
30.63;-0.1257897504;0.1727935938;-0.4272069264;0.1574148830
30.64;-0.1299869420;0.1742709162;-0.4121565293;0.1380192054
30.65;-0.1340314131;0.1755534062;-0.3966658235;0.1184520296
30.66;-0.1379188513;0.1766394577;-0.3807530167;0.0987351369
30.67;-0.1416451285;0.1775276830;-0.3644367483;0.0788904810
30.68;-0.1452063048;0.1782169151;-0.3477360676;0.0589401645
30.69;-0.1485986331;0.1787062082;-0.3306704098;0.0389064168
30.70;-0.1518185623;0.1789948397;-0.3132595740;0.0188115707
30.71;-0.1548627410;0.1790823106;-0.2955236990;-0.0013219602
30.72;-0.1577280209;0.1789683464;-0.2774832405;-0.0214717046
30.73;-0.1604114597;0.1786528975;-0.2591589472;-0.0416151566
30.74;-0.1629103238;0.1781361393;-0.2405718378;-0.0617297984
30.75;-0.1652220912;0.1774184726;-0.2217431768;-0.0817931241
30.76;-0.1673444537;0.1765005228;-0.2026944514;-0.1017826620
30.77;-0.1692753189;0.1753831400;-0.1834473475;-0.1216759985
30.78;-0.1710128122;0.1740673980;-0.1640237267;-0.1414508010
30.79;-0.1725552784;0.1725545933;-0.1444456019;-0.1610848412
30.80;-0.1739012830;0.1708462441;-0.1247351147;-0.1805560185
30.81;-0.1750496136;0.1689440890;-0.1049145111;-0.1998423832
30.82;-0.1759992806;0.1668500851;-0.0850061189;-0.2189221599
30.83;-0.1767495179;0.1645664064;-0.0650323234;-0.2377737707
30.84;-0.1772997837;0.1620954415;-0.0450155452;-0.2563758588
30.85;-0.1776497603;0.1594397914;-0.0249782160;-0.2747073115
30.86;-0.1777993543;0.1566022670;-0.0049427564;-0.2927472836
30.87;-0.1777486963;0.1535858860;0.0150684479;-0.3104752204
30.88;-0.1774981406;0.1503938702;0.0350330688;-0.3278708813
30.89;-0.1770482644;0.1470296424;0.0549288582;-0.3449143624
30.90;-0.1763998668;0.1434968222;0.0747336716;-0.3615861193
30.91;-0.1755539677;0.1397992230;0.0944254902;-0.3778669904
30.92;-0.1745118066;0.1359408480;0.1139824436;-0.3937382188
30.93;-0.1732748407;0.1319258854;0.1333828323;-0.4091814754
30.94;-0.1718447435;0.1277587048;0.1526051502;-0.4241788801
30.95;-0.1702234023;0.1234438521;0.1716281067;-0.4387130245
30.96;-0.1684129162;0.1189860450;0.1904306490;-0.4527669929
30.97;-0.1664155934;0.1143901676;0.2089919838;-0.4663243836
30.98;-0.1642339490;0.1096612656;0.2272915998;-0.4793693296
30.99;-0.1618707013;0.1048045404;0.2453092886;-0.4918865190
31.00;-0.1593287693;0.0998253437;0.2630251671;-0.5038612148
31.01;-0.1566112692;0.0947291717;0.2804196982;-0.5152792742
31.02;-0.1537215105;0.0895216590;0.2974737126;-0.5261271670
31.03;-0.1506629927;0.0842085721;0.3141684292;-0.5363919942
31.04;-0.1474394010;0.0787958036;0.3304854763;-0.5460615054
31.05;-0.1440546020;0.0732893652;0.3464069116;-0.5551241150
31.06;-0.1405126399;0.0676953809;0.3619152430;-0.5635689187
31.07;-0.1368177311;0.0620200804;0.3769934479;-0.5713857083
31.08;-0.1329742599;0.0562697920;0.3916249931;-0.5785649864
31.09;-0.1289867736;0.0504509352;0.4057938536;-0.5850979795
31.10;-0.1248599770;0.0445700136;0.4194845318;-0.5909766507
31.11;-0.1205987269;0.0386336077;0.4326820754;-0.5961937112
31.12;-0.1162080274;0.0326483668;0.4453720953;-0.6007426308
31.13;-0.1116930230;0.0266210017;0.4575407830;-0.6046176477
31.14;-0.1070589937;0.0205582770;0.4691749275;-0.6078137766
31.15;-0.1023113484;0.0144670033;0.4802619312;-0.6103268165
31.16;-0.0974556189;0.0083540292;0.4907898253;-0.6121533565
31.17;-0.0924974535;0.0022262334;0.5007472852;-0.6132907816
31.18;-0.0874426104;-0.0039094831;0.5101236443;-0.6137372760
31.19;-0.0822969511;-0.0100462054;0.5189089075;-0.6134918268
31.20;-0.0770664338;-0.0161770122;0.5270937640;-0.6125542250
31.21;-0.0717571061;-0.0222949845;0.5346695988;-0.6109250664
31.22;-0.0663750985;-0.0283932128;0.5416285042;-0.6086057509
31.23;-0.0609266166;-0.0344648061;0.5479632895;-0.6055984808
31.24;-0.0554179348;-0.0405028990;0.5536674903;-0.6019062579
31.25;-0.0498553881;-0.0465006605;0.5587353770;-0.5975328792
31.26;-0.0442453652;-0.0524513012;0.5631619619;-0.5924829321
31.27;-0.0385943009;-0.0583480816;0.5669430055;-0.5867617876
31.28;-0.0329086687;-0.0641843199;0.5700750218;-0.5803755934
31.29;-0.0271949732;-0.0699533995;0.5725552827;-0.5733312653
31.30;-0.0214597423;-0.0756487768;0.5743818212;-0.5656364775
31.31;-0.0157095200;-0.0812639887;0.5755534334;-0.5572996524
31.32;-0.0099508584;-0.0867926600;0.5760696796;-0.5483299491
31.33;-0.0041903101;-0.0922285108;0.5759308845;-0.5387372512
31.34;0.0015655792;-0.0975653635;0.5751381360;-0.5285321530
31.35;0.0073102787;-0.1027971500;0.5736932829;-0.5177259460
31.36;0.0130372797;-0.1079179185;0.5715989321;-0.5063306039
31.37;0.0187401034;-0.1129218403;0.5688584439;-0.4943587667
31.38;0.0244123083;-0.1178032163;0.5654759266;-0.4818237243
31.39;0.0300474978;-0.1225564836;0.5614562305;-0.4687393997
31.40;0.0356393274;-0.1271762216;0.5568049404;-0.4551203312
31.41;0.0411815121;-0.1316571581;0.5515283666;-0.4409816540
31.42;0.0466678336;-0.1359941749;0.5456335365;-0.4263390814
31.43;0.0520921475;-0.1401823141;0.5391281831;-0.4112088856
31.44;0.0574483901;-0.1442167831;0.5320207347;-0.3956078778
31.45;0.0627305854;-0.1480929599;0.5243203022;-0.3795533880
31.46;0.0679328520;-0.1518063985;0.5160366661;-0.3630632444
31.47;0.0730494094;-0.1553528335;0.5071802626;-0.3461557524
31.48;0.0780745848;-0.1587281848;0.4977621692;-0.3288496735
31.49;0.0830028193;-0.1619285622;0.4877940891;-0.3111642036
31.50;0.0878286741;-0.1649502695;0.4772883348;-0.2931189513
31.51;0.0925468366;-0.1677898085;0.4662578120;-0.2747339161
31.52;0.0971521259;-0.1704438830;0.4547160012;-0.2560294659
31.53;0.1016394990;-0.1729094021;0.4426769407;-0.2370263148
31.54;0.1060040557;-0.1751834837;0.4301552072;-0.2177455007
31.55;0.1102410444;-0.1772634576;0.4171658971;-0.1982083625
31.56;0.1143458669;-0.1791468685;0.4037246070;-0.1784365177
31.57;0.1183140834;-0.1808314784;0.3898474135;-0.1584518391
31.58;0.1221414171;-0.1823152695;0.3755508528;-0.1382764325
31.59;0.1258237590;-0.1835964457;0.3608519003;-0.1179326133
31.60;0.1293571717;-0.1846734353;0.3457679491;-0.0974428836
31.61;0.1327378938;-0.1855448925;0.3303167892;-0.0768299092
31.62;0.1359623439;-0.1862096987;0.3145165853;-0.0561164965
31.63;0.1390271237;-0.1866669640;0.2983858556;-0.0353255692
31.64;0.1419290220;-0.1869160284;0.2819434495;-0.0144801451
31.65;0.1446650175;-0.1869564622;0.2652085255;0.0063966870
31.66;0.1472322822;-0.1867880670;0.2482005292;0.0272817908
31.67;0.1496281835;-0.1864108760;0.2309391705;0.0481520056
31.68;0.1518502875;-0.1858251538;0.2134444016;0.0689841700
31.69;0.1538963607;-0.1850313966;0.1957363943;0.0897551451
31.70;0.1557643724;-0.1840303318;0.1778355173;0.1104418378
31.71;0.1574524966;-0.1828229175;0.1597623141;0.1310212247
31.72;0.1589591132;-0.1814103415;0.1415374801;0.1514703754
31.73;0.1602828101;-0.1797940202;0.1231818400;0.1717664762
31.74;0.1614223837;-0.1779755977;0.1047163254;0.1918868535
31.75;0.1623768404;-0.1759569440;0.0861619524;0.2118089978
31.76;0.1631453968;-0.1737401530;0.0675397990;0.2315105869
31.77;0.1637274808;-0.1713275412;0.0488709827;0.2509695100
31.78;0.1641227314;-0.1687216447;0.0301766380;0.2701638912
31.79;0.1643309989;-0.1659252173;0.0114778946;0.2890721130
31.80;0.1643523450;-0.1629412275;-0.0072041453;0.3076728403
31.81;0.1641870419;-0.1597728557;-0.0258484290;0.3259450438
31.82;0.1638355722;-0.1564234908;-0.0444339752;0.3438680233
31.83;0.1632986278;-0.1528967272;-0.0629398961;0.3614214317
31.84;0.1625771090;-0.1491963608;-0.0813454191;0.3785852976
31.85;0.1616721229;-0.1453263851;-0.0996299088;0.3953400491
31.86;0.1605849826;-0.1412909875;-0.1177728883;0.4116665367
31.87;0.1593172046;-0.1370945444;-0.1357540612;0.4275460557
31.88;0.1578705077;-0.1327416172;-0.1535533324;0.4429603692
31.89;0.1562468106;-0.1282369470;-0.1711508298;0.4578917303
31.90;0.1544482292;-0.1235854500;-0.1885269251;0.4723229037
31.91;0.1524770747;-0.1187922120;-0.2056622552;0.4862371879
31.92;0.1503358503;-0.1138624832;-0.2225377424;0.4996184360
31.93;0.1480272487;-0.1088016722;-0.2391346154;0.5124510765
31.94;0.1455541483;-0.1036153404;-0.2554344294;0.5247201335
31.95;0.1429196107;-0.0983091962;-0.2714190867;0.5364112465
31.96;0.1401268763;-0.0928890879;-0.2870708559;0.5475106898
31.97;0.1371793611;-0.0873609984;-0.3023723925;0.5580053902
31.98;0.1340806525;-0.0817310375;-0.3173067573;0.5678829455
31.99;0.1308345051;-0.0760054358;-0.3318574362;0.5771316413
32.00;0.1274448364;-0.0701905377;-0.3460083587;0.5857404672
32.01;0.1239157226;-0.0642927939;-0.3597439163;0.5936991322
32.02;0.1202513932;-0.0583187543;-0.3730489802;0.6009980795
32.03;0.1164562269;-0.0522750609;-0.3859089196;0.6076284998
32.04;0.1125347458;-0.0461684398;-0.3983096181;0.6135823442
32.05;0.1084916107;-0.0400056938;-0.4102374908;0.6188523356
32.06;0.1043316157;-0.0337936945;-0.4216795002;0.6234319798
32.07;0.1000596820;-0.0275393746;-0.4326231723;0.6273155744
32.08;0.0956808532;-0.0212497197;-0.4430566109;0.6304982179
32.09;0.0912002884;-0.0149317606;-0.4529685129;0.6329758165
32.10;0.0866232572;-0.0085925647;-0.4623481813;0.6347450907
32.11;0.0819551327;-0.0022392283;-0.4711855389;0.6358035798
32.12;0.0772013858;0.0041211319;-0.4794711407;0.6361496460
32.13;0.0723675786;0.0104813870;-0.4871961851;0.6357824772
32.14;0.0674593579;0.0168344039;-0.4943525256;0.6347020878
32.15;0.0624824489;0.0231730539;-0.5009326802;0.6329093195
32.16;0.0574426478;0.0294902210;-0.5069298415;0.6304058396
32.17;0.0523458160;0.0357788097;-0.5123378845;0.6271941395
32.18;0.0471978722;0.0420317538;-0.5171513745;0.6232775305
32.19;0.0420047863;0.0482420242;-0.5213655739;0.6186601398
32.20;0.0367725720;0.0544026369;-0.5249764478;0.6133469044
32.21;0.0315072797;0.0605066617;-0.5279806690;0.6073435640
32.22;0.0262149897;0.0665472294;-0.5303756218;0.6006566534
32.23;0.0209018047;0.0725175404;-0.5321594052;0.5932934928
32.24;0.0155738430;0.0784108719;-0.5333308346;0.5852621780
32.25;0.0102372309;0.0842205861;-0.5338894426;0.5765715691
32.26;0.0048980962;0.0899401375;-0.5338354798;0.5672312782
32.27;-0.0004374398;0.0955630804;-0.5331699129;0.5572516561
32.28;-0.0057632688;0.1010830762;-0.5318944232;0.5466437785
32.29;-0.0110733029;0.1064939008;-0.5300114035;0.5354194310
32.30;-0.0163614819;0.1117894513;-0.5275239545;0.5235910932
32.31;-0.0216217798;0.1169637531;-0.5244358791;0.5111719223
32.32;-0.0268482122;0.1220109662;-0.5207516773;0.4981757359
32.33;-0.0320348433;0.1269253924;-0.5164765391;0.4846169940
32.34;-0.0371757926;0.1317014810;-0.5116163367;0.4705107805
32.35;-0.0422652415;0.1363338353;-0.5061776158;0.4558727843
32.36;-0.0472974404;0.1408172182;-0.5001675863;0.4407192793
32.37;-0.0522667149;0.1451465584;-0.4935941116;0.4250671042
32.38;-0.0571674726;0.1493169558;-0.4864656977;0.4089336426
32.39;-0.0619942093;0.1533236866;-0.4787914810;0.3923368013
32.40;-0.0667415152;0.1571622085;-0.4705812154;0.3752949891
32.41;-0.0714040812;0.1608281659;-0.4618452589;0.3578270956
32.42;-0.0759767044;0.1643173945;-0.4525945595;0.3399524686
32.43;-0.0804542948;0.1676259254;-0.4428406398;0.3216908925
32.44;-0.0848318800;0.1707499897;-0.4325955819;0.3030625655
32.45;-0.0891046112;0.1736860227;-0.4218720110;0.2840880772
32.46;-0.0932677688;0.1764306671;-0.4106830786;0.2647883858
32.47;-0.0973167670;0.1789807773;-0.3990424456;0.2451847950
32.48;-0.1012471591;0.1813334220;-0.3869642640;0.2252989315
32.49;-0.1050546424;0.1834858880;-0.3744631589;0.2051527215
32.50;-0.1087350627;0.1854356826;-0.3615542100;0.1847683675
32.51;-0.1122844187;0.1871805363;-0.3482529323;0.1641683253
32.52;-0.1156988666;0.1887184057;-0.3345752568;0.1433752808
32.53;-0.1189747235;0.1900474749;-0.3205375109;0.1224121260
32.54;-0.1221084721;0.1911661580;-0.3061563979;0.1013019367
32.55;-0.1250967637;0.1920731009;-0.2914489772;0.0800679479
32.56;-0.1279364218;0.1927671822;-0.2764326436;0.0587335314
32.57;-0.1306244458;0.1932475150;-0.2611251065;0.0373221717
32.58;-0.1331580132;0.1935134477;-0.2455443691;0.0158574428
32.59;-0.1355344833;0.1935645648;-0.2297087073;-0.0056370155
32.60;-0.1377513993;0.1934006872;-0.2136366483;-0.0271375208
32.61;-0.1398064908;0.1930218732;-0.1973469498;-0.0486203723
32.62;-0.1416976760;0.1924284176;-0.1808585779;-0.0700618735
32.63;-0.1434230639;0.1916208525;-0.1641906865;-0.0914383569
32.64;-0.1449809557;0.1905999460;-0.1473625950;-0.1127262067
32.65;-0.1463698466;0.1893667023;-0.1303937673;-0.1339018832
32.66;-0.1475884272;0.1879223604;-0.1133037900;-0.1549419463
32.67;-0.1486355842;0.1862683931;-0.0961123510;-0.1758230792
32.68;-0.1495104019;0.1844065058;-0.0788392177;-0.1965221125
32.69;-0.1502121623;0.1823386346;-0.0615042159;-0.2170160477
32.70;-0.1507403462;0.1800669446;-0.0441272078;-0.2372820817
32.71;-0.1510946327;0.1775938280;-0.0267280711;-0.2572976300
32.72;-0.1512749001;0.1749219015;-0.0093266773;-0.2770403512
32.73;-0.1512812249;0.1720540041;0.0080571297;-0.2964881705
32.74;-0.1511138821;0.1689931938;0.0254035546;-0.3156193040
32.75;-0.1507733442;0.1657427453;0.0426928720;-0.3344122823
32.76;-0.1502602805;0.1623061459;0.0599054476;-0.3528459746
32.77;-0.1495755561;0.1586870927;0.0770217587;-0.3708996122
32.78;-0.1487202309;0.1548894885;0.0940224157;-0.3885528123
32.79;-0.1476955575;0.1509174380;0.1108881824;-0.4057856013
32.80;-0.1465029804;0.1467752431;0.1275999969;-0.4225784387
32.81;-0.1451441337;0.1424673994;0.1441389918;-0.4389122396
32.82;-0.1436208389;0.1379985906;0.1604865147;-0.4547683982
32.83;-0.1419351031;0.1333736841;0.1766241485;-0.4701288101
32.84;-0.1400891162;0.1285977257;0.1925337311;-0.4849758949
32.85;-0.1380852483;0.1236759342;0.2081973754;-0.4992926179
32.86;-0.1359260472;0.1186136962;0.2235974886;-0.5130625122
32.87;-0.1336142347;0.1134165599;0.2387167921;-0.5262696992
32.88;-0.1311527040;0.1080902290;0.2535383401;-0.5388989099
32.89;-0.1285445158;0.1026405572;0.2680455389;-0.5509355046
32.90;-0.1257928952;0.0970735411;0.2822221651;-0.5623654925
32.91;-0.1229012273;0.0913953140;0.2960523840;-0.5731755507
32.92;-0.1198730538;0.0856121389;0.3095207677;-0.5833530421
32.93;-0.1167120682;0.0797304017;0.3226123127;-0.5928860331
32.94;-0.1134221123;0.0737566041;0.3353124570;-0.6017633099
32.95;-0.1100071709;0.0676973563;0.3476070969;-0.6099743946
32.96;-0.1064713676;0.0615593695;0.3594826038;-0.6175095600
32.97;-0.1028189599;0.0553494483;0.3709258396;-0.6243598431
32.98;-0.0990543340;0.0490744831;0.3819241725;-0.6305170586
32.99;-0.0951819999;0.0427414422;0.3924654923;-0.6359738105
33.00;-0.0912065862;0.0363573640;0.4025382241;-0.6407235029
33.01;-0.0871328343;0.0299293485;0.4121313428;-0.6447603501
33.02;-0.0829655931;0.0234645499;0.4212343862;-0.6480793845
33.03;-0.0787098133;0.0169701676;0.4298374675;-0.6506764647
33.04;-0.0743705415;0.0104534384;0.4379312876;-0.6525482815
33.05;-0.0699529143;0.0039216280;0.4455071462;-0.6536923625
33.06;-0.0654621522;-0.0026179774;0.4525569526;-0.6541070768
33.07;-0.0609035538;-0.0091580795;0.4590732355;-0.6537916367
33.08;-0.0562824889;-0.0156913763;0.4650491523;-0.6527460993
33.09;-0.0516043928;-0.0222105706;0.4704784974;-0.6509713666
33.10;-0.0468747596;-0.0287083785;0.4753557094;-0.6484691842
33.11;-0.0420991356;-0.0351775378;0.4796758788;-0.6452421391
33.12;-0.0372831132;-0.0416108163;0.4834347527;-0.6412936556
33.13;-0.0324323237;-0.0480010201;0.4866287409;-0.6366279905
33.14;-0.0275524313;-0.0543410022;0.4892549195;-0.6312502272
33.15;-0.0226491257;-0.0606236705;0.4913110344;-0.6251662684
33.16;-0.0177281162;-0.0668419958;0.4927955036;-0.6183828271
33.17;-0.0127951243;-0.0729890202;0.4937074188;-0.6109074178
33.18;-0.0078558773;-0.0790578650;0.4940465461;-0.6027483453
33.19;-0.0029161014;-0.0850417383;0.4938133253;-0.5939146932
33.20;0.0020184849;-0.0909339429;0.4930088690;-0.5844163111
33.21;0.0069421776;-0.0967278839;0.4916349606;-0.5742638011
33.22;0.0118492939;-0.1024170761;0.4896940506;-0.5634685027
33.23;0.0167341788;-0.1079951513;0.4871892535;-0.5520424778
33.24;0.0215912117;-0.1134558656;0.4841243422;-0.5399984943
33.25;0.0264148132;-0.1187931060;0.4805037427;-0.5273500088
33.26;0.0311994510;-0.1240008977;0.4763325275;-0.5141111488
33.27;0.0359396472;-0.1290734102;0.4716164079;-0.5002966942
33.28;0.0406299838;-0.1340049641;0.4663617262;-0.4859220585
33.29;0.0452651095;-0.1387900373;0.4605754460;-0.4710032684
33.30;0.0498397458;-0.1434232709;0.4542651428;-0.4555569443
33.31;0.0543486927;-0.1478994749;0.4474389931;-0.4396002788
33.32;0.0587868352;-0.1522136343;0.4401057632;-0.4231510163
33.33;0.0631491487;-0.1563609140;0.4322747971;-0.4062274310
33.34;0.0674307049;-0.1603366643;0.4239560034;-0.3888483047
33.35;0.0716266774;-0.1641364257;0.4151598423;-0.3710329055
33.36;0.0757323471;-0.1677559338;0.4058973111;-0.3528009644
33.37;0.0797431073;-0.1711911237;0.3961799301;-0.3341726531
33.38;0.0836544695;-0.1744381342;0.3860197266;-0.3151685610
33.39;0.0874620674;-0.1774933121;0.3754292198;-0.2958096720
33.40;0.0911616627;-0.1803532160;0.3644214043;-0.2761173414
33.41;0.0947491492;-0.1830146197;0.3530097331;-0.2561132726
33.42;0.0982205574;-0.1854745157;0.3412081009;-0.2358194937
33.43;0.1015720589;-0.1877301182;0.3290308259;-0.2152583339
33.44;0.1047999707;-0.1897788664;0.3164926326;-0.1944524001
33.45;0.1079007588;-0.1916184265;0.3036086328;-0.1734245531
33.46;0.1108710422;-0.1932466946;0.2903943070;-0.1521978845
33.47;0.1137075965;-0.1946617990;0.2768654860;-0.1307956923
33.48;0.1164073574;-0.1958621016;0.2630383312;-0.1092414579
33.49;0.1189674235;-0.1968462001;0.2489293153;-0.0875588223
33.50;0.1213850599;-0.1976129293;0.2345552027;-0.0657715623
33.51;0.1236577006;-0.1981613622;0.2199330297;-0.0439035669
33.52;0.1257829512;-0.1984908114;0.2050800845;-0.0219788134
33.53;0.1277585914;-0.1986008294;0.1900138867;-0.0000213444
33.54;0.1295825772;-0.1984912095;0.1747521677;0.0219447568
33.55;0.1312530427;-0.1981619859;0.1593128498;0.0438953893
33.56;0.1327683024;-0.1976134336;0.1437140260;0.0658064585
33.57;0.1341268523;-0.1968460688;0.1279739395;0.0876539002
33.58;0.1353273715;-0.1958606478;0.1121109630;0.1094137037
33.59;0.1363687235;-0.1946581666;0.0961435782;0.1310619365
33.60;0.1372499570;-0.1932398604;0.0800903553;0.1525747673
33.61;0.1379703066;-0.1916072017;0.0639699323;0.1739284907
33.62;0.1385291939;-0.1897618995;0.0478009944;0.1950995507
33.63;0.1389262271;-0.1877058976;0.0316022535;0.2160645647
33.64;0.1391612020;-0.1854413724;0.0153924274;0.2368003476
33.65;0.1392341011;-0.1829707313;-0.0008097802;0.2572839360
33.66;0.1391450940;-0.1802966101;-0.0169857006;0.2774926120
33.67;0.1388945368;-0.1774218704;-0.0331167201;0.2974039274
33.68;0.1384829711;-0.1743495967;-0.0491843005;0.3169957277
33.69;0.1379111237;-0.1710830937;-0.0651699994;0.3362461764
33.70;0.1371799052;-0.1676258828;-0.0810554900;0.3551337786
33.71;0.1362904086;-0.1639816982;-0.0968225812;0.3736374053
33.72;0.1352439084;-0.1601544838;-0.1124532374;0.3917363170
33.73;0.1340418583;-0.1561483888;-0.1279295986;0.4094101877
33.74;0.1326858897;-0.1519677633;-0.1432339992;0.4266391281
33.75;0.1311778097;-0.1476171542;-0.1583489882;0.4434037096
33.76;0.1295195988;-0.1431013003;-0.1732573479;0.4596849869
33.77;0.1277134081;-0.1384251271;-0.1879421132;0.4754645214
33.78;0.1257615575;-0.1335937422;-0.2023865903;0.4907244034
33.79;0.1236665321;-0.1286124292;-0.2165743753;0.5054472749
33.80;0.1214309794;-0.1234866428;-0.2304893727;0.5196163511
33.81;0.1190577066;-0.1182220023;-0.2441158132;0.5332154421
33.82;0.1165496765;-0.1128242860;-0.2574382719;0.5462289739
33.83;0.1139100047;-0.1072994247;-0.2704416857;0.5586420085
33.84;0.1111419553;-0.1016534953;-0.2831113700;0.5704402642
33.85;0.1082489375;-0.0958927142;-0.2954330366;0.5816101347
33.86;0.1052345010;-0.0900234305;-0.3073928091;0.5921387074
33.87;0.1021023326;-0.0840521186;-0.3189772396;0.6020137813
33.88;0.0988562509;-0.0779853716;-0.3301733244;0.6112238841
33.89;0.0955002025;-0.0718298935;-0.3409685190;0.6197582880
33.90;0.0920382571;-0.0655924916;-0.3513507529;0.6276070253
33.91;0.0884746027;-0.0592800694;-0.3613084444;0.6347609022
33.92;0.0848135405;-0.0528996180;-0.3708305135;0.6412115126
33.93;0.0810594799;-0.0464582089;-0.3799063960;0.6469512497
33.94;0.0772169335;-0.0399629855;-0.3885260556;0.6519733176
33.95;0.0732905113;-0.0334211549;-0.3966799964;0.6562717412
33.96;0.0692849159;-0.0268399802;-0.4043592742;0.6598413749
33.97;0.0652049361;-0.0202267713;-0.4115555072;0.6626779106
33.98;0.0610554421;-0.0135888774;-0.4182608865;0.6647778837
33.99;0.0568413789;-0.0069336778;-0.4244681853;0.6661386787
34.00;0.0525677609;-0.0002685739;-0.4301707679;0.6667585330
34.01;0.0482396662;0.0063990198;-0.4353625977;0.6666365396
34.02;0.0438622298;0.0130616837;-0.4400382444;0.6657726486
34.03;0.0394406381;0.0197120022;-0.4441928907;0.6641676672
34.04;0.0349801228;0.0263425721;-0.4478223380;0.6618232587
34.05;0.0304859541;0.0329460108;-0.4509230113;0.6587419401
34.06;0.0259634351;0.0395149655;-0.4534919636;0.6549270782
34.07;0.0214178951;0.0460421210;-0.4555268788;0.6503828848
34.08;0.0168546835;0.0525202087;-0.4570260746;0.6451144107
34.09;0.0122791630;0.0589420144;-0.4579885040;0.6391275380
34.10;0.0076967041;0.0653003869;-0.4584137562;0.6324289716
34.11;0.0031126779;0.0715882463;-0.4583020563;0.6250262298
34.12;-0.0014675498;0.0777985918;-0.4576542649;0.6169276330
34.13;-0.0060386252;0.0839245096;-0.4564718757;0.6081422921
34.14;-0.0105952123;0.0899591812;-0.4547570137;0.5986800956
34.15;-0.0151319996;0.0958958906;-0.4525124311;0.5885516953
34.16;-0.0196437062;0.1017280322;-0.4497415036;0.5777684918
34.17;-0.0241250883;0.1074491180;-0.4464482249;0.5663426185
34.18;-0.0285709447;0.1130527850;-0.4426372010;0.5542869251
34.19;-0.0329761237;0.1185328021;-0.4383136437;0.5416149600
34.20;-0.0373355284;0.1238830772;-0.4334833627;0.5283409523
34.21;-0.0416441230;0.1290976638;-0.4281527579;0.5144797929
34.22;-0.0458969389;0.1341707675;-0.4223288099;0.5000470149
34.23;-0.0500890798;0.1390967524;-0.4160190708;0.4850587736
34.24;-0.0542157279;0.1438701471;-0.4092316534;0.4695318258
34.25;-0.0582721493;0.1484856508;-0.4019752204;0.4534835087
34.26;-0.0622536994;0.1529381389;-0.3942589726;0.4369317184
34.27;-0.0661558283;0.1572226683;-0.3860926363;0.4198948882
34.28;-0.0699740859;0.1613344829;-0.3774864507;0.4023919655
34.29;-0.0737041268;0.1652690186;-0.3684511541;0.3844423903
34.30;-0.0773417159;0.1690219081;-0.3589979697;0.3660660716
34.31;-0.0808827321;0.1725889853;-0.3491385915;0.3472833645
34.32;-0.0843231741;0.1759662899;-0.3388851684;0.3281150470
34.33;-0.0876591638;0.1791500713;-0.3282502894;0.3085822968
34.34;-0.0908869516;0.1821367928;-0.3172469670;0.2887066673
34.35;-0.0940029197;0.1849231347;-0.3058886211;0.2685100644
34.36;-0.0970035865;0.1875059982;-0.2941890618;0.2480147225
34.37;-0.0998856107;0.1898825084;-0.2821624729;0.2272431811
34.38;-0.1026457943;0.1920500171;-0.2698233936;0.2062182605
34.39;-0.1052810864;0.1940061058;-0.2571867011;0.1849630384
34.40;-0.1077885868;0.1957485878;-0.2442675928;0.1635008258
34.41;-0.1101655485;0.1972755107;-0.2310815674;0.1418551434
34.42;-0.1124093810;0.1985851581;-0.2176444065;0.1200496977
34.43;-0.1145176529;0.1996760516;-0.2039721561;0.0981083570
34.44;-0.1164880947;0.2005469523;-0.1900811074;0.0760551277
34.45;-0.1183186007;0.2011968616;-0.1759877776;0.0539141307
34.46;-0.1200072317;0.2016250230;-0.1617088910;0.0317095773
34.47;-0.1215522163;0.2018309222;-0.1472613593;0.0094657456
34.48;-0.1229519536;0.2018142880;-0.1326622622;-0.0127930436
34.49;-0.1242050138;0.2015750926;-0.1179288278;-0.0350424499
34.50;-0.1253101402;0.2011135514;-0.1030784130;-0.0572581380
34.51;-0.1262662503;0.2004301233;-0.0881284840;-0.0794158007
34.52;-0.1270724366;0.1995255097;-0.0730965961;-0.1014911833
34.53;-0.1277279677;0.1984006545;-0.0580003745;-0.1234601072
34.54;-0.1282322886;0.1970567427;-0.0428574940;-0.1452984940
34.55;-0.1285850211;0.1954951996;-0.0276856598;-0.1669823889
34.56;-0.1287859643;0.1937176893;-0.0125025872;-0.1884879854
34.57;-0.1288350944;0.1917261131;0.0026740176;-0.2097916488
34.58;-0.1287325645;0.1895226077;0.0178264774;-0.2308699401
34.59;-0.1284787041;0.1871095430;0.0329371638;-0.2516996407
34.60;-0.1280740190;0.1844895201;0.0479885164;-0.2722577758
34.61;-0.1275191898;0.1816653685;0.0629630622;-0.2925216385
34.62;-0.1268150717;0.1786401431;0.0778434354;-0.3124688147
34.63;-0.1259626926;0.1754171216;0.0926123964;-0.3320772059
34.64;-0.1249632522;0.1719998009;0.1072528506;-0.3513250543
34.65;-0.1238181204;0.1683918937;0.1217478681;-0.3701909664
34.66;-0.1225288355;0.1645973248;0.1360807020;-0.3886539367
34.67;-0.1210971022;0.1606202269;0.1502348073;-0.4066933717
34.68;-0.1195247896;0.1564649365;0.1641938595;-0.4242891136
34.69;-0.1178139288;0.1521359894;0.1779417726;-0.4414214638
34.70;-0.1159667107;0.1476381160;0.1914627176;-0.4580712060
34.71;-0.1139854830;0.1429762365;0.2047411403;-0.4742196297
34.72;-0.1118727473;0.1381554552;0.2177617786;-0.4898485523
34.73;-0.1096311566;0.1331810560;0.2305096804;-0.5049403421
34.74;-0.1072635117;0.1280584959;0.2429702204;-0.5194779403
34.75;-0.1047727578;0.1227933996;0.2551291171;-0.5334448825
34.76;-0.1021619813;0.1173915534;0.2669724490;-0.5468253198
34.77;-0.0994344059;0.1118588991;0.2784866710;-0.5596040397
34.78;-0.0965933889;0.1062015271;0.2896586303;-0.5717664862
34.79;-0.0936424168;0.1004256701;0.3004755812;-0.5832987789
34.80;-0.0905851018;0.0945376961;0.3109252010;-0.5941877323
34.81;-0.0874251770;0.0885441017;0.3209956036;-0.6044208732
34.82;-0.0841664920;0.0824515041;0.3306753546;-0.6139864585
34.83;-0.0808130088;0.0762666345;0.3399534841;-0.6228734915
34.84;-0.0773687962;0.0699963304;0.3488195002;-0.6310717371
34.85;-0.0738380259;0.0636475275;0.3572634017;-0.6385717367
34.86;-0.0702249670;0.0572272523;0.3652756899;-0.6453648215
34.87;-0.0665339809;0.0507426139;0.3728473803;-0.6514431254
34.88;-0.0627695164;0.0442007961;0.3799700136;-0.6567995960
34.89;-0.0589361041;0.0376090491;0.3866356656;-0.6614280055
34.90;-0.0550383511;0.0309746811;0.3928369572;-0.6653229592
34.91;-0.0510809357;0.0243050501;0.3985670634;-0.6684799041
34.92;-0.0470686015;0.0176075556;0.4038197214;-0.6708951353
34.93;-0.0430061519;0.0108896296;0.4085892382;-0.6725658018
34.94;-0.0388984444;0.0041587283;0.4128704979;-0.6734899104
34.95;-0.0347503848;-0.0025776761;0.4166589677;-0.6736663291
34.96;-0.0305669210;-0.0093121048;0.4199507029;-0.6730947885
34.97;-0.0263530378;-0.0160370804;0.4227423525;-0.6717758824
34.98;-0.0221137503;-0.0227451359;0.4250311622;-0.6697110669
34.99;-0.0178540981;-0.0294288229;0.4268149781;-0.6669026578
35.00;-0.0135791394;-0.0360807207;0.4280922490;-0.6633538279
35.01;-0.0092939449;-0.0426934446;0.4288620278;-0.6590686016
35.02;-0.0050035917;-0.0492596541;0.4291239724;-0.6540518492
35.03;-0.0007131575;-0.0557720619;0.4288783454;-0.6483092795
35.04;0.0035722860;-0.0622234419;0.4281260139;-0.6418474318
35.05;0.0078476785;-0.0686066373;0.4268684472;-0.6346736656
35.06;0.0121079775;-0.0749145691;0.4251077146;-0.6267961505
35.07;0.0163481643;-0.0811402441;0.4228464826;-0.6182238541
35.08;0.0205632496;-0.0872767626;0.4200880100;-0.6089665291
35.09;0.0247482797;-0.0933173262;0.4168361443;-0.5990346993
35.10;0.0288983424;-0.0992552456;0.4130953150;-0.5884396450
35.11;0.0330085726;-0.1050839482;0.4088705282;-0.5771933869
35.12;0.0370741582;-0.1107969849;0.4041673590;-0.5653086696
35.13;0.0410903455;-0.1163880380;0.3989919443;-0.5527989441
35.14;0.0450524451;-0.1218509274;0.3933509737;-0.5396783495
35.15;0.0489558371;-0.1271796179;0.3872516810;-0.5259616941
35.16;0.0527959767;-0.1323682258;0.3807018339;-0.5116644357
35.17;0.0565683994;-0.1374110248;0.3737097238;-0.4968026615
35.18;0.0602687262;-0.1423024528;0.3662841547;-0.4813930673
35.19;0.0638926685;-0.1470371175;0.3584344317;-0.4654529363
35.20;0.0674360335;-0.1516098024;0.3501703482;-0.4490001172
35.21;0.0708947284;-0.1560154720;0.3415021736;-0.4320530022
35.22;0.0742647656;-0.1602492777;0.3324406400;-0.4146305046
35.23;0.0775422671;-0.1643065621;0.3229969278;-0.3967520361
35.24;0.0807234689;-0.1681828646;0.3131826522;-0.3784374834
35.25;0.0838047250;-0.1718739258;0.3030098476;-0.3597071856
35.26;0.0867825121;-0.1753756916;0.2924909531;-0.3405819100
35.27;0.0896534331;-0.1786843179;0.2816387962;-0.3210828291
35.28;0.0924142210;-0.1817961739;0.2704665777;-0.3012314967
35.29;0.0950617428;-0.1847078466;0.2589878544;-0.2810498241
35.30;0.0975930026;-0.1874161433;0.2472165233;-0.2605600560
35.31;0.1000051452;-0.1899180958;0.2351668039;-0.2397847472
35.32;0.1022954591;-0.1922109625;0.2228532218;-0.2187467378
35.33;0.1044613794;-0.1942922318;0.2102905902;-0.1974691300
35.34;0.1065004909;-0.1961596242;0.1974939929;-0.1759752639
35.35;0.1084105305;-0.1978110947;0.1844787664;-0.1542886932
35.36;0.1101893893;-0.1992448348;0.1712604810;-0.1324331619
35.37;0.1118351158;-0.2004592744;0.1578549233;-0.1104325798
35.38;0.1133459168;-0.2014530831;0.1442780774;-0.0883109992
35.39;0.1147201602;-0.2022251716;0.1305461063;-0.0660925904
35.40;0.1159563762;-0.2027746930;0.1166753332;-0.0438016185
35.41;0.1170532590;-0.2031010432;0.1026822226;-0.0214624190
35.42;0.1180096681;-0.2032038618;0.0885833618;0.0009006254
35.43;0.1188246294;-0.2030830325;0.0743954415;0.0232631091
35.44;0.1194973360;-0.2027386829;0.0601352367;0.0456006271
35.45;0.1200271493;-0.2021711845;0.0458195883;0.0678887988
35.46;0.1204135992;-0.2013811525;0.0314653834;0.0901032919
35.47;0.1206563848;-0.2003694451;0.0170895365;0.1122198460
35.48;0.1207553742;-0.1991371626;0.0027089705;0.1342142966
35.49;0.1207106049;-0.1976856464;-0.0116594024;0.1560625990
35.50;0.1205222831;-0.1960164775;-0.0259987001;0.1777408517
35.51;0.1201907839;-0.1941314754;-0.0402920887;0.1992253208
35.52;0.1197166503;-0.1920326956;-0.0545228024;0.2204924638
35.53;0.1191005924;-0.1897224283;-0.0686741614;0.2415189532
35.54;0.1183434868;-0.1872031958;-0.0827295913;0.2622817008
35.55;0.1174463752;-0.1844777496;-0.0966726415;0.2827578814
35.56;0.1164104630;-0.1815490686;-0.1104870037;0.3029249570
35.57;0.1152371180;-0.1784203550;-0.1241565303;0.3227607007
35.58;0.1139278685;-0.1750950321;-0.1376652527;0.3422432201
35.59;0.1124844016;-0.1715767399;-0.1509973993;0.3613509821
35.60;0.1109085610;-0.1678693322;-0.1641374135;0.3800628357
35.61;0.1092023449;-0.1639768722;-0.1770699714;0.3983580365
35.62;0.1073679034;-0.1599036282;-0.1897799993;0.4162162696
35.63;0.1054075361;-0.1556540697;-0.2022526910;0.4336176736
35.64;0.1033236892;-0.1512328622;-0.2144735247;0.4505428633
35.65;0.1011189526;-0.1466448629;-0.2264282801;0.4669729533
35.66;0.0987960569;-0.1418951149;-0.2381030547;0.4828895801
35.67;0.0963578701;-0.1369888424;-0.2494842798;0.4982749247
35.68;0.0938073940;-0.1319314450;-0.2605587370;0.5131117351
35.69;0.0911477609;-0.1267284918;-0.2713135729;0.5273833474
35.70;0.0883822296;-0.1213857157;-0.2817363150;0.5410737072
35.71;0.0855141819;-0.1159090068;-0.2918148861;0.5541673904
35.72;0.0825471182;-0.1103044063;-0.3015376189;0.5666496233
35.73;0.0794846533;-0.1045780997;-0.3108932697;0.5785063022
35.74;0.0763305125;-0.0987364103;-0.3198710321;0.5897240121
35.75;0.0730885269;-0.0927857919;-0.3284605501;0.6002900450
35.76;0.0697626288;-0.0867328218;-0.3366519305;0.6101924173
35.77;0.0663568470;-0.0805841935;-0.3444357549;0.6194198865
35.78;0.0628753021;-0.0743467089;-0.3518030914;0.6279619666
35.79;0.0593222017;-0.0680272713;-0.3587455053;0.6358089432
35.80;0.0557018350;-0.0616328771;-0.3652550694;0.6429518872
35.81;0.0520185680;-0.0551706077;-0.3713243742;0.6493826675
35.82;0.0482768381;-0.0486476222;-0.3769465366;0.6550939628
35.83;0.0444811490;-0.0420711486;-0.3821152083;0.6600792723
35.84;0.0406360651;-0.0354484759;-0.3868245840;0.6643329253
35.85;0.0367462060;-0.0287869453;-0.3910694086;0.6678500892
35.86;0.0328162412;-0.0220939426;-0.3948449830;0.6706267767
35.87;0.0288508844;-0.0153768887;-0.3981471708;0.6726598520
35.88;0.0248548878;-0.0086432321;-0.4009724025;0.6739470348
35.89;0.0208330364;-0.0019004393;-0.4033176805;0.6744869045
35.90;0.0167901423;0.0048440129;-0.4051805822;0.6742789014
35.91;0.0127310390;0.0115826466;-0.4065592631;0.6733233281
35.92;0.0086605755;0.0183079912;-0.4074524586;0.6716213487
35.93;0.0045836105;0.0250125921;-0.4078594859;0.6691749871
35.94;0.0005050068;0.0316890190;-0.4077802438;0.6659871238
35.95;-0.0035703749;0.0383298751;-0.4072152130;0.6620614915
35.96;-0.0076376815;0.0449278047;-0.4061654551;0.6574026697
35.97;-0.0116920735;0.0514755023;-0.4046326106;0.6520160777
35.98;-0.0157287307;0.0579657209;-0.4026188967;0.6459079663
35.99;-0.0197428577;0.0643912800;-0.4001271037;0.6390854090
36.00;-0.0237296902;0.0707450737;-0.3971605916;0.6315562911
36.01;-0.0276845001;0.0770200793;-0.3937232846;0.6233292983
36.02;-0.0316026014;0.0832093648;-0.3898196664;0.6144139046
36.03;-0.0354793557;0.0893060967;-0.3854547735;0.6048203577
36.04;-0.0393101777;0.0953035479;-0.3806341883;0.5945596653
36.05;-0.0430905407;0.1011951051;-0.3753640322;0.5836435789
36.06;-0.0468159818;0.1069742762;-0.3696509564;0.5720845778
36.07;-0.0504821072;0.1126346974;-0.3635021338;0.5598958515
36.08;-0.0540845975;0.1181701403;-0.3569252492;0.5470912818
36.09;-0.0576192125;0.1235745186;-0.3499284889;0.5336854240
36.10;-0.0610817965;0.1288418950;-0.3425205305;0.5196934873
36.11;-0.0644682828;0.1339664873;-0.3347105312;0.5051313149
36.12;-0.0677746989;0.1389426752;-0.3265081159;0.4900153633
36.13;-0.0709971706;0.1437650053;-0.3179233651;0.4743626810
36.14;-0.0741319267;0.1484281982;-0.3089668019;0.4581908871
36.15;-0.0771753036;0.1529271531;-0.2996493783;0.4415181489
36.16;-0.0801237492;0.1572569536;-0.2899824619;0.4243631600
36.17;-0.0829738270;0.1614128727;-0.2799778213;0.4067451170
36.18;-0.0857222203;0.1653903779;-0.2696476113;0.3886836970
36.19;-0.0883657356;0.1691851357;-0.2590043581;0.3701990340
36.20;-0.0909013068;0.1727930162;-0.2480609437;0.3513116957
36.21;-0.0933259980;0.1762100971;-0.2368305902;0.3320426597
36.22;-0.0956370072;0.1794326681;-0.2253268434;0.3124132899
36.23;-0.0978316696;0.1824572342;-0.2135635570;0.2924453129
36.24;-0.0999074603;0.1852805192;-0.2015548751;0.2721607937
36.25;-0.1018619971;0.1878994694;-0.1893152160;0.2515821120
36.26;-0.1036930435;0.1903112563;-0.1768592546;0.2307319381
36.27;-0.1053985108;0.1925132796;-0.1642019051;0.2096332093
36.28;-0.1069764607;0.1945031692;-0.1513583035;0.1883091054
36.29;-0.1084251072;0.1962787884;-0.1383437898;0.1667830251
36.30;-0.1097428185;0.1978382351;-0.1251738902;0.1450785621
36.31;-0.1109281193;0.1991798442;-0.1118642986;0.1232194810
36.32;-0.1119796916;0.2003021889;-0.0984308592;0.1012296936
36.33;-0.1128963769;0.2012040824;-0.0848895475;0.0791332349
36.34;-0.1136771766;0.2018845785;-0.0712564524;0.0569542396
36.35;-0.1143212539;0.2023429728;-0.0575477574;0.0347169180
36.36;-0.1148279339;0.2025788033;-0.0437797226;0.0124455327
36.37;-0.1151967049;0.2025918509;-0.0299686656;-0.0098356256
36.38;-0.1154272183;0.2023821392;-0.0161309434;-0.0321022612
36.39;-0.1155192895;0.2019499350;-0.0022829336;-0.0543300978
36.40;-0.1154728973;0.2012957474;0.0115589841;-0.0764949013
36.41;-0.1152881847;0.2004203276;0.0253784466;-0.0985725042
36.42;-0.1149654577;0.1993246682;0.0391591256;-0.1205388287
36.43;-0.1145051857;0.1980100019;0.0528847465;-0.1423699106
36.44;-0.1139080003;0.1964778003;0.0665391065;-0.1640419231
36.45;-0.1131746948;0.1947297726;0.0801060933;-0.1855312002
36.46;-0.1123062231;0.1927678637;0.0935697029;-0.2068142604
36.47;-0.1113036983;0.1905942524;0.1069140583;-0.2278678307
36.48;-0.1101683919;0.1882113490;0.1201234271;-0.2486688700
36.49;-0.1089017317;0.1856217928;0.1331822400;-0.2691945928
36.50;-0.1075053003;0.1828284499;0.1460751079;-0.2894224931
36.51;-0.1059808334;0.1798344098;0.1587868401;-0.3093303679
36.52;-0.1043302173;0.1766429824;0.1713024616;-0.3288963410
36.53;-0.1025554870;0.1732576945;0.1836072303;-0.3480988864
36.54;-0.1006588239;0.1696822867;0.1956866541;-0.3669168518
36.55;-0.0986425526;0.1659207087;0.2075265078;-0.3853294823
36.56;-0.0965091389;0.1619771161;0.2191128495;-0.4033164434
36.57;-0.0942611862;0.1578558652;0.2304320372;-0.4208578444
36.58;-0.0919014331;0.1535615092;0.2414707448;-0.4379342611
36.59;-0.0894327497;0.1490987932;0.2522159774;-0.4545267587
36.60;-0.0868581341;0.1444726487;0.2626550875;-0.4706169144
36.61;-0.0841807094;0.1396881891;0.2727757894;-0.4861868393
36.62;-0.0814037195;0.1347507039;0.2825661741;-0.5012192006
36.63;-0.0785305255;0.1296656530;0.2920147239;-0.5156972428
36.64;-0.0755646016;0.1244386609;0.3011103258;-0.5296048090
36.65;-0.0725095312;0.1190755104;0.3098422856;-0.5429263611
36.66;-0.0693690024;0.1135821369;0.3182003403;-0.5556470003
36.67;-0.0661468036;0.1079646211;0.3261746711;-0.5677524862
36.68;-0.0628468194;0.1022291830;0.3337559153;-0.5792292556
36.69;-0.0594730254;0.0963821748;0.3409351780;-0.5900644409
36.70;-0.0560294839;0.0904300736;0.3477040427;-0.6002458873
36.71;-0.0525203391;0.0843794745;0.3540545824;-0.6097621695
36.72;-0.0489498116;0.0782370832;0.3599793688;-0.6186026071
36.73;-0.0453221941;0.0720097084;0.3654714821;-0.6267572802
36.74;-0.0416418457;0.0657042542;0.3705245195;-0.6342170424
36.75;-0.0379131870;0.0593277120;0.3751326030;-0.6409735347
36.76;-0.0341406948;0.0528871531;0.3792903872;-0.6470191966
36.77;-0.0303288964;0.0463897202;0.3829930657;-0.6523472772
36.78;-0.0264823648;0.0398426195;0.3862363774;-0.6569518453
36.79;-0.0226057126;0.0332531123;0.3890166116;-0.6608277973
36.80;-0.0187035869;0.0266285068;0.3913306128;-0.6639708652
36.81;-0.0147806633;0.0199761496;0.3931757845;-0.6663776225
36.82;-0.0108416409;0.0133034175;0.3945500928;-0.6680454890
36.83;-0.0068912360;0.0066177088;0.3954520682;-0.6689727350
36.84;-0.0029341771;-0.0000735653;0.3958808081;-0.6691584833
36.85;0.0010248014;-0.0067629889;0.3958359771;-0.6686027108
36.86;0.0049809645;-0.0134431503;0.3953178080;-0.6673062478
36.87;0.0089295823;-0.0201066503;0.3943271005;-0.6652707774
36.88;0.0128659358;-0.0267461107;0.3928652208;-0.6624988322
36.89;0.0167853224;-0.0333541830;0.3909340989;-0.6589937908
36.90;0.0206830617;-0.0399235567;0.3885362265;-0.6547598724
36.91;0.0245545011;-0.0464469675;0.3856746531;-0.6498021307
36.92;0.0283950210;-0.0529172060;0.3823529822;-0.6441264460
36.93;0.0322000408;-0.0593271254;0.3785753663;-0.6377395165
36.94;0.0359650240;-0.0656696503;0.3743465014;-0.6306488485
36.95;0.0396854839;-0.0719377840;0.3696716204;-0.6228627452
36.96;0.0433569888;-0.0781246171;0.3645564867;-0.6143902948
36.97;0.0469751670;-0.0842233348;0.3590073863;-0.6052413570
36.98;0.0505357125;-0.0902272245;0.3530311195;-0.5954265492
36.99;0.0540343897;-0.0961296838;0.3466349924;-0.5849572312
37.00;0.0574670386;-0.1019242275;0.3398268068;-0.5738454890
37.01;0.0608295798;-0.1076044947;0.3326148507;-0.5621041184
37.02;0.0641180188;-0.1131642559;0.3250078874;-0.5497466072
37.03;0.0673284515;-0.1185974200;0.3170151443;-0.5367871165
37.04;0.0704570679;-0.1238980408;0.3086463012;-0.5232404621
37.05;0.0735001574;-0.1290603234;0.2999114780;-0.5091220943
37.06;0.0764541126;-0.1340786304;0.2908212222;-0.4944480780
37.07;0.0793154335;-0.1389474882;0.2813864954;-0.4792350716
37.08;0.0820807320;-0.1436615925;0.2716186597;-0.4635003057
37.09;0.0847467354;-0.1482158142;0.2615294638;-0.4472615616
37.10;0.0873102904;-0.1526052047;0.2511310285;-0.4305371487
37.11;0.0897683667;-0.1568250008;0.2404358318;-0.4133458824
37.12;0.0921180605;-0.1608706303;0.2294566938;-0.3957070613
37.13;0.0943565978;-0.1647377160;0.2182067610;-0.3776404439
37.14;0.0964813378;-0.1684220804;0.2066994906;-0.3591662257
37.15;0.0984897756;-0.1719197504;0.1949486344;-0.3403050154
37.16;0.1003795452;-0.1752269606;0.1829682222;-0.3210778119
37.17;0.1021484224;-0.1783401577;0.1707725456;-0.3015059801
37.18;0.1037943270;-0.1812560037;0.1583761407;-0.2816112274
37.19;0.1053153253;-0.1839713792;0.1457937710;-0.2614155801
37.20;0.1067096324;-0.1864833867;0.1330404105;-0.2409413592
37.21;0.1079756140;-0.1887893531;0.1201312259;-0.2202111566
37.22;0.1091117886;-0.1908868326;0.1070815592;-0.1992478116
37.23;0.1101168286;-0.1927736090;0.0939069099;-0.1780743868
37.24;0.1109895623;-0.1944476975;0.0806229172;-0.1567141442
37.25;0.1117289749;-0.1959073472;0.0672453417;-0.1351905218
37.26;0.1123342100;-0.1971510420;0.0537900478;-0.1135271094
37.27;0.1128045700;-0.1981775025;0.0402729853;-0.0917476253
37.28;0.1131395172;-0.1989856870;0.0267101714;-0.0698758924
37.29;0.1133386744;-0.1995747925;0.0131176721;-0.0479358147
37.30;0.1134018253;-0.1999442553;-0.0004884157;-0.0259513538
37.31;0.1133289145;-0.2000937516;-0.0140919827;-0.0039465053
37.32;0.1131200478;-0.2000231975;-0.0276769254;0.0180547248
37.33;0.1127754917;-0.1997327491;-0.0412271646;0.0400283434
37.34;0.1122956736;-0.1992228025;-0.0547266631;0.0619503939
37.35;0.1116811809;-0.1984939928;-0.0681594447;0.0837969794
37.36;0.1109327601;-0.1975471939;-0.0815096118;0.1055442863
37.37;0.1100513167;-0.1963835171;-0.0947613637;0.1271686076
37.38;0.1090379132;-0.1950043103;-0.1078990145;0.1486463663
37.39;0.1078937686;-0.1934111564;-0.1209070112;0.1699541387
37.40;0.1066202566;-0.1916058717;-0.1337699517;0.1910686782
37.41;0.1052189040;-0.1895905038;-0.1464726018;0.2119669380
37.42;0.1036913891;-0.1873673300;-0.1589999135;0.2326260948
37.43;0.1020395397;-0.1849388543;-0.1713370420;0.2530235723
37.44;0.1002653310;-0.1823078053;-0.1834693629;0.2731370642
37.45;0.0983708831;-0.1794771331;-0.1953824894;0.2929445578
37.46;0.0963584590;-0.1764500065;-0.2070622892;0.3124243568
37.47;0.0942304614;-0.1732298096;-0.2184949006;0.3315551051
37.48;0.0919894303;-0.1698201380;-0.2296667494;0.3503158093
37.49;0.0896380399;-0.1662247957;-0.2405645645;0.3686858619
37.50;0.0871790957;-0.1624477904;-0.2511753943;0.3866450646
37.51;0.0846155308;-0.1584933299;-0.2614866213;0.4041736502
37.52;0.0819504030;-0.1543658173;-0.2714859781;0.4212523059
37.53;0.0791868906;-0.1500698465;-0.2811615616;0.4378621953
37.54;0.0763282895;-0.1456101972;-0.2905018479;0.4539849802
37.55;0.0733780085;-0.1409918301;-0.2994957059;0.4696028431
37.56;0.0703395660;-0.1362198812;-0.3081324112;0.4846985081
37.57;0.0672165853;-0.1312996564;-0.3164016593;0.4992552621
37.58;0.0640127907;-0.1262366262;-0.3242935782;0.5132569755
37.59;0.0607320030;-0.1210364190;-0.3317987407;0.5266881226
37.60;0.0573781351;-0.1157048155;-0.3389081760;0.5395338010
37.61;0.0539551871;-0.1102477423;-0.3456133816;0.5517797511
37.62;0.0504672418;-0.1046712651;-0.3519063329;0.5634123741
37.63;0.0469184599;-0.0989815825;-0.3577794945;0.5744187508
37.64;0.0433130748;-0.0931850185;-0.3632258287;0.5847866576
37.65;0.0396553879;-0.0872880161;-0.3682388054;0.5945045839
37.66;0.0359497634;-0.0812971296;-0.3728124097;0.6035617473
37.67;0.0322006228;-0.0752190174;-0.3769411499;0.6119481083
37.68;0.0284124400;-0.0690604346;-0.3806200648;0.6196543844
37.69;0.0245897358;-0.0628282252;-0.3838447297;0.6266720628
37.70;0.0207370726;-0.0565293146;-0.3866112621;0.6329934123
37.71;0.0168590489;-0.0501707014;-0.3889163271;0.6386114945
37.72;0.0129602938;-0.0437594496;-0.3907571415;0.6435201732
37.73;0.0090454612;-0.0373026806;-0.3921314773;0.6477141234
37.74;0.0051192249;-0.0308075648;-0.3930376648;0.6511888386
37.75;0.0011862722;-0.0242813138;-0.3934745947;0.6539406378
37.76;-0.0027487009;-0.0177311715;-0.3934417192;0.6559666697
37.77;-0.0066809960;-0.0111644066;-0.3929390535;0.6572649180
37.78;-0.0106059177;-0.0045883033;-0.3919671749;0.6578342030
37.79;-0.0145187791;0.0019898463;-0.3905272225;0.6576741838
37.80;-0.0184149075;0.0085627508;-0.3886208958;0.6567853587
37.81;-0.0222896498;0.0151231283;-0.3862504520;0.6551690638
37.82;-0.0261383787;0.0216637142;-0.3834187036;0.6528274712
37.83;-0.0299564973;0.0281772698;-0.3801290141;0.6497635855
37.84;-0.0337394454;0.0346565908;-0.3763852944;0.6459812389
37.85;-0.0374827044;0.0410945150;-0.3721919971;0.6414850860
37.86;-0.0411818032;0.0474839312;-0.3675541108;0.6362805959
37.87;-0.0448323229;0.0538177865;-0.3624771539;0.6303740448
37.88;-0.0484299027;0.0600890952;-0.3569671674;0.6237725062
37.89;-0.0519702445;0.0662909460;-0.3510307070;0.6164838407
37.90;-0.0554491187;0.0724165102;-0.3446748350;0.6085166840
37.91;-0.0588623683;0.0784590492;-0.3379071109;0.5998804352
37.92;-0.0622059147;0.0844119222;-0.3307355822;0.5905852426
37.93;-0.0654757622;0.0902685936;-0.3231687738;0.5806419894
37.94;-0.0686680024;0.0960226403;-0.3152156778;0.5700622784
37.95;-0.0717788195;0.1016677585;-0.3068857416;0.5588584155
37.96;-0.0748044940;0.1071977712;-0.2981888567;0.5470433932
37.97;-0.0777414077;0.1126066345;-0.2891353461;0.5346308723
37.98;-0.0805860479;0.1178884445;-0.2797359513;0.5216351634
37.99;-0.0833350109;0.1230374435;-0.2700018197;0.5080712081
38.00;-0.0859850068;0.1280480262;-0.2599444905;0.4939545591
38.01;-0.0885328630;0.1329147460;-0.2495758808;0.4793013597
38.02;-0.0909755277;0.1376323204;-0.2389082709;0.4641283233
38.03;-0.0933100737;0.1421956371;-0.2279542899;0.4484527117
38.04;-0.0955337020;0.1465997586;-0.2167269005;0.4322923139
38.05;-0.0976437446;0.1508399282;-0.2052393829;0.4156654241
38.06;-0.0996376678;0.1549115745;-0.1935053200;0.3985908186
38.07;-0.1015130753;0.1588103162;-0.1815385805;0.3810877344
38.08;-0.1032677108;0.1625319664;-0.1693533030;0.3631758452
38.09;-0.1048994608;0.1660725373;-0.1569638792;0.3448752390
38.10;-0.1064063566;0.1694282436;-0.1443849375;0.3262063950
38.11;-0.1077865772;0.1725955071;-0.1316313254;0.3071901599
38.12;-0.1090384510;0.1755709594;-0.1187180928;0.2878477244
38.13;-0.1101604578;0.1783514459;-0.1056604746;0.2682006004
38.14;-0.1111512305;0.1809340284;-0.0924738727;0.2482705967
38.15;-0.1120095571;0.1833159884;-0.0791738389;0.2280797958
38.16;-0.1127343814;0.1854948294;-0.0657760570;0.2076505303
38.17;-0.1133248050;0.1874682793;-0.0522963247;0.1870053593
38.18;-0.1137800877;0.1892342927;-0.0387505358;0.1661670447
38.19;-0.1140996488;0.1907910528;-0.0251546620;0.1451585280
38.20;-0.1142830674;0.1921369728;-0.0115247351;0.1240029064
38.21;-0.1143300835;0.1932706979;0.0021231716;0.1027234099
38.22;-0.1142405977;0.1941911059;0.0157729612;0.0813433771
38.23;-0.1140146717;0.1948973084;0.0294085315;0.0598862326
38.24;-0.1136525281;0.1953886518;0.0430137932;0.0383754634
38.25;-0.1131545504;0.1956647173;0.0565726883;0.0168345955
38.26;-0.1125212823;0.1957253218;0.0700692079;-0.0047128291
38.27;-0.1117534273;0.1955705174;0.0834874109;-0.0262432759
38.28;-0.1108518480;0.1952005913;0.0968114417;-0.0477332405
38.29;-0.1098175649;0.1946160657;0.1100255485;-0.0691592724
38.30;-0.1086517556;0.1938176969;0.1231141010;-0.0904979974
38.31;-0.1073557531;0.1928064744;0.1360616088;-0.1117261413
38.32;-0.1059310447;0.1915836199;0.1488527386;-0.1328205523
38.33;-0.1043792702;0.1901505858;0.1614723322;-0.1537582245
38.34;-0.1027022198;0.1885090540;0.1739054240;-0.1745163207
38.35;-0.1009018326;0.1866609335;0.1861372582;-0.1950721951
38.36;-0.0989801940;0.1846083590;0.1981533062;-0.2154034167
38.37;-0.0969395335;0.1823536881;0.2099392835;-0.2354877918
38.38;-0.0947822221;0.1798994992;0.2214811664;-0.2553033870
38.39;-0.0925107697;0.1772485886;0.2327652086;-0.2748285520
38.40;-0.0901278223;0.1744039675;0.2437779576;-0.2940419423
38.41;-0.0876361587;0.1713688591;0.2545062709;-0.3129225418
38.42;-0.0850386878;0.1681466949;0.2649373313;-0.3314496854
38.43;-0.0823384446;0.1647411113;0.2750586625;-0.3496030816
38.44;-0.0795385875;0.1611559456;0.2848581447;-0.3673628345
38.45;-0.0766423938;0.1573952318;0.2943240285;-0.3847094662
38.46;-0.0736532569;0.1534631969;0.3034449501;-0.4016239387
38.47;-0.0705746814;0.1493642557;0.3122099447;-0.4180876756
38.48;-0.0674102797;0.1451030063;0.3206084605;-0.4340825836
38.49;-0.0641637676;0.1406842255;0.3286303714;-0.4495910738
38.50;-0.0608389600;0.1361128632;0.3362659901;-0.4645960825
38.51;-0.0574397664;0.1313940374;0.3435060799;-0.4790810918
38.52;-0.0539701863;0.1265330281;0.3503418667;-0.4930301496
38.53;-0.0504343045;0.1215352723;0.3567650499;-0.5064278894
38.54;-0.0468362868;0.1164063574;0.3627678131;-0.5192595494
38.55;-0.0431803742;0.1111520155;0.3683428342;-0.5315109913
38.56;-0.0394708788;0.1057781168;0.3734832945;-0.5431687182
38.57;-0.0357121780;0.1002906632;0.3781828880;-0.5542198920
38.58;-0.0319087100;0.0946957815;0.3824358293;-0.5646523503
38.59;-0.0280649680;0.0889997170;0.3862368612;-0.5744546226
38.60;-0.0241854950;0.0832088258;0.3895812617;-0.5836159451
38.61;-0.0202748789;0.0773295683;0.3924648503;-0.5921262754
38.62;-0.0163377463;0.0713685015;0.3948839930;-0.5999763063
38.63;-0.0123787576;0.0653322719;0.3968356081;-0.6071574782
38.64;-0.0084026012;0.0592276077;0.3983171693;-0.6136619908
38.65;-0.0044139878;0.0530613112;0.3993267099;-0.6194828141
38.66;-0.0004176452;0.0468402514;0.3998628253;-0.6246136981
38.67;0.0035816877;0.0405713555;0.3999246744;-0.6290491811
38.68;0.0075792663;0.0342616015;0.3995119819;-0.6327845978
38.69;0.0115703463;0.0279180102;0.3986250378;-0.6358160856
38.70;0.0155501889;0.0215476367;0.3972646976;-0.6381405897
38.71;0.0195140668;0.0151575627;0.3954323813;-0.6397558677
38.72;0.0234572697;0.0087548884;0.3931300717;-0.6406604924
38.73;0.0273751100;0.0023467240;0.3903603117;-0.6408538533
38.74;0.0312629280;-0.0040598183;0.3871262014;-0.6403361581
38.75;0.0351160982;-0.0104576322;0.3834313943;-0.6391084311
38.76;0.0389300341;-0.0168396260;0.3792800920;-0.6371725123
38.77;0.0427001940;-0.0231987304;0.3746770399;-0.6345310537
38.78;0.0464220865;-0.0295279066;0.3696275204;-0.6311875159
38.79;0.0500912754;-0.0358201545;0.3641373466;-0.6271461623
38.80;0.0537033856;-0.0420685205;0.3582128550;-0.6224120526
38.81;0.0572541075;-0.0482661056;0.3518608972;-0.6169910355
38.82;0.0607392030;-0.0544060734;0.3450888318;-0.6108897398
38.83;0.0641545098;-0.0604816573;0.3379045148;-0.6041155648
38.84;0.0674959468;-0.0664861687;0.3303162898;-0.5966766692
38.85;0.0707595185;-0.0724130044;0.3223329781;-0.5885819593
38.86;0.0739413202;-0.0782556538;0.3139638670;-0.5798410764
38.87;0.0770375422;-0.0840077064;0.3052186992;-0.5704643830
38.88;0.0800444745;-0.0896628588;0.2961076600;-0.5604629478
38.89;0.0829585111;-0.0952149219;0.2866413657;-0.5498485306
38.90;0.0857761543;-0.1006578274;0.2768308498;-0.5386335659
38.91;0.0884940187;-0.1059856348;0.2666875503;-0.5268311458
38.92;0.0911088354;-0.1111925377;0.2562232957;-0.5144550021
38.93;0.0936174554;-0.1162728701;0.2454502906;-0.5015194882
38.94;0.0960168538;-0.1212211126;0.2343811015;-0.4880395597
38.95;0.0983041331;-0.1260318982;0.2230286415;-0.4740307550
38.96;0.1004765265;-0.1307000183;0.2114061551;-0.4595091753
38.97;0.1025314012;-0.1352204278;0.1995272030;-0.4444914639
38.98;0.1044662618;-0.1395882509;0.1874056456;-0.4289947848
38.99;0.1062787525;-0.1437987857;0.1750556272;-0.4130368022
39.00;0.1079666607;-0.1478475096;0.1624915596;-0.3966356580
39.01;0.1095279190;-0.1517300835;0.1497281051;-0.3798099500
39.02;0.1109606078;-0.1554423567;0.1367801599;-0.3625787099
39.03;0.1122629576;-0.1589803706;0.1236628371;-0.3449613805
39.04;0.1134333509;-0.1623403633;0.1103914490;-0.3269777933
39.05;0.1144703246;-0.1655187729;0.0969814899;-0.3086481454
39.06;0.1153725710;-0.1685122411;0.0834486188;-0.2899929769
39.07;0.1161389399;-0.1713176168;0.0698086409;-0.2710331475
39.08;0.1167684399;-0.1739319589;0.0560774905;-0.2517898139
39.09;0.1172602393;-0.1763525394;0.0422712123;-0.2322844063
39.10;0.1176136675;-0.1785768457;0.0284059443;-0.2125386051
39.11;0.1178282155;-0.1806025832;0.0144978984;-0.1925743183
39.12;0.1179035370;-0.1824276774;0.0005633433;-0.1724136579
39.13;0.1178394484;-0.1840502760;-0.0133814144;-0.1520789167
39.14;0.1176359292;-0.1854687503;-0.0273200483;-0.1315925456
39.15;0.1172931223;-0.1866816967;-0.0412362307;-0.1109771300
39.16;0.1168113338;-0.1876879383;-0.0551136506;-0.0902553673
39.17;0.1161910327;-0.1884865255;-0.0689360325;-0.0694500433
39.18;0.1154328507;-0.1890767368;-0.0826871544;-0.0485840098
39.19;0.1145375810;-0.1894580796;-0.0963508662;-0.0276801613
39.20;0.1135061783;-0.1896302904;-0.1099111082;-0.0067614124
39.21;0.1123397570;-0.1895933346;-0.1233519288;0.0141493251
39.22;0.1110395906;-0.1893474069;-0.1366575032;0.0350291651
39.23;0.1096071100;-0.1888929304;-0.1498121509;0.0558552695
39.24;0.1080439024;-0.1882305565;-0.1628003543;0.0766048715
39.25;0.1063517089;-0.1873611636;-0.1756067760;0.0972552976
39.26;0.1045324233;-0.1862858564;-0.1882162766;0.1177839906
39.27;0.1025880896;-0.1850059644;-0.2006139325;0.1381685319
39.28;0.1005208999;-0.1835230405;-0.2127850531;0.1583866640
39.29;0.0983331919;-0.1818388594;-0.2247151979;0.1784163133
39.30;0.0960274465;-0.1799554155;-0.2363901936;0.1982356120
39.31;0.0936062849;-0.1778749205;-0.2477961512;0.2178229206
39.32;0.0910724656;-0.1755998017;-0.2589194817;0.2371568505
39.33;0.0884288817;-0.1731326986;-0.2697469132;0.2562162856
39.34;0.0856785569;-0.1704764605;-0.2802655064;0.2749804050
39.35;0.0828246431;-0.1676341433;-0.2904626703;0.2934287047
39.36;0.0798704158;-0.1646090064;-0.3003261777;0.3115410195
39.37;0.0768192713;-0.1614045090;-0.3098441799;0.3292975451
39.38;0.0736747222;-0.1580243063;-0.3190052216;0.3466788591
39.39;0.0704403937;-0.1544722460;-0.3277982548;0.3636659432
39.40;0.0671200193;-0.1507523637;-0.3362126529;0.3802402039
39.41;0.0637174368;-0.1468688787;-0.3442382236;0.3963834936
39.42;0.0602365836;-0.1428261895;-0.3518652221;0.4120781319
39.43;0.0566814921;-0.1386288690;-0.3590843634;0.4273069251
39.44;0.0530562853;-0.1342816595;-0.3658868339;0.4420531873
39.45;0.0493651722;-0.1297894677;-0.3722643030;0.4563007597
39.46;0.0456124422;-0.1251573588;-0.3782089338;0.4700340301
39.47;0.0418024609;-0.1203905517;-0.3837133933;0.4832379517
39.48;0.0379396645;-0.1154944127;-0.3887708615;0.4958980620
39.49;0.0340285548;-0.1104744496;-0.3933750411;0.5080005003
39.50;0.0300736940;-0.1053363059;-0.3975201654;0.5195320253
39.51;0.0260796992;-0.1000857543;-0.4012010059;0.5304800320
39.52;0.0220512372;-0.0947286903;-0.4044128794;0.5408325676
39.53;0.0179930188;-0.0892711257;-0.4071516544;0.5505783471
39.54;0.0139097932;-0.0837191814;-0.4094137564;0.5597067681
39.55;0.0098063428;-0.0780790814;-0.4111961731;0.5682079243
39.56;0.0056874770;-0.0723571447;-0.4124964584;0.5760726193
39.57;0.0015580271;-0.0665597790;-0.4133127358;0.5832923784
39.58;-0.0025771598;-0.0606934729;-0.4136437013;0.5898594598
39.59;-0.0067132266;-0.0547647889;-0.4134886250;0.5957668656
39.60;-0.0108453115;-0.0487803556;-0.4128473525;0.6010083507
39.61;-0.0149685543;-0.0427468601;-0.4117203054;0.6055784317
39.62;-0.0190781016;-0.0366710409;-0.4101084808;0.6094723937
39.63;-0.0231691130;-0.0305596793;-0.4080134504;0.6126862976
39.64;-0.0272367669;-0.0244195925;-0.4054373585;0.6152169845
39.65;-0.0312762656;-0.0182576251;-0.4023829198;0.6170620803
39.66;-0.0352828416;-0.0120806417;-0.3988534156;0.6182199988
39.67;-0.0392517630;-0.0058955186;-0.3948526900;0.6186899436
39.68;-0.0431783391;0.0002908637;-0.3903851455;0.6184719088
39.69;-0.0470579262;0.0064716287;-0.3854557369;0.6175666788
39.70;-0.0508859325;0.0126399116;-0.3800699656;0.6159758269
39.71;-0.0546578243;0.0187888675;-0.3742338725;0.6137017124
39.72;-0.0583691307;0.0249116786;-0.3679540309;0.6107474772
39.73;-0.0620154492;0.0310015628;-0.3612375377;0.6071170408
39.74;-0.0655924511;0.0370517808;-0.3540920052;0.6028150942
39.75;-0.0690958861;0.0430556443;-0.3465255513;0.5978470931
39.76;-0.0725215877;0.0490065230;-0.3385467900;0.5922192498
39.77;-0.0758654778;0.0548978528;-0.3301648200;0.5859385237
39.78;-0.0791235718;0.0607231427;-0.3213892144;0.5790126115
39.79;-0.0822919833;0.0664759823;-0.3122300085;0.5714499360
39.80;-0.0853669282;0.0721500491;-0.3026976878;0.5632596337
39.81;-0.0883447296;0.0777391155;-0.2928031755;0.5544515423
39.82;-0.0912218221;0.0832370555;-0.2825578188;0.5450361863
39.83;-0.0939947556;0.0886378521;-0.2719733760;0.5350247629
39.84;-0.0966601997;0.0939356032;-0.2610620021;0.5244291258
39.85;-0.0992149475;0.0991245287;-0.2498362345;0.5132617697
39.86;-0.1016559193;0.1041989765;-0.2383089779;0.5015358128
39.87;-0.1039801662;0.1091534286;-0.2264934897;0.4892649795
39.88;-0.1061848736;0.1139825073;-0.2144033640;0.4764635820
39.89;-0.1082673643;0.1186809811;-0.2020525163;0.4631465017
39.90;-0.1102251021;0.1232437697;-0.1894551666;0.4493291700
39.91;-0.1120556943;0.1276659501;-0.1766258240;0.4350275481
39.92;-0.1137568945;0.1319427611;-0.1635792693;0.4202581073
39.93;-0.1153266057;0.1360696092;-0.1503305384;0.4050378081
39.94;-0.1167628822;0.1400420724;-0.1368949053;0.3893840793
39.95;-0.1180639324;0.1438559055;-0.1232878644;0.3733147968
39.96;-0.1192281204;0.1475070441;-0.1095251136;0.3568482621
39.97;-0.1202539685;0.1509916088;-0.0956225362;0.3400031805
39.98;-0.1211401585;0.1543059094;-0.0815961831;0.3227986389
39.99;-0.1218855335;0.1574464481;-0.0674622549;0.3052540843
40.00;-0.1224890994;0.1604099235;-0.0532370842;0.2873893008
40.01;-0.1229500259;0.1631932336;-0.0389371165;0.2692243875
40.02;-0.1232676475;0.1657934787;-0.0245788929;0.2507797362
40.03;-0.1234414649;0.1682079647;-0.0101790312;0.2320760087
40.04;-0.1234711449;0.1704342049;0.0042457928;0.2131341140
40.05;-0.1233565216;0.1724699234;0.0186788632;0.1939751861
40.06;-0.1230975960;0.1743130563;0.0331034428;0.1746205611
40.07;-0.1226945368;0.1759617540;0.0475027919;0.1550917546
40.08;-0.1221476800;0.1774143830;0.0618601868;0.1354104390
40.09;-0.1214575286;0.1786695271;0.0761589382;0.1155984214
40.10;-0.1206247522;0.1797259888;0.0903824100;0.0956776202
40.11;-0.1196501865;0.1805827902;0.1045140380;0.0756700434
40.12;-0.1185348325;0.1812391739;0.1185373483;0.0555977656
40.13;-0.1172798552;0.1816946036;0.1324359758;0.0354829060
40.14;-0.1158865828;0.1819487639;0.1461936826;0.0153476055
40.15;-0.1143565050;0.1820015613;0.1597943768;-0.0047859953
40.16;-0.1126912717;0.1818531234;0.1732221304;-0.0248957782
40.17;-0.1108926914;0.1815037988;0.1864611973;-0.0449596701
40.18;-0.1089627286;0.1809541564;0.1994960320;-0.0649556648
40.19;-0.1069035027;0.1802049849;0.2123113070;-0.0848618450
40.20;-0.1047172847;0.1792572916;0.2248919307;-0.1046564050
40.21;-0.1024064958;0.1781123011;0.2372230652;-0.1243176716
40.22;-0.0999737037;0.1767714542;0.2492901433;-0.1438241273
40.23;-0.0974216208;0.1752364058;0.2610788862;-0.1631544310
40.24;-0.0947531004;0.1735090233;0.2725753198;-0.1822874406
40.25;-0.0919711343;0.1715913844;0.2837657919;-0.2012022341
40.26;-0.0890788489;0.1694857750;0.2946369885;-0.2198781319
40.27;-0.0860795021;0.1671946863;0.3051759496;-0.2382947174
40.28;-0.0829764795;0.1647208122;0.3153700855;-0.2564318594
40.29;-0.0797732906;0.1620670467;0.3252071918;-0.2742697328
40.30;-0.0764735652;0.1592364802;0.3346754644;-0.2917888397
40.31;-0.0730810489;0.1562323964;0.3437635146;-0.3089700307
40.32;-0.0695995990;0.1530582687;0.3524603829;-0.3257945258
40.33;-0.0660331803;0.1497177563;0.3607555531;-0.3422439347
40.34;-0.0623858606;0.1462147004;0.3686389652;-0.3583002772
40.35;-0.0586618056;0.1425531196;0.3761010287;-0.3739460040
40.36;-0.0548652750;0.1387372061;0.3831326347;-0.3891640158
40.37;-0.0510006167;0.1347713206;0.3897251673;-0.4039376834
40.38;-0.0470722624;0.1306599875;0.3958705155;-0.4182508670
40.39;-0.0430847224;0.1264078904;0.4015610833;-0.4320879348
40.40;-0.0390425804;0.1220198664;0.4067897995;-0.4454337816
40.41;-0.0349504879;0.1175009009;0.4115501279;-0.4582738473
40.42;-0.0308131592;0.1128561222;0.4158360749;-0.4705941338
40.43;-0.0266353659;0.1080907957;0.4196421984;-0.4823812229
40.44;-0.0224219311;0.1032103180;0.4229636149;-0.4936222920
40.45;-0.0181777239;0.0982202108;0.4257960058;-0.5043051307
40.46;-0.0139076537;0.0931261149;0.4281356238;-0.5144181561
40.47;-0.0096166647;0.0879337837;0.4299792978;-0.5239504269
40.48;-0.0053097297;0.0826490767;0.4313244376;-0.5328916582
40.49;-0.0009918446;0.0772779529;0.4321690372;-0.5412322340
40.50;0.0033319777;0.0718264642;0.4325116780;-0.5489632202
40.51;0.0076567128;0.0663007482;0.4323515312;-0.5560763756
40.52;0.0119773314;0.0607070214;0.4316883585;-0.5625641635
40.53;0.0162888043;0.0550515724;0.4305225134;-0.5684197608
40.54;0.0205861090;0.0493407540;0.4288549406;-0.5736370673
40.55;0.0248642356;0.0435809768;0.4266871754;-0.5782107141
40.56;0.0291181922;0.0377787009;0.4240213417;-0.5821360698
40.57;0.0333430111;0.0319404295;0.4208601496;-0.5854092475
40.58;0.0375337548;0.0260727006;0.4172068922;-0.5880271090
40.59;0.0416855215;0.0201820799;0.4130654416;-0.5899872695
40.60;0.0457934510;0.0142751532;0.4084402444;-0.5912881001
40.61;0.0498527304;0.0083585187;0.4033363155;-0.5919287299
40.62;0.0538585999;0.0024387798;0.3977592329;-0.5919090469
40.63;0.0578063582;-0.0034774631;0.3917151300;-0.5912296973
40.64;0.0616913679;-0.0093836197;0.3852106885;-0.5898920849
40.65;0.0655090614;-0.0152731176;0.3782531299;-0.5878983681
40.66;0.0692549458;-0.0211394096;0.3708502067;-0.5852514567
40.67;0.0729246084;-0.0269759814;0.3630101929;-0.5819550072
40.68;0.0765137219;-0.0327763590;0.3547418739;-0.5780134175
40.69;0.0800180491;-0.0385341162;0.3460545354;-0.5734318202
40.70;0.0834334483;-0.0442428814;0.3369579526;-0.5682160747
40.71;0.0867558780;-0.0498963456;0.3274623781;-0.5623727592
40.72;0.0899814015;-0.0554882688;0.3175785295;-0.5559091604
40.73;0.0931061915;-0.0610124876;0.3073175767;-0.5488332636
40.74;0.0961265346;-0.0664629218;0.2966911281;-0.5411537411
40.75;0.0990388357;-0.0718335813;0.2857112175;-0.5328799400
40.76;0.1018396221;-0.0771185728;0.2743902891;-0.5240218688
40.77;0.1045255474;-0.0823121065;0.2627411834;-0.5145901838
40.78;0.1070933958;-0.0874085019;0.2507771220;-0.5045961745
40.79;0.1095400852;-0.0924021950;0.2385116921;-0.4940517477
40.80;0.1118626714;-0.0972877437;0.2259588308;-0.4829694121
40.81;0.1140583512;-0.1020598337;0.2131328090;-0.4713622611
40.82;0.1161244656;-0.1067132849;0.2000482153;-0.4592439556
40.83;0.1180585032;-0.1112430562;0.1867199390;-0.4466287063
40.84;0.1198581026;-0.1156442515;0.1731631534;-0.4335312548
40.85;0.1215210559;-0.1199121247;0.1593932984;-0.4199668555
40.86;0.1230453106;-0.1240420845;0.1454260636;-0.4059512556
40.87;0.1244289723;-0.1280296997;0.1312773703;-0.3915006756
40.88;0.1256703069;-0.1318707035;0.1169633539;-0.3766317895
40.89;0.1267677427;-0.1355609981;0.1025003459;-0.3613617040
40.90;0.1277198721;-0.1390966586;0.0879048559;-0.3457079380
40.91;0.1285254537;-0.1424739375;0.0731935532;-0.3296884018
40.92;0.1291834132;-0.1456892682;0.0583832487;-0.3133213757
40.93;0.1296928451;-0.1487392687;0.0434908760;-0.2966254889
40.94;0.1300530139;-0.1516207449;0.0285334732;-0.2796196978
40.95;0.1302633548;-0.1543306938;0.0135281641;-0.2623232644
40.96;0.1303234748;-0.1568663064;-0.0015078607;-0.2447557347
40.97;0.1302331527;-0.1592249708;-0.0165573626;-0.2269369170
40.98;0.1299923401;-0.1614042739;-0.0316030737;-0.2088868593
40.99;0.1296011614;-0.1634020047;-0.0466277157;-0.1906258285
41.00;0.1290599136;-0.1652161554;-0.0616140191;-0.1721742872
41.01;0.1283690663;-0.1668449241;-0.0765447422;-0.1535528728
41.02;0.1275292614;-0.1682867159;-0.0914026898;-0.1347823749
41.03;0.1265413122;-0.1695401444;-0.1061707321;-0.1158837134
41.04;0.1254062033;-0.1706040330;-0.1208318241;-0.0968779168
41.05;0.1241250888;-0.1714774159;-0.1353690243;-0.0777861001
41.06;0.1226992919;-0.1721595388;-0.1497655134;-0.0586294429
41.07;0.1211303032;-0.1726498594;-0.1640046134;-0.0394291678
41.08;0.1194197793;-0.1729480476;-0.1780698061;-0.0202065181
41.09;0.1175695413;-0.1730539860;-0.1919447520;-0.0009827368
41.10;0.1155815723;-0.1729677693;-0.2056133087;0.0182209557
41.11;0.1134580162;-0.1726897044;-0.2190595492;0.0373833829
41.12;0.1112011748;-0.1722203096;-0.2322677807;0.0564834339
41.13;0.1088135055;-0.1715603138;-0.2452225619;0.0755000847
41.14;0.1062976190;-0.1707106557;-0.2579087219;0.0944124199
41.15;0.1036562762;-0.1696724824;-0.2703113772;0.1131996537
41.16;0.1008923852;-0.1684471484;-0.2824159496;0.1318411514
41.17;0.0980089984;-0.1670362135;-0.2942081832;0.1503164505
41.18;0.0950093091;-0.1654414410;-0.3056741621;0.1686052818
41.19;0.0918966480;-0.1636647963;-0.3168003262;0.1866875904
41.20;0.0886744794;-0.1617084438;-0.3275734884;0.2045435563
41.21;0.0853463976;-0.1595747449;-0.3379808503;0.2221536157
41.22;0.0819161231;-0.1572662555;-0.3480100179;0.2394984810
41.23;0.0783874980;-0.1547857227;-0.3576490171;0.2565591618
41.24;0.0747644819;-0.1521360819;-0.3668863089;0.2733169848
41.25;0.0710511479;-0.1493204537;-0.3757108032;0.2897536142
41.26;0.0672516774;-0.1463421403;-0.3841118734;0.3058510716
41.27;0.0633703558;-0.1432046216;-0.3920793697;0.3215917557
41.28;0.0594115676;-0.1399115519;-0.3996036321;0.3369584615
41.29;0.0553797913;-0.1364667551;-0.4066755030;0.3519344003
41.30;0.0512795945;-0.1328742211;-0.4132863390;0.3665032177
41.31;0.0471156285;-0.1291381009;-0.4194280224;0.3806490130
41.32;0.0428926233;-0.1252627025;-0.4250929715;0.3943563568
41.33;0.0386153818;-0.1212524853;-0.4302741511;0.4076103095
41.34;0.0342887746;-0.1171120558;-0.4349650815;0.4203964386
41.35;0.0299177342;-0.1128461624;-0.4391598477;0.4327008355
41.36;0.0255072495;-0.1084596896;-0.4428531069;0.4445101327
41.37;0.0210623598;-0.1039576529;-0.4460400961;0.4558115192
41.38;0.0165881492;-0.0993451932;-0.4487166385;0.4665927564
41.39;0.0120897406;-0.0946275707;-0.4508791495;0.4768421933
41.40;0.0075722898;-0.0898101590;-0.4525246414;0.4865487805
41.41;0.0030409793;-0.0848984395;-0.4536507281;0.4957020840
41.42;-0.0014989873;-0.0798979945;-0.4542556281;0.5042922983
41.43;-0.0060423919;-0.0748145012;-0.4543381677;0.5123102591
41.44;-0.0105840074;-0.0696537254;-0.4538977824;0.5197474540
41.45;-0.0151186044;-0.0644215144;-0.4529345182;0.5265960344
41.46;-0.0196409569;-0.0591237908;-0.4514490318;0.5328488245
41.47;-0.0241458484;-0.0537665457;-0.4494425900;0.5384993312
41.48;-0.0286280783;-0.0483558314;-0.4469170688;0.5435417521
41.49;-0.0330824676;-0.0428977548;-0.4438749504;0.5479709829
41.50;-0.0375038654;-0.0373984705;-0.4403193212;0.5517826239
41.51;-0.0418871545;-0.0318641735;-0.4362538674;0.5549729856
41.52;-0.0462272574;-0.0263010919;-0.4316828706;0.5575390932
41.53;-0.0505191428;-0.0207154802;-0.4266112029;0.5594786907
41.54;-0.0547578306;-0.0151136117;-0.4210443206;0.5607902426
41.55;-0.0589383984;-0.0095017717;-0.4149882574;0.5614729365
41.56;-0.0630559870;-0.0038862497;-0.4084496171;0.5615266832
41.57;-0.0671058059;0.0017266674;-0.4014355654;0.5609521166
41.58;-0.0710831392;0.0073307026;-0.3939538207;0.5597505923
41.59;-0.0749833508;0.0129195961;-0.3860126453;0.5579241851
41.60;-0.0788018898;0.0184871125;-0.3776208346;0.5554756856
41.61;-0.0825342963;0.0240270477;-0.3687877066;0.5524085964
41.62;-0.0861762055;0.0295332363;-0.3595230904;0.5487271259
41.63;-0.0897233541;0.0349995584;-0.3498373145;0.5444361826
41.64;-0.0931715839;0.0404199468;-0.3397411941;0.5395413679
41.65;-0.0965168476;0.0457883936;-0.3292460182;0.5340489676
41.66;-0.0997552131;0.0510989572;-0.3183635360;0.5279659429
41.67;-0.1028828679;0.0563457690;-0.3071059432;0.5212999206
41.68;-0.1058961236;0.0615230397;-0.2954858670;0.5140591822
41.69;-0.1087914203;0.0666250665;-0.2835163521;0.5062526525
41.70;-0.1115653305;0.0716462385;-0.2712108444;0.4978898865
41.71;-0.1142145632;0.0765810438;-0.2585831765;0.4889810572
41.72;-0.1167359674;0.0814240752;-0.2456475508;0.4795369408
41.73;-0.1191265361;0.0861700361;-0.2324185237;0.4695689028
41.74;-0.1213834094;0.0908137465;-0.2189109889;0.4590888821
41.75;-0.1235038782;0.0953501486;-0.2051401604;0.4481093758
41.76;-0.1254853866;0.0997743124;-0.1911215553;0.4366434222
41.77;-0.1273255359;0.1040814406;-0.1768709765;0.4247045843
41.78;-0.1290220864;0.1082668745;-0.1624044950;0.4123069317
41.79;-0.1305729605;0.1123260983;-0.1477384320;0.3994650232
41.80;-0.1319762449;0.1162547441;-0.1328893411;0.3861938883
41.81;-0.1332301931;0.1200485968;-0.1178739895;0.3725090080
41.82;-0.1343332270;0.1237035980;-0.1027093403;0.3584262961
41.83;-0.1352839393;0.1272158509;-0.0874125334;0.3439620798
41.84;-0.1360810948;0.1305816236;-0.0720008671;0.3291330794
41.85;-0.1367236319;0.1337973534;-0.0564917793;0.3139563889
41.86;-0.1372106641;0.1368596504;-0.0409028284;0.2984494550
41.87;-0.1375414811;0.1397653009;-0.0252516746;0.2826300576
41.88;-0.1377155494;0.1425112703;-0.0095560605;0.2665162884
41.89;-0.1377325134;0.1450947066;0.0061662079;0.2501265304
41.90;-0.1375921959;0.1475129430;0.0218972804;0.2334794371
41.91;-0.1372945980;0.1497635005;0.0376192819;0.2165939112
41.92;-0.1368399001;0.1518440902;0.0533143319;0.1994890839
41.93;-0.1362284608;0.1537526156;0.0689645635;0.1821842935
41.94;-0.1354608176;0.1554871745;0.0845521430;0.1646990643
41.95;-0.1345376861;0.1570460610;0.1000592894;0.1470530853
41.96;-0.1334599590;0.1584277665;0.1154682934;0.1292661892
41.97;-0.1322287061;0.1596309815;0.1307615372;0.1113583308
41.98;-0.1308451725;0.1606545967;0.1459215134;0.0933495663
41.99;-0.1293107780;0.1614977036;0.1609308447;0.0752600314
42.00;-0.1276271153;0.1621595954;0.1757723027;0.0571099210
42.01;-0.1257959485;0.1626397675;0.1904288277;0.0389194672
42.02;-0.1238192114;0.1629379178;0.2048835471;0.0207089187
42.03;-0.1216990058;0.1630539464;0.2191197948;0.0024985199
42.04;-0.1194375987;0.1629879561;0.2331211301;-0.0156915105
42.05;-0.1170374203;0.1627402513;0.2468713561;-0.0338410003
42.06;-0.1145010618;0.1623113382;0.2603545387;-0.0519298442
42.07;-0.1118312719;0.1617019234;0.2735550248;-0.0699380253
42.08;-0.1090309549;0.1609129130;0.2864574605;-0.0878456353
42.09;-0.1061031664;0.1599454119;0.2990468094;-0.1056328949
42.10;-0.1030511114;0.1588007217;0.3113083697;-0.1232801750
42.11;-0.0998781396;0.1574803399;0.3232277925;-0.1407680165
42.12;-0.0965877427;0.1559859572;0.3347910986;-0.1580771508
42.13;-0.0931835501;0.1543194561;0.3459846954;-0.1751885200
42.14;-0.0896693252;0.1524829088;0.3567953936;-0.1920832967
42.15;-0.0860489613;0.1504785742;0.3672104231;-0.2087429042
42.16;-0.0823264769;0.1483088957;0.3772174495;-0.2251490361
42.17;-0.0785060120;0.1459764985;0.3868045887;-0.2412836760
42.18;-0.0745918230;0.1434841863;0.3959604222;-0.2571291164
42.19;-0.0705882779;0.1408349382;0.4046740118;-0.2726679786
42.20;-0.0664998518;0.1380319055;0.4129349131;-0.2878832311
42.21;-0.0623311218;0.1350784080;0.4207331891;-0.3027582084
42.22;-0.0580867617;0.1319779300;0.4280594233;-0.3172766299
42.23;-0.0537715366;0.1287341169;0.4349047318;-0.3314226175
42.24;-0.0493902981;0.1253507707;0.4412607750;-0.3451807139
42.25;-0.0449479781;0.1218318458;0.4471197683;-0.3585358997
42.26;-0.0404495837;0.1181814444;0.4524744933;-0.3714736112
42.27;-0.0359001914;0.1144038123;0.4573183067;-0.3839797566
42.28;-0.0313049410;0.1105033333;0.4616451496;-0.3960407327
42.29;-0.0266690300;0.1064845253;0.4654495556;-0.4076434407
42.30;-0.0219977077;0.1023520342;0.4687266587;-0.4187753020
42.31;-0.0172962689;0.0981106291;0.4714721996;-0.4294242726
42.32;-0.0125700479;0.0937651968;0.4736825316;-0.4395788580
42.33;-0.0078244126;0.0893207364;0.4753546263;-0.4492281268
42.34;-0.0030647577;0.0847823534;0.4764860772;-0.4583617242
42.35;0.0017035007;0.0801552536;0.4770751040;-0.4669698844
42.36;0.0064749323;0.0754447378;0.4771205545;-0.4750434427
42.37;0.0112440980;0.0706561954;0.4766219070;-0.4825738469
42.38;0.0160055569;0.0657950980;0.4755792711;-0.4895531675
42.39;0.0207538724;0.0608669935;0.4739933881;-0.4959741082
42.40;0.0254836183;0.0558774995;0.4718656300;-0.5018300142
42.41;0.0301893852;0.0508322969;0.4691979979;-0.5071148810
42.42;0.0348657872;0.0457371233;0.4659931204;-0.5118233619
42.43;0.0395074675;0.0405977667;0.4622542496;-0.5159507740
42.44;0.0441091050;0.0354200583;0.4579852574;-0.5194931047
42.45;0.0486654204;0.0302098662;0.4531906310;-0.5224470161
42.46;0.0531711823;0.0249730884;0.4478754670;-0.5248098489
42.47;0.0576212134;0.0197156463;0.4420454650;-0.5265796261
42.48;0.0620103963;0.0144434773;0.4357069207;-0.5277550544
42.49;0.0663336795;0.0091625286;0.4288667180;-0.5283355257
42.50;0.0705860832;0.0038787499;0.4215323203;-0.5283211177
42.51;0.0747627052;-0.0014019132;0.4137117612;-0.5277125927
42.52;0.0788587264;-0.0066735262;0.4054136347;-0.5265113965
42.53;0.0828694163;-0.0119301725;0.3966470845;-0.5247196557
42.54;0.0867901388;-0.0171659600;0.3874217926;-0.5223401742
42.55;0.0906163569;-0.0223750282;0.3777479678;-0.5193764288
42.56;0.0943436386;-0.0275515547;0.3676363327;-0.5158325643
42.57;0.0979676615;-0.0326897616;0.3570981115;-0.5117133868
42.58;0.1014842178;-0.0377839227;0.3461450156;-0.5070243572
42.59;0.1048892194;-0.0428283694;0.3347892303;-0.5017715829
42.60;0.1081787021;-0.0478174975;0.3230433998;-0.4959618094
42.61;0.1113488307;-0.0527457734;0.3109206124;-0.4896024103
42.62;0.1143959028;-0.0576077401;0.2984343855;-0.4827013774
42.63;0.1173163533;-0.0623980240;0.2855986492;-0.4752673095
42.64;0.1201067584;-0.0671113400;0.2724277307;-0.4673094002
42.65;0.1227638395;-0.0717424983;0.2589363372;-0.4588374259
42.66;0.1252844670;-0.0762864093;0.2451395399;-0.4498617320
42.67;0.1276656636;-0.0807380900;0.2310527562;-0.4403932195
42.68;0.1299046079;-0.0850926690;0.2166917327;-0.4304433300
42.69;0.1319986376;-0.0893453918;0.2020725272;-0.4200240312
42.70;0.1339452523;-0.0934916264;0.1872114910;-0.4091478008
42.71;0.1357421166;-0.0975268678;0.1721252511;-0.3978276104
42.72;0.1373870628;-0.1014467434;0.1568306912;-0.3860769091
42.73;0.1388780931;-0.1052470172;0.1413449337;-0.3739096063
42.74;0.1402133819;-0.1089235946;0.1256853209;-0.3613400542
42.75;0.1413912784;-0.1124725266;0.1098693962;-0.3483830298
42.76;0.1424103079;-0.1158900141;0.0939148850;-0.3350537169
42.77;0.1432691737;-0.1191724118;0.0778396759;-0.3213676874
42.78;0.1439667591;-0.1223162318;0.0616618010;-0.3073408827
42.79;0.1445021280;-0.1253181477;0.0453994172;-0.2929895940
42.80;0.1448745266;-0.1281749974;0.0290707864;-0.2783304438
42.81;0.1450833841;-0.1308837867;0.0126942559;-0.2633803657
42.82;0.1451283134;-0.1334416923;-0.0037117605;-0.2481565849
42.83;0.1450091121;-0.1358460643;-0.0201288030;-0.2326765987
42.84;0.1447257622;-0.1380944293;-0.0365383847;-0.2169581557
42.85;0.1442784309;-0.1401844925;-0.0529220117;-0.2010192365
42.86;0.1436674701;-0.1421141397;-0.0692612027;-0.1848780330
42.87;0.1428934165;-0.1438814401;-0.0855375090;-0.1685529284
42.88;0.1419569909;-0.1454846471;-0.1017325338;-0.1520624764
42.89;0.1408590979;-0.1469222007;-0.1178279524;-0.1354253816
42.90;0.1396008247;-0.1481927287;-0.1338055319;-0.1186604783
42.91;0.1381834405;-0.1492950474;-0.1496471506;-0.1017867109
42.92;0.1366083949;-0.1502281634;-0.1653348183;-0.0848231125
42.93;0.1348773168;-0.1509912739;-0.1808506955;-0.0677887854
42.94;0.1329920125;-0.1515837672;-0.1961771131;-0.0507028805
42.95;0.1309544644;-0.1520052235;-0.2112965921;-0.0335845766
42.96;0.1287668281;-0.1522554147;-0.2261918631;-0.0164530605
42.97;0.1264314313;-0.1523343046;-0.2408458852;0.0006724934
42.98;0.1239507706;-0.1522420485;-0.2552418658;0.0177729433
42.99;0.1213275093;-0.1519789930;-0.2693632794;0.0348292001
43.00;0.1185644745;-0.1515456752;-0.2831938865;0.0518222472
43.01;0.1156646541;-0.1509428219;-0.2967177526;0.0687331609
43.02;0.1126311940;-0.1501713485;-0.3099192663;0.0855431299
43.03;0.1094673943;-0.1492323581;-0.3227831580;0.1022334753
43.04;0.1061767061;-0.1481271396;-0.3352945178;0.1187856700
43.05;0.1027627276;-0.1468571664;-0.3474388135;0.1351813584
43.06;0.0992292006;-0.1454240947;-0.3592019078;0.1514023758
43.07;0.0955800060;-0.1438297611;-0.3705700754;0.1674307678
43.08;0.0918191600;-0.1420761806;-0.3815300202;0.1832488089
43.09;0.0879508093;-0.1401655444;-0.3920688915;0.1988390221
43.10;0.0839792271;-0.1381002170;-0.4021742996;0.2141841972
43.11;0.0799088080;-0.1358827337;-0.4118343320;0.2292674096
43.12;0.0757440633;-0.1335157975;-0.4210375683;0.2440720386
43.13;0.0714896158;-0.1310022760;-0.4297730942;0.2585817855
43.14;0.0671501952;-0.1283451980;-0.4380305163;0.2727806915
43.15;0.0627306322;-0.1255477504;-0.4457999751;0.2866531556
43.16;0.0582358535;-0.1226132739;-0.4530721580;0.3001839514
43.17;0.0536708760;-0.1195452598;-0.4598383115;0.3133582447
43.18;0.0490408014;-0.1163473456;-0.4660902527;0.3261616098
43.19;0.0443508105;-0.1130233108;-0.4718203807;0.3385800463
43.20;0.0396061567;-0.1095770731;-0.4770216861;0.3505999946
43.21;0.0348121610;-0.1060126831;-0.4816877609;0.3622083517
43.22;0.0299742051;-0.1023343203;-0.4858128072;0.3733924867
43.23;0.0250977257;-0.0985462880;-0.4893916451;0.3841402549
43.24;0.0201882083;-0.0946530087;-0.4924197198;0.3944400125
43.25;0.0152511805;-0.0906590184;-0.4948931082;0.4042806301
43.26;0.0102922062;-0.0865689620;-0.4968085240;0.4136515060
43.27;0.0053168789;-0.0823875878;-0.4981633228;0.4225425789
43.28;0.0003308153;-0.0781197416;-0.4989555057;0.4309443396
43.29;-0.0046603512;-0.0737703620;-0.4991837225;0.4388478430
43.30;-0.0096509768;-0.0693444737;-0.4988472734;0.4462447183
43.31;-0.0146354141;-0.0648471825;-0.4979461106;0.4531271795
43.32;-0.0196080184;-0.0602836690;-0.4964808385;0.4594880348
43.33;-0.0245631545;-0.0556591826;-0.4944527130;0.4653206952
43.34;-0.0294952027;-0.0509790358;-0.4918636406;0.4706191827
43.35;-0.0343985658;-0.0462485976;-0.4887161756;0.4753781370
43.36;-0.0392676754;-0.0414732875;-0.4850135173;0.4795928228
43.37;-0.0440969981;-0.0366585692;-0.4807595057;0.4832591347
43.38;-0.0488810424;-0.0318099444;-0.4759586170;0.4863736024
43.39;-0.0536143644;-0.0269329463;-0.4706159578;0.4889333946
43.40;-0.0582915746;-0.0220331329;-0.4647372588;0.4909363225
43.41;-0.0629073438;-0.0171160813;-0.4583288671;0.4923808415
43.42;-0.0674564093;-0.0121873806;-0.4513977387;0.4932660533
43.43;-0.0719335811;-0.0072526257;-0.4439514293;0.4935917062
43.44;-0.0763337476;-0.0023174106;-0.4359980852;0.4933581949
43.45;-0.0806518816;0.0026126777;-0.4275464326;0.4925665595
43.46;-0.0848830461;0.0075320656;-0.4186057671;0.4912184834
43.47;-0.0890223996;0.0124352001;-0.4091859419;0.4893162904
43.48;-0.0930652022;0.0173165541;-0.3992973560;0.4868629413
43.49;-0.0970068205;0.0221706335;-0.3889509407;0.4838620290
43.50;-0.1008427330;0.0269919834;-0.3781581470;0.4803177735
43.51;-0.1045685352;0.0317751938;-0.3669309313;0.4762350152
43.52;-0.1081799449;0.0365149067;-0.3552817411;0.4716192086
43.53;-0.1116728064;0.0412058212;-0.3432235000;0.4664764137
43.54;-0.1150430958;0.0458427003;-0.3307695926;0.4608132881
43.55;-0.1182869253;0.0504203765;-0.3179338484;0.4546370775
43.56;-0.1214005474;0.0549337575;-0.3047305258;0.4479556054
43.57;-0.1243803594;0.0593778322;-0.2911742954;0.4407772626
43.58;-0.1272229071;0.0637476762;-0.2772802235;0.4331109957
43.59;-0.1299248891;0.0680384572;-0.2630637542;0.4249662950
43.60;-0.1324831601;0.0722454406;-0.2485406923;0.4163531819
43.61;-0.1348947347;0.0763639945;-0.2337271855;0.4072821954
43.62;-0.1371567905;0.0803895949;-0.2186397060;0.3977643784
43.63;-0.1392666714;0.0843178309;-0.2032950326;0.3878112632
43.64;-0.1412218906;0.0881444091;-0.1877102318;0.3774348565
43.65;-0.1430201333;0.0918651585;-0.1719026395;0.3666476242
43.66;-0.1446592593;0.0954760351;-0.1558898417;0.3554624753
43.67;-0.1461373055;0.0989731259;-0.1396896557;0.3438927458
43.68;-0.1474524879;0.1023526537;-0.1233201105;0.3319521819
43.69;-0.1486032038;0.1056109805;-0.1067994282;0.3196549231
43.70;-0.1495880339;0.1087446115;-0.0901460039;0.3070154847
43.71;-0.1504057432;0.1117501991;-0.0733783862;0.2940487404
43.72;-0.1510552832;0.1146245459;-0.0565152580;0.2807699037
43.73;-0.1515357927;0.1173646085;-0.0395754160;0.2671945107
43.74;-0.1518465988;0.1199675003;-0.0225777516;0.2533384008
43.75;-0.1519872182;0.1224304945;-0.0055412306;0.2392176984
43.76;-0.1519573573;0.1247510269;0.0115151265;0.2248487942
43.77;-0.1517569130;0.1269266984;0.0285722651;0.2102483260
43.78;-0.1513859729;0.1289552777;0.0456111156;0.1954331600
43.79;-0.1508448152;0.1308347028;0.0626126142;0.1804203710
43.80;-0.1501339086;0.1325630839;0.0795577228;0.1652272236
43.81;-0.1492539120;0.1341387042;0.0964274491;0.1498711527
43.82;-0.1482056740;0.1355600224;0.1132028667;0.1343697439
43.83;-0.1469902319;0.1368256736;0.1298651353;0.1187407141
43.84;-0.1456088110;0.1379344707;0.1463955208;0.1030018920
43.85;-0.1440628232;0.1388854052;0.1627754153;0.0871711987
43.86;-0.1423538659;0.1396776484;0.1789863572;0.0712666278
43.87;-0.1404837202;0.1403105516;0.1950100515;0.0553062263
43.88;-0.1384543494;0.1407836471;0.2108283892;0.0393080748
43.89;-0.1362678967;0.1410966476;0.2264234678;0.0232902680
43.90;-0.1339266832;0.1412494472;0.2417776106;0.0072708956
43.91;-0.1314332058;0.1412421205;0.2568733867;-0.0087319774
43.92;-0.1287901340;0.1410749227;0.2716936305;-0.0247003298
43.93;-0.1260003080;0.1407482889;0.2862214610;-0.0406162038
43.94;-0.1230667349;0.1402628332;0.3004403013;-0.0564617237
43.95;-0.1199925862;0.1396193482;0.3143338975;-0.0722191151
43.96;-0.1167811942;0.1388188036;0.3278863374;-0.0878707240
43.97;-0.1134360486;0.1378623448;0.3410820698;-0.1033990358
43.98;-0.1099607925;0.1367512917;0.3539059221;-0.1187866935
43.99;-0.1063592191;0.1354871371;0.3663431187;-0.1340165168
44.00;-0.1026352670;0.1340715442;0.3783792991;-0.1490715201
44.01;-0.0987930164;0.1325063454;0.3900005349;-0.1639349312
44.02;-0.0948366845;0.1307935394;0.4011933469;-0.1785902092
44.03;-0.0907706210;0.1289352893;0.4119447220;-0.1930210625
44.04;-0.0865993034;0.1269339197;0.4222421294;-0.2072114664
44.05;-0.0823273319;0.1247919141;0.4320735361;-0.2211456806
44.06;-0.0779594246;0.1225119116;0.4414274223;-0.2348082667
44.07;-0.0735004120;0.1200967046;0.4502927965;-0.2481841050
44.08;-0.0689552320;0.1175492347;0.4586592089;-0.2612584114
44.09;-0.0643289242;0.1148725897;0.4665167659;-0.2740167535
44.10;-0.0596266241;0.1120699999;0.4738561424;-0.2864450675
44.11;-0.0548535579;0.1091448342;0.4806685941;-0.2985296733
44.12;-0.0500150360;0.1061005965;0.4869459698;-0.3102572903
44.13;-0.0451164474;0.1029409213;0.4926807216;-0.3216150525
44.14;-0.0401632536;0.0996695699;0.4978659154;-0.3325905233
44.15;-0.0351609822;0.0962904253;0.5024952402;-0.3431717096
44.16;-0.0301152208;0.0928074885;0.5065630170;-0.3533470757
44.17;-0.0250316106;0.0892248735;0.5100642064;-0.3631055571
44.18;-0.0199158401;0.0855468024;0.5129944155;-0.3724365726
44.19;-0.0147736382;0.0817776007;0.5153499041;-0.3813300377
44.20;-0.0096107682;0.0779216922;0.5171275905;-0.3897763757
44.21;-0.0044330207;0.0739835940;0.5183250549;-0.3977665292
44.22;0.0007537928;0.0699679108;0.5189405438;-0.4052919712
44.23;0.0059438465;0.0658793303;0.5189729722;-0.4123447147
44.24;0.0111313071;0.0617226171;0.5184219255;-0.4189173224
44.25;0.0163103407;0.0575026074;0.5172876600;-0.4250029159
44.26;0.0214751192;0.0532242034;0.5155711031;-0.4305951833
44.27;0.0266198270;0.0488923675;0.5132738521;-0.4356883871
44.28;0.0317386679;0.0445121166;0.5103981724;-0.4402773706
44.29;0.0368258719;0.0400885162;0.5069469946;-0.4443575647
44.30;0.0418757013;0.0356266746;0.5029239107;-0.4479249922
44.31;0.0468824578;0.0311317370;0.4983331696;-0.4509762734
44.32;0.0518404887;0.0266088791;0.4931796718;-0.4535086292
44.33;0.0567441936;0.0220633016;0.4874689627;-0.4555198843
44.34;0.0615880310;0.0175002238;0.4812072258;-0.4570084697
44.35;0.0663665239;0.0129248778;0.4744012748;-0.4579734238
44.36;0.0710742670;0.0083425021;0.4670585443;-0.4584143934
44.37;0.0757059322;0.0037583359;0.4591870810;-0.4583316331
44.38;0.0802562749;-0.0008223875;0.4507955331;-0.4577260050
44.39;0.0847201399;-0.0053944461;0.4418931394;-0.4565989763
44.40;0.0890924674;-0.0099526357;0.4324897175;-0.4549526173
44.41;0.0933682986;-0.0144917761;0.4225956518;-0.4527895977
44.42;0.0975427813;-0.0190067162;0.4122218805;-0.4501131827
44.43;0.1016111753;-0.0234923411;0.4013798818;-0.4469272278
44.44;0.1055688580;-0.0279435770;0.3900816601;-0.4432361738
44.45;0.1094113293;-0.0323553975;0.3783397313;-0.4390450397
44.46;0.1131342169;-0.0367228293;0.3661671076;-0.4343594158
44.47;0.1167332807;-0.0410409578;0.3535772821;-0.4291854560
44.48;0.1202044182;-0.0453049328;0.3405842124;-0.4235298690
44.49;0.1235436687;-0.0495099738;0.3272023042;-0.4173999093
44.50;0.1267472175;-0.0536513756;0.3134463948;-0.4108033671
44.51;0.1298114006;-0.0577245135;0.2993317356;-0.4037485576
44.52;0.1327327085;-0.0617248485;0.2848739744;-0.3962443102
44.53;0.1355077898;-0.0656479325;0.2700891377;-0.3882999566
44.54;0.1381334555;-0.0694894132;0.2549936128;-0.3799253182
44.55;0.1406066821;-0.0732450388;0.2396041289;-0.3711306937
44.56;0.1429246149;-0.0769106629;0.2239377390;-0.3619268451
44.57;0.1450845716;-0.0804822489;0.2080118004;-0.3523249844
44.58;0.1470840445;-0.0839558746;0.1918439564;-0.3423367590
44.59;0.1489207040;-0.0873277363;0.1754521165;-0.3319742366
44.60;0.1505924007;-0.0905941531;0.1588544373;-0.3212498906
44.61;0.1520971678;-0.0937515708;0.1420693030;-0.3101765838
44.62;0.1534332238;-0.0967965656;0.1251153054;-0.2987675533
44.63;0.1545989736;-0.0997258480;0.1080112247;-0.2870363933
44.64;0.1555930111;-0.1025362660;0.0907760091;-0.2749970391
44.65;0.1564141203;-0.1052248089;0.0734287552;-0.2626637501
44.66;0.1570612768;-0.1077886097;0.0559886877;-0.2500510925
44.67;0.1575336491;-0.1102249490;0.0384751395;-0.2371739222
44.68;0.1578305994;-0.1125312568;0.0209075314;-0.2240473667
44.69;0.1579516845;-0.1147051162;0.0033053520;-0.2106868081
44.70;0.1578966563;-0.1167442650;-0.0143118628;-0.1971078645
44.71;0.1576654623;-0.1186465983;-0.0319245500;-0.1833263721
44.72;0.1572582456;-0.1204101707;-0.0495131398;-0.1693583671
44.73;0.1566753450;-0.1220331979;-0.0670580760;-0.1552200672
44.74;0.1559172947;-0.1235140589;-0.0845398365;-0.1409278534
44.75;0.1549848238;-0.1248512970;-0.1019389536;-0.1264982511
44.76;0.1538788558;-0.1260436214;-0.1192360345;-0.1119479120
44.77;0.1526005076;-0.1270899086;-0.1364117817;-0.0972935952
44.78;0.1511510886;-0.1279892029;-0.1534470133;-0.0825521486
44.79;0.1495320992;-0.1287407175;-0.1703226836;-0.0677404906
44.80;0.1477452298;-0.1293438352;-0.1870199032;-0.0528755906
44.81;0.1457923584;-0.1297981085;-0.2035199593;-0.0379744516
44.82;0.1436755496;-0.1301032602;-0.2198043364;-0.0230540903
44.83;0.1413970517;-0.1302591830;-0.2358547357;-0.0081315195
44.84;0.1389592951;-0.1302659398;-0.2516530960;0.0067762710
44.85;0.1363648893;-0.1301237633;-0.2671816132;0.0216523324
44.86;0.1336166208;-0.1298330553;-0.2824227601;0.0364797759
44.87;0.1307174495;-0.1293943859;-0.2973593064;0.0512417904
44.88;0.1276705064;-0.1288084933;-0.3119743383;0.0659216614
44.89;0.1244790898;-0.1280762819;-0.3262512774;0.0805027883
44.90;0.1211466621;-0.1271988216;-0.3401739006;0.0949687031
44.91;0.1176768458;-0.1261773463;-0.3537263584;0.1093030881
44.92;0.1140734204;-0.1250132522;-0.3668931936;0.1234897932
44.93;0.1103403176;-0.1237080960;-0.3796593604;0.1375128544
44.94;0.1064816176;-0.1222635932;-0.3920102414;0.1513565101
44.95;0.1025015444;-0.1206816157;-0.4039316663;0.1650052193
44.96;0.0984044616;-0.1189641897;-0.4154099285;0.1784436780
44.97;0.0941948673;-0.1171134932;-0.4264318026;0.1916568366
44.98;0.0898773894;-0.1151318533;-0.4369845605;0.2046299159
44.99;0.0854567807;-0.1130217435;-0.4470559875;0.2173484239
45.00;0.0809379132;-0.1107857808;-0.4566343980;0.2297981717
45.01;0.0763257734;-0.1084267223;-0.4657086500;0.2419652896
45.02;0.0716254562;-0.1059474623;-0.4742681602;0.2538362424
45.03;0.0668421595;-0.1033510287;-0.4823029170;0.2653978446
45.04;0.0619811786;-0.1006405794;-0.4898034943;0.2766372755
45.05;0.0570478998;-0.0978193987;-0.4967610634;0.2875420937
45.06;0.0520477949;-0.0948908932;-0.5031674051;0.2981002513
45.07;0.0469864147;-0.0918585881;-0.5090149208;0.3083001075
45.08;0.0418693827;-0.0887261229;-0.5142966423;0.3181304423
45.09;0.0367023891;-0.0854972471;-0.5190062420;0.3275804691
45.10;0.0314911840;-0.0821758158;-0.5231380408;0.3366398477
45.11;0.0262415712;-0.0787657853;-0.5266870163;0.3452986957
45.12;0.0209594012;-0.0752712085;-0.5296488099;0.3535476005
45.13;0.0156505647;-0.0716962297;-0.5320197326;0.3613776301
45.14;0.0103209863;-0.0680450804;-0.5337967704;0.3687803437
45.15;0.0049766169;-0.0643220738;-0.5349775884;0.3757478015
45.16;-0.0003765724;-0.0605316001;-0.5355605344;0.3822725740
45.17;-0.0057325974;-0.0566781212;-0.5355446409;0.3883477508
45.18;-0.0110854679;-0.0527661652;-0.5349296274;0.3939669491
45.19;-0.0164291941;-0.0488003217;-0.5337159000;0.3991243203
45.20;-0.0217577937;-0.0447852361;-0.5319045517;0.4038145577
45.21;-0.0270652988;-0.0407256037;-0.5294973609;0.4080329023
45.22;-0.0323457628;-0.0366261652;-0.5264967889;0.4117751484
45.23;-0.0375932669;-0.0324917001;-0.5229059772;0.4150376482
45.24;-0.0428019274;-0.0283270218;-0.5187287431;0.4178173162
45.25;-0.0479659018;-0.0241369717;-0.5139695746;0.4201116323
45.26;-0.0530793961;-0.0199264136;-0.5086336247;0.4219186446
45.27;-0.0581366709;-0.0157002279;-0.5027267048;0.4232369716
45.28;-0.0631320483;-0.0114633060;-0.4962552768;0.4240658027
45.29;-0.0680599182;-0.0072205445;-0.4892264446;0.4244048994
45.30;-0.0729147448;-0.0029768395;-0.4816479454;0.4242545944
45.31;-0.0776910726;0.0012629189;-0.4735281389;0.4236157912
45.32;-0.0823835330;0.0054938527;-0.4648759975;0.4224899617
45.33;-0.0869868499;0.0097111014;-0.4557010937;0.4208791441
45.34;-0.0914958460;0.0139098275;-0.4460135889;0.4187859394
45.35;-0.0959054486;0.0180852226;-0.4358242198;0.4162135077
45.36;-0.1002106950;0.0222325124;-0.4251442856;0.4131655634
45.37;-0.1044067384;0.0263469629;-0.4139856333;0.4096463695
45.38;-0.1084888531;0.0304238849;-0.4023606434;0.4056607322
45.39;-0.1124524397;0.0344586403;-0.3902822147;0.4012139933
45.40;-0.1162930305;0.0384466472;-0.3777637484;0.3963120234
45.41;-0.1200062940;0.0423833845;-0.3648191322;0.3909612136
45.42;-0.1235880403;0.0462643982;-0.3514627237;0.3851684666
45.43;-0.1270342251;0.0500853053;-0.3377093330;0.3789411876
45.44;-0.1303409544;0.0538417997;-0.3235742058;0.3722872742
45.45;-0.1335044889;0.0575296565;-0.3090730055;0.3652151059
45.46;-0.1365212477;0.0611447370;-0.2942217950;0.3577335330
45.47;-0.1393878128;0.0646829933;-0.2790370186;0.3498518651
45.48;-0.1421009321;0.0681404730;-0.2635354831;0.3415798590
45.49;-0.1446575237;0.0715133232;-0.2477343392;0.3329277057
45.50;-0.1470546784;0.0747977952;-0.2316510623;0.3239060177
45.51;-0.1492896636;0.0779902484;-0.2153034332;0.3145258155
45.52;-0.1513599260;0.0810871544;-0.1987095188;0.3047985134
45.53;-0.1532630941;0.0840851009;-0.1818876522;0.2947359053
45.54;-0.1549969811;0.0869807953;-0.1648564133;0.2843501500
45.55;-0.1565595871;0.0897710684;-0.1476346086;0.2736537560
45.56;-0.1579491014;0.0924528777;-0.1302412515;0.2626595664
45.57;-0.1591639042;0.0950233108;-0.1126955417;0.2513807430
45.58;-0.1602025689;0.0974795886;-0.0950168457;0.2398307504
45.59;-0.1610638629;0.0998190677;-0.0772246761;0.2280233397
45.60;-0.1617467496;0.1020392440;-0.0593386712;0.2159725324
45.61;-0.1622503893;0.1041377545;-0.0413785750;0.2036926033
45.62;-0.1625741402;0.1061123806;-0.0233642164;0.1911980637
45.63;-0.1627175590;0.1079610495;-0.0053154889;0.1785036448
45.64;-0.1626804018;0.1096818369;0.0127476700;0.1656242801
45.65;-0.1624626241;0.1112729689;0.0308052994;0.1525750881
45.66;-0.1620643808;0.1127328235;0.0488374353;0.1393713554
45.67;-0.1614860268;0.1140599323;0.0668241315;0.1260285182
45.68;-0.1607281160;0.1152529821;0.0847454802;0.1125621459
45.69;-0.1597914012;0.1163108157;0.1025816325;0.0989879223
45.70;-0.1586768333;0.1172324336;0.1203128190;0.0853216286
45.71;-0.1573855603;0.1180169942;0.1379193705;0.0715791255
45.72;-0.1559189265;0.1186638151;0.1553817386;0.0577763352
45.73;-0.1542784709;0.1191723732;0.1726805162;0.0439292237
45.74;-0.1524659257;0.1195423052;0.1897964581;0.0300537834
45.75;-0.1504832148;0.1197734078;0.2067105017;0.0161660145
45.76;-0.1483324516;0.1198656377;0.2234037870;0.0022819083
45.77;-0.1460159371;0.1198191114;0.2398576773;-0.0115825712
45.78;-0.1435361574;0.1196341047;0.2560537795;-0.0254115049
45.79;-0.1408957813;0.1193110526;0.2719739642;-0.0391890358
45.80;-0.1380976574;0.1188505480;0.2876003857;-0.0528993866
45.81;-0.1351448114;0.1182533411;0.3029155022;-0.0665268773
45.82;-0.1320404426;0.1175203386;0.3179020952;-0.0800559423
45.83;-0.1287879209;0.1166526018;0.3325432895;-0.0934711474
45.84;-0.1253907832;0.1156513461;0.3468225723;-0.1067572071
45.85;-0.1218527297;0.1145179386;0.3607238124;-0.1198990016
45.86;-0.1181776197;0.1132538968;0.3742312795;-0.1328815928
45.87;-0.1143694679;0.1118608867;0.3873296621;-0.1456902418
45.88;-0.1104324398;0.1103407203;0.4000040864;-0.1583104246
45.89;-0.1063708475;0.1086953541;0.4122401340;-0.1707278484
45.90;-0.1021891450;0.1069268861;0.4240238595;-0.1829284677
45.91;-0.0978919231;0.1050375534;0.4353418078;-0.1948984998
45.92;-0.0934839047;0.1030297298;0.4461810306;-0.2066244404
45.93;-0.0889699398;0.1009059224;0.4565291028;-0.2180930787
45.94;-0.0843549996;0.0986687690;0.4663741381;-0.2292915125
45.95;-0.0796441717;0.0963210348;0.4757048045;-0.2402071625
45.96;-0.0748426541;0.0938656093;0.4845103385;-0.2508277868
45.97;-0.0699557495;0.0913055023;0.4927805591;-0.2611414949
45.98;-0.0649888594;0.0886438409;0.5005058816;-0.2711367611
45.99;-0.0599474783;0.0858838658;0.5076773297;-0.2808024380
46.00;-0.0548371871;0.0830289268;0.5142865477;-0.2901277691
46.01;-0.0496636473;0.0800824795;0.5203258118;-0.2991024013
46.02;-0.0444325945;0.0770480810;0.5257880401;-0.3077163970
46.03;-0.0391498316;0.0739293855;0.5306668027;-0.3159602455
46.04;-0.0338212227;0.0707301403;0.5349563301;-0.3238248741
46.05;-0.0284526863;0.0674541810;0.5386515213;-0.3313016590
46.06;-0.0230501884;0.0641054272;0.5417479509;-0.3383824348
46.07;-0.0176197358;0.0606878781;0.5442418751;-0.3450595046
46.08;-0.0121673696;0.0572056070;0.5461302368;-0.3513256488
46.09;-0.0066991577;0.0536627574;0.5474106705;-0.3571741334
46.10;-0.0012211884;0.0500635375;0.5480815049;-0.3625987183
46.11;0.0042604370;0.0464122153;0.5481417659;-0.3675936643
46.12;0.0097396106;0.0427131139;0.5475911777;-0.3721537396
46.13;0.0152102256;0.0389706060;0.5464301634;-0.3762742266
46.14;0.0206661826;0.0351891088;0.5446598446;-0.3799509263
46.15;0.0261013973;0.0313730792;0.5422820401;-0.3831801640
46.16;0.0315098067;0.0275270077;0.5392992629;-0.3859587929
46.17;0.0368853765;0.0236554142;0.5357147177;-0.3882841979
46.18;0.0422221079;0.0197628416;0.5315322960;-0.3901542980
46.19;0.0475140445;0.0158538512;0.5267565711;-0.3915675489
46.20;0.0527552790;0.0119330170;0.5213927924;-0.3925229439
46.21;0.0579399597;0.0080049202;0.5154468774;-0.3930200151
46.22;0.0630622978;0.0040741443;0.5089254051;-0.3930588332
46.23;0.0681165733;0.0001452692;0.5018356063;-0.3926400067
46.24;0.0730971416;-0.0037771340;0.4941853545;-0.3917646812
46.25;0.0779984403;-0.0076885082;0.4859831555;-0.3904345365
46.26;0.0828149951;-0.0115843159;0.4772381365;-0.3886517845
46.27;0.0875414260;-0.0154600442;0.4679600339;-0.3864191657
46.28;0.0921724532;-0.0193112104;0.4581591812;-0.3837399450
46.29;0.0967029033;-0.0231333669;0.4478464953;-0.3806179069
46.30;0.1011277151;-0.0269221067;0.4370334632;-0.3770573503
46.31;0.1054419447;-0.0306730681;0.4257321273;-0.3730630826
46.32;0.1096407717;-0.0343819402;0.4139550702;-0.3686404126
46.33;0.1137195040;-0.0380444675;0.4017153995;-0.3637951434
46.34;0.1176735829;-0.0416564552;0.3890267316;-0.3585335649
46.35;0.1214985888;-0.0452137736;0.3759031750;-0.3528624445
46.36;0.1251902453;-0.0487123629;0.3623593137;-0.3467890189
46.37;0.1287444241;-0.0521482384;0.3484101893;-0.3403209841
46.38;0.1321571497;-0.0555174943;0.3340712840;-0.3334664850
46.39;0.1354246034;-0.0588163084;0.3193585016;-0.3262341055
46.40;0.1385431277;-0.0620409467;0.3042881500;-0.3186328564
46.41;0.1415092300;-0.0651877673;0.2888769219;-0.3106721647
46.42;0.1443195866;-0.0682532245;0.2731418760;-0.3023618606
46.43;0.1469710461;-0.0712338731;0.2571004179;-0.2937121660
46.44;0.1494606327;-0.0741263718;0.2407702807;-0.2847336807
46.45;0.1517855495;-0.0769274872;0.2241695052;-0.2754373694
46.46;0.1539431816;-0.0796340974;0.2073164207;-0.2658345482
46.47;0.1559310988;-0.0822431952;0.1902296245;-0.2559368702
46.48;0.1577470578;-0.0847518917;0.1729279620;-0.2457563115
46.49;0.1593890053;-0.0871574194;0.1554305069;-0.2353051563
46.50;0.1608550796;-0.0894571347;0.1377565407;-0.2245959819
46.51;0.1621436126;-0.0916485217;0.1199255323;-0.2136416438
46.52;0.1632531321;-0.0937291940;0.1019571178;-0.2024552597
46.53;0.1641823629;-0.0956968979;0.0838710800;-0.1910501944
46.54;0.1649302280;-0.0975495143;0.0656873277;-0.1794400437
46.55;0.1654958504;-0.0992850611;0.0474258752;-0.1676386179
46.56;0.1658785535;-0.1009016957;0.0291068219;-0.1556599262
46.57;0.1660778620;-0.1023977160;0.0107503314;-0.1435181602
46.58;0.1660935027;-0.1037715631;-0.0076233891;-0.1312276768
46.59;0.1659254042;-0.1050218222;-0.0259941095;-0.1188029822
46.60;0.1655736979;-0.1061472241;-0.0443415974;-0.1062587151
46.61;0.1650387171;-0.1071466470;-0.0626456390;-0.0936096295
46.62;0.1643209972;-0.1080191168;-0.0808860597;-0.0808705781
46.63;0.1634212751;-0.1087638085;-0.0990427449;-0.0680564954
46.64;0.1623404882;-0.1093800466;-0.1170956609;-0.0551823806
46.65;0.1610797742;-0.1098673061;-0.1350248752;-0.0422632808
46.66;0.1596404691;-0.1102252125;-0.1528105775;-0.0293142738
46.67;0.1580241066;-0.1104535422;-0.1704331006;-0.0163504511
46.68;0.1562324161;-0.1105522225;-0.1878729404;-0.0033869011
46.69;0.1542673212;-0.1105213314;-0.2051107771;0.0095613078
46.70;0.1521309377;-0.1103610976;-0.2221274956;0.0224791444
46.71;0.1498255714;-0.1100718997;-0.2389042057;0.0353516311
46.72;0.1473537158;-0.1096542658;-0.2554222629;0.0481638612
46.73;0.1447180497;-0.1091088727;-0.2716632884;0.0609010148
46.74;0.1419214339;-0.1084365448;-0.2876091895;0.0735483763
46.75;0.1389669090;-0.1076382532;-0.3032421796;0.0860913502
46.76;0.1358576917;-0.1067151140;-0.3185447978;0.0985154775
46.77;0.1325971714;-0.1056683875;-0.3334999291;0.1108064521
46.78;0.1291889073;-0.1044994760;-0.3480908237;0.1229501369
46.79;0.1256366238;-0.1032099223;-0.3623011162;0.1349325794
46.80;0.1219442070;-0.1018014078;-0.3761148447;0.1467400276
46.81;0.1181157007;-0.1002757503;-0.3895164699;0.1583589454
46.82;0.1141553017;-0.0986349017;-0.4024908929;0.1697760278
46.83;0.1100673557;-0.0968809461;-0.4150234738;0.1809782164
46.84;0.1058563524;-0.0950160965;-0.4271000493;0.1919527135
46.85;0.1015269205;-0.0930426926;-0.4387069502;0.2026869975
46.86;0.0970838230;-0.0909631981;-0.4498310179;0.2131688363
46.87;0.0925319518;-0.0887801972;-0.4604596211;0.2233863021
46.88;0.0878763225;-0.0864963921;-0.4705806717;0.2333277845
46.89;0.0831220688;-0.0841145992;-0.4801826400;0.2429820041
46.90;0.0782744367;-0.0816377461;-0.4892545698;0.2523380256
46.91;0.0733387789;-0.0790688680;-0.4977860920;0.2613852703
46.92;0.0683205490;-0.0764111041;-0.5057674389;0.2701135284
46.93;0.0632252948;-0.0736676936;-0.5131894561;0.2785129709
46.94;0.0580586529;-0.0708419723;-0.5200436155;0.2865741611
46.95;0.0528263418;-0.0679373681;-0.5263220260;0.2942880656
46.96;0.0475341558;-0.0649573974;-0.5320174445;0.3016460648
46.97;0.0421879584;-0.0619056606;-0.5371232853;0.3086399631
46.98;0.0367936753;-0.0587858378;-0.5416336295;0.3152619987
46.99;0.0313572884;-0.0556016847;-0.5455432327;0.3215048525
47.00;0.0258848285;-0.0523570277;-0.5488475323;0.3273616565
47.01;0.0203823686;-0.0490557599;-0.5515426538;0.3328260025
47.02;0.0148560168;-0.0457018358;-0.5536254162;0.3378919492
47.03;0.0093119099;-0.0422992673;-0.5550933364;0.3425540292
47.04;0.0037562057;-0.0388521182;-0.5559446326;0.3468072555
47.05;-0.0018049236;-0.0353645001;-0.5561782268;0.3506471273
47.06;-0.0073652984;-0.0318405670;-0.5557937465;0.3540696350
47.07;-0.0129187392;-0.0282845105;-0.5547915251;0.3570712654
47.08;-0.0184590730;-0.0247005548;-0.5531726016;0.3596490048
47.09;-0.0239801411;-0.0210929519;-0.5509387190;0.3618003432
47.10;-0.0294758055;-0.0174659761;-0.5480923222;0.3635232764
47.11;-0.0349399561;-0.0138239195;-0.5446365546;0.3648163084
47.12;-0.0403665180;-0.0101710864;-0.5405752535;0.3656784528
47.13;-0.0457494577;-0.0065117885;-0.5359129455;0.3661092335
47.14;-0.0510827907;-0.0028503396;-0.5306548399;0.3661086849
47.15;-0.0563605879;0.0008089492;-0.5248068218;0.3656773513
47.16;-0.0615769824;0.0044617748;-0.5183754441;0.3648162858
47.17;-0.0667261761;0.0081038475;-0.5113679190;0.3635270484
47.18;-0.0718024463;0.0117308953;-0.5037921078;0.3618117038
47.19;-0.0768001521;0.0153386696;-0.4956565112;0.3596728177
47.20;-0.0817137409;0.0189229499;-0.4869702576;0.3571134537
47.21;-0.0865377541;0.0224795488;-0.4777430914;0.3541371687
47.22;-0.0912668340;0.0260043169;-0.4679853599;0.3507480078
47.23;-0.0958957290;0.0294931477;-0.4577080007;0.3469504987
47.24;-0.1004193001;0.0329419823;-0.4469225270;0.3427496457
47.25;-0.1048325260;0.0363468142;-0.4356410134;0.3381509227
47.26;-0.1091305088;0.0397036942;-0.4238760807;0.3331602660
47.27;-0.1133084799;0.0430087343;-0.4116408798;0.3277840663
47.28;-0.1173618043;0.0462581130;-0.3989490760;0.3220291601
47.29;-0.1212859864;0.0494480793;-0.3858148317;0.3159028213
47.30;-0.1250766748;0.0525749569;-0.3722527899;0.3094127508
47.31;-0.1287296665;0.0556351488;-0.3582780559;0.3025670674
47.32;-0.1322409120;0.0586251412;-0.3439061800;0.2953742964
47.33;-0.1356065194;0.0615415074;-0.3291531389;0.2878433598
47.34;-0.1388227587;0.0643809121;-0.3140353171;0.2799835638
47.35;-0.1418860656;0.0671401146;-0.2985694881;0.2718045878
47.36;-0.1447930455;0.0698159732;-0.2827727952;0.2633164720
47.37;-0.1475404769;0.0724054481;-0.2666627324;0.2545296045
47.38;-0.1501253149;0.0749056052;-0.2502571243;0.2454547091
47.39;-0.1525446946;0.0773136190;-0.2335741069;0.2361028311
47.40;-0.1547959337;0.0796267763;-0.2166321072;0.2264853245
47.41;-0.1568765357;0.0818424788;-0.1994498235;0.2166138377
47.42;-0.1587841923;0.0839582461;-0.1820462053;0.2065002994
47.43;-0.1605167859;0.0859717185;-0.1644404325;0.1961569043
47.44;-0.1620723917;0.0878806594;-0.1466518955;0.1855960981
47.45;-0.1634492798;0.0896829580;-0.1287001747;0.1748305629
47.46;-0.1646459170;0.0913766312;-0.1106050197;0.1638732020
47.47;-0.1656609684;0.0929598262;-0.0923863291;0.1527371245
47.48;-0.1664932985;0.0944308222;-0.0740641295;0.1414356298
47.49;-0.1671419730;0.0957880323;-0.0556585551;0.1299821920
47.50;-0.1676062591;0.0970300050;-0.0371898269;0.1183904445
47.51;-0.1678856266;0.0981554260;-0.0186782322;0.1066741632
47.52;-0.1679797486;0.0991631195;-0.0001441036;0.0948472515
47.53;-0.1678885014;0.1000520490;0.0183922019;0.0829237237
47.54;-0.1676119652;0.1008213189;0.0369103230;0.0709176887
47.55;-0.1671504234;0.1014701750;0.0553899156;0.0588433340
47.56;-0.1665043630;0.1019980053;0.0738106730;0.0467149097
47.57;-0.1656744736;0.1024043406;0.0921523472;0.0345467116
47.58;-0.1646616469;0.1026888547;0.1103947689;0.0223530652
47.59;-0.1634669760;0.1028513649;0.1285178692;0.0101483096
47.60;-0.1620917538;0.1028918317;0.1465016993;-0.0020532193
47.61;-0.1605374723;0.1028103590;0.1643264519;-0.0142372046
47.62;-0.1588058206;0.1026071937;0.1819724817;-0.0263893651
47.63;-0.1568986833;0.1022827252;0.1994203257;-0.0384954710
47.64;-0.1548181389;0.1018374850;0.2166507240;-0.0505413605
47.65;-0.1525664572;0.1012721457;0.2336446403;-0.0625129553
47.66;-0.1501460971;0.1005875202;0.2503832822;-0.0743962773
47.67;-0.1475597043;0.0997845606;0.2668481215;-0.0861774637
47.68;-0.1448101083;0.0988643572;0.2830209144;-0.0978427830
47.69;-0.1419003194;0.0978281365;0.2988837215;-0.1093786508
47.70;-0.1388335259;0.0966772604;0.3144189277;-0.1207716451
47.71;-0.1356130905;0.0954132240;0.3296092622;-0.1320085213
47.72;-0.1322425467;0.0940376540;0.3444378176;-0.1430762277
47.73;-0.1287255953;0.0925523063;0.3588880695;-0.1539619202
47.74;-0.1250661002;0.0909590644;0.3729438955;-0.1646529771
47.75;-0.1212680846;0.0892599369;0.3865895939;-0.1751370135
47.76;-0.1173357264;0.0874570547;0.3998099025;-0.1854018954
47.77;-0.1132733540;0.0855526691;0.4125900162;-0.1954357542
47.78;-0.1090854413;0.0835491484;0.4249156055;-0.2052269996
47.79;-0.1047766032;0.0814489756;0.4367728332;-0.2147643338
47.80;-0.1003515904;0.0792547449;0.4481483719;-0.2240367642
47.81;-0.0958152842;0.0769691590;0.4590294200;-0.2330336162
47.82;-0.0911726913;0.0745950257;0.4694037183;-0.2417445459
47.83;-0.0864289382;0.0721352546;0.4792595649;-0.2501595521
47.84;-0.0815892655;0.0695928533;0.4885858303;-0.2582689877
47.85;-0.0766590222;0.0669709244;0.4973719716;-0.2660635717
47.86;-0.0716436598;0.0642726612;0.5056080465;-0.2735343997
47.87;-0.0665487261;0.0615013441;0.5132847257;-0.2806729543
47.88;-0.0613798591;0.0586603369;0.5203933055;-0.2874711158
47.89;-0.0561427807;0.0557530823;0.5269257191;-0.2939211711
47.90;-0.0508432902;0.0527830982;0.5328745475;-0.3000158233
47.91;-0.0454872577;0.0497539735;0.5382330295;-0.3057482004
47.92;-0.0400806179;0.0466693634;0.5429950704;-0.3111118632
47.93;-0.0346293627;0.0435329854;0.5471552507;-0.3161008131
47.94;-0.0291395351;0.0403486148;0.5507088332;-0.3207094994
47.95;-0.0236172217;0.0371200801;0.5536517694;-0.3249328256
47.96;-0.0180685465;0.0338512584;0.5559807052;-0.3287661557
47.97;-0.0124996633;0.0305460710;0.5576929855;-0.3322053193
47.98;-0.0069167491;0.0272084784;0.5587866577;-0.3352466171
47.99;-0.0013259966;0.0238424757;0.5592604744;-0.3378868245
48.00;0.0042663923;0.0204520881;0.5591138952;-0.3401231960
48.01;0.0098542137;0.0170413656;0.5583470873;-0.3419534677
48.02;0.0154312693;0.0136143785;0.5569609253;-0.3433758602
48.03;0.0209913728;0.0101752125;0.5549569901;-0.3443890806
48.04;0.0265283573;0.0067279636;0.5523375663;-0.3449923233
48.05;0.0320360822;0.0032767338;0.5491056397;-0.3451852710
48.06;0.0375084405;-0.0001743746;0.5452648922;-0.3449680949
48.07;0.0429393651;-0.0036212631;0.5408196978;-0.3443414536
48.08;0.0483228363;-0.0070598425;0.5357751157;-0.3433064924
48.09;0.0536528884;-0.0104860372;0.5301368839;-0.3418648412
48.10;0.0589236163;-0.0138957906;0.5239114111;-0.3400186121
48.11;0.0641291825;-0.0172850693;0.5171057682;-0.3377703965
48.12;0.0692638233;-0.0206498686;0.5097276787;-0.3351232613
48.13;0.0743218556;-0.0239862165;0.5017855084;-0.3320807447
48.14;0.0792976831;-0.0272901788;0.4932882541;-0.3286468515
48.15;0.0841858023;-0.0305578637;0.4842455319;-0.3248260473
48.16;0.0889808094;-0.0337854263;0.4746675647;-0.3206232530
48.17;0.0936774054;-0.0369690732;0.4645651683;-0.3160438379
48.18;0.0982704025;-0.0401050669;0.4539497384;-0.3110936128
48.19;0.1027547297;-0.0431897302;0.4428332351;-0.3057788224
48.20;0.1071254385;-0.0462194503;0.4312281681;-0.3001061370
48.21;0.1113777079;-0.0491906834;0.4191475813;-0.2940826439
48.22;0.1155068501;-0.0520999587;0.4066050360;-0.2877158384
48.23;0.1195083155;-0.0549438820;0.3936145943;-0.2810136141
48.24;0.1233776974;-0.0577191404;0.3801908024;-0.2739842529
48.25;0.1271107369;-0.0604225054;0.3663486723;-0.2666364143
48.26;0.1307033277;-0.0630508371;0.3521036646;-0.2589791247
48.27;0.1341515201;-0.0656010875;0.3374716694;-0.2510217662
48.28;0.1374515254;-0.0680703045;0.3224689882;-0.2427740645
48.29;0.1405997198;-0.0704556345;0.3071123150;-0.2342460770
48.30;0.1435926485;-0.0727543262;0.2914187168;-0.2254481805
48.31;0.1464270290;-0.0749637339;0.2754056144;-0.2163910583
48.32;0.1490997549;-0.0770813198;0.2590907629;-0.2070856872
48.33;0.1516078986;-0.0791046576;0.2424922316;-0.1975433241
48.34;0.1539487150;-0.0810314347;0.2256283845;-0.1877754923
48.35;0.1561196440;-0.0828594551;0.2085178596;-0.1777939678
48.36;0.1581183129;-0.0845866417;0.1911795493;-0.1676107648
48.37;0.1599425394;-0.0862110388;0.1736325797;-0.1572381218
48.38;0.1615903334;-0.0877308141;0.1558962906;-0.1466884866
48.39;0.1630598992;-0.0891442607;0.1379902144;-0.1359745018
48.40;0.1643496373;-0.0904497990;0.1199340563;-0.1251089898
48.41;0.1654581462;-0.0916459786;0.1017476732;-0.1141049377
48.42;0.1663842233;-0.0927314797;0.0834510532;-0.1029754821
48.43;0.1671268667;-0.0937051145;0.0650642952;-0.0917338936
48.44;0.1676852760;-0.0945658284;0.0466075879;-0.0803935617
48.45;0.1680588528;-0.0953127015;0.0281011894;-0.0689679788
48.46;0.1682472018;-0.0959449491;0.0095654060;-0.0574707250
48.47;0.1682501308;-0.0964619226;-0.0089794277;-0.0459154521
48.48;0.1680676509;-0.0968631104;-0.0275129702;-0.0343158678
48.49;0.1676999768;-0.0971481381;-0.0460148935;-0.0226857205
48.50;0.1671475261;-0.0973167688;-0.0644649039;-0.0110387827
48.51;0.1664109192;-0.0973689037;-0.0828427626;0.0006111641
48.52;0.1654909786;-0.0973045814;-0.1011283065;0.0122503458
48.53;0.1643887278;-0.0971239785;-0.1193014685;0.0238650109
48.54;0.1631053904;-0.0968274086;-0.1373422986;0.0354414466
48.55;0.1616423890;-0.0964153225;-0.1552309842;0.0469659944
48.56;0.1600013434;-0.0958883070;-0.1729478706;0.0584250657
48.57;0.1581840692;-0.0952470845;-0.1904734816;0.0698051573
48.58;0.1561925757;-0.0944925119;-0.2077885399;0.0810928671
48.59;0.1540290638;-0.0936255794;-0.2248739875;0.0922749089
48.60;0.1516959241;-0.0926474098;-0.2417110059;0.1033381284
48.61;0.1491957338;-0.0915592563;-0.2582810362;0.1142695176
48.62;0.1465312543;-0.0903625017;-0.2745657994;0.1250562303
48.63;0.1437054287;-0.0890586563;-0.2905473160;0.1356855964
48.64;0.1407213778;-0.0876493560;-0.3062079261;0.1461451371
48.65;0.1375823977;-0.0861363606;-0.3215303090;0.1564225786
48.66;0.1342919557;-0.0845215516;-0.3364975022;0.1665058670
48.67;0.1308536870;-0.0828069299;-0.3510929210;0.1763831819
48.68;0.1272713906;-0.0809946132;-0.3653003775;0.1860429504
48.69;0.1235490253;-0.0790868338;-0.3791040991;0.1954738603
48.70;0.1196907057;-0.0770859357;-0.3924887467;0.2046648735
48.71;0.1157006971;-0.0749943719;-0.4054394333;0.2136052393
48.72;0.1115834117;-0.0728147014;-0.4179417414;0.2222845062
48.73;0.1073434034;-0.0705495860;-0.4299817404;0.2306925352
48.74;0.1029853628;-0.0682017876;-0.4415460032;0.2388195111
48.75;0.0985141123;-0.0657741643;-0.4526216232;0.2466559544
48.76;0.0939346006;-0.0632696675;-0.4631962299;0.2541927326
48.77;0.0892518973;-0.0606913379;-0.4732580045;0.2614210711
48.78;0.0844711876;-0.0580423023;-0.4827956945;0.2683325635
48.79;0.0795977661;-0.0553257697;-0.4917986283;0.2749191820
48.80;0.0746370313;-0.0525450272;-0.5002567289;0.2811732866
48.81;0.0695944794;-0.0497034366;-0.5081605263;0.2870876347
48.82;0.0644756981;-0.0468044299;-0.5155011707;0.2926553897
48.83;0.0592863607;-0.0438515056;-0.5222704434;0.2978701291
48.84;0.0540322193;-0.0408482242;-0.5284607677;0.3027258525
48.85;0.0487190984;-0.0377982040;-0.5340652193;0.3072169888
48.86;0.0433528888;-0.0347051169;-0.5390775349;0.3113384025
48.87;0.0379395404;-0.0315726841;-0.5434921213;0.3150854008
48.88;0.0324850554;-0.0284046712;-0.5473040622;0.3184537384
48.89;0.0269954822;-0.0252048843;-0.5505091251;0.3214396231
48.90;0.0214769078;-0.0219771649;-0.5531037673;0.3240397203
48.91;0.0159354513;-0.0187253856;-0.5550851399;0.3262511566
48.92;0.0103772566;-0.0154534454;-0.5564510926;0.3280715239
48.93;0.0048084859;-0.0121652652;-0.5572001756;0.3294988815
48.94;-0.0007646880;-0.0088647829;-0.5573316421;0.3305317590
48.95;-0.0063360879;-0.0055559485;-0.5568454493;0.3311691573
48.96;-0.0118995401;-0.0022427199;-0.5557422580;0.3314105502
48.97;-0.0174488808;0.0010709422;-0.5540234317;0.3312558843
48.98;-0.0229779633;0.0043810789;-0.5516910348;0.3307055793
48.99;-0.0284806652;0.0076837379;-0.5487478294;0.3297605272
49.00;-0.0339508952;0.0109749780;-0.5451972718;0.3284220906
49.01;-0.0393825998;0.0142508744;-0.5410435072;0.3266921010
49.02;-0.0447697705;0.0175075224;-0.5362913642;0.3245728562
49.03;-0.0501064506;0.0207410430;-0.5309463479;0.3220671174
49.04;-0.0553867417;0.0239475870;-0.5250146329;0.3191781049
49.05;-0.0606048102;0.0271233397;-0.5185030540;0.3159094944
49.06;-0.0657548946;0.0302645252;-0.5114190977;0.3122654120
49.07;-0.0708313112;0.0333674115;-0.5037708914;0.3082504283
49.08;-0.0758284607;0.0364283140;-0.4955671933;0.3038695533
49.09;-0.0807408345;0.0394436009;-0.4868173798;0.2991282292
49.10;-0.0855630210;0.0424096966;-0.4775314340;0.2940323236
49.11;-0.0902897112;0.0453230863;-0.4677199319;0.2885881221
49.12;-0.0949157048;0.0481803202;-0.4573940292;0.2828023200
49.13;-0.0994359160;0.0509780176;-0.4465654466;0.2766820140
49.14;-0.1038453789;0.0537128704;-0.4352464548;0.2702346932
49.15;-0.1081392529;0.0563816475;-0.4234498591;0.2634682297
49.16;-0.1123128283;0.0589811985;-0.4111889833;0.2563908682
49.17;-0.1163615309;0.0615084571;-0.3984776531;0.2490112167
49.18;-0.1202809274;0.0639604450;-0.3853301792;0.2413382347
49.19;-0.1240667298;0.0663342750;-0.3717613398;0.2333812230
49.20;-0.1277148003;0.0686271547;-0.3577863626;0.2251498117
49.21;-0.1312211554;0.0708363896;-0.3434209070;0.2166539485
49.22;-0.1345819703;0.0729593863;-0.3286810453;0.2079038866
49.23;-0.1377935830;0.0749936551;-0.3135832440;0.1989101723
49.24;-0.1408524981;0.0769368135;-0.2981443450;0.1896836319
49.25;-0.1437553902;0.0787865886;-0.2823815459;0.1802353591
49.26;-0.1464991077;0.0805408194;-0.2663123806;0.1705767011
49.27;-0.1490806760;0.0821974599;-0.2499546999;0.1607192456
49.28;-0.1514973004;0.0837545809;-0.2333266514;0.1506748065
49.29;-0.1537463691;0.0852103727;-0.2164466596;0.1404554101
49.30;-0.1558254560;0.0865631466;-0.1993334057;0.1300732809
49.31;-0.1577323227;0.0878113372;-0.1820058076;0.1195408269
49.32;-0.1594649214;0.0889535040;-0.1644829994;0.1088706254
49.33;-0.1610213964;0.0899883330;-0.1467843111;0.0980754079
49.34;-0.1624000863;0.0909146383;-0.1289292484;0.0871680453
49.35;-0.1635995256;0.0917313633;-0.1109374717;0.0761615331
49.36;-0.1646184460;0.0924375821;-0.0928287762;0.0650689759
49.37;-0.1654557777;0.0930325000;-0.0746230708;0.0539035728
49.38;-0.1661106507;0.0935154550;-0.0563403582;0.0426786013
49.39;-0.1665823951;0.0938859179;-0.0380007137;0.0314074026
49.40;-0.1668705422;0.0941434936;-0.0196242649;0.0201033659
49.41;-0.1669748249;0.0942879205;-0.0012311713;0.0087799133
49.42;-0.1668951774;0.0943190719;0.0171583966;-0.0025495164
49.43;-0.1666317359;0.0942369551;0.0355242774;-0.0138714822
49.44;-0.1661848379;0.0940417119;0.0538463400;-0.0251725572
49.45;-0.1655550221;0.0937336182;0.0721045035;-0.0364393433
49.46;-0.1647430276;0.0933130838;0.0902787578;-0.0476584873
49.47;-0.1637497931;0.0927806516;0.1083491844;-0.0588166957
49.48;-0.1625764560;0.0921369971;0.1262959765;-0.0699007504
49.49;-0.1612243513;0.0913829276;0.1440994595;-0.0808975236
49.50;-0.1596950097;0.0905193810;0.1617401112;-0.0917939931
49.51;-0.1579901564;0.0895474251;0.1791985822;-0.1025772574
49.52;-0.1561117092;0.0884682558;0.1964557163;-0.1132345503
49.53;-0.1540617764;0.0872831961;0.2134925702;-0.1237532560
49.54;-0.1518426545;0.0859936942;0.2302904337;-0.1341209236
49.55;-0.1494568260;0.0846013221;0.2468308498;-0.1443252816
49.56;-0.1469069564;0.0831077733;0.2630956345;-0.1543542521
49.57;-0.1441958918;0.0815148613;0.2790668961;-0.1641959651
49.58;-0.1413266555;0.0798245171;0.2947270554;-0.1738387719
49.59;-0.1383024453;0.0780387870;0.3100588643;-0.1832712596
49.60;-0.1351266292;0.0761598302;0.3250454256;-0.1924822637
49.61;-0.1318027428;0.0741899164;0.3396702118;-0.2014608818
49.62;-0.1283344848;0.0721314227;0.3539170834;-0.2101964862
49.63;-0.1247257134;0.0699868313;0.3677703081;-0.2186787368
49.64;-0.1209804419;0.0677587260;0.3812145784;-0.2268975931
49.65;-0.1171028347;0.0654497899;0.3942350296;-0.2348433265
49.66;-0.1130972022;0.0630628014;0.4068172573;-0.2425065317
49.67;-0.1089679968;0.0606006313;0.4189473347;-0.2498781381
49.68;-0.1047198076;0.0580662398;0.4306118291;-0.2569494208
49.69;-0.1003573554;0.0554626720;0.4417978181;-0.2637120111
49.70;-0.0958854877;0.0527930553;0.4524929058;-0.2701579066
49.71;-0.0913091733;0.0500605951;0.4626852376;-0.2762794811
49.72;-0.0866334966;0.0472685710;0.4723635152;-0.2820694935
49.73;-0.0818636524;0.0444203333;0.4815170108;-0.2875210971
49.74;-0.0770049397;0.0415192987;0.4901355806;-0.2926278479
49.75;-0.0720627559;0.0385689461;0.4982096776;-0.2973837123
49.76;-0.0670425910;0.0355728129;0.5057303640;-0.3017830745
49.77;-0.0619500212;0.0325344904;0.5126893227;-0.3058207440
49.78;-0.0567907028;0.0294576196;0.5190788680;-0.3094919611
49.79;-0.0515703655;0.0263458872;0.5248919558;-0.3127924037
49.80;-0.0462948067;0.0232030205;0.5301221924;-0.3157181917
49.81;-0.0409698838;0.0200327838;0.5347638437;-0.3182658929
49.82;-0.0356015088;0.0168389730;0.5388118420;-0.3204325261
49.83;-0.0301956407;0.0136254120;0.5422617929;-0.3222155657
49.84;-0.0247582790;0.0103959474;0.5451099815;-0.3236129442
49.85;-0.0192954572;0.0071544442;0.5473533767;-0.3246230552
49.86;-0.0138132355;0.0039047811;0.5489896357;-0.3252447548
49.87;-0.0083176940;0.0006508462;0.5500171066;-0.3254773636
49.88;-0.0028149260;-0.0026034683;0.5504348309;-0.3253206670
49.89;0.0026889691;-0.0058542702;0.5502425445;-0.3247749157
49.90;0.0081878928;-0.0090976721;0.5494406777;-0.3238408249
49.91;0.0136757543;-0.0123297960;0.5480303547;-0.3225195737
49.92;0.0191464775;-0.0155467784;0.5460133919;-0.3208128036
49.93;0.0245940081;-0.0187447739;0.5433922951;-0.3187226158
49.94;0.0300123201;-0.0219199610;0.5401702559;-0.3162515691
49.95;0.0353954228;-0.0250685457;0.5363511473;-0.3134026760
49.96;0.0407373678;-0.0281867665;0.5319395181;-0.3101793993
49.97;0.0460322553;-0.0312708986;0.5269405868;-0.3065856476
49.98;0.0512742413;-0.0343172589;0.5213602340;-0.3026257698
49.99;0.0564575435;-0.0373222094;0.5152049946;-0.2983045502
50.00;0.0615764486;-0.0402821627;0.5084820486;-0.2936272021
50.01;0.0666253180;-0.0431935851;0.5011992118;-0.2885993614
50.02;0.0715985945;-0.0460530016;0.4933649247;-0.2832270792
50.03;0.0764908084;-0.0488569999;0.4849882415;-0.2775168145
50.04;0.0812965834;-0.0516022341;0.4760788182;-0.2714754260
50.05;0.0860106429;-0.0542854288;0.4666468993;-0.2651101635
50.06;0.0906278156;-0.0569033831;0.4567033053;-0.2584286589
50.07;0.0951430412;-0.0594529744;0.4462594176;-0.2514389170
50.08;0.0995513760;-0.0619311618;0.4353271649;-0.2441493051
50.09;0.1038479980;-0.0643349899;0.4239190073;-0.2365685433
50.10;0.1080282129;-0.0666615923;0.4120479207;-0.2287056934
50.11;0.1120874581;-0.0689081947;0.3997273809;-0.2205701482
50.12;0.1160213087;-0.0710721185;0.3869713464;-0.2121716196
50.13;0.1198254814;-0.0731507838;0.3737942419;-0.2035201273
50.14;0.1234958394;-0.0751417122;0.3602109401;-0.1946259865
50.15;0.1270283971;-0.0770425299;0.3462367444;-0.1854997956
50.16;0.1304193236;-0.0788509707;0.3318873704;-0.1761524233
50.17;0.1336649475;-0.0805648781;0.3171789275;-0.1665949959
50.18;0.1367617601;-0.0821822083;0.3021279000;-0.1568388838
50.19;0.1397064196;-0.0837010321;0.2867511282;-0.1468956883
50.20;0.1424957540;-0.0851195378;0.2710657893;-0.1367772276
50.21;0.1451267650;-0.0864360325;0.2550893774;-0.1264955232
50.22;0.1475966305;-0.0876489448;0.2388396848;-0.1160627855
50.23;0.1499027079;-0.0887568260;0.2223347812;-0.1054913997
50.24;0.1520425365;-0.0897583524;0.2055929950;-0.0947939112
50.25;0.1540138400;-0.0906523261;0.1886328921;-0.0839830111
50.26;0.1558145292;-0.0914376772;0.1714732569;-0.0730715214
50.27;0.1574427033;-0.0921134644;0.1541330714;-0.0620723800
50.28;0.1588966526;-0.0926788761;0.1366314954;-0.0509986261
50.29;0.1601748596;-0.0931332319;0.1189878463;-0.0398633847
50.30;0.1612760007;-0.0934759828;0.1012215784;-0.0286798519
50.31;0.1621989476;-0.0937067121;0.0833522629;-0.0174612792
50.32;0.1629427680;-0.0938251359;0.0653995676;-0.0062209587
50.33;0.1635067268;-0.0938311032;0.0473832366;0.0050277926
50.34;0.1638902866;-0.0937245964;0.0293230695;0.0162716476
50.35;0.1640931082;-0.0935057310;0.0112389018;0.0274972850
50.36;0.1641150508;-0.0931747557;-0.0068494161;0.0386914041
50.37;0.1639561722;-0.0927320522;-0.0249220387;0.0498407404
50.38;0.1636167285;-0.0921781343;-0.0429591460;0.0609320808
50.39;0.1630971736;-0.0915136477;-0.0609409636;0.0719522786
50.40;0.1623981592;-0.0907393694;-0.0788477829;0.0828882692
50.41;0.1615205334;-0.0898562063;-0.0966599813;0.0937270845
50.42;0.1604653401;-0.0888651945;-0.1143580427;0.1044558683
50.43;0.1592338177;-0.0877674982;-0.1319225767;0.1150618911
50.44;0.1578273978;-0.0865644079;-0.1493343396;0.1255325647
50.45;0.1562477038;-0.0852573395;-0.1665742538;0.1358554572
50.46;0.1544965486;-0.0838478323;-0.1836234278;0.1460183071
50.47;0.1525759333;-0.0823375472;-0.2004631760;0.1560090380
50.48;0.1504880448;-0.0807282649;-0.2170750383;0.1658157722
50.49;0.1482352530;-0.0790218840;-0.2334408000;0.1754268453
50.50;0.1458201090;-0.0772204184;-0.2495425110;0.1848308195
50.51;0.1432453419;-0.0753259953;-0.2653625052;0.1940164973
50.52;0.1405138559;-0.0733408527;-0.2808834194;0.2029729346
50.53;0.1376287273;-0.0712673364;-0.2960882130;0.2116894541
50.54;0.1345932012;-0.0691078980;-0.3109601861;0.2201556575
50.55;0.1314106876;-0.0668650914;-0.3254829983;0.2283614386
50.56;0.1280847584;-0.0645415701;-0.3396406873;0.2362969948
50.57;0.1246191429;-0.0621400840;-0.3534176866;0.2439528393
50.58;0.1210177242;-0.0596634763;-0.3667988437;0.2513198127
50.59;0.1172845347;-0.0571146802;-0.3797694372;0.2583890938
50.60;0.1134237518;-0.0544967151;-0.3923151942;0.2651522106
50.61;0.1094396931;-0.0518126836;-0.4044223072;0.2716010504
50.62;0.1053368123;-0.0490657676;-0.4160774499;0.2777278701
50.63;0.1011196936;-0.0462592243;-0.4272677940;0.2835253056
50.64;0.0967930470;-0.0433963828;-0.4379810240;0.2889863808
50.65;0.0923617029;-0.0404806399;-0.4482053523;0.2941045165
50.66;0.0878306072;-0.0375154563;-0.4579295341;0.2988735382
50.67;0.0832048152;-0.0345043522;-0.4671428806;0.3032876843
50.68;0.0784894863;-0.0314509034;-0.4758352732;0.3073416129
50.69;0.0736898782;-0.0283587372;-0.4839971753;0.3110304088
50.70;0.0688113411;-0.0252315274;-0.4916196449;0.3143495894
50.71;0.0638593114;-0.0220729910;-0.4986943458;0.3172951109
50.72;0.0588393059;-0.0188868829;-0.5052135584;0.3198633726
50.73;0.0537569156;-0.0156769917;-0.5111701893;0.3220512223
50.74;0.0486177991;-0.0124471356;-0.5165577806;0.3238559598
50.75;0.0434276764;-0.0092011572;-0.5213705184;0.3252753406
50.76;0.0381923223;-0.0059429194;-0.5256032401;0.3263075788
50.77;0.0329175602;-0.0026763006;-0.5292514411;0.3269513491
50.78;0.0276092549;0.0005948097;-0.5323112809;0.3272057890
50.79;0.0222733065;0.0038665159;-0.5347795877;0.3270704995
50.80;0.0169156434;0.0071349207;-0.5366538627;0.3265455459
50.81;0.0115422156;0.0103961296;-0.5379322833;0.3256314580
50.82;0.0061589879;0.0136462559;-0.5386137049;0.3243292288
50.83;0.0007719333;0.0168814251;-0.5386976630;0.3226403140
50.84;-0.0046129743;0.0200977795;-0.5381843729;0.3205666298
50.85;-0.0099897662;0.0232914829;-0.5370747294;0.3181105507
50.86;-0.0153524861;0.0264587252;-0.5353703057;0.3152749066
50.87;-0.0206951970;0.0295957266;-0.5330733503;0.3120629790
50.88;-0.0260119876;0.0326987428;-0.5301867845;0.3084784975
50.89;-0.0312969791;0.0357640685;-0.5267141975;0.3045256344
50.90;-0.0365443321;0.0387880428;-0.5226598418;0.3002090002
50.91;-0.0417482529;0.0417670527;-0.5180286269;0.2955336375
50.92;-0.0469030001;0.0446975379;-0.5128261127;0.2905050151
50.93;-0.0520028913;0.0475759949;-0.5070585016;0.2851290207
50.94;-0.0570423091;0.0503989813;-0.5007326299;0.2794119542
50.95;-0.0620157077;0.0531631193;-0.4938559589;0.2733605197
50.96;-0.0669176190;0.0558651007;-0.4864365644;0.2669818173
50.97;-0.0717426587;0.0585016897;-0.4784831260;0.2602833343
50.98;-0.0764855322;0.0610697275;-0.4700049153;0.2532729363
50.99;-0.0811410405;0.0635661360;-0.4610117840;0.2459588576
51.00;-0.0857040860;0.0659879210;-0.4515141508;0.2383496908
51.01;-0.0901696782;0.0683321759;-0.4415229876;0.2304543769
51.02;-0.0945329389;0.0705960855;-0.4310498058;0.2222821946
51.03;-0.0987891076;0.0727769288;-0.4201066411;0.2138427485
51.04;-0.1029335468;0.0748720826;-0.4087060386;0.2051459582
51.05;-0.1069617469;0.0768790242;-0.3968610368;0.1962020462
51.06;-0.1108693311;0.0787953347;-0.3845851514;0.1870215259
51.07;-0.1146520601;0.0806187019;-0.3718923588;0.1776151890
51.08;-0.1183058365;0.0823469226;-0.3587970788;0.1679940925
51.09;-0.1218267094;0.0839779055;-0.3453141575;0.1581695464
51.10;-0.1252108783;0.0855096738;-0.3314588491;0.1481530996
51.11;-0.1284546972;0.0869403670;-0.3172467981;0.1379565270
51.12;-0.1315546784;0.0882682438;-0.3026940208;0.1275918151
51.13;-0.1345074963;0.0894916834;-0.2878168868;0.1170711489
51.14;-0.1373099905;0.0906091881;-0.2726321001;0.1064068969
51.15;-0.1399591694;0.0916193845;-0.2571566801;0.0956115973
51.16;-0.1424522130;0.0925210255;-0.2414079423;0.0846979434
51.17;-0.1447864758;0.0933129916;-0.2254034790;0.0736787687
51.18;-0.1469594896;0.0939942923;-0.2091611396;0.0625670325
51.19;-0.1489689659;0.0945640672;-0.1926990114;0.0513758048
51.20;-0.1508127981;0.0950215873;-0.1760353994;0.0401182514
51.21;-0.1524890639;0.0953662553;-0.1591888069;0.0288076185
51.22;-0.1539960266;0.0955976071;-0.1421779154;0.0174572181
51.23;-0.1553321373;0.0957153116;-0.1250215646;0.0060804122
51.24;-0.1564960362;0.0957191719;-0.1077387328;-0.0053094021
51.25;-0.1574865539;0.0956091250;-0.0903485168;-0.0166988082
51.26;-0.1583027125;0.0953852419;-0.0728701115;-0.0280743850
51.27;-0.1589437264;0.0950477281;-0.0553227905;-0.0394227227
51.28;-0.1594090031;0.0945969228;-0.0377258857;-0.0507304376
51.29;-0.1596981434;0.0940332992;-0.0200987676;-0.0619841880
51.30;-0.1598109423;0.0933574633;-0.0024608248;-0.0731706890
51.31;-0.1597473885;0.0925701536;0.0151685551;-0.0842767282
51.32;-0.1595076643;0.0916722407;0.0327700064;-0.0952891803
51.33;-0.1590921459;0.0906647254;0.0503242045;-0.1061950229
51.34;-0.1585014020;0.0895487386;0.0678118859;-0.1169813512
51.35;-0.1577361938;0.0883255394;0.0852138683;-0.1276353927
51.36;-0.1567974739;0.0869965139;0.1025110699;-0.1381445224
51.37;-0.1556863850;0.0855631736;0.1196845295;-0.1484962773
51.38;-0.1544042586;0.0840271539;0.1367154259;-0.1586783712
51.39;-0.1529526139;0.0823902121;0.1535850975;-0.1686787083
51.40;-0.1513331557;0.0806542253;0.1702750615;-0.1784853985
51.41;-0.1495477727;0.0788211886;0.1867670340;-0.1880867705
51.42;-0.1475985353;0.0768932125;0.2030429483;-0.1974713861
51.43;-0.1454876934;0.0748725207;0.2190849748;-0.2066280533
51.44;-0.1432176741;0.0727614477;0.2348755396;-0.2155458404
51.45;-0.1407910786;0.0705624358;0.2503973436;-0.2242140881
51.46;-0.1382106798;0.0682780324;0.2656333808;-0.2326224232
51.47;-0.1354794193;0.0659108874;0.2805669575;-0.2407607702
51.48;-0.1326004035;0.0634637496;0.2951817098;-0.2486193644
51.49;-0.1295769013;0.0609394642;0.3094616223;-0.2561887631
51.50;-0.1264123395;0.0583409688;0.3233910457;-0.2634598573
51.51;-0.1231102997;0.0556712907;0.3369547147;-0.2704238830
51.52;-0.1196745141;0.0529335428;0.3501377646;-0.2770724318
51.53;-0.1161088614;0.0501309206;0.3629257493;-0.2833974613
51.54;-0.1124173628;0.0472666977;0.3753046570;-0.2893913053
51.55;-0.1086041772;0.0443442228;0.3872609270;-0.2950466830
51.56;-0.1046735968;0.0413669153;0.3987814659;-0.3003567083
51.57;-0.1006300425;0.0383382615;0.4098536621;-0.3053148984
51.58;-0.0964780586;0.0352618105;0.4204654020;-0.3099151821
51.59;-0.0922223081;0.0321411699;0.4306050836;-0.3141519072
51.60;-0.0878675675;0.0289800017;0.4402616311;-0.3180198481
51.61;-0.0834187212;0.0257820183;0.4494245083;-0.3215142121
51.62;-0.0788807563;0.0225509774;0.4580837313;-0.3246306455
51.63;-0.0742587570;0.0192906783;0.4662298812;-0.3273652398
51.64;-0.0695578986;0.0160049570;0.4738541154;-0.3297145361
51.65;-0.0647834421;0.0126976820;0.4809481790;-0.3316755299
51.66;-0.0599407279;0.0093727494;0.4875044151;-0.3332456750
51.67;-0.0550351702;0.0060340784;0.4935157741;-0.3344228870
51.68;-0.0500722503;0.0026856070;0.4989758231;-0.3352055459
51.69;-0.0450575110;-0.0006687133;0.5038787537;-0.3355924984
51.70;-0.0399965497;-0.0040249216;0.5082193898;-0.3355830594
51.71;-0.0348950128;-0.0073790524;0.5119931935;-0.3351770135
51.72;-0.0297585885;-0.0107271405;0.5151962714;-0.3343746147
51.73;-0.0245930008;-0.0140652258;0.5178253794;-0.3331765868
51.74;-0.0194040029;-0.0173893574;0.5198779265;-0.3315841224
51.75;-0.0141973707;-0.0206955988;0.5213519783;-0.3295988818
51.76;-0.0089788961;-0.0239800327;0.5222462590;-0.3272229908
51.77;-0.0037543804;-0.0272387650;0.5225601530;-0.3244590382
51.78;0.0014703723;-0.0304679300;0.5222937056;-0.3213100730
51.79;0.0066895614;-0.0336636946;0.5214476221;-0.3177796004
51.80;0.0118973970;-0.0368222633;0.5200232673;-0.3138715778
51.81;0.0170881058;-0.0399398822;0.5180226625;-0.3095904097
51.82;0.0222559381;-0.0430128438;0.5154484832;-0.3049409427
51.83;0.0273951744;-0.0460374909;0.5123040547;-0.2999284597
51.84;0.0325001315;-0.0490102218;0.5085933478;-0.2945586728
51.85;0.0375651690;-0.0519274937;0.5043209726;-0.2888377172
51.86;0.0425846960;-0.0547858273;0.4994921724;-0.2827721434
51.87;0.0475531771;-0.0575818109;0.4941128166;-0.2763689091
51.88;0.0524651386;-0.0603121044;0.4881893920;-0.2696353711
51.89;0.0573151748;-0.0629734431;0.4817289946;-0.2625792763
51.90;0.0620979541;-0.0655626417;0.4747393193;-0.2552087526
51.91;0.0668082244;-0.0680765982;0.4672286502;-0.2475322987
51.92;0.0714408198;-0.0705122973;0.4592058491;-0.2395587743
51.93;0.0759906656;-0.0728668141;0.4506803439;-0.2312973896
51.94;0.0804527841;-0.0751373173;0.4416621161;-0.2227576941
51.95;0.0848223004;-0.0773210731;0.4321616879;-0.2139495653
51.96;0.0890944472;-0.0794154478;0.4221901085;-0.2048831972
51.97;0.0932645705;-0.0814179112;0.4117589400;-0.1955690883
51.98;0.0973281341;-0.0833260396;0.4008802426;-0.1860180290
51.99;0.1012807252;-0.0851375187;0.3895665594;-0.1762410893
52.00;0.1051180586;-0.0868501462;0.3778309009;-0.1662496056
52.01;0.1088359814;-0.0884618343;0.3656867287;-0.1560551678
52.02;0.1124304777;-0.0899706124;0.3531479390;-0.1456696056
52.03;0.1158976724;-0.0913746294;0.3402288458;-0.1351049750
52.04;0.1192338358;-0.0926721558;0.3269441638;-0.1243735441
52.05;0.1224353873;-0.0938615858;0.3133089905;-0.1134877795
52.06;0.1254988988;-0.0949414391;0.2993387887;-0.1024603313
52.07;0.1284210989;-0.0959103628;0.2850493683;-0.0913040195
52.08;0.1311988758;-0.0967671331;0.2704568677;-0.0800318184
52.09;0.1338292807;-0.0975106566;0.2555777360;-0.0686568424
52.10;0.1363095308;-0.0981399715;0.2404287135;-0.0571923310
52.11;0.1386370120;-0.0986542492;0.2250268131;-0.0456516336
52.12;0.1408092816;-0.0990527950;0.2093893015;-0.0340481943
52.13;0.1428240709;-0.0993350490;0.1935336798;-0.0223955370
52.14;0.1446792872;-0.0995005870;0.1774776643;-0.0107072494
52.15;0.1463730159;-0.0995491207;0.1612391673;0.0010030315
52.16;0.1479035225;-0.0994804986;0.1448362774;0.0127216357
52.17;0.1492692542;-0.0992947059;0.1282872403;0.0244348753
52.18;0.1504688414;-0.0989918646;0.1116104393;0.0361290597
52.19;0.1515010988;-0.0985722338;0.0948243757;0.0477905120
52.20;0.1523650267;-0.0980362090;0.0779476492;0.0594055835
52.21;0.1530598118;-0.0973843221;0.0609989381;0.0709606702
52.22;0.1535848279;-0.0966172407;0.0439969805;0.0824422274
52.23;0.1539396365;-0.0957357675;0.0269605539;0.0938367859
52.24;0.1541239868;-0.0947408396;0.0099084561;0.1051309667
52.25;0.1541378160;-0.0936335271;-0.0071405143;0.1163114970
52.26;0.1539812495;-0.0924150324;-0.0241675776;0.1273652249
52.27;0.1536546000;-0.0910866887;-0.0411539922;0.1382791349
52.28;0.1531583675;-0.0896499586;-0.0580810742;0.1490403627
52.29;0.1524932383;-0.0881064327;-0.0749302166;0.1596362102
52.30;0.1516600847;-0.0864578275;-0.0916829086;0.1700541604
52.31;0.1506599630;-0.0847059836;-0.1083207548;0.1802818916
52.32;0.1494941133;-0.0828528642;-0.1248254943;0.1903072923
52.33;0.1481639572;-0.0809005519;-0.1411790200;0.2001184751
52.34;0.1466710968;-0.0788512476;-0.1573633969;0.2097037910
52.35;0.1450173123;-0.0767072671;-0.1733608819;0.2190518428
52.36;0.1432045606;-0.0744710388;-0.1891539415;0.2281514992
52.37;0.1412349727;-0.0721451013;-0.2047252712;0.2369919077
52.38;0.1391108512;-0.0697321001;-0.2200578135;0.2455625077
52.39;0.1368346684;-0.0672347848;-0.2351347763;0.2538530435
52.40;0.1344090627;-0.0646560060;-0.2499396509;0.2618535765
52.41;0.1318368364;-0.0619987121;-0.2644562304;0.2695544970
52.42;0.1291209522;-0.0592659458;-0.2786686267;0.2769465368
52.43;0.1262645298;-0.0564608408;-0.2925612885;0.2840207798
52.44;0.1232708429;-0.0535866181;-0.3061190185;0.2907686732
52.45;0.1201433154;-0.0506465825;-0.3193269902;0.2971820384
52.46;0.1168855172;-0.0476441185;-0.3321707648;0.3032530809
52.47;0.1135011610;-0.0445826867;-0.3446363073;0.3089744003
52.48;0.1099940974;-0.0414658197;-0.3567100029;0.3143389992
52.49;0.1063683111;-0.0382971179;-0.3683786724;0.3193402925
52.50;0.1026279166;-0.0350802455;-0.3796295876;0.3239721157
52.51;0.0987771529;-0.0318189264;-0.3904504862;0.3282287324
52.52;0.0948203796;-0.0285169394;-0.4008295863;0.3321048420
52.53;0.0907620716;-0.0251781142;-0.4107556001;0.3355955867
52.54;0.0866068140;-0.0218063270;-0.4202177479;0.3386965574
52.55;0.0823592972;-0.0184054956;-0.4292057703;0.3414037994
52.56;0.0780243116;-0.0149795752;-0.4377099415;0.3437138183
52.57;0.0736067420;-0.0115325536;-0.4457210803;0.3456235838
52.58;0.0691115623;-0.0080684464;-0.4532305619;0.3471305342
52.59;0.0645438300;-0.0045912927;-0.4602303281;0.3482325800
52.60;0.0599086799;-0.0011051500;-0.4667128975;0.3489281062
52.61;0.0552113191;0.0023859105;-0.4726713748;0.3492159752
52.62;0.0504570206;0.0058778083;-0.4780994590;0.3490955283
52.63;0.0456511171;0.0093664592;-0.4829914514;0.3485665863
52.64;0.0407989956;0.0128477793;-0.4873422628;0.3476294509
52.65;0.0359060909;0.0163176901;-0.4911474198;0.3462849037
52.66;0.0309778791;0.0197721234;-0.4944030701;0.3445342059
52.67;0.0260198721;0.0232070260;-0.4971059872;0.3423790968
52.68;0.0210376106;0.0266183645;-0.4992535746;0.3398217918
52.69;0.0160366584;0.0300021300;-0.5008438689;0.3368649803
52.70;0.0110225955;0.0333543429;-0.5018755415;0.3335118218
52.71;0.0060010121;0.0366710573;-0.5023479006;0.3297659428
52.72;0.0009775022;0.0399483662;-0.5022608915;0.3256314322
52.73;-0.0040423429;0.0431824055;-0.5016150962;0.3211128365
52.74;-0.0090529410;0.0463693591;-0.5004117327;0.3162151545
52.75;-0.0140487250;0.0495054630;-0.4986526522;0.3109438310
52.76;-0.0190241497;0.0525870098;-0.4963403372;0.3053047505
52.77;-0.0239736978;0.0556103531;-0.4934778971;0.2993042301
52.78;-0.0288918862;0.0585719119;-0.4900690641;0.2929490121
52.79;-0.0337732721;0.0614681748;-0.4861181876;0.2862462556
52.80;-0.0386124595;0.0642957037;-0.4816302285;0.2792035283
52.81;-0.0434041048;0.0670511385;-0.4766107518;0.2718287970
52.82;-0.0481429232;0.0697312007;-0.4710659191;0.2641304188
52.83;-0.0528236943;0.0723326971;-0.4650024803;0.2561171307
52.84;-0.0574412684;0.0748525239;-0.4584277643;0.2477980393
52.85;-0.0619905715;0.0772876700;-0.4513496693;0.2391826103
52.86;-0.0664666119;0.0796352209;-0.4437766518;0.2302806573
52.87;-0.0708644847;0.0818923618;-0.4357177161;0.2211023298
52.88;-0.0751793781;0.0840563811;-0.4271824017;0.2116581022
52.89;-0.0794065782;0.0861246734;-0.4181807715;0.2019587609
52.90;-0.0835414742;0.0880947428;-0.4087233982;0.1920153921
52.91;-0.0875795638;0.0899642056;-0.3988213512;0.1818393689
52.92;-0.0915164574;0.0917307934;-0.3884861823;0.1714423381
52.93;-0.0953478836;0.0933923553;-0.3777299110;0.1608362068
52.94;-0.0990696934;0.0949468610;-0.3665650097;0.1500331288
52.95;-0.1026778646;0.0963924026;-0.3550043883;0.1390454909
52.96;-0.1061685064;0.0977271976;-0.3430613777;0.1278858984
52.97;-0.1095378632;0.0989495901;-0.3307497144;0.1165671608
52.98;-0.1127823188;0.1000580536;-0.3180835232;0.1051022776
52.99;-0.1158984001;0.1010511923;-0.3050773008;0.0935044234
53.00;-0.1188827808;0.1019277432;-0.2917458983;0.0817869328
53.01;-0.1217322847;0.1026865771;-0.2781045039;0.0699632857
53.02;-0.1244438892;0.1033267004;-0.2641686249;0.0580470919
53.03;-0.1270147282;0.1038472562;-0.2499540703;0.0460520761
53.04;-0.1294420952;0.1042475252;-0.2354769322;0.0339920620
53.05;-0.1317234460;0.1045269271;-0.2207535677;0.0218809572
53.06;-0.1338564011;0.1046850207;-0.2058005805;0.0097327376
53.07;-0.1358387483;0.1047215049;-0.1906348024;-0.0024385685
53.08;-0.1376684446;0.1046362192;-0.1752732745;-0.0146188960
53.09;-0.1393436186;0.1044291438;-0.1597332283;-0.0267941587
53.10;-0.1408625721;0.1041003999;-0.1440320673;-0.0389502650
53.11;-0.1422237814;0.1036502493;-0.1281873478;-0.0510731343
53.12;-0.1434258994;0.1030790948;-0.1122167598;-0.0631487118
53.13;-0.1444677564;0.1023874795;-0.0961381082;-0.0751629854
53.14;-0.1453483610;0.1015760860;-0.0799692941;-0.0871020007
53.15;-0.1460669016;0.1006457366;-0.0637282952;-0.0989518772
53.16;-0.1466227464;0.0995973916;-0.0474331469;-0.1106988238
53.17;-0.1470154443;0.0984321489;-0.0311019238;-0.1223291546
53.18;-0.1472447250;0.0971512425;-0.0147527201;-0.1338293043
53.19;-0.1473104991;0.0957560415;0.0015963692;-0.1451858438
53.20;-0.1472128582;0.0942480486;0.0179272670;-0.1563854958
53.21;-0.1469520745;0.0926288983;0.0342219333;-0.1674151495
53.22;-0.1465286003;0.0909003554;0.0504623838;-0.1782618764
53.23;-0.1459430673;0.0890643130;0.0666307088;-0.1889129448
53.24;-0.1451962860;0.0871227905;0.0827090919;-0.1993558348
53.25;-0.1442892443;0.0850779313;0.0986798285;-0.2095782530
53.26;-0.1432231068;0.0829320006;0.1145253447;-0.2195681467
53.27;-0.1419992130;0.0806873829;0.1302282152;-0.2293137184
53.28;-0.1406190756;0.0783465792;0.1457711820;-0.2388034396
53.29;-0.1390843793;0.0759122045;0.1611371726;-0.2480260646
53.30;-0.1373969783;0.0733869848;0.1763093179;-0.2569706438
53.31;-0.1355588946;0.0707737540;0.1912709705;-0.2656265372
53.32;-0.1335723153;0.0680754508;0.2060057220;-0.2739834270
53.33;-0.1314395905;0.0652951155;0.2204974209;-0.2820313302
53.34;-0.1291632301;0.0624358864;0.2347301902;-0.2897606109
53.35;-0.1267459018;0.0595009964;0.2486884445;-0.2971619917
53.36;-0.1241904273;0.0564937693;0.2623569066;-0.3042265660
53.37;-0.1214997796;0.0534176163;0.2757206250;-0.3109458082
53.38;-0.1186770794;0.0502760315;0.2887649902;-0.3173115846
53.39;-0.1157255919;0.0470725887;0.3014757505;-0.3233161640
53.40;-0.1126487228;0.0438109367;0.3138390286;-0.3289522270
53.41;-0.1094500146;0.0404947956;0.3258413370;-0.3342128751
53.42;-0.1061331430;0.0371279523;0.3374695932;-0.3390916401
53.43;-0.1027019119;0.0337142560;0.3487111347;-0.3435824921
53.44;-0.0991602502;0.0302576142;0.3595537339;-0.3476798469
53.45;-0.0955122065;0.0267619879;0.3699856116;-0.3513785740
53.46;-0.0917619449;0.0232313872;0.3799954515;-0.3546740025
53.47;-0.0879137405;0.0196698664;0.3895724128;-0.3575619277
53.48;-0.0839719742;0.0160815196;0.3987061433;-0.3600386167
53.49;-0.0799411281;0.0124704758;0.4073867919;-0.3621008129
53.50;-0.0758257799;0.0088408943;0.4156050196;-0.3637457412
53.51;-0.0716305986;0.0051969596;0.4233520116;-0.3649711107
53.52;-0.0673603382;0.0015428768;0.4306194873;-0.3657751190
53.53;-0.0630198332;-0.0021171337;0.4373997103;-0.3661564540
53.54;-0.0586139923;-0.0057788405;0.4436854982;-0.3661142960
53.55;-0.0541477936;-0.0094380067;0.4494702307;-0.3656483194
53.56;-0.0496262782;-0.0130903946;0.4547478582;-0.3647586929
53.57;-0.0450545451;-0.0167317705;0.4595129088;-0.3634460798
53.58;-0.0404377451;-0.0203579100;0.4637604950;-0.3617116375
53.59;-0.0357810746;-0.0239646025;0.4674863198;-0.3595570162
53.60;-0.0310897704;-0.0275476567;0.4706866815;-0.3569843573
53.61;-0.0263691030;-0.0311029048;0.4733584784;-0.3539962906
53.62;-0.0216243712;-0.0346262081;0.4754992122;-0.3505959317
53.63;-0.0168608955;-0.0381134610;0.4771069911;-0.3467868783
53.64;-0.0120840123;-0.0415605968;0.4781805316;-0.3425732055
53.65;-0.0072990680;-0.0449635914;0.4787191600;-0.3379594616
53.66;-0.0025114126;-0.0483184690;0.4787228127;-0.3329506624
53.67;0.0022736066;-0.0516213060;0.4781920357;-0.3275522852
53.68;0.0070506504;-0.0548682358;0.4771279838;-0.3217702625
53.69;0.0118143944;-0.0580554535;0.4755324186;-0.3156109745
53.70;0.0165595348;-0.0611792203;0.4734077054;-0.3090812420
53.71;0.0212807944;-0.0642358676;0.4707568100;-0.3021883181
53.72;0.0259729288;-0.0672218015;0.4675832942;-0.2949398794
53.73;0.0306307319;-0.0701335070;0.4638913109;-0.2873440171
53.74;0.0352490424;-0.0729675520;0.4596855980;-0.2794092275
53.75;0.0398227490;-0.0757205913;0.4549714719;-0.2711444016
53.76;0.0443467966;-0.0783893707;0.4497548203;-0.2625588151
53.77;0.0488161917;-0.0809707305;0.4440420939;-0.2536621174
53.78;0.0532260081;-0.0834616093;0.4378402977;-0.2444643200
53.79;0.0575713924;-0.0858590477;0.4311569818;-0.2349757852
53.80;0.0618475694;-0.0881601915;0.4240002312;-0.2252072140
53.81;0.0660498475;-0.0903622952;0.4163786550;-0.2151696336
53.82;0.0701736234;-0.0924627252;0.4083013752;-0.2048743846
53.83;0.0742143879;-0.0944589627;0.3997780148;-0.1943331083
53.84;0.0781677303;-0.0963486069;0.3908186854;-0.1835577331
53.85;0.0820293435;-0.0981293776;0.3814339741;-0.1725604609
53.86;0.0857950286;-0.0997991179;0.3716349302;-0.1613537535
53.87;0.0894606992;-0.1013557969;0.3614330512;-0.1499503180
53.88;0.0930223865;-0.1027975116;0.3508402684;-0.1383630928
53.89;0.0964762426;-0.1041224899;0.3398689319;-0.1266052330
53.90;0.0998185457;-0.1053290920;0.3285317957;-0.1146900953
53.91;0.1030457029;-0.1064158126;0.3168420021;-0.1026312235
53.92;0.1061542551;-0.1073812830;0.3048130656;-0.0904423331
53.93;0.1091408799;-0.1082242721;0.2924588568;-0.0781372959
53.94;0.1120023953;-0.1089436884;0.2797935857;-0.0657301247
53.95;0.1147357631;-0.1095385812;0.2668317853;-0.0532349579
53.96;0.1173380919;-0.1100081417;0.2535882942;-0.0406660434
53.97;0.1198066404;-0.1103517041;0.2400782397;-0.0280377232
53.98;0.1221388194;-0.1105687462;0.2263170200;-0.0153644171
53.99;0.1243321956;-0.1106588907;0.2123202868;-0.0026606071
54.00;0.1263844930;-0.1106219051;0.1981039277;0.0100591786
54.01;0.1282935957;-0.1104577024;0.1836840480;0.0227803822
54.02;0.1300575499;-0.1101663413;0.1690769529;0.0354884318
54.03;0.1316745656;-0.1097480262;0.1542991293;0.0481687579
54.04;0.1331430188;-0.1092031071;0.1393672275;0.0608068096
54.05;0.1344614525;-0.1085320793;0.1242980432;0.0733880705
54.06;0.1356285785;-0.1077355832;0.1091084991;0.0858980754
54.07;0.1366432781;-0.1068144033;0.0938156264;0.0983224257
54.08;0.1375046036;-0.1057694679;0.0784365466;0.1106468061
54.09;0.1382117789;-0.1046018479;0.0629884531;0.1228570004
54.10;0.1387642001;-0.1033127556;0.0474885926;0.1349389078
54.11;0.1391614358;-0.1019035439;0.0319542470;0.1468785581
54.12;0.1394032278;-0.1003757047;0.0164027149;0.1586621286
54.13;0.1394894905;-0.0987308672;0.0008512933;0.1702759587
54.14;0.1394203116;-0.0969707963;-0.0146827409;0.1817065665
54.15;0.1391959511;-0.0950973910;-0.0301821488;0.1929406634
54.16;0.1388168413;-0.0931126818;-0.0456297478;0.2039651702
54.17;0.1382835859;-0.0910188291;-0.0610084300;0.2147672316
54.18;0.1375969592;-0.0888181207;-0.0763011798;0.2253342316
54.19;0.1367579051;-0.0865129693;-0.0914910923;0.2356538081
54.20;0.1357675361;-0.0841059097;-0.1065613907;0.2457138671
54.21;0.1346271315;-0.0815995965;-0.1214954445;0.2555025977
54.22;0.1333381363;-0.0789968007;-0.1362767869;0.2650084855
54.23;0.1319021592;-0.0763004070;-0.1508891323;0.2742203268
54.24;0.1303209707;-0.0735134106;-0.1653163937;0.2831272415
54.25;0.1285965012;-0.0706389138;-0.1795427001;0.2917186871
54.26;0.1267308387;-0.0676801225;-0.1935524132;0.2999844705
54.27;0.1247262263;-0.0646403428;-0.2073301444;0.3079147612
54.28;0.1225850596;-0.0615229772;-0.2208607717;0.3155001032
54.29;0.1203098841;-0.0583315209;-0.2341294560;0.3227314265
54.30;0.1179033921;-0.0550695578;-0.2471216570;0.3296000584
54.31;0.1153684200;-0.0517407564;-0.2598231498;0.3360977347
54.32;0.1127079446;-0.0483488659;-0.2722200403;0.3422166095
54.33;0.1099250798;-0.0448977117;-0.2842987804;0.3479492657
54.34;0.1070230735;-0.0413911914;-0.2960461837;0.3532887238
54.35;0.1040053034;-0.0378332698;-0.3074494399;0.3582284515
54.36;0.1008752734;-0.0342279752;-0.3184961294;0.3627623716
54.37;0.0976366096;-0.0305793939;-0.3291742375;0.3668848701
54.38;0.0942930560;-0.0268916664;-0.3394721678;0.3705908033
54.39;0.0908484708;-0.0231689821;-0.3493787562;0.3738755048
54.40;0.0873068212;-0.0194155745;-0.3588832831;0.3767347915
54.41;0.0836721797;-0.0156357168;-0.3679754860;0.3791649691
54.42;0.0799487187;-0.0118337163;-0.3766455719;0.3811628374
54.43;0.0761407065;-0.0080139102;-0.3848842282;0.3827256940
54.44;0.0722525018;-0.0041806599;-0.3926826342;0.3838513387
54.45;0.0682885492;-0.0003383466;-0.4000324708;0.3845380762
54.46;0.0642533738;0.0035086345;-0.4069259312;0.3847847186
54.47;0.0601515762;0.0073558784;-0.4133557295;0.3845905873
54.48;0.0559878274;0.0111989763;-0.4193151096;0.3839555141
54.49;0.0517668630;0.0150335199;-0.4247978533;0.3828798418
54.50;0.0474934782;0.0188551071;-0.4297982877;0.3813644238
54.51;0.0431725221;0.0226593469;-0.4343112915;0.3794106236
54.52;0.0388088925;0.0264418644;-0.4383323019;0.3770203134
54.53;0.0344075296;0.0301983060;-0.4418573192;0.3741958717
54.54;0.0299734110;0.0339243442;-0.4448829117;0.3709401808
54.55;0.0255115458;0.0376156832;-0.4474062197;0.3672566236
54.56;0.0210269687;0.0412680633;-0.4494249587;0.3631490793
54.57;0.0165247344;0.0448772660;-0.4509374219;0.3586219192
54.58;0.0120099117;0.0484391190;-0.4519424819;0.3536800012
54.59;0.0074875780;0.0519495011;-0.4524395916;0.3483286641
54.60;0.0029628131;0.0554043468;-0.4524287844;0.3425737213
54.61;-0.0015593065;0.0587996510;-0.4519106740;0.3364214540
54.62;-0.0060737132;0.0621314738;-0.4508864526;0.3298786033
54.63;-0.0105753542;0.0653959450;-0.4493578895;0.3229523626
54.64;-0.0150591975;0.0685892684;-0.4473273277;0.3156503689
54.65;-0.0195202370;0.0717077266;-0.4447976807;0.3079806937
54.66;-0.0239534989;0.0747476849;-0.4417724282;0.2999518333
54.67;-0.0283540469;0.0777055956;-0.4382556113;0.2915726993
54.68;-0.0327169878;0.0805780022;-0.4342518262;0.2828526075
54.69;-0.0370374772;0.0833615435;-0.4297662185;0.2738012674
54.70;-0.0413107249;0.0860529570;-0.4248044759;0.2644287705
54.71;-0.0455320002;0.0886490831;-0.4193728202;0.2547455789
54.72;-0.0496966372;0.0911468689;-0.4134779990;0.2447625131
54.73;-0.0538000403;0.0935433709;-0.4071272770;0.2344907393
54.74;-0.0578376889;0.0958357595;-0.4003284257;0.2239417567
54.75;-0.0618051425;0.0980213214;-0.3930897140;0.2131273843
54.76;-0.0656980460;0.1000974629;-0.3854198964;0.2020597475
54.77;-0.0695121341;0.1020617134;-0.3773282026;0.1907512642
54.78;-0.0732432360;0.1039117276;-0.3688243247;0.1792146308
54.79;-0.0768872803;0.1056452887;-0.3599184056;0.1674628077
54.80;-0.0804402991;0.1072603104;-0.3506210255;0.1555090052
54.81;-0.0838984325;0.1087548402;-0.3409431891;0.1433666680
54.82;-0.0872579326;0.1101270608;-0.3308963114;0.1310494609
54.83;-0.0905151678;0.1113752927;-0.3204922039;0.1185712532
54.84;-0.0936666265;0.1124979960;-0.3097430597;0.1059461034
54.85;-0.0967089207;0.1134937724;-0.2986614389;0.0931882437
54.86;-0.0996387900;0.1143613665;-0.2872602535;0.0803120642
54.87;-0.1024531046;0.1150996677;-0.2755527513;0.0673320970
54.88;-0.1051488691;0.1157077113;-0.2635525007;0.0542630006
54.89;-0.1077232250;0.1161846798;-0.2512733745;0.0411195433
54.90;-0.1101734541;0.1165299038;-0.2387295333;0.0279165875
54.91;-0.1124969813;0.1167428630;-0.2259354094;0.0146690729
54.92;-0.1146913769;0.1168231867;-0.2129056896;0.0013920008
54.93;-0.1167543594;0.1167706546;-0.1996552988;-0.0118995830
54.94;-0.1186837977;0.1165851969;-0.1861993829;-0.0251906041
54.95;-0.1204777131;0.1162668947;-0.1725532913;-0.0384659764
54.96;-0.1221342814;0.1158159798;-0.1587325598;-0.0517106183
54.97;-0.1236518345;0.1152328350;-0.1447528933;-0.0649094695
54.98;-0.1250288623;0.1145179932;-0.1306301484;-0.0780475076
54.99;-0.1262640138;0.1136721375;-0.1163803153;-0.0911097643
55.00;-0.1273560986;0.1126961002;-0.1020195010;-0.1040813423
55.01;-0.1283040879;0.1115908623;-0.0875639112;-0.1169474314
55.02;-0.1291071152;0.1103575522;-0.0730298324;-0.1296933255
55.03;-0.1297644774;0.1089974451;-0.0584336148;-0.1423044384
55.04;-0.1302756350;0.1075119609;-0.0437916544;-0.1547663205
55.05;-0.1306402127;0.1059026638;-0.0291203751;-0.1670646749
55.06;-0.1308579995;0.1041712597;-0.0144362112;-0.1791853732
55.07;-0.1309289487;0.1023195950;0.0002444101;-0.1911144722
55.08;-0.1308531778;0.1003496548;0.0149050866;-0.2028382292
55.09;-0.1306309680;0.0982635601;0.0295294581;-0.2143431179
55.10;-0.1302627640;0.0960635663;0.0441012244;-0.2256158438
55.11;-0.1297491730;0.0937520606;0.0586041624;-0.2366433598
55.12;-0.1290909640;0.0913315592;0.0730221436;-0.2474128814
55.13;-0.1282890668;0.0888047048;0.0873391509;-0.2579119011
55.14;-0.1273445706;0.0861742637;0.1015392964;-0.2681282038
55.15;-0.1262587229;0.0834431229;0.1156068376;-0.2780498808
55.16;-0.1250329278;0.0806142868;0.1295261949;-0.2876653441
55.17;-0.1236687443;0.0776908743;0.1432819679;-0.2969633404
55.18;-0.1221678845;0.0746761147;0.1568589521;-0.3059329641
55.19;-0.1205322113;0.0715733448;0.1702421556;-0.3145636714
55.20;-0.1187637366;0.0683860050;0.1834168146;-0.3228452921
55.21;-0.1168646186;0.0651176353;0.1963684104;-0.3307680430
55.22;-0.1148371595;0.0617718718;0.2090826841;-0.3383225394
55.23;-0.1126838027;0.0583524421;0.2215456534;-0.3454998070
55.24;-0.1104071298;0.0548631617;0.2337436268;-0.3522912927
55.25;-0.1080098582;0.0513079294;0.2456632195;-0.3586888761
55.26;-0.1054948370;0.0476907229;0.2572913680;-0.3646848788
55.27;-0.1028650448;0.0440155946;0.2686153445;-0.3702720749
55.28;-0.1001235854;0.0402866668;0.2796227713;-0.3754437001
55.29;-0.0972736847;0.0365081270;0.2903016346;-0.3801934598
55.30;-0.0943186868;0.0326842233;0.3006402980;-0.3845155381
55.31;-0.0912620503;0.0288192597;0.3106275159;-0.3884046048
55.32;-0.0881073442;0.0249175909;0.3202524461;-0.3918558227
55.33;-0.0848582439;0.0209836174;0.3295046621;-0.3948648534
55.34;-0.0815185268;0.0170217807;0.3383741656;-0.3974278640
55.35;-0.0780920683;0.0130365580;0.3468513972;-0.3995415315
55.36;-0.0745828369;0.0090324573;0.3549272481;-0.4012030474
55.37;-0.0709948902;0.0050140120;0.3625930706;-0.4024101218
55.38;-0.0673323697;0.0009857758;0.3698406877;-0.4031609865
55.39;-0.0635994963;-0.0030476827;0.3766624031;-0.4034543976
55.40;-0.0598005655;-0.0070817848;0.3830510100;-0.4032896370
55.41;-0.0559399423;-0.0111119474;0.3889997996;-0.4026665141
55.42;-0.0520220563;-0.0151335882;0.3945025687;-0.4015853661
55.43;-0.0480513967;-0.0191421307;0.3995536273;-0.4000470579
55.44;-0.0440325069;-0.0231330100;0.4041478049;-0.3980529810
55.45;-0.0399699792;-0.0271016774;0.4082804568;-0.3956050527
55.46;-0.0358684500;-0.0310436062;0.4119474691;-0.3927057131
55.47;-0.0317325940;-0.0349542967;0.4151452637;-0.3893579228
55.48;-0.0275671191;-0.0388292813;0.4178708023;-0.3855651595
55.49;-0.0233767606;-0.0426641298;0.4201215894;-0.3813314136
55.50;-0.0191662765;-0.0464544544;0.4218956754;-0.3766611834
55.51;-0.0149404410;-0.0501959150;0.4231916584;-0.3715594702
55.52;-0.0107040400;-0.0538842238;0.4240086855;-0.3660317717
55.53;-0.0064618649;-0.0575151503;0.4243464533;-0.3600840758
55.54;-0.0022187078;-0.0610845267;0.4242052077;-0.3537228534
55.55;0.0020206450;-0.0645882520;0.4235857434;-0.3469550505
55.56;0.0062514174;-0.0680222970;0.4224894018;-0.3397880798
55.57;0.0104688496;-0.0713827091;0.4209180695;-0.3322298123
55.58;0.0146682034;-0.0746656166;0.4188741747;-0.3242885675
55.59;0.0188447676;-0.0778672330;0.4163606838;-0.3159731036
55.60;0.0229938633;-0.0809838618;0.4133810971;-0.3072926073
55.61;0.0271108492;-0.0840119003;0.4099394438;-0.2982566829
55.62;0.0311911270;-0.0869478439;0.4060402766;-0.2888753409
55.63;0.0352301464;-0.0897882903;0.4016886647;-0.2791589865
55.64;0.0392234106;-0.0925299428;0.3968901876;-0.2691184075
55.65;0.0431664808;-0.0951696147;0.3916509272;-0.2587647615
55.66;0.0470549816;-0.0977042327;0.3859774596;-0.2481095632
55.67;0.0508846060;-0.1001308403;0.3798768465;-0.2371646715
55.68;0.0546511197;-0.1024466011;0.3733566256;-0.2259422754
55.69;0.0583503664;-0.1046488024;0.3664248009;-0.2144548805
55.70;0.0619782718;-0.1067348580;0.3590898325;-0.2027152945
55.71;0.0655308488;-0.1087023112;0.3513606252;-0.1907366133
55.72;0.0690042012;-0.1105488377;0.3432465172;-0.1785322057
55.73;0.0723945285;-0.1122722482;0.3347572685;-0.1661156990
55.74;0.0756981299;-0.1138704909;0.3259030485;-0.1535009632
55.75;0.0789114080;-0.1153416537;0.3166944227;-0.1407020964
55.76;0.0820308734;-0.1166839667;0.3071423402;-0.1277334084
55.77;0.0850531476;-0.1178958041;0.2972581199;-0.1146094056
55.78;0.0879749675;-0.1189756860;0.2870534366;-0.1013447748
55.79;0.0907931881;-0.1199222803;0.2765403065;-0.0879543671
55.80;0.0935047865;-0.1207344040;0.2657310732;-0.0744531818
55.81;0.0961068647;-0.1214110250;0.2546383925;-0.0608563499
55.82;0.0985966526;-0.1219512630;0.2432752172;-0.0471791179
55.83;0.1009715114;-0.1223543905;0.2316547820;-0.0334368312
55.84;0.1032289357;-0.1226198342;0.2197905879;-0.0196449172
55.85;0.1053665564;-0.1227471751;0.2076963861;-0.0058188689
55.86;0.1073821432;-0.1227361496;0.1953861626;0.0080257720
55.87;0.1092736068;-0.1225866496;0.1828741213;0.0218734317
55.88;0.1110390009;-0.1222987228;0.1701746684;0.0357085216
55.89;0.1126765241;-0.1218725730;0.1573023955;0.0495154549
55.90;0.1141845219;-0.1213085595;0.1442720634;0.0632786634
55.91;0.1155614882;-0.1206071973;0.1310985852;0.0769826148
55.92;0.1168060666;-0.1197691563;0.1177970097;0.0906118292
55.93;0.1179170519;-0.1187952612;0.1043825047;0.1041508961
55.94;0.1188933911;-0.1176864900;0.0908703398;0.1175844915
55.95;0.1197341843;-0.1164439737;0.0772758700;0.1308973946
55.96;0.1204386856;-0.1150689948;0.0636145185;0.1440745044
55.97;0.1210063033;-0.1135629862;0.0499017598;0.1571008564
55.98;0.1214366011;-0.1119275296;0.0361531028;0.1699616397
55.99;0.1217292975;-0.1101643541;0.0223840740;0.1826422127
56.00;0.1218842664;-0.1082753343;0.0086102004;0.1951281205
56.01;0.1219015370;-0.1062624882;-0.0051530072;0.2074051101
56.02;0.1217812934;-0.1041279753;-0.0188900708;0.2194591476
56.03;0.1215238742;-0.1018740945;-0.0325855625;0.2312764333
56.04;0.1211297720;-0.0995032811;-0.0462241206;0.2428434180
56.05;0.1205996325;-0.0970181048;-0.0597904665;0.2541468185
56.06;0.1199342540;-0.0944212667;-0.0732694211;0.2651736330
56.07;0.1191345857;-0.0917155965;-0.0866459212;0.2759111561
56.08;0.1182017269;-0.0889040493;-0.0999050359;0.2863469940
56.09;0.1171369256;-0.0859897026;-0.1130319825;0.2964690789
56.10;0.1159415766;-0.0829757528;-0.1260121427;0.3062656832
56.11;0.1146172202;-0.0798655119;-0.1388310784;0.3157254340
56.12;0.1131655400;-0.0766624037;-0.1514745476;0.3248373265
56.13;0.1115883609;-0.0733699604;-0.1639285193;0.3335907371
56.14;0.1098876473;-0.0699918181;-0.1761791895;0.3419754367
56.15;0.1080655001;-0.0665317135;-0.1882129961;0.3499816033
56.16;0.1061241547;-0.0629934793;-0.2000166336;0.3575998338
56.17;0.1040659782;-0.0593810400;-0.2115770680;0.3648211558
56.18;0.1018934666;-0.0556984078;-0.2228815509;0.3716370389
56.19;0.0996092419;-0.0519496778;-0.2339176339;0.3780394055
56.20;0.0972160491;-0.0481390236;-0.2446731827;0.3840206406
56.21;0.0947167528;-0.0442706927;-0.2551363899;0.3895736020
56.22;0.0921143341;-0.0403490014;-0.2652957889;0.3946916293
56.23;0.0894118869;-0.0363783306;-0.2751402664;0.3993685523
56.24;0.0866126144;-0.0323631198;-0.2846590753;0.4035986991
56.25;0.0837198256;-0.0283078632;-0.2938418466;0.4073769034
56.26;0.0807369310;-0.0242171039;-0.3026786012;0.4106985117
56.27;0.0776674390;-0.0200954289;-0.3111597614;0.4135593888
56.28;0.0745149518;-0.0159474640;-0.3192761617;0.4159559239
56.29;0.0712831609;-0.0117778686;-0.3270190594;0.4178850350
56.30;0.0679758434;-0.0075913301;-0.3343801446;0.4193441733
56.31;0.0645968571;-0.0033925586;-0.3413515499;0.4203313269
56.32;0.0611501362;0.0008137181;-0.3479258593;0.4208450232
56.33;0.0576396869;0.0050227604;-0.3540961167;0.4208843312
56.34;0.0540695824;0.0092298220;-0.3598558341;0.4204488633
56.35;0.0504439588;0.0134301555;-0.3651989989;0.4195387754
56.36;0.0467670095;0.0176190177;-0.3701200810;0.4181547675
56.37;0.0430429811;0.0217916751;-0.3746140391;0.4162980828
56.38;0.0392761678;0.0259434095;-0.3786763262;0.4139705065
56.39;0.0354709071;0.0300695232;-0.3823028950;0.4111743634
56.40;0.0316315742;0.0341653443;-0.3854902026;0.4079125159
56.41;0.0277625775;0.0382262323;-0.3882352139;0.4041883597
56.42;0.0238683528;0.0422475834;-0.3905354053;0.4000058204
56.43;0.0199533590;0.0462248355;-0.3923887672;0.3953693487
56.44;0.0160220721;0.0501534737;-0.3937938060;0.3902839147
56.45;0.0120789807;0.0540290354;-0.3947495454;0.3847550021
56.46;0.0081285805;0.0578471153;-0.3952555274;0.3787886015
56.47;0.0041753692;0.0616033706;-0.3953118118;0.3723912032
56.48;0.0002238415;0.0652935258;-0.3949189759;0.3655697893
56.49;-0.0037215167;0.0689133778;-0.3940781135;0.3583318254
56.50;-0.0076562326;0.0724588002;-0.3927908323;0.3506852514
56.51;-0.0115758522;0.0759257487;-0.3910592519;0.3426384722
56.52;-0.0154759453;0.0793102650;-0.3888860001;0.3342003474
56.53;-0.0193521103;0.0826084820;-0.3862742096;0.3253801810
56.54;-0.0231999796;0.0858166275;-0.3832275128;0.3161877104
56.55;-0.0270152245;0.0889310289;-0.3797500375;0.3066330947
56.56;-0.0307935597;0.0919481174;-0.3758464004;0.2967269027
56.57;-0.0345307488;0.0948644315;-0.3715217010;0.2864801011
56.58;-0.0382226086;0.0976766218;-0.3667815151;0.2759040409
56.59;-0.0418650142;0.1003814538;-0.3616318866;0.2650104450
56.60;-0.0454539031;0.1029758124;-0.3560793200;0.2538113944
56.61;-0.0489852805;0.1054567048;-0.3501307716;0.2423193143
56.62;-0.0524552232;0.1078212643;-0.3437936402;0.2305469603
56.63;-0.0558598840;0.1100667533;-0.3370757578;0.2185074033
56.64;-0.0591954965;0.1121905662;-0.3299853793;0.2062140155
56.65;-0.0624583787;0.1141902329;-0.3225311717;0.1936804549
56.66;-0.0656449373;0.1160634211;-0.3147222035;0.1809206502
56.67;-0.0687516717;0.1178079390;-0.3065679329;0.1679487854
56.68;-0.0717751777;0.1194217379;-0.2980781958;0.1547792841
56.69;-0.0747121513;0.1209029146;-0.2892631940;0.1414267935
56.70;-0.0775593924;0.1222497133;-0.2801334820;0.1279061685
56.71;-0.0803138081;0.1234605277;-0.2706999542;0.1142324553
56.72;-0.0829724161;0.1245339028;-0.2609738318;0.1004208752
56.73;-0.0855323478;0.1254685368;-0.2509666488;0.0864868081
56.74;-0.0879908516;0.1262632824;-0.2406902381;0.0724457755
56.75;-0.0903452955;0.1269171479;-0.2301567175;0.0583134243
56.76;-0.0925931701;0.1274292990;-0.2193784751;0.0441055095
56.77;-0.0947320913;0.1277990590;-0.2083681546;0.0298378777
56.78;-0.0967598025;0.1280259105;-0.1971386403;0.0155264496
56.79;-0.0986741771;0.1281094953;-0.1857030425;0.0011872033
56.80;-0.1004732207;0.1280496152;-0.1740746814;-0.0131638431
56.81;-0.1021550732;0.1278462325;-0.1622670724;-0.0275106485
56.82;-0.1037180103;0.1274994699;-0.1502939102;-0.0418371658
56.83;-0.1051604457;0.1270096103;-0.1381690532;-0.0561273595
56.84;-0.1064809323;0.1263770971;-0.1259065076;-0.0703652231
56.85;-0.1076781640;0.1256025335;-0.1135204117;-0.0845347955
56.86;-0.1087509762;0.1246866819;-0.1010250196;-0.0986201790
56.87;-0.1096983479;0.1236304633;-0.0884346857;-0.1126055563
56.88;-0.1105194016;0.1224349565;-0.0757638480;-0.1264752076
56.89;-0.1112134048;0.1211013970;-0.0630270125;-0.1402135276
56.90;-0.1117797703;0.1196311754;-0.0502387369;-0.1538050427
56.91;-0.1122180567;0.1180258366;-0.0374136143;-0.1672344280
56.92;-0.1125279685;0.1162870778;-0.0245662574;-0.1804865243
56.93;-0.1127093565;0.1144167470;-0.0117112820;-0.1935463546
56.94;-0.1127622174;0.1124168409;0.0011367086;-0.2063991408
56.95;-0.1126866942;0.1102895030;0.0139631402;-0.2190303207
56.96;-0.1124830749;0.1080370211;0.0267534832;-0.2314255639
56.97;-0.1121517931;0.1056618252;0.0394932687;-0.2435707882
56.98;-0.1116934261;0.1031664848;0.0521681044;-0.2554521757
56.99;-0.1111086952;0.1005537063;0.0647636901;-0.2670561886
57.00;-0.1103984638;0.0978263299;0.0772658338;-0.2783695847
57.01;-0.1095637369;0.0949873265;0.0896604666;-0.2893794332
57.02;-0.1086056593;0.0920397951;0.1019336587;-0.3000731293
57.03;-0.1075255145;0.0889869588;0.1140716342;-0.3104384093
57.04;-0.1063247228;0.0858321615;0.1260607866;-0.3204633650
57.05;-0.1050048396;0.0825788644;0.1378876932;-0.3301364583
57.06;-0.1035675538;0.0792306425;0.1495391305;-0.3394465345
57.07;-0.1020146853;0.0757911798;0.1610020883;-0.3483828362
57.08;-0.1003481830;0.0722642663;0.1722637843;-0.3569350161
57.09;-0.0985701224;0.0686537931;0.1833116780;-0.3650931500
57.10;-0.0966827032;0.0649637485;0.1941334849;-0.3728477487
57.11;-0.0946882465;0.0611982135;0.2047171898;-0.3801897701
57.12;-0.0925891922;0.0573613571;0.2150510608;-0.3871106302
57.13;-0.0903880962;0.0534574319;0.2251236615;-0.3936022141
57.14;-0.0880876271;0.0494907693;0.2349238648;-0.3996568863
57.15;-0.0856905630;0.0454657745;0.2444408645;-0.4052675000
57.16;-0.0831997888;0.0413869218;0.2536641881;-0.4104274068
57.17;-0.0806182920;0.0372587494;0.2625837084;-0.4151304649
57.18;-0.0779491600;0.0330858542;0.2711896550;-0.4193710473
57.19;-0.0751955756;0.0288728872;0.2794726252;-0.4231440487
57.20;-0.0723608142;0.0246245473;0.2874235951;-0.4264448928
57.21;-0.0694482393;0.0203455768;0.2950339295;-0.4292695379
57.22;-0.0664612987;0.0160407557;0.3022953918;-0.4316144822
57.23;-0.0634035206;0.0117148962;0.3092001538;-0.4334767689
57.24;-0.0602785094;0.0073728373;0.3157408040;-0.4348539899
57.25;-0.0570899416;0.0030194396;0.3219103567;-0.4357442892
57.26;-0.0538415612;-0.0013404209;0.3277022597;-0.4361463654
57.27;-0.0505371757;-0.0057018577;0.3331104018;-0.4360594737
57.28;-0.0471806514;-0.0100599797;0.3381291198;-0.4354834270
57.29;-0.0437759089;-0.0144098968;0.3427532050;-0.4344185964
57.30;-0.0403269187;-0.0187467253;0.3469779089;-0.4328659107
57.31;-0.0368376964;-0.0230655936;0.3507989489;-0.4308268558
57.32;-0.0333122981;-0.0273616478;0.3542125127;-0.4283034727
57.33;-0.0297548157;-0.0316300571;0.3572152628;-0.4252983551
57.34;-0.0261693719;-0.0358660195;0.3598043400;-0.4218146464
57.35;-0.0225601158;-0.0400647669;0.3619773664;-0.4178560359
57.36;-0.0189312179;-0.0442215711;0.3637324479;-0.4134267539
57.37;-0.0152868649;-0.0483317488;0.3650681760;-0.4085315672
57.38;-0.0116312554;-0.0523906670;0.3659836289;-0.4031757726
57.39;-0.0079685948;-0.0563937482;0.3664783726;-0.3973651909
57.40;-0.0043030903;-0.0603364758;0.3665524601;-0.3911061593
57.41;-0.0006389461;-0.0642143992;0.3662064317;-0.3844055240
57.42;0.0030196413;-0.0680231386;0.3654413130;-0.3772706319
57.43;0.0066684881;-0.0717583903;0.3642586133;-0.3697093213
57.44;0.0103034281;-0.0754159313;0.3626603236;-0.3617299127
57.45;0.0139203174;-0.0789916241;0.3606489130;-0.3533411987
57.46;0.0175150390;-0.0824814216;0.3582273252;-0.3445524332
57.47;0.0210835079;-0.0858813715;0.3553989744;-0.3353733208
57.48;0.0246216754;-0.0891876206;0.3521677404;-0.3258140048
57.49;0.0281255341;-0.0923964193;0.3485379633;-0.3158850554
57.50;0.0315911220;-0.0955041261;0.3445144374;-0.3055974572
57.51;0.0350145277;-0.0985072108;0.3401024048;-0.2949625965
57.52;0.0383918939;-0.1014022596;0.3353075486;-0.2839922476
57.53;0.0417194228;-0.1041859779;0.3301359848;-0.2726985598
57.54;0.0449933796;-0.1068551946;0.3245942547;-0.2610940427
57.55;0.0482100971;-0.1094068654;0.3186893161;-0.2491915526
57.56;0.0513659797;-0.1118380763;0.3124285345;-0.2370042772
57.57;0.0544575074;-0.1141460466;0.3058196734;-0.2245457212
57.58;0.0574812400;-0.1163281324;0.2988708842;-0.2118296909
57.59;0.0604338203;-0.1183818291;0.2915906962;-0.1988702786
57.60;0.0633119788;-0.1203047745;0.2839880056;-0.1856818472
57.61;0.0661125362;-0.1220947513;0.2760720643;-0.1722790143
57.62;0.0688324078;-0.1237496895;0.2678524685;-0.1586766358
57.63;0.0714686064;-0.1252676690;0.2593391463;-0.1448897898
57.64;0.0740182457;-0.1266469213;0.2505423463;-0.1309337603
57.65;0.0764785435;-0.1278858318;0.2414726242;-0.1168240205
57.66;0.0788468245;-0.1289829415;0.2321408304;-0.1025762159
57.67;0.0811205235;-0.1299369485;0.2225580967;-0.0882061475
57.68;0.0832971879;-0.1307467100;0.2127358228;-0.0737297551
57.69;0.0853744803;-0.1314112427;0.2026856629;-0.0591630999
57.70;0.0873501811;-0.1319297249;0.1924195116;-0.0445223474
57.71;0.0892221909;-0.1323014968;0.1819494898;-0.0298237502
57.72;0.0909885324;-0.1325260615;0.1712879305;-0.0150836307
57.73;0.0926473528;-0.1326030856;0.1604473644;-0.0003183637
57.74;0.0941969254;-0.1325323997;0.1494405049;0.0144556409
57.75;0.0956356515;-0.1323139984;0.1382802339;0.0292219558
57.76;0.0969620621;-0.1319480409;0.1269795865;0.0439641535
57.77;0.0981748191;-0.1314348505;0.1155517362;0.0586658241
57.78;0.0992727171;-0.1307749142;0.1040099798;0.0733105923
57.79;0.1002546837;-0.1299688827;0.0923677220;0.0878821355
57.80;0.1011197815;-0.1290175697;0.0806384605;0.1023642006
57.81;0.1018672081;-0.1279219509;0.0688357705;0.1167406222
57.82;0.1024962976;-0.1266831630;0.0569732894;0.1309953393
57.83;0.1030065202;-0.1253025029;0.0450647016;0.1451124130
57.84;0.1033974836;-0.1237814263;0.0331237229;0.1590760439
57.85;0.1036689325;-0.1221215457;0.0211640854;0.1728705890
57.86;0.1038207489;-0.1203246297;0.0091995221;0.1864805789
57.87;0.1038529522;-0.1183926003;-0.0027562487;0.1998907352
57.88;0.1037656989;-0.1163275314;-0.0146895380;0.2130859867
57.89;0.1035592819;-0.1141316465;-0.0265867022;0.2260514868
57.90;0.1032341306;-0.1118073163;-0.0384341574;0.2387726298
57.91;0.1027908095;-0.1093570563;-0.0502183949;0.2512350674
57.92;0.1022300181;-0.1067835243;-0.0619259963;0.2634247250
57.93;0.1015525895;-0.1040895171;-0.0735436479;0.2753278178
57.94;0.1007594890;-0.1012779682;-0.0850581559;0.2869308663
57.95;0.0998518137;-0.0983519439;-0.0964564607;0.2982207123
57.96;0.0988307902;-0.0953146407;-0.1077256518;0.3091845341
57.97;0.0976977736;-0.0921693816;-0.1188529815;0.3198098613
57.98;0.0964542454;-0.0889196123;-0.1298258797;0.3300845897
57.99;0.0951018121;-0.0855688977;-0.1406319675;0.3399969960
58.00;0.0936422028;-0.0821209180;-0.1512590711;0.3495357509
58.01;0.0920772672;-0.0785794647;-0.1616952354;0.3586899340
58.02;0.0904089737;-0.0749484363;-0.1719287371;0.3674490459
58.03;0.0886394063;-0.0712318343;-0.1819480984;0.3758030218
58.04;0.0867707630;-0.0674337585;-0.1917420992;0.3837422435
58.05;0.0848053521;-0.0635584026;-0.2012997903;0.3912575515
58.06;0.0827455905;-0.0596100496;-0.2106105051;0.3983402562
58.07;0.0805939999;-0.0555930670;-0.2196638724;0.4049821490
58.08;0.0783532045;-0.0515119019;-0.2284498273;0.4111755126
58.09;0.0760259273;-0.0473710761;-0.2369586232;0.4169131304
58.10;0.0736149874;-0.0431751809;-0.2451808427;0.4221882966
58.11;0.0711232961;-0.0389288724;-0.2531074080;0.4269948239
58.12;0.0685538539;-0.0346368656;-0.2607295919;0.4313270519
58.13;0.0659097469;-0.0303039296;-0.2680390269;0.4351798543
58.14;0.0631941427;-0.0259348820;-0.2750277156;0.4385486460
58.15;0.0604102872;-0.0215345837;-0.2816880391;0.4414293885
58.16;0.0575615006;-0.0171079329;-0.2880127662;0.4438185955
58.17;0.0546511734;-0.0126598601;-0.2939950614;0.4457133377
58.18;0.0516827624;-0.0081953224;-0.2996284931;0.4471112465
58.19;0.0486597866;-0.0037192975;-0.3049070402;0.4480105172
58.20;0.0455858233;0.0007632215;-0.3098250997;0.4484099118
58.21;0.0424645036;0.0052472321;-0.3143774928;0.4483087604
58.22;0.0392995083;0.0097277278;-0.3185594707;0.4477069621
58.23;0.0360945635;0.0141997039;-0.3223667197;0.4466049857
58.24;0.0328534361;0.0186581635;-0.3257953668;0.4450038692
58.25;0.0295799297;0.0230981227;-0.3288419830;0.4429052182
58.26;0.0262778799;0.0275146165;-0.3315035879;0.4403112043
58.27;0.0229511498;0.0319027046;-0.3337776522;0.4372245623
58.28;0.0196036257;0.0362574765;-0.3356621008;0.4336485870
58.29;0.0162392121;0.0405740579;-0.3371553148;0.4295871289
58.30;0.0128618275;0.0448476153;-0.3382561327;0.4250445896
58.31;0.0094753999;0.0490733624;-0.3389638517;0.4200259162
58.32;0.0060838617;0.0532465647;-0.3392782278;0.4145365951
58.33;0.0026911459;0.0573625454;-0.3391994758;0.4085826453
58.34;-0.0006988195;0.0614166905;-0.3387282684;0.4021706110
58.35;-0.0040821150;0.0654044540;-0.3378657347;0.3953075532
58.36;-0.0074548349;0.0693213632;-0.3366134586;0.3880010415
58.37;-0.0108130916;0.0731630235;-0.3349734762;0.3802591442
58.38;-0.0141530202;0.0769251232;-0.3329482724;0.3720904190
58.39;-0.0174707827;0.0806034391;-0.3305407778;0.3635039022
58.40;-0.0207625726;0.0841938402;-0.3277543643;0.3545090980
58.41;-0.0240246195;0.0876922931;-0.3245928403;0.3451159669
58.42;-0.0272531930;0.0910948663;-0.3210604458;0.3353349140
58.43;-0.0304446076;0.0943977344;-0.3171618461;0.3251767762
58.44;-0.0335952261;0.0975971823;-0.3129021262;0.3146528099
58.45;-0.0367014646;0.1006896099;-0.3082867834;0.3037746773
58.46;-0.0397597959;0.1036715354;-0.3033217206;0.2925544331
58.47;-0.0427667541;0.1065395995;-0.2980132380;0.2810045104
58.48;-0.0457189382;0.1092905692;-0.2923680255;0.2691377061
58.49;-0.0486130157;0.1119213411;-0.2863931535;0.2569671666
58.50;-0.0514457271;0.1144289449;-0.2800960643;0.2445063727
58.51;-0.0542138888;0.1168105469;-0.2734845623;0.2317691242
58.52;-0.0569143974;0.1190634528;-0.2665668041;0.2187695245
58.53;-0.0595442323;0.1211851108;-0.2593512884;0.2055219649
58.54;-0.0621004599;0.1231731144;-0.2518468454;0.1920411084
58.55;-0.0645802365;0.1250252050;-0.2440626253;0.1783418734
58.56;-0.0669808113;0.1267392744;-0.2360080875;0.1644394179
58.57;-0.0692995297;0.1283133672;-0.2276929890;0.1503491223
58.58;-0.0715338359;0.1297456826;-0.2191273717;0.1360865727
58.59;-0.0736812763;0.1310345770;-0.2103215512;0.1216675446
58.60;-0.0757395015;0.1321785650;-0.2012861032;0.1071079853
58.61;-0.0777062690;0.1331763219;-0.1920318518;0.0924239968
58.62;-0.0795794460;0.1340266843;-0.1825698556;0.0776318190
58.63;-0.0813570112;0.1347286521;-0.1729113950;0.0627478121
58.64;-0.0830370572;0.1352813893;-0.1630679588;0.0477884391
58.65;-0.0846177926;0.1356842248;-0.1530512302;0.0327702486
58.66;-0.0860975437;0.1359366536;-0.1428730737;0.0177098571
58.67;-0.0874747561;0.1360383368;-0.1325455204;0.0026239313
58.68;-0.0887479967;0.1359891027;-0.1220807546;-0.0124708291
58.69;-0.0899159548;0.1357889465;-0.1114910992;-0.0275577095
58.70;-0.0909774438;0.1354380305;-0.1007890019;-0.0426199977
58.71;-0.0919314019;0.1349366842;-0.0899870201;-0.0576410020
58.72;-0.0927768934;0.1342854036;-0.0790978072;-0.0726040684
58.73;-0.0935131097;0.1334848513;-0.0681340977;-0.0874925984
58.74;-0.0941393697;0.1325358552;-0.0571086927;-0.1022900669
58.75;-0.0946551207;0.1314394083;-0.0460344454;-0.1169800394
58.76;-0.0950599388;0.1301966672;-0.0349242463;-0.1315461901
58.77;-0.0953535289;0.1288089513;-0.0237910088;-0.1459723186
58.78;-0.0955357252;0.1272777411;-0.0126476544;-0.1602423683
58.79;-0.0956064913;0.1256046772;-0.0015070983;-0.1743404430
58.80;-0.0955659195;0.1237915580;0.0096177653;-0.1882508247
58.81;-0.0954142312;0.1218403382;0.0207140778;-0.2019579903
58.82;-0.0951517758;0.1197531267;0.0317690305;-0.2154466290
58.83;-0.0947790309;0.1175321843;0.0427698790;-0.2287016592
58.84;-0.0942966008;0.1151799217;0.0537039578;-0.2417082451
58.85;-0.0937052163;0.1126988962;0.0645586940;-0.2544518133
58.86;-0.0930057330;0.1100918099;0.0753216220;-0.2669180694
58.87;-0.0921991310;0.1073615060;0.0859803970;-0.2790930140
58.88;-0.0912865130;0.1045109664;0.0965228092;-0.2909629587
58.89;-0.0902691030;0.1015433081;0.1069367974;-0.3025145419
58.90;-0.0891482448;0.0984617802;0.1172104626;-0.3137347443
58.91;-0.0879254006;0.0952697601;0.1273320811;-0.3246109039
58.92;-0.0866021485;0.0919707500;0.1372901182;-0.3351307311
58.93;-0.0851801813;0.0885683731;0.1470732409;-0.3452823230
58.94;-0.0836613039;0.0850663695;0.1566703308;-0.3550541776
58.95;-0.0820474312;0.0814685924;0.1660704965;-0.3644352078
58.96;-0.0803405860;0.0777790037;0.1752630862;-0.3734147545
58.97;-0.0785428961;0.0740016697;0.1842376996;-0.3819825999
58.98;-0.0766565924;0.0701407567;0.1929841995;-0.3901289794
58.99;-0.0746840055;0.0662005262;0.2014927240;-0.3978445944
59.00;-0.0726275632;0.0621853303;0.2097536970;-0.4051206233
59.01;-0.0704897877;0.0580996069;0.2177578395;-0.4119487327
59.02;-0.0682732925;0.0539478749;0.2254961803;-0.4183210876
59.03;-0.0659807791;0.0497347289;0.2329600659;-0.4242303618
59.04;-0.0636150339;0.0454648341;0.2401411706;-0.4296697466
59.05;-0.0611789250;0.0411429214;0.2470315063;-0.4346329599
59.06;-0.0586753985;0.0367737815;0.2536234312;-0.4391142542
59.07;-0.0561074754;0.0323622602;0.2599096589;-0.4431084238
59.08;-0.0534782475;0.0279132524;0.2658832667;-0.4466108118
59.09;-0.0507908741;0.0234316970;0.2715377035;-0.4496173159
59.10;-0.0480485781;0.0189225710;0.2768667972;-0.4521243939
59.11;-0.0452546420;0.0143908840;0.2818647622;-0.4541290685
59.12;-0.0424124047;0.0098416725;0.2865262056;-0.4556289310
59.13;-0.0395252564;0.0052799944;0.2908461334;-0.4566221446
59.14;-0.0365966358;0.0007109228;0.2948199564;-0.4571074469
59.15;-0.0336300250;-0.0038604591;0.2984434952;-0.4570841515
59.16;-0.0306289462;-0.0084290644;0.3017129851;-0.4565521491
59.17;-0.0275969568;-0.0129898078;0.3046250800;-0.4555119077
59.18;-0.0245376457;-0.0175376117;0.3071768563;-0.4539644720
59.19;-0.0214546291;-0.0220674118;0.3093658159;-0.4519114623
59.20;-0.0183515458;-0.0265741629;0.3111898892;-0.4493550724
59.21;-0.0152320532;-0.0310528444;0.3126474367;-0.4462980666
59.22;-0.0120998230;-0.0354984664;0.3137372510;-0.4427437767
59.23;-0.0089585367;-0.0399060751;0.3144585575;-0.4386960973
59.24;-0.0058118815;-0.0442707584;0.3148110152;-0.4341594812
59.25;-0.0026635457;-0.0485876515;0.3147947166;-0.4291389337
59.26;0.0004827853;-0.0528519424;0.3144101869;-0.4236400062
59.27;0.0036234337;-0.0570588772;0.3136583832;-0.4176687893
59.28;0.0067547332;-0.0612037658;0.3125406926;-0.4112319051
59.29;0.0098730338;-0.0652819867;0.3110589303;-0.4043364991
59.30;0.0129747056;-0.0692889927;0.3092153366;-0.3969902310
59.31;0.0160561432;-0.0732203156;0.3070125736;-0.3892012654
59.32;0.0191137700;-0.0770715711;0.3044537219;-0.3809782620
59.33;0.0221440422;-0.0808384644;0.3015422760;-0.3723303643
59.34;0.0251434531;-0.0845167940;0.2982821394;-0.3632671891
59.35;0.0281085370;-0.0881024573;0.2946776197;-0.3537988146
59.36;0.0310358732;-0.0915914546;0.2907334225;-0.3439357681
59.37;0.0339220901;-0.0949798936;0.2864546456;-0.3336890137
59.38;0.0367638690;-0.0982639937;0.2818467715;-0.3230699389
59.39;0.0395579479;-0.1014400905;0.2769156613;-0.3120903415
59.40;0.0423011254;-0.1045046393;0.2716675464;-0.3007624155
59.41;0.0449902640;-0.1074542195;0.2661090204;-0.2890987368
59.42;0.0476222942;-0.1102855379;0.2602470312;-0.2771122489
59.43;0.0501942173;-0.1129954327;0.2540888717;-0.2648162479
59.44;0.0527031097;-0.1155808765;0.2476421709;-0.2522243672
59.45;0.0551461254;-0.1180389802;0.2409148841;-0.2393505620
59.46;0.0575204996;-0.1203669955;0.2339152827;-0.2262090937
59.47;0.0598235518;-0.1225623183;0.2266519445;-0.2128145139
59.48;0.0620526889;-0.1246224914;0.2191337426;-0.1991816482
59.49;0.0642054076;-0.1265452072;0.2113698345;-0.1853255797
59.50;0.0662792979;-0.1283283100;0.2033696512;-0.1712616322
59.51;0.0682720453;-0.1299697986;0.1951428852;-0.1570053543
59.52;0.0701814334;-0.1314678284;0.1866994789;-0.1425725013
59.53;0.0720053466;-0.1328207132;0.1780496129;-0.1279790190
59.54;0.0737417721;-0.1340269271;0.1692036932;-0.1132410263
59.55;0.0753888023;-0.1350851062;0.1601723391;-0.0983747979
59.56;0.0769446368;-0.1359940502;0.1509663702;-0.0833967467
59.57;0.0784075843;-0.1367527235;0.1415967939;-0.0683234068
59.58;0.0797760645;-0.1373602562;0.1320747920;-0.0531714156
59.59;0.0810486098;-0.1378159454;0.1224117078;-0.0379574962
59.60;0.0822238666;-0.1381192556;0.1126190325;-0.0226984400
59.61;0.0833005972;-0.1382698198;0.1027083920;-0.0074110889
59.62;0.0842776804;-0.1382674393;0.0926915330;0.0078876827
59.63;0.0851541133;-0.1381120844;0.0825803097;0.0231809851
59.64;0.0859290118;-0.1378038942;0.0723866697;0.0384519318
59.65;0.0866016120;-0.1373431765;0.0621226402;0.0536836564
59.66;0.0871712703;-0.1367304079;0.0518003147;0.0688593312
59.67;0.0876374645;-0.1359662327;0.0414318381;0.0839621842
59.68;0.0879997938;-0.1350514626;0.0310293935;0.0989755174
59.69;0.0882579798;-0.1339870761;0.0206051880;0.1138827242
59.70;0.0884118658;-0.1327742169;0.0101714387;0.1286673072
59.71;0.0884614175;-0.1314141933;-0.0002596414;0.1433128955
59.72;0.0884067225;-0.1299084764;-0.0106758568;0.1578032625
59.73;0.0882479904;-0.1282586990;-0.0210650442;0.1721223434
59.74;0.0879855521;-0.1264666535;-0.0314150857;0.1862542521
59.75;0.0876198594;-0.1245342903;-0.0417139228;0.2001832989
59.76;0.0871514843;-0.1224637154;-0.0519495702;0.2138940074
59.77;0.0865811183;-0.1202571888;-0.0621101294;0.2273711315
59.78;0.0859095714;-0.1179171215;-0.0721838020;0.2405996724
59.79;0.0851377709;-0.1154460732;-0.0821589034;0.2535648949
59.80;0.0842667605;-0.1128467496;-0.0920238761;0.2662523443
59.81;0.0832976986;-0.1101219995;-0.1017673026;0.2786478622
59.82;0.0822318571;-0.1072748117;-0.1113779184;0.2907376030
59.83;0.0810706199;-0.1043083118;-0.1208446252;0.3025080496
59.84;0.0798154808;-0.1012257590;-0.1301565031;0.3139460284
59.85;0.0784680418;-0.0980305423;-0.1393028235;0.3250387255
59.86;0.0770300113;-0.0947261770;-0.1482730610;0.3357737009
59.87;0.0755032019;-0.0913163010;-0.1570569055;0.3461389032
59.88;0.0738895282;-0.0878046705;-0.1656442742;0.3561226842
59.89;0.0721910043;-0.0841951562;-0.1740253229;0.3657138124
59.90;0.0704097415;-0.0804917392;-0.1821904578;0.3749014867
59.91;0.0685479460;-0.0766985060;-0.1901303457;0.3836753493
59.92;0.0666079157;-0.0728196447;-0.1978359256;0.3920254984
59.93;0.0645920379;-0.0688594400;-0.2052984186;0.3999425002
59.94;0.0625027860;-0.0648222685;-0.2125093384;0.4074174007
59.95;0.0603427170;-0.0607125940;-0.2194605007;0.4144417364
59.96;0.0581144682;-0.0565349623;-0.2261440331;0.4210075455
59.97;0.0558207537;-0.0522939965;-0.2325523839;0.4271073770
59.98;0.0534643619;-0.0479943913;-0.2386783311;0.4327343010
59.99;0.0510481515;-0.0436409083;-0.2445149904;0.4378819168
60.00;0.0485750483;-0.0392383704;-0.2500558239;0.4425443613
60.01;0.0460480418;-0.0347916562;-0.2552946467;0.4467163165
60.02;0.0434701816;-0.0303056950;-0.2602256349;0.4503930164
60.03;0.0408445735;-0.0257854609;-0.2648433320;0.4535702528
60.04;0.0381743763;-0.0212359672;-0.2691426553;0.4562443811
60.05;0.0354627975;-0.0166622607;-0.2731189016;0.4584123249
60.06;0.0327130897;-0.0120694164;-0.2767677527;0.4600715798
60.07;0.0299285469;-0.0074625313;-0.2800852805;0.4612202172
60.08;0.0271125004;-0.0028467188;-0.2830679513;0.4618568862
60.09;0.0242683147;0.0017728971;-0.2857126298;0.4619808158
60.10;0.0213993837;0.0063911876;-0.2880165825;0.4615918156
60.11;0.0185091266;0.0110030248;-0.2899774812;0.4606902765
60.12;0.0156009841;0.0156032877;-0.2915934047;0.4592771696
60.13;0.0126784136;0.0201868680;-0.2928628417;0.4573540457
60.14;0.0097448860;0.0247486755;-0.2937846916;0.4549230327
60.15;0.0068038808;0.0292836445;-0.2943582659;0.4519868331
60.16;0.0038588826;0.0337867390;-0.2945832883;0.4485487205
60.17;0.0009133765;0.0382529585;-0.2944598952;0.4446125354
60.18;-0.0020291556;0.0426773440;-0.2939886348;0.4401826802
60.19;-0.0049652397;0.0470549829;-0.2931704660;0.4352641136
60.20;-0.0078914130;0.0513810154;-0.2920067570;0.4298623444
60.21;-0.0108042288;0.0556506392;-0.2904992834;0.4239834242
60.22;-0.0137002600;0.0598591152;-0.2886502250;0.4176339402
60.23;-0.0165761032;0.0640017730;-0.2864621635;0.4108210062
60.24;-0.0194283831;0.0680740158;-0.2839380783;0.4035522543
60.25;-0.0222537558;0.0720713257;-0.2810813430;0.3958358251
60.26;-0.0250489135;0.0759892687;-0.2778957205;0.3876803576
60.27;-0.0278105877;0.0798234997;-0.2743853578;0.3790949783
60.28;-0.0305355532;0.0835697671;-0.2705547813;0.3700892906
60.29;-0.0332206321;0.0872239179;-0.2664088900;0.3606733622
60.30;-0.0358626974;0.0907819018;-0.2619529497;0.3508577137
60.31;-0.0384586763;0.0942397762;-0.2571925861;0.3406533055
60.32;-0.0410055542;0.0975937099;-0.2521337775;0.3300715244
60.33;-0.0435003780;0.1008399880;-0.2467828469;0.3191241708
60.34;-0.0459402595;0.1039750153;-0.2411464547;0.3078234442
60.35;-0.0483223788;0.1069953208;-0.2352315895;0.2961819288
60.36;-0.0506439873;0.1098975610;-0.2290455598;0.2842125793
60.37;-0.0529024114;0.1126785238;-0.2225959847;0.2719287056
60.38;-0.0550950549;0.1153351321;-0.2158907843;0.2593439575
60.39;-0.0572194023;0.1178644466;-0.2089381702;0.2464723095
60.40;-0.0592730218;0.1202636695;-0.2017466350;0.2333280442
60.41;-0.0612535677;0.1225301472;-0.1943249420;0.2199257373
60.42;-0.0631587834;0.1246613735;-0.1866821146;0.2062802402
60.43;-0.0649865037;0.1266549917;-0.1788274251;0.1924066645
60.44;-0.0667346574;0.1285087976;-0.1707703836;0.1783203647
60.45;-0.0684012693;0.1302207418;-0.1625207264;0.1640369214
60.46;-0.0699844630;0.1317889315;-0.1540884043;0.1495721249
60.47;-0.0714824623;0.1332116330;-0.1454835705;0.1349419573
60.48;-0.0728935938;0.1344872732;-0.1367165690;0.1201625757
60.49;-0.0742162881;0.1356144415;-0.1277979215;0.1052502951
60.50;-0.0754490823;0.1365918909;-0.1187383155;0.0902215702
60.51;-0.0765906207;0.1374185400;-0.1095485915;0.0750929788
60.52;-0.0776396570;0.1380934732;-0.1002397300;0.0598812034
60.53;-0.0785950552;0.1386159426;-0.0908228388;0.0446030143
60.54;-0.0794557910;0.1389853682;-0.0813091399;0.0292752514
60.55;-0.0802209530;0.1392013387;-0.0717099565;0.0139148065
60.56;-0.0808897432;0.1392636118;-0.0620366996;-0.0014613940
60.57;-0.0814614783;0.1391721148;-0.0523008547;-0.0168364074
60.58;-0.0819355901;0.1389269441;-0.0425139686;-0.0321932920
60.59;-0.0823116262;0.1385283658;-0.0326876359;-0.0475151254
60.60;-0.0825892501;0.1379768148;-0.0228334859;-0.0627850217
60.61;-0.0827682420;0.1372728946;-0.0129631686;-0.0779861496
60.62;-0.0828484985;0.1364173769;-0.0030883417;-0.0931017502
60.63;-0.0828300327;0.1354112003;0.0067793431;-0.1081151541
60.64;-0.0827129742;0.1342554697;0.0166282532;-0.1230097999
60.65;-0.0824975689;0.1329514550;0.0264467889;-0.1377692508
60.66;-0.0821841782;0.1315005897;0.0362233964;-0.1523772129
60.67;-0.0817732790;0.1299044695;0.0459465810;-0.1668175523
60.68;-0.0812654627;0.1281648506;0.0556049210;-0.1810743122
60.69;-0.0806614346;0.1262836478;0.0651870797;-0.1951317305
60.70;-0.0799620126;0.1242629324;0.0746818196;-0.2089742568
60.71;-0.0791681267;0.1221049301;0.0840780143;-0.2225865690
60.72;-0.0782808175;0.1198120187;0.0933646622;-0.2359535906
60.73;-0.0773012349;0.1173867254;0.1025308983;-0.2490605070
60.74;-0.0762306366;0.1148317241;0.1115660075;-0.2618927822
60.75;-0.0750703870;0.1121498328;0.1204594362;-0.2744361747
60.76;-0.0738219548;0.1093440101;0.1292008052;-0.2866767540
60.77;-0.0724869118;0.1064173525;0.1377799211;-0.2986009158
60.78;-0.0710669306;0.1033730908;0.1461867884;-0.3101953981
60.79;-0.0695637829;0.1002145866;0.1544116211;-0.3214472959
60.80;-0.0679793369;0.0969453287;0.1624448538;-0.3323440768
60.81;-0.0663155557;0.0935689294;0.1702771530;-0.3428735947
60.82;-0.0645744940;0.0900891203;0.1778994279;-0.3530241050
60.83;-0.0627582967;0.0865097485;0.1853028409;-0.3627842777
60.84;-0.0608691954;0.0828347723;0.1924788183;-0.3721432113
60.85;-0.0589095062;0.0790682567;0.1994190596;-0.3810904459
60.86;-0.0568816268;0.0752143692;0.2061155480;-0.3896159755
60.87;-0.0547880336;0.0712773749;0.2125605590;-0.3977102603
60.88;-0.0526312787;0.0672616318;0.2187466702;-0.4053642384
60.89;-0.0504139870;0.0631715865;0.2246667695;-0.4125693369
60.90;-0.0481388528;0.0590117684;0.2303140637;-0.4193174824
60.91;-0.0458086367;0.0547867854;0.2356820862;-0.4256011111
60.92;-0.0434261625;0.0505013182;0.2407647050;-0.4314131782
60.93;-0.0409943134;0.0461601155;0.2455561298;-0.4367471667
60.94;-0.0385160288;0.0417679885;0.2500509185;-0.4415970959
60.95;-0.0359943008;0.0373298054;0.2542439840;-0.4459575283
60.96;-0.0334321707;0.0328504861;0.2581306000;-0.4498235773
60.97;-0.0308327250;0.0283349964;0.2617064064;-0.4531909128
60.98;-0.0281990920;0.0237883429;0.2649674147;-0.4560557670
60.99;-0.0255344381;0.0192155669;0.2679100124;-0.4584149390
61.00;-0.0228419640;0.0146217387;0.2705309675;-0.4602657992
61.01;-0.0201249005;0.0100119522;0.2728274316;-0.4616062926
61.02;-0.0173865053;0.0053913191;0.2747969441;-0.4624349410
61.03;-0.0146300585;0.0007649627;0.2764374341;-0.4627508454
61.04;-0.0118588591;-0.0038619874;0.2777472232;-0.4625536869
61.05;-0.0090762208;-0.0084844015;0.2787250271;-0.4618437270
61.06;-0.0062854682;-0.0130971553;0.2793699571;-0.4606218073
61.07;-0.0034899330;-0.0176951357;0.2796815208;-0.4588893484
61.08;-0.0006929494;-0.0222732469;0.2796596226;-0.4566483479
61.09;0.0021021489;-0.0268264159;0.2793045633;-0.4539013777
61.10;0.0048920335;-0.0313495982;0.2786170397;-0.4506515810
61.11;0.0076733850;-0.0358377837;0.2775981434;-0.4469026677
61.12;0.0104428966;-0.0402860020;0.2762493590;-0.4426589098
61.13;0.0131972787;-0.0446893283;0.2745725625;-0.4379251360
61.14;0.0159332619;-0.0490428891;0.2725700181;-0.4327067251
61.15;0.0186476019;-0.0533418670;0.2702443756;-0.4270095995
61.16;0.0213370825;-0.0575815067;0.2675986664;-0.4208402173
61.17;0.0239985196;-0.0617571203;0.2646363001;-0.4142055641
61.18;0.0266287654;-0.0658640920;0.2613610596;-0.4071131445
61.19;0.0292247116;-0.0698978838;0.2577770962;-0.3995709721
61.20;0.0317832932;-0.0738540405;0.2538889244;-0.3915875599
61.21;0.0343014922;-0.0777281941;0.2497014162;-0.3831719095
61.22;0.0367763411;-0.0815160693;0.2452197944;-0.3743334999
61.23;0.0392049262;-0.0852134879;0.2404496267;-0.3650822761
61.24;0.0415843914;-0.0888163734;0.2353968178;-0.3554286365
61.25;0.0439119411;-0.0923207553;0.2300676027;-0.3453834209
61.26;0.0461848439;-0.0957227740;0.2244685385;-0.3349578966
61.27;0.0484004352;-0.0990186844;0.2186064964;-0.3241637457
61.28;0.0505561210;-0.1022048603;0.2124886528;-0.3130130508
61.29;0.0526493804;-0.1052777983;0.2061224811;-0.3015182808
61.30;0.0546777687;-0.1082341217;0.1995157416;-0.2896922763
61.31;0.0566389201;-0.1110705836;0.1926764727;-0.2775482346
61.32;0.0585305507;-0.1137840713;0.1856129806;-0.2650996947
61.33;0.0603504608;-0.1163716087;0.1783338295;-0.2523605213
61.34;0.0620965377;-0.1188303601;0.1708478307;-0.2393448895
61.35;0.0637667580;-0.1211576331;0.1631640326;-0.2260672687
61.36;0.0653591899;-0.1233508813;0.1552917092;-0.2125424061
61.37;0.0668719953;-0.1254077070;0.1472403491;-0.1987853103
61.38;0.0683034323;-0.1273258641;0.1390196443;-0.1848112350
61.39;0.0696518566;-0.1291032600;0.1306394784;-0.1706356618
61.40;0.0709157238;-0.1307379580;0.1221099149;-0.1562742836
61.41;0.0720935910;-0.1322281792;0.1134411851;-0.1417429874
61.42;0.0731841182;-0.1335723048;0.1046436763;-0.1270578370
61.43;0.0741860703;-0.1347688772;0.0957279192;-0.1122350559
61.44;0.0750983180;-0.1358166017;0.0867045755;-0.0972910097
61.45;0.0759198391;-0.1367143481;0.0775844256;-0.0822421891
61.46;0.0766497200;-0.1374611515;0.0683783558;-0.0671051917
61.47;0.0772871564;-0.1380562136;0.0590973454;-0.0518967051
61.48;0.0778314540;-0.1384989032;0.0497524540;-0.0366334888
61.49;0.0782820296;-0.1387887570;0.0403548089;-0.0213323569
61.50;0.0786384116;-0.1389254801;0.0309155915;-0.0060101601
61.51;0.0789002403;-0.1389089462;0.0214460248;0.0093162317
61.52;0.0790672684;-0.1387391977;0.0119573602;0.0246299471
61.53;0.0791393614;-0.1384164457;0.0024608645;0.0399141312
61.54;0.0791164972;-0.1379410696;-0.0070321935;0.0551519630
61.55;0.0789987665;-0.1373136168;-0.0165105554;0.0703266729
61.56;0.0787863725;-0.1365348022;-0.0259629869;0.0854215608
61.57;0.0784796305;-0.1356055071;-0.0353782904;0.1004200130
61.58;0.0780789676;-0.1345267785;-0.0447453181;0.1153055204
61.59;0.0775849220;-0.1332998278;-0.0540529848;0.1300616956
61.60;0.0769981425;-0.1319260299;-0.0632902809;0.1446722902
61.61;0.0763193874;-0.1304069210;-0.0724462851;0.1591212123
61.62;0.0755495239;-0.1287441977;-0.0815101769;0.1733925436
61.63;0.0746895267;-0.1269397146;-0.0904712494;0.1874705564
61.64;0.0737404769;-0.1249954827;-0.0993189212;0.2013397309
61.65;0.0727035611;-0.1229136671;-0.1080427496;0.2149847716
61.66;0.0715800691;-0.1206965846;-0.1166324419;0.2283906242
61.67;0.0703713932;-0.1183467013;-0.1250778676;0.2415424922
61.68;0.0690790259;-0.1158666299;-0.1333690705;0.2544258530
61.69;0.0677045585;-0.1132591268;-0.1414962800;0.2670264742
61.70;0.0662496789;-0.1105270894;-0.1494499225;0.2793304294
61.71;0.0647161698;-0.1076735526;-0.1572206331;0.2913241138
61.72;0.0631059066;-0.1047016857;-0.1647992658;0.3029942599
61.73;0.0614208546;-0.1016147890;-0.1721769050;0.3143279522
61.74;0.0596630674;-0.0984162901;-0.1793448753;0.3253126425
61.75;0.0578346841;-0.0951097401;-0.1862947525;0.3359361639
61.76;0.0559379266;-0.0916988100;-0.1930183726;0.3461867453
61.77;0.0539750972;-0.0881872864;-0.1995078425;0.3560530251
61.78;0.0519485757;-0.0845790671;-0.2057555485;0.3655240646
61.79;0.0498608167;-0.0808781577;-0.2117541656;0.3745893608
61.80;0.0477143462;-0.0770886660;-0.2174966666;0.3832388592
61.81;0.0455117595;-0.0732147986;-0.2229763299;0.3914629659
61.82;0.0432557172;-0.0692608552;-0.2281867478;0.3992525588
61.83;0.0409489424;-0.0652312247;-0.2331218339;0.4065989992
61.84;0.0385942176;-0.0611303797;-0.2377758309;0.4134941420
61.85;0.0361943809;-0.0569628718;-0.2421433170;0.4199303458
61.86;0.0337523233;-0.0527333265;-0.2462192125;0.4259004825
61.87;0.0312709845;-0.0484464379;-0.2499987858;0.4313979458
61.88;0.0287533500;-0.0441069636;-0.2534776595;0.4364166595
61.89;0.0262024472;-0.0397197191;-0.2566518150;0.4409510856
61.90;0.0236213417;-0.0352895729;-0.2595175978;0.4449962303
61.91;0.0210131342;-0.0308214404;-0.2620717216;0.4485476511
61.92;0.0183809560;-0.0263202788;-0.2643112725;0.4516014620
61.93;0.0157279659;-0.0217910811;-0.2662337119;0.4541543382
61.94;0.0130573461;-0.0172388711;-0.2678368801;0.4562035208
61.95;0.0103722986;-0.0126686972;-0.2691189986;0.4577468197
61.96;0.0076760410;-0.0080856266;-0.2700786720;0.4587826166
61.97;0.0049718034;-0.0034947401;-0.2707148899;0.4593098670
61.98;0.0022628236;0.0010988739;-0.2710270278;0.4593281014
61.99;-0.0004476560;0.0056901254;-0.2710148477;0.4588374255
62.00;-0.0031563927;0.0102739281;-0.2706784983;0.4578385207
62.01;-0.0058601471;0.0148452057;-0.2700185150;0.4563326421
62.02;-0.0085556871;0.0193988970;-0.2690358184;0.4543216175
62.03;-0.0112397920;0.0239299621;-0.2677317138;0.4518078449
62.04;-0.0139092556;0.0284333878;-0.2661078887;0.4487942886
62.05;-0.0165608908;0.0329041935;-0.2641664113;0.4452844762
62.06;-0.0191915330;0.0373374366;-0.2619097272;0.4412824931
62.07;-0.0217980439;0.0417282181;-0.2593406565;0.4367929779
62.08;-0.0243773154;0.0460716882;-0.2564623902;0.4318211155
62.09;-0.0269262729;0.0503630515;-0.2532784861;0.4263726311
62.10;-0.0294418793;0.0545975728;-0.2497928642;0.4204537827
62.11;-0.0319211386;0.0587705818;-0.2460098018;0.4140713525
62.12;-0.0343610992;0.0628774787;-0.2419339282;0.4072326389
62.13;-0.0367588576;0.0669137395;-0.2375702187;0.3999454469
62.14;-0.0391115617;0.0708749203;-0.2329239886;0.3922180784
62.15;-0.0414164144;0.0747566630;-0.2280008863;0.3840593216
62.16;-0.0436706764;0.0785546995;-0.2228068865;0.3754784401
62.17;-0.0458716700;0.0822648570;-0.2173482829;0.3664851617
62.18;-0.0480167820;0.0858830619;-0.2116316802;0.3570896660
62.19;-0.0501034665;0.0894053448;-0.2056639859;0.3473025723
62.20;-0.0521292486;0.0928278447;-0.1994524022;0.3371349264
62.21;-0.0540917265;0.0961468129;-0.1930044168;0.3265981876
62.22;-0.0559885748;0.0993586176;-0.1863277942;0.3157042149
62.23;-0.0578175470;0.1024597472;-0.1794305658;0.3044652528
62.24;-0.0595764783;0.1054468146;-0.1723210205;0.2928939169
62.25;-0.0612632880;0.1083165607;-0.1650076947;0.2810031792
62.26;-0.0628759821;0.1110658578;-0.1574993617;0.2688063530
62.27;-0.0644126552;0.1136917129;-0.1498050216;0.2563170776
62.28;-0.0658714932;0.1161912709;-0.1419338900;0.2435493025
62.29;-0.0672507750;0.1185618180;-0.1338953877;0.2305172718
62.30;-0.0685488750;0.1208007839;-0.1256991289;0.2172355078
62.31;-0.0697642644;0.1229057449;-0.1173549097;0.2037187950
62.32;-0.0708955132;0.1248744266;-0.1088726973;0.1899821635
62.33;-0.0719412920;0.1267047059;-0.1002626173;0.1760408726
62.34;-0.0729003735;0.1283946134;-0.0915349422;0.1619103934
62.35;-0.0737716335;0.1299423353;-0.0827000793;0.1476063928
62.36;-0.0745540529;0.1313462156;-0.0737685584;0.1331447156
62.37;-0.0752467180;0.1326047574;-0.0647510196;0.1185413681
62.38;-0.0758488223;0.1337166245;-0.0556582006;0.1038125001
62.39;-0.0763596671;0.1346806432;-0.0465009243;0.0889743886
62.40;-0.0767786622;0.1354958028;-0.0372900863;0.0740434193
62.41;-0.0771053268;0.1361612570;-0.0280366419;0.0590360704
62.42;-0.0773392897;0.1366763247;-0.0187515937;0.0439688940
62.43;-0.0774802901;0.1370404908;-0.0094459784;0.0288584995
62.44;-0.0775281776;0.1372534061;-0.0001308545;0.0137215357
62.45;-0.0774829124;0.1373148885;0.0091827111;-0.0014253268
62.46;-0.0773445654;0.1372249222;0.0184836556;-0.0165654128
62.47;-0.0771133182;0.1369836584;0.0277609330;-0.0316820601
62.48;-0.0767894624;0.1365914146;0.0370035275;-0.0467586373
62.49;-0.0763733998;0.1360486745;0.0462004657;-0.0617785606
62.50;-0.0758656417;0.1353560873;0.0553408295;-0.0767253119
62.51;-0.0752668080;0.1345144670;0.0644137691;-0.0915824558
62.52;-0.0745776269;0.1335247913;0.0734085150;-0.1063336569
62.53;-0.0737989339;0.1323882011;0.0823143911;-0.1209626972
62.54;-0.0729316706;0.1311059983;0.0911208269;-0.1354534932
62.55;-0.0719768838;0.1296796452;0.0998173698;-0.1497901128
62.56;-0.0709357240;0.1281107625;0.1083936971;-0.1639567928
62.57;-0.0698094445;0.1264011278;0.1168396286;-0.1779379551
62.58;-0.0685993995;0.1245526731;0.1251451380;-0.1917182240
62.59;-0.0673070427;0.1225674835;0.1333003650;-0.2052824423
62.60;-0.0659339255;0.1204477942;0.1412956264;-0.2186156884
62.61;-0.0644816951;0.1181959886;0.1491214281;-0.2317032917
62.62;-0.0629520928;0.1158145953;0.1567684759;-0.2445308497
62.63;-0.0613469518;0.1133062856;0.1642276867;-0.2570842431
62.64;-0.0596681948;0.1106738705;0.1714901988;-0.2693496518
62.65;-0.0579178323;0.1079202976;0.1785473831;-0.2813135702
62.66;-0.0560979596;0.1050486481;0.1853908528;-0.2929628229
62.67;-0.0542107548;0.1020621329;0.1920124736;-0.3042845786
62.68;-0.0522584760;0.0989640898;0.1984043733;-0.3152663658
62.69;-0.0502434585;0.0957579793;0.2045589514;-0.3258960863
62.70;-0.0481681125;0.0924473808;0.2104688881;-0.3361620295
62.71;-0.0460349197;0.0890359891;0.2161271531;-0.3460528859
62.72;-0.0438464309;0.0855276098;0.2215270140;-0.3555577605
62.73;-0.0416052623;0.0819261555;0.2266620446;-0.3646661852
62.74;-0.0393140932;0.0782356411;0.2315261326;-0.3733681316
62.75;-0.0369756622;0.0744601798;0.2361134867;-0.3816540226
62.76;-0.0345927642;0.0706039781;0.2404186443;-0.3895147441
62.77;-0.0321682471;0.0666713311;0.2444364773;-0.3969416558
62.78;-0.0297050085;0.0626666183;0.2481621991;-0.4039266017
62.79;-0.0272059918;0.0585942980;0.2515913700;-0.4104619198
62.80;-0.0246741833;0.0544589027;0.2547199028;-0.4165404518
62.81;-0.0221126084;0.0502650339;0.2575440677;-0.4221555516
62.82;-0.0195243278;0.0460173570;0.2600604969;-0.4273010936
62.83;-0.0169124343;0.0417205960;0.2622661889;-0.4319714799
62.84;-0.0142800487;0.0373795282;0.2641585118;-0.4361616477
62.85;-0.0116303163;0.0329989790;0.2657352069;-0.4398670753
62.86;-0.0089664030;0.0285838159;0.2669943912;-0.4430837874
62.87;-0.0062914919;0.0241389438;0.2679345600;-0.4458083607
62.88;-0.0036087791;0.0196692989;0.2685545885;-0.4480379273
62.89;-0.0009214699;0.0151798432;0.2688537333;-0.4497701788
62.90;0.0017672247;0.0106755590;0.2688316330;-0.4510033688
62.91;0.0044540919;0.0061614434;0.2684883093;-0.4517363151
62.92;0.0071359213;0.0016425024;0.2678241662;-0.4519684009
62.93;0.0098095084;-0.0028762547;0.2668399899;-0.4516995757
62.94;0.0124716581;-0.0073898210;0.2655369478;-0.4509303546
62.95;0.0151191895;-0.0118931973;0.2639165870;-0.4496618184
62.96;0.0177489385;-0.0163813983;0.2619808321;-0.4478956108
62.97;0.0203577624;-0.0208494578;0.2597319832;-0.4456339374
62.98;0.0229425433;-0.0252924345;0.2571727129;-0.4428795616
62.99;0.0255001919;-0.0297054176;0.2543060629;-0.4396358015
63.00;0.0280276512;-0.0340835320;0.2511354404;-0.4359065252
63.01;0.0305219000;-0.0384219443;0.2476646134;-0.4316961457
63.02;0.0329799564;-0.0427158676;0.2438977070;-0.4270096152
63.03;0.0353988820;-0.0469605675;0.2398391973;-0.4218524184
63.04;0.0377757844;-0.0511513670;0.2354939066;-0.4162305656
63.05;0.0401078213;-0.0552836516;0.2308669972;-0.4101505849
63.06;0.0423922038;-0.0593528749;0.2259639650;-0.4036195134
63.07;0.0446261995;-0.0633545632;0.2207906330;-0.3966448889
63.08;0.0468071359;-0.0672843208;0.2153531443;-0.3892347397
63.09;0.0489324033;-0.0711378345;0.2096579540;-0.3813975750
63.10;0.0509994584;-0.0749108787;0.2037118223;-0.3731423737
63.11;0.0530058267;-0.0785993199;0.1975218056;-0.3644785735
63.12;0.0549491059;-0.0821991210;0.1910952483;-0.3554160595
63.13;0.0568269686;-0.0857063463;0.1844397737;-0.3459651514
63.14;0.0586371646;-0.0891171651;0.1775632753;-0.3361365914
63.15;0.0603775244;-0.0924278563;0.1704739070;-0.3259415311
63.16;0.0620459611;-0.0956348124;0.1631800731;-0.3153915179
63.17;0.0636404731;-0.0987345432;0.1556904192;-0.3044984815
63.18;0.0651591463;-0.1017236795;0.1480138206;-0.2932747194
63.19;0.0666001566;-0.1045989772;0.1401593732;-0.2817328827
63.20;0.0679617719;-0.1073573201;0.1321363814;-0.2698859611
63.21;0.0692423540;-0.1099957238;0.1239543482;-0.2577472681
63.22;0.0704403610;-0.1125113383;0.1156229631;-0.2453304255
63.23;0.0715543483;-0.1149014514;0.1071520913;-0.2326493475
63.24;0.0725829712;-0.1171634917;0.0985517622;-0.2197182257
63.25;0.0735249859;-0.1192950306;0.0898321569;-0.2065515122
63.26;0.0743792511;-0.1212937855;0.0810035971;-0.1931639040
63.27;0.0751447295;-0.1231576220;0.0720765326;-0.1795703265
63.28;0.0758204886;-0.1248845559;0.0630615293;-0.1657859167
63.29;0.0764057025;-0.1264727553;0.0539692568;-0.1518260070
63.30;0.0768996520;-0.1279205427;0.0448104761;-0.1377061082
63.31;0.0773017264;-0.1292263964;0.0355960270;-0.1234418927
63.32;0.0776114234;-0.1303889522;0.0263368155;-0.1090491772
63.33;0.0778283500;-0.1314070047;0.0170438012;-0.0945439065
63.34;0.0779522234;-0.1322795086;0.0077279848;-0.0799421354
63.35;0.0779828705;-0.1330055795;-0.0015996050;-0.0652600124
63.36;0.0779202288;-0.1335844951;-0.0109279240;-0.0505137618
63.37;0.0777643464;-0.1340156953;-0.0202459255;-0.0357196673
63.38;0.0775153815;-0.1342987833;-0.0295425728;-0.0208940538
63.39;0.0771736028;-0.1344335258;-0.0388068522;-0.0060532711
63.40;0.0767393890;-0.1344198527;-0.0480277859;0.0087863239
63.41;0.0762132280;-0.1342578578;-0.0571944443;0.0236083844
63.42;0.0755957172;-0.1339477979;-0.0662959589;0.0383965906
63.43;0.0748875620;-0.1334900931;-0.0753215352;0.0531346671
63.44;0.0740895754;-0.1328853257;-0.0842604646;0.0678064000
63.45;0.0732026769;-0.1321342400;-0.0931021376;0.0823956539
63.46;0.0722278919;-0.1312377411;-0.1018360556;0.0968863891
63.47;0.0711663496;-0.1301968938;-0.1104518434;0.1112626781
63.48;0.0700192829;-0.1290129217;-0.1189392614;0.1255087232
63.49;0.0687880260;-0.1276872057;-0.1272882173;0.1396088725
63.50;0.0674740133;-0.1262212822;-0.1354887784;0.1535476370
63.51;0.0660787777;-0.1246168419;-0.1435311828;0.1673097071
63.52;0.0646039488;-0.1228757275;-0.1514058513;0.1808799689
63.53;0.0630512511;-0.1209999317;-0.1591033984;0.1942435207
63.54;0.0614225019;-0.1189915951;-0.1666146437;0.2073856889
63.55;0.0597196092;-0.1168530040;-0.1739306226;0.2202920440
63.56;0.0579445695;-0.1145865876;-0.1810425970;0.2329484163
63.57;0.0560994657;-0.1121949153;-0.1879420659;0.2453409118
63.58;0.0541864641;-0.1096806944;-0.1946207754;0.2574559272
63.59;0.0522078127;-0.1070467661;-0.2010707284;0.2692801650
63.60;0.0501658379;-0.1042961037;-0.2072841949;0.2808006485
63.61;0.0480629421;-0.1014318079;-0.2132537206;0.2920047366
63.62;0.0459016006;-0.0984571047;-0.2189721362;0.3028801374
63.63;0.0436843594;-0.0953753407;-0.2244325663;0.3134149229
63.64;0.0414138312;-0.0921899802;-0.2296284374;0.3235975423
63.65;0.0390926934;-0.0889046010;-0.2345534860;0.3334168353
63.66;0.0367236842;-0.0855228905;-0.2392017667;0.3428620450
63.67;0.0343095995;-0.0820486417;-0.2435676588;0.3519228305
63.68;0.0318532900;-0.0784857485;-0.2476458738;0.3605892789
63.69;0.0293576575;-0.0748382022;-0.2514314615;0.3688519172
63.70;0.0268256517;-0.0711100864;-0.2549198165;0.3767017231
63.71;0.0242602663;-0.0673055725;-0.2581066835;0.3841301360
63.72;0.0216645360;-0.0634289154;-0.2609881631;0.3911290671
63.73;0.0190415329;-0.0594844483;-0.2635607161;0.3976909093
63.74;0.0163943622;-0.0554765781;-0.2658211685;0.4038085459
63.75;0.0137261593;-0.0514097803;-0.2677667150;0.4094753597
63.76;0.0110400858;-0.0472885941;-0.2693949228;0.4146852406
63.77;0.0083393256;-0.0431176174;-0.2707037348;0.4194325933
63.78;0.0056270814;-0.0389015011;-0.2716914719;0.4237123438
63.79;0.0029065708;-0.0346449445;-0.2723568354;0.4275199458
63.80;0.0001810225;-0.0303526895;-0.2726989087;0.4308513860
63.81;-0.0025463278;-0.0260295157;-0.2727171582;0.4337031893
63.82;-0.0052722407;-0.0216802344;-0.2724114346;0.4360724224
63.83;-0.0079934773;-0.0173096839;-0.2717819727;0.4379566979
63.84;-0.0107068030;-0.0129227233;-0.2708293915;0.4393541767
63.85;-0.0134089913;-0.0085242275;-0.2695546931;0.4402635702
63.86;-0.0160968276;-0.0041190814;-0.2679592623;0.4406841420
63.87;-0.0187671132;0.0002878252;-0.2660448641;0.4406157081
63.88;-0.0214166687;0.0046916038;-0.2638136424;0.4400586373
63.89;-0.0240423383;0.0090873721;-0.2612681167;0.4390138501
63.90;-0.0266409929;0.0134702598;-0.2584111799;0.4374828177
63.91;-0.0292095346;0.0178354142;-0.2552460941;0.4354675596
63.92;-0.0317448996;0.0221780053;-0.2517764871;0.4329706409
63.93;-0.0342440625;0.0264932317;-0.2480063479;0.4299951685
63.94;-0.0367040392;0.0307763255;-0.2439400220;0.4265447872
63.95;-0.0391218912;0.0350225582;-0.2395822060;0.4226236748
63.96;-0.0414947284;0.0392272454;-0.2349379421;0.4182365363
63.97;-0.0438197130;0.0433857528;-0.2300126120;0.4133885978
63.98;-0.0460940627;0.0474935004;-0.2248119304;0.4080855998
63.99;-0.0483150539;0.0515459686;-0.2193419383;0.4023337895
64.00;-0.0504800249;0.0555387025;-0.2136089954;0.3961399131
64.01;-0.0525863794;0.0594673173;-0.2076197731;0.3895112065
64.02;-0.0546315893;0.0633275028;-0.2013812461;0.3824553867
64.03;-0.0566131975;0.0671150285;-0.1949006839;0.3749806418
64.04;-0.0585288213;0.0708257479;-0.1881856428;0.3670956204
64.05;-0.0603761548;0.0744556035;-0.1812439565;0.3588094213
64.06;-0.0621529718;0.0780006307;-0.1740837269;0.3501315818
64.07;-0.0638571286;0.0814569627;-0.1667133143;0.3410720660
64.08;-0.0654865661;0.0848208343;-0.1591413282;0.3316412527
64.09;-0.0670393127;0.0880885860;-0.1513766165;0.3218499226
64.10;-0.0685134862;0.0912566681;-0.1434282554;0.3117092455
64.11;-0.0699072966;0.0943216448;-0.1353055385;0.3012307667
64.12;-0.0712190474;0.0972801971;-0.1270179666;0.2904263931
64.13;-0.0724471386;0.1001291271;-0.1185752358;0.2793083795
64.14;-0.0735900678;0.1028653611;-0.1099872267;0.2678893138
64.15;-0.0746464324;0.1054859528;-0.1012639926;0.2561821026
64.16;-0.0756149310;0.1079880866;-0.0924157482;0.2441999562
64.17;-0.0764943652;0.1103690804;-0.0834528574;0.2319563731
64.18;-0.0772836409;0.1126263884;-0.0743858214;0.2194651249
64.19;-0.0779817698;0.1147576040;-0.0652252668;0.2067402407
64.20;-0.0785878703;0.1167604619;-0.0559819329;0.1937959909
64.21;-0.0791011687;0.1186328409;-0.0466666596;0.1806468717
64.22;-0.0795210001;0.1203727654;-0.0372903750;0.1673075884
64.23;-0.0798468094;0.1219784084;-0.0278640825;0.1537930398
64.24;-0.0800781519;0.1234480922;-0.0183988484;0.1401183012
64.25;-0.0802146936;0.1247802912;-0.0089057888;0.1262986081
64.26;-0.0802562121;0.1259736324;0.0006039426;0.1123493397
64.27;-0.0802025965;0.1270268977;0.0101191678;0.0982860022
64.28;-0.0800538477;0.1279390243;0.0196286972;0.0841242119
64.29;-0.0798100788;0.1287091061;0.0291213425;0.0698796788
64.30;-0.0794715144;0.1293363946;0.0385859294;0.0555681893
64.31;-0.0790384909;0.1298202995;0.0480113109;0.0412055895
64.32;-0.0785114559;0.1301603890;0.0573863796;0.0268077688
64.33;-0.0778909679;0.1303563905;0.0667000810;0.0123906421
64.34;-0.0771776955;0.1304081906;0.0759414259;-0.0020298661
64.35;-0.0763724170;0.1303158350;0.0850995035;-0.0164378391
64.36;-0.0754760191;0.1300795286;0.0941634936;-0.0308173849
64.37;-0.0744894965;0.1296996349;0.1031226795;-0.0451526526
64.38;-0.0734139502;0.1291766758;0.1119664602;-0.0594278495
64.39;-0.0722505869;0.1285113305;0.1206843631;-0.0736272575
64.40;-0.0710007170;0.1277044354;0.1292660559;-0.0877352499
64.41;-0.0696657538;0.1267569820;0.1377013587;-0.1017363080
64.42;-0.0682472113;0.1256701170;0.1459802562;-0.1156150375
64.43;-0.0667467029;0.1244451399;0.1540929092;-0.1293561848
64.44;-0.0651659395;0.1230835023;0.1620296665;-0.1429446534
64.45;-0.0635067274;0.1215868056;0.1697810760;-0.1563655198
64.46;-0.0617709666;0.1199567997;0.1773378960;-0.1696040498
64.47;-0.0599606483;0.1181953809;0.1846911064;-0.1826457141
64.48;-0.0580778526;0.1163045894;0.1918319192;-0.1954762043
64.49;-0.0561247464;0.1142866077;0.1987517891;-0.2080814482
64.50;-0.0541035810;0.1121437574;0.2054424238;-0.2204476249
64.51;-0.0520166889;0.1098784973;0.2118957938;-0.2325611806
64.52;-0.0498664819;0.1074934202;0.2181041426;-0.2444088430
64.53;-0.0476554478;0.1049912501;0.2240599954;-0.2559776359
64.54;-0.0453861477;0.1023748394;0.2297561688;-0.2672548940
64.55;-0.0430612130;0.0996471652;0.2351857790;-0.2782282769
64.56;-0.0406833426;0.0968113268;0.2403422509;-0.2888857829
64.57;-0.0382552994;0.0938705414;0.2452193256;-0.2992157625
64.58;-0.0357799073;0.0908281411;0.2498110683;-0.3092069317
64.59;-0.0332600479;0.0876875686;0.2541118759;-0.3188483850
64.60;-0.0306986572;0.0844523742;0.2581164834;-0.3281296076
64.61;-0.0280987221;0.0811262111;0.2618199711;-0.3370404879
64.62;-0.0254632769;0.0777128314;0.2652177704;-0.3455713289
64.63;-0.0227953998;0.0742160823;0.2683056693;-0.3537128595
64.64;-0.0200982094;0.0706399015;0.2710798184;-0.3614562457
64.65;-0.0173748610;0.0669883126;0.2735367351;-0.3687931003
64.66;-0.0146285426;0.0632654211;0.2756733086;-0.3757154936
64.67;-0.0118624718;0.0594754093;0.2774868034;-0.3822159621
64.68;-0.0090798915;0.0556225317;0.2789748630;-0.3882875177
64.69;-0.0062840660;0.0517111105;0.2801355133;-0.3939236558
64.70;-0.0034782780;0.0477455302;0.2809671646;-0.3991183632
64.71;-0.0006658235;0.0437302332;0.2814686144;-0.4038661254
64.72;0.0021499908;0.0396697143;0.2816390484;-0.4081619328
64.73;0.0049658525;0.0355685162;0.2814780422;-0.4120012867
64.74;0.0077784467;0.0314312235;0.2809855617;-0.4153802052
64.75;0.0105844599;0.0272624585;0.2801619634;-0.4182952273
64.76;0.0133805846;0.0230668752;0.2790079942;-0.4207434171
64.77;0.0161635223;0.0188491545;0.2775247906;-0.4227223674
64.78;0.0189299879;0.0146139984;0.2757138773;-0.4242302024
64.79;0.0216767137;0.0103661254;0.2735771660;-0.4252655795
64.80;0.0244004528;0.0061102645;0.2711169526;-0.4258276910
64.81;0.0270979832;0.0018511502;0.2683359150;-0.4259162649
64.82;0.0297661118;-0.0024064830;0.2652371098;-0.4255315644
64.83;0.0324016775;-0.0066579060;0.2618239686;-0.4246743881
64.84;0.0350015559;-0.0108984002;0.2581002944;-0.4233460677
64.85;0.0375626621;-0.0151232629;0.2540702565;-0.4215484669
64.86;0.0400819548;-0.0193278131;0.2497383863;-0.4192839781
64.87;0.0425564399;-0.0235073958;0.2451095713;-0.4165555194
64.88;0.0449831738;-0.0276573882;0.2401890497;-0.4133665302
64.89;0.0473592671;-0.0317732044;0.2349824040;-0.4097209672
64.90;0.0496818878;-0.0358503004;0.2294955548;-0.4056232984
64.91;0.0519482649;-0.0398841797;0.2237347531;-0.4010784975
64.92;0.0541556915;-0.0438703980;0.2177065736;-0.3960920375
64.93;0.0563015280;-0.0478045680;0.2114179067;-0.3906698831
64.94;0.0583832053;-0.0516823647;0.2048759504;-0.3848184834
64.95;0.0603982276;-0.0554995298;0.1980882017;-0.3785447634
64.96;0.0623441759;-0.0592518768;0.1910624480;-0.3718561149
64.97;0.0642187100;-0.0629352951;0.1838067580;-0.3647603877
64.98;0.0660195723;-0.0665457551;0.1763294721;-0.3572658790
64.99;0.0677445894;-0.0700793124;0.1686391927;-0.3493813234
65.00;0.0693916756;-0.0735321119;0.1607447745;-0.3411158820
65.01;0.0709588347;-0.0769003922;0.1526553136;-0.3324791307
65.02;0.0724441628;-0.0801804899;0.1443801375;-0.3234810489
65.03;0.0738458502;-0.0833688432;0.1359287940;-0.3141320070
65.04;0.0751621839;-0.0864619959;0.1273110403;-0.3044427537
65.05;0.0763915494;-0.0894566012;0.1185368316;-0.2944244036
65.06;0.0775324328;-0.0923494251;0.1096163098;-0.2840884230
65.07;0.0785834222;-0.0951373502;0.1005597917;-0.2734466172
65.08;0.0795432102;-0.0978173784;0.0913777574;-0.2625111160
65.09;0.0804105944;-0.1003866349;0.0820808377;-0.2512943593
65.10;0.0811844798;-0.1028423704;0.0726798027;-0.2398090834
65.11;0.0818638797;-0.1051819648;0.0631855489;-0.2280683055
65.12;0.0824479168;-0.1074029291;0.0536090870;-0.2160853088
65.13;0.0829358244;-0.1095029086;0.0439615292;-0.2038736279
65.14;0.0833269477;-0.1114796852;0.0342540768;-0.1914470328
65.15;0.0836207439;-0.1133311795;0.0244980069;-0.1788195138
65.16;0.0838167835;-0.1150554530;0.0147046603;-0.1660052655
65.17;0.0839147508;-0.1166507102;0.0048854278;-0.1530186711
65.18;0.0839144439;-0.1181153004;-0.0049482622;-0.1398742868
65.19;0.0838157755;-0.1194477190;-0.0147849570;-0.1265868249
65.20;0.0836187729;-0.1206466094;-0.0246131927;-0.1131711386
65.21;0.0833235781;-0.1217107643;-0.0344215071;-0.0996422053
65.22;0.0829304474;-0.1226391263;-0.0441984527;-0.0860151102
65.23;0.0824397517;-0.1234307898;-0.0539326102;-0.0723050304
65.24;0.0818519757;-0.1240850011;-0.0636126010;-0.0585272180
65.25;0.0811677180;-0.1246011594;-0.0732271009;-0.0446969842
65.26;0.0803876896;-0.1249788172;-0.0827648523;-0.0308296826
65.27;0.0795127140;-0.1252176808;-0.0922146778;-0.0169406928
65.28;0.0785437261;-0.1253176101;-0.1015654928;-0.0030454040
65.29;0.0774817708;-0.1252786191;-0.1108063182;0.0108408012
65.30;0.0763280026;-0.1251008756;-0.1199262932;0.0247025635
65.31;0.0750836836;-0.1247847004;-0.1289146879;0.0385245629
65.32;0.0737501828;-0.1243305677;-0.1377609157;0.0522915354
65.33;0.0723289740;-0.1237391038;-0.1464545457;0.0659882887
65.34;0.0708216348;-0.1230110864;-0.1549853148;0.0795997187
65.35;0.0692298442;-0.1221474439;-0.1633431399;0.0931108255
65.36;0.0675553815;-0.1211492539;-0.1715181294;0.1065067293
65.37;0.0658001234;-0.1200177425;-0.1795005952;0.1197726866
65.38;0.0639660430;-0.1187542821;-0.1872810641;0.1328941053
65.39;0.0620552064;-0.1173603903;-0.1948502889;0.1458565611
65.40;0.0600697714;-0.1158377282;-0.2021992594;0.1586458123
65.41;0.0580119846;-0.1141880983;-0.2093192133;0.1712478158
65.42;0.0558841790;-0.1124134422;-0.2162016468;0.1836487418
65.43;0.0536887710;-0.1105158391;-0.2228383245;0.1958349889
65.44;0.0514282583;-0.1084975027;-0.2292212896;0.2077931993
65.45;0.0491052165;-0.1063607790;-0.2353428735;0.2195102728
65.46;0.0467222967;-0.1041081438;-0.2411957051;0.2309733816
65.47;0.0442822219;-0.1017421998;-0.2467727199;0.2421699842
65.48;0.0417877843;-0.0992656734;-0.2520671684;0.2530878395
65.49;0.0392418419;-0.0966814120;-0.2570726249;0.2637150205
65.50;0.0366473155;-0.0939923807;-0.2617829948;0.2740399271
65.51;0.0340071849;-0.0912016587;-0.2661925229;0.2840512998
65.52;0.0313244860;-0.0883124362;-0.2702957997;0.2937382320
65.53;0.0286023067;-0.0853280107;-0.2740877692;0.3030901822
65.54;0.0258437841;-0.0822517832;-0.2775637344;0.3120969866
65.55;0.0230520999;-0.0790872542;-0.2807193635;0.3207488702
65.56;0.0202304779;-0.0758380202;-0.2835506958;0.3290364581
65.57;0.0173821791;-0.0725077693;-0.2860541461;0.3369507865
65.58;0.0145104987;-0.0691002773;-0.2882265098;0.3444833128
65.59;0.0116187620;-0.0656194029;-0.2900649670;0.3516259257
65.60;0.0087103206;-0.0620690842;-0.2915670857;0.3583709546
65.61;0.0057885483;-0.0584533333;-0.2927308259;0.3647111787
65.62;0.0028568376;-0.0547762326;-0.2935545414;0.3706398350
65.63;-0.0000814048;-0.0510419296;-0.2940369828;0.3761506266
65.64;-0.0030227615;-0.0472546325;-0.2941772987;0.3812377301
65.65;-0.0059638088;-0.0434186052;-0.2939750375;0.3858958022
65.66;-0.0089011201;-0.0395381629;-0.2934301477;0.3901199860
65.67;-0.0118312707;-0.0356176665;-0.2925429786;0.3939059170
65.68;-0.0147508411;-0.0316615184;-0.2913142797;0.3972497276
65.69;-0.0176564215;-0.0276741570;-0.2897452004;0.4001480521
65.70;-0.0205446156;-0.0236600520;-0.2878372887;0.4025980303
65.71;-0.0234120443;-0.0196236989;-0.2855924893;0.4045973106
65.72;-0.0262553501;-0.0155696144;-0.2830131416;0.4061440531
65.73;-0.0290712009;-0.0115023309;-0.2801019774;0.4072369308
65.74;-0.0318562939;-0.0074263915;-0.2768621170;0.4078751317
65.75;-0.0346073592;-0.0033463450;-0.2732970664;0.4080583588
65.76;-0.0373211641;0.0007332597;-0.2694107128;0.4077868307
65.77;-0.0399945165;0.0048078781;-0.2652073203;0.4070612805
65.78;-0.0426242690;0.0088729759;-0.2606915246;0.4058829545
65.79;-0.0452073223;0.0129240337;-0.2558683280;0.4042536108
65.80;-0.0477406287;0.0169565521;-0.2507430933;0.4021755160
65.81;-0.0502211963;0.0209660572;-0.2453215377;0.3996514425
65.82;-0.0526460919;0.0249481052;-0.2396097260;0.3966846646
65.83;-0.0550124446;0.0288982873;-0.2336140635;0.3932789537
65.84;-0.0573174493;0.0328122352;-0.2273412886;0.3894385735
65.85;-0.0595583701;0.0366856256;-0.2207984648;0.3851682742
65.86;-0.0617325430;0.0405141849;-0.2139929728;0.3804732862
65.87;-0.0638373795;0.0442936945;-0.2069325015;0.3753593134
65.88;-0.0658703696;0.0480199950;-0.1996250394;0.3698325256
65.89;-0.0678290845;0.0516889910;-0.1920788651;0.3638995504
65.90;-0.0697111797;0.0552966555;-0.1843025378;0.3575674651
65.91;-0.0715143975;0.0588390348;-0.1763048875;0.3508437873
65.92;-0.0732365699;0.0623122524;-0.1680950047;0.3437364657
65.93;-0.0748756212;0.0657125131;-0.1596822301;0.3362538696
65.94;-0.0764295701;0.0690361080;-0.1510761436;0.3284047791
65.95;-0.0778965323;0.0722794176;-0.1422865536;0.3201983735
65.96;-0.0792747228;0.0754389162;-0.1333234854;0.3116442207
65.97;-0.0805624578;0.0785111759;-0.1241971704;0.3027522648
65.98;-0.0817581568;0.0814928697;-0.1149180337;0.2935328145
65.99;-0.0828603444;0.0843807759;-0.1054966826;0.2839965302
66.00;-0.0838676522;0.0871717808;-0.0959438948;0.2741544116
66.01;-0.0847788206;0.0898628824;-0.0862706056;0.2640177843
66.02;-0.0855926996;0.0924511935;-0.0764878958;0.2535982864
66.03;-0.0863082511;0.0949339449;-0.0666069794;0.2429078550
66.04;-0.0869245496;0.0973084882;-0.0566391903;0.2319587119
66.05;-0.0874407834;0.0995722983;-0.0465959703;0.2207633497
66.06;-0.0878562560;0.1017229768;-0.0364888554;0.2093345169
66.07;-0.0881703863;0.1037582537;-0.0263294635;0.1976852040
66.08;-0.0883827099;0.1056759900;-0.0161294806;0.1858286279
66.09;-0.0884928797;0.1074741801;-0.0059006482;0.1737782173
66.10;-0.0885006660;0.1091509536;0.0043452502;0.1615475975
66.11;-0.0884059572;0.1107045773;0.0145964024;0.1491505752
66.12;-0.0882087598;0.1121334569;0.0248409806;0.1366011226
66.13;-0.0879091989;0.1134361387;0.0350671551;0.1239133627
66.14;-0.0875075175;0.1146113107;0.0452631074;0.1111015529
66.15;-0.0870040768;0.1156578041;0.0554170436;0.0981800698
66.16;-0.0863993559;0.1165745947;0.0655172080;0.0851633933
66.17;-0.0856939509;0.1173608032;0.0755518960;0.0720660905
66.18;-0.0848885750;0.1180156965;0.0855094678;0.0589028006
66.19;-0.0839840572;0.1185386882;0.0953783614;0.0456882182
66.20;-0.0829813417;0.1189293390;0.1051471058;0.0324370781
66.21;-0.0818814868;0.1191873571;0.1148043344;0.0191641387
66.22;-0.0806856642;0.1193125984;0.1243387976;0.0058841670
66.23;-0.0793951572;0.1193050662;0.1337393759;-0.0073880781
66.24;-0.0780113596;0.1191649117;0.1429950931;-0.0206378611
66.25;-0.0765357743;0.1188924329;0.1520951281;-0.0338504857
66.26;-0.0749700115;0.1184880747;0.1610288284;-0.0470113110
66.27;-0.0733157872;0.1179524279;0.1697857220;-0.0601057664
66.28;-0.0715749208;0.1172862289;0.1783555294;-0.0731193681
66.29;-0.0697493338;0.1164903580;0.1867281762;-0.0860377337
66.30;-0.0678410474;0.1155658392;0.1948938047;-0.0988465983
66.31;-0.0658521800;0.1145138382;0.2028427852;-0.1115318295
66.32;-0.0637849452;0.1133356614;0.2105657279;-0.1240794425
66.33;-0.0616416494;0.1120327542;0.2180534938;-0.1364756155
66.34;-0.0594246889;0.1106066994;0.2252972058;-0.1487067041
66.35;-0.0571365476;0.1090592153;0.2322882589;-0.1607592567
66.36;-0.0547797938;0.1073921536;0.2390183312;-0.1726200283
66.37;-0.0523570777;0.1056074975;0.2454793933;-0.1842759957
66.38;-0.0498711284;0.1037073591;0.2516637184;-0.1957143711
66.39;-0.0473247506;0.1016939773;0.2575638919;-0.2069226163
66.40;-0.0447208215;0.0995697149;0.2631728200;-0.2178884566
66.41;-0.0420622877;0.0973370562;0.2684837386;-0.2285998941
66.42;-0.0393521616;0.0949986041;0.2734902219;-0.2390452212
66.43;-0.0365935184;0.0925570769;0.2781861899;-0.2492130332
66.44;-0.0337894920;0.0900153055;0.2825659166;-0.2590922415
66.45;-0.0309432722;0.0873762301;0.2866240363;-0.2686720857
66.46;-0.0280581001;0.0846428965;0.2903555512;-0.2779421457
66.47;-0.0251372653;0.0818184534;0.2937558373;-0.2868923536
66.48;-0.0221841017;0.0789061481;0.2968206503;-0.2955130048
66.49;-0.0192019836;0.0759093231;0.2995461309;-0.3037947693
66.50;-0.0161943219;0.0728314123;0.3019288102;-0.3117287024
66.51;-0.0131645604;0.0696759371;0.3039656138;-0.3193062542
66.52;-0.0101161715;0.0664465024;0.3056538658;-0.3265192806
66.53;-0.0070526526;0.0631467924;0.3069912927;-0.3333600513
66.54;-0.0039775214;0.0597805667;0.3079760261;-0.3398212599
66.55;-0.0008943127;0.0563516555;0.3086066054;-0.3458960314
66.56;0.0021934265;0.0528639557;0.3088819800;-0.3515779309
66.57;0.0052821406;0.0493214265;0.3088015103;-0.3568609702
66.58;0.0083682697;0.0457280844;0.3083649696;-0.3617396155
66.59;0.0114482536;0.0420879992;0.3075725439;-0.3662087933
66.60;0.0145185362;0.0384052890;0.3064248322;-0.3702638963
66.61;0.0175755693;0.0346841155;0.3049228462;-0.3739007889
66.62;0.0206158168;0.0309286795;0.3030680089;-0.3771158116
66.63;0.0236357593;0.0271432162;0.3008621537;-0.3799057854
66.64;0.0266318972;0.0233319898;0.2983075216;-0.3822680151
66.65;0.0296007558;0.0194992892;0.2954067597;-0.3842002924
66.66;0.0325388887;0.0156494230;0.2921629172;-0.3857008983
66.67;0.0354428819;0.0117867144;0.2885794427;-0.3867686045
66.68;0.0383093581;0.0079154965;0.2846601800;-0.3874026750
66.69;0.0411349803;0.0040401073;0.2804093633;-0.3876028662
66.70;0.0439164555;0.0001648847;0.2758316131;-0.3873694272
66.71;0.0466505393;-0.0037058382;0.2709319299;-0.3867030986
66.72;0.0493340388;-0.0075677383;0.2657156893;-0.3856051114
66.73;0.0519638169;-0.0114165071;0.2601886350;-0.3840771854
66.74;0.0545367957;-0.0152478561;0.2543568726;-0.3821215258
66.75;0.0570499601;-0.0190575207;0.2482268624;-0.3797408208
66.76;0.0595003614;-0.0228412661;0.2418054117;-0.3769382375
66.77;0.0618851206;-0.0265948912;0.2350996672;-0.3737174177
66.78;0.0642014319;-0.0303142339;0.2281171066;-0.3700824726
66.79;0.0664465659;-0.0339951754;0.2208655299;-0.3660379778
66.80;0.0686178728;-0.0376336449;0.2133530502;-0.3615889668
66.81;0.0707127853;-0.0412256245;0.2055880850;-0.3567409248
66.82;0.0727288218;-0.0447671530;0.1975793458;-0.3514997810
66.83;0.0746635895;-0.0482543308;0.1893358284;-0.3458719015
66.84;0.0765147866;-0.0516833244;0.1808668027;-0.3398640806
66.85;0.0782802056;-0.0550503699;0.1721818021;-0.3334835327
66.86;0.0799577353;-0.0583517779;0.1632906121;-0.3267378826
66.87;0.0815453639;-0.0615839372;0.1542032600;-0.3196351561
66.88;0.0830411807;-0.0647433187;0.1449300030;-0.3121837701
66.89;0.0844433791;-0.0678264796;0.1354813164;-0.3043925221
66.90;0.0857502579;-0.0708300668;0.1258678825;-0.2962705790
66.91;0.0869602238;-0.0737508206;0.1161005776;-0.2878274663
66.92;0.0880717933;-0.0765855783;0.1061904605;-0.2790730562
66.93;0.0890835943;-0.0793312779;0.0961487597;-0.2700175557
66.94;0.0899943678;-0.0819849608;0.0859868608;-0.2606714944
66.95;0.0908029693;-0.0845437753;0.0757162938;-0.2510457117
66.96;0.0915083703;-0.0870049797;0.0653487205;-0.2411513441
66.97;0.0921096596;-0.0893659449;0.0548959207;-0.2309998119
66.98;0.0926060442;-0.0916241576;0.0443697797;-0.2206028057
66.99;0.0929968506;-0.0937772226;0.0337822748;-0.2099722731
67.00;0.0932815253;-0.0958228652;0.0231454621;-0.1991204045
67.01;0.0934596359;-0.0977589342;0.0124714627;-0.1880596189
67.02;0.0935308712;-0.0995834033;0.0017724494;-0.1768025503
67.03;0.0934950422;-0.1012943736;-0.0089393668;-0.1653620324
67.04;0.0933520820;-0.1028900758;-0.0196517504;-0.1537510847
67.05;0.0931020461;-0.1043688712;-0.0303524552;-0.1419828974
67.06;0.0927451126;-0.1057292540;-0.0410292378;-0.1300708169
67.07;0.0922815818;-0.1069698528;-0.0516698713;-0.1180283304
67.08;0.0917118763;-0.1080894313;-0.0622621592;-0.1058690515
67.09;0.0910365403;-0.1090868902;-0.0727939486;-0.0936067046
67.10;0.0902562394;-0.1099612679;-0.0832531447;-0.0812551098
67.11;0.0893717595;-0.1107117412;-0.0936277234;-0.0688281679
67.12;0.0883840068;-0.1113376266;-0.1039057456;-0.0563398451
67.13;0.0872940060;-0.1118383802;-0.1140753704;-0.0438041575
67.14;0.0861028998;-0.1122135987;-0.1241248687;-0.0312351563
67.15;0.0848119477;-0.1124630192;-0.1340426362;-0.0186469120
67.16;0.0834225245;-0.1125865197;-0.1438172072;-0.0060534993
67.17;0.0819361187;-0.1125841189;-0.1534372669;0.0065310180
67.18;0.0803543314;-0.1124559758;-0.1628916652;0.0190926023
67.19;0.0786788742;-0.1122023899;-0.1721694292;0.0316172574
67.20;0.0769115676;-0.1118238002;-0.1812597756;0.0440910436
67.21;0.0750543387;-0.1113207849;-0.1901521237;0.0565000927
67.22;0.0731092197;-0.1106940602;-0.1988361076;0.0688306228
67.23;0.0710783450;-0.1099444798;-0.2073015879;0.0810689537
67.24;0.0689639494;-0.1090730337;-0.2155386642;0.0932015212
67.25;0.0667683653;-0.1080808467;-0.2235376864;0.1052148915
67.26;0.0644940205;-0.1069691775;-0.2312892663;0.1170957767
67.27;0.0621434352;-0.1057394166;-0.2387842885;0.1288310481
67.28;0.0597192195;-0.1043930851;-0.2460139217;0.1404077511
67.29;0.0572240700;-0.1029318328;-0.2529696290;0.1518131191
67.30;0.0546607675;-0.1013574358;-0.2596431780;0.1630345874
67.31;0.0520321734;-0.0996717952;-0.2660266514;0.1740598069
67.32;0.0493412268;-0.0978769343;-0.2721124559;0.1848766575
67.33;0.0465909408;-0.0959749963;-0.2778933321;0.1954732618
67.34;0.0437843997;-0.0939682420;-0.2833623629;0.2058379975
67.35;0.0409247550;-0.0918590472;-0.2885129822;0.2159595109
67.36;0.0380152222;-0.0896498995;-0.2933389833;0.2258267290
67.37;0.0350590770;-0.0873433963;-0.2978345262;0.2354288720
67.38;0.0320596516;-0.0849422407;-0.3019941451;0.2447554652
67.39;0.0290203309;-0.0824492394;-0.3058127553;0.2537963507
67.40;0.0259445489;-0.0798672989;-0.3092856596;0.2625416989
67.41;0.0228357845;-0.0771994223;-0.3124085544;0.2709820193
67.42;0.0196975577;-0.0744487058;-0.3151775347;0.2791081716
67.43;0.0165334253;-0.0716183355;-0.3175890998;0.2869113753
67.44;0.0133469775;-0.0687115830;-0.3196401574;0.2943832204
67.45;0.0101418329;-0.0657318024;-0.3213280277;0.3015156766
67.46;0.0069216352;-0.0626824263;-0.3226504473;0.3083011022
67.47;0.0036900484;-0.0595669614;-0.3236055717;0.3147322533
67.48;0.0004507529;-0.0563889851;-0.3241919782;0.3208022916
67.49;-0.0027925586;-0.0531521408;-0.3244086678;0.3265047924
67.50;-0.0060361860;-0.0498601345;-0.3242550667;0.3318337519
67.51;-0.0092764251;-0.0465167296;-0.3237310273;0.3367835941
67.52;-0.0125095726;-0.0431257436;-0.3228368286;0.3413491768
67.53;-0.0157319300;-0.0396910428;-0.3215731761;0.3455257981
67.54;-0.0189398082;-0.0362165385;-0.3199412012;0.3493092009
67.55;-0.0221295314;-0.0327061823;-0.3179424602;0.3526955782
67.56;-0.0252974413;-0.0291639616;-0.3155789326;0.3556815774
67.57;-0.0284399019;-0.0255938951;-0.3128530187;0.3582643034
67.58;-0.0315533030;-0.0220000280;-0.3097675371;0.3604413225
67.59;-0.0346340648;-0.0183864277;-0.3063257217;0.3622106642
67.60;-0.0376786417;-0.0147571788;-0.3025312177;0.3635708239
67.61;-0.0406835269;-0.0111163788;-0.2983880774;0.3645207637
67.62;-0.0436452559;-0.0074681330;-0.2939007559;0.3650599137
67.63;-0.0465604108;-0.0038165503;-0.2890741054;0.3651881719
67.64;-0.0494256243;-0.0001657381;-0.2839133702;0.3649059042
67.65;-0.0522375833;0.0034802020;-0.2784241798;0.3642139432
67.66;-0.0549930330;0.0071171793;-0.2726125434;0.3631135871
67.67;-0.0576887805;0.0107411182;-0.2664848419;0.3616065970
67.68;-0.0603216986;0.0143479631;-0.2600478211;0.3596951951
67.69;-0.0628887294;0.0179336829;-0.2533085838;0.3573820606
67.70;-0.0653868877;0.0214942755;-0.2462745815;0.3546703269
67.71;-0.0678132644;0.0250257726;-0.2389536058;0.3515635764
67.72;-0.0701650302;0.0285242436;-0.2313537794;0.3480658361
67.73;-0.0724394385;0.0319858008;-0.2234835467;0.3441815722
67.74;-0.0746338289;0.0354066029;-0.2153516644;0.3399156840
67.75;-0.0767456298;0.0387828600;-0.2069671911;0.3352734976
67.76;-0.0787723618;0.0421108375;-0.1983394770;0.3302607589
67.77;-0.0807116405;0.0453868604;-0.1894781537;0.3248836262
67.78;-0.0825611791;0.0486073172;-0.1803931224;0.3191486620
67.79;-0.0843187911;0.0517686640;-0.1710945436;0.3130628252
67.80;-0.0859823928;0.0548674285;-0.1615928251;0.3066334618
67.81;-0.0875500059;0.0579002138;-0.1518986100;0.2998682958
67.82;-0.0890197595;0.0608637019;-0.1420227654;0.2927754196
67.83;-0.0903898926;0.0637546579;-0.1319763699;0.2853632838
67.84;-0.0916587559;0.0665699326;-0.1217707008;0.2776406870
67.85;-0.0928248139;0.0693064671;-0.1114172221;0.2696167647
67.86;-0.0938866464;0.0719612950;-0.1009275714;0.2613009782
67.87;-0.0948429507;0.0745315463;-0.0903135469;0.2527031033
67.88;-0.0956925426;0.0770144502;-0.0795870946;0.2438332185
67.89;-0.0964343580;0.0794073384;-0.0687602946;0.2347016927
67.90;-0.0970674546;0.0817076474;-0.0578453480;0.2253191728
67.91;-0.0975910122;0.0839129215;-0.0468545634;0.2156965715
67.92;-0.0980043344;0.0860208157;-0.0358003432;0.2058450539
67.93;-0.0983068492;0.0880290975;-0.0246951697;0.1957760248
67.94;-0.0984981097;0.0899356499;-0.0135515919;0.1855011154
67.95;-0.0985777950;0.0917384730;-0.0023822110;0.1750321694
67.96;-0.0985457101;0.0934356865;0.0088003332;0.1643812297
67.97;-0.0984017867;0.0950255316;0.0199833762;0.1535605246
67.98;-0.0981460831;0.0965063724;0.0311542432;0.1425824537
67.99;-0.0977787846;0.0978766980;0.0423002624;0.1314595736
68.00;-0.0973002029;0.0991351235;0.0534087799;0.1202045842
68.01;-0.0967107761;0.1002803920;0.0644671730;0.1088303141
68.02;-0.0960110685;0.1013113753;0.0754628645;0.0973497058
68.03;-0.0952017696;0.1022270751;0.0863833370;0.0857758022
68.04;-0.0942836940;0.1030266241;0.0972161462;0.0741217312
68.05;-0.0932577801;0.1037092865;0.1079489354;0.0624006915
68.06;-0.0921250895;0.1042744589;0.1185694489;0.0506259380
68.07;-0.0908868059;0.1047216705;0.1290655462;0.0388107671
68.08;-0.0895442334;0.1050505839;0.1394252153;0.0269685021
68.09;-0.0880987959;0.1052609947;0.1496365864;0.0151124786
68.10;-0.0865520351;0.1053528320;0.1596879455;0.0032560298
68.11;-0.0849056089;0.1053261583;0.1695677475;-0.0085875278
68.12;-0.0831612899;0.1051811687;0.1792646296;-0.0204049093
68.13;-0.0813209633;0.1049181915;0.1887674241;-0.0321828758
68.14;-0.0793866250;0.1045376866;0.1980651715;-0.0439082485
68.15;-0.0773603793;0.1040402455;0.2071471330;-0.0555679234
68.16;-0.0752444367;0.1034265905;0.2160028030;-0.0671488857
68.17;-0.0730411118;0.1026975733;0.2246219214;-0.0786382233
68.18;-0.0707528202;0.1018541741;0.2329944857;-0.0900231417
68.19;-0.0683820764;0.1008975007;0.2411107624;-0.1012909772
68.20;-0.0659314908;0.0998287866;0.2489612989;-0.1124292111
68.21;-0.0634037669;0.0986493898;0.2565369347;-0.1234254834
68.22;-0.0608016981;0.0973607908;0.2638288121;-0.1342676061
68.23;-0.0581281651;0.0959645915;0.2708283867;-0.1449435766
68.24;-0.0553861322;0.0944625126;0.2775274384;-0.1554415909
68.25;-0.0525786444;0.0928563916;0.2839180803;-0.1657500564
68.26;-0.0497088239;0.0911481812;0.2899927693;-0.1758576050
68.27;-0.0467798663;0.0893399464;0.2957443146;-0.1857531050
68.28;-0.0437950376;0.0874338623;0.3011658868;-0.1954256743
68.29;-0.0407576701;0.0854322115;0.3062510264;-0.2048646915
68.30;-0.0376711589;0.0833373815;0.3109936517;-0.2140598081
68.31;-0.0345389579;0.0811518620;0.3153880663;-0.2230009604
68.32;-0.0313645760;0.0788782415;0.3194289663;-0.2316783798
68.33;-0.0281515734;0.0765192051;0.3231114471;-0.2400826045
68.34;-0.0249035569;0.0740775307;0.3264310094;-0.2482044897
68.35;-0.0216241767;0.0715560859;0.3293835650;-0.2560352181
68.36;-0.0183171214;0.0689578252;0.3319654421;-0.2635663094
68.37;-0.0149861144;0.0662857857;0.3341733901;-0.2707896302
68.38;-0.0116349095;0.0635430845;0.3360045835;-0.2776974031
68.39;-0.0082672867;0.0607329143;0.3374566260;-0.2842822153
68.40;-0.0048870475;0.0578585403;0.3385275535;-0.2905370272
68.41;-0.0014980112;0.0549232961;0.3392158367;-0.2964551802
68.42;0.0018959900;0.0519305799;0.3395203835;-0.3020304041
68.43;0.0052911151;0.0488838508;0.3394405403;-0.3072568246
68.44;0.0086835187;0.0457866245;0.3389760931;-0.3121289695
68.45;0.0120693555;0.0426424693;0.3381272681;-0.3166417748
68.46;0.0154447849;0.0394550024;0.3368947319;-0.3207905909
68.47;0.0188059747;0.0362278850;0.3352795903;-0.3245711873
68.48;0.0221491063;0.0329648188;0.3332833877;-0.3279797573
68.49;0.0254703787;0.0296695413;0.3309081053;-0.3310129225
68.50;0.0287660128;0.0263458217;0.3281561589;-0.3336677361
68.51;0.0320322557;0.0229974563;0.3250303961;-0.3359416865
68.52;0.0352653855;0.0196282645;0.3215340932;-0.3378326992
68.53;0.0384617147;0.0162420843;0.3176709513;-0.3393391397
68.54;0.0416175953;0.0128427677;0.3134450921;-0.3404598142
68.55;0.0447294225;0.0094341766;0.3088610531;-0.3411939716
68.56;0.0477936388;0.0060201778;0.3039237822;-0.3415413027
68.57;0.0508067384;0.0026046396;0.2986386322;-0.3415019414
68.58;0.0537652709;-0.0008085738;0.2930113543;-0.3410764631
68.59;0.0566658455;-0.0042156059;0.2870480916;-0.3402658839
68.60;0.0595051345;-0.0076126125;0.2807553717;-0.3390716589
68.61;0.0622798776;-0.0109957664;0.2741400995;-0.3374956799
68.62;0.0649868854;-0.0143612613;0.2672095486;-0.3355402726
68.63;0.0676230430;-0.0177053162;0.2599713535;-0.3332081930
68.64;0.0701853135;-0.0210241800;0.2524335005;-0.3305026241
68.65;0.0726707418;-0.0243141356;0.2446043182;-0.3274271710
68.66;0.0750764576;-0.0275715038;0.2364924684;-0.3239858563
68.67;0.0773996788;-0.0307926479;0.2281069359;-0.3201831148
68.68;0.0796377149;-0.0339739774;0.2194570182;-0.3160237872
68.69;0.0817879698;-0.0371119523;0.2105523150;-0.3115131143
68.70;0.0838479448;-0.0402030872;0.2014027172;-0.3066567297
68.71;0.0858152417;-0.0432439545;0.1920183957;-0.3014606528
68.72;0.0876875651;-0.0462311891;0.1824097899;-0.2959312812
68.73;0.0894627254;-0.0491614916;0.1725875958;-0.2900753822
68.74;0.0911386414;-0.0520316320;0.1625627544;-0.2839000844
68.75;0.0927133422;-0.0548384535;0.1523464388;-0.2774128688
68.76;0.0941849699;-0.0575788757;0.1419500422;-0.2706215596
68.77;0.0955517814;-0.0602498981;0.1313851650;-0.2635343139
68.78;0.0968121508;-0.0628486037;0.1206636021;-0.2561596125
68.79;0.0979645710;-0.0653721614;0.1097973294;-0.2485062486
68.80;0.0990076555;-0.0678178300;0.0987984909;-0.2405833176
68.81;0.0999401399;-0.0701829604;0.0876793853;-0.2324002061
68.82;0.1007608837;-0.0724649990;0.0764524521;-0.2239665802
68.83;0.1014688714;-0.0746614900;0.0651302585;-0.2152923743
68.84;0.1020632136;-0.0767700784;0.0537254849;-0.2063877788
68.85;0.1025431484;-0.0787885123;0.0422509115;-0.1972632284
68.86;0.1029080420;-0.0807146453;0.0307194041;-0.1879293895
68.87;0.1031573898;-0.0825464387;0.0191438999;-0.1783971479
68.88;0.1032908167;-0.0842819639;0.0075373936;-0.1686775958
68.89;0.1033080778;-0.0859194038;-0.0040870769;-0.1587820190
68.90;0.1032090588;-0.0874570557;-0.0157164450;-0.1487218839
68.91;0.1029937762;-0.0888933317;-0.0273376295;-0.1385088242
68.92;0.1026623771;-0.0902267616;-0.0389375489;-0.1281546276
68.93;0.1022151396;-0.0914559935;-0.0505031360;-0.1176712221
68.94;0.1016524723;-0.0925797955;-0.0620213519;-0.1070706627
68.95;0.1009749138;-0.0935970568;-0.0734792006;-0.0963651177
68.96;0.1001831327;-0.0945067888;-0.0848637432;-0.0855668548
68.97;0.0992779262;-0.0953081260;-0.0961621122;-0.0746882273
68.98;0.0982602203;-0.0960003269;-0.1073615257;-0.0637416602
68.99;0.0971310679;-0.0965827743;-0.1184493019;-0.0527396367
69.00;0.0958916483;-0.0970549765;-0.1294128725;-0.0416946837
69.01;0.0945432659;-0.0974165668;-0.1402397976;-0.0306193581
69.02;0.0930873489;-0.0976673043;-0.1509177787;-0.0195262331
69.03;0.0915254474;-0.0978070740;-0.1614346735;-0.0084278838
69.04;0.0898592323;-0.0978358865;-0.1717785088;0.0026631262
69.05;0.0880904934;-0.0977538778;-0.1819374942;0.0137342593
69.06;0.0862211373;-0.0975613092;-0.1919000359;0.0247730170
69.07;0.0842531855;-0.0972585668;-0.2016547496;0.0357669541
69.08;0.0821887723;-0.0968461608;-0.2111904734;0.0467036923
69.09;0.0800301425;-0.0963247247;-0.2204962812;0.0575709341
69.10;0.0777796488;-0.0956950145;-0.2295614945;0.0683564756
69.11;0.0754397494;-0.0949579079;-0.2383756958;0.0790482207
69.12;0.0730130055;-0.0941144027;-0.2469287398;0.0896341938
69.13;0.0705020781;-0.0931656161;-0.2552107660;0.1001025534
69.14;0.0679097255;-0.0921127827;-0.2632122100;0.1104416049
69.15;0.0652388001;-0.0909572535;-0.2709238148;0.1206398133
69.16;0.0624922452;-0.0897004938;-0.2783366420;0.1306858165
69.17;0.0596730920;-0.0883440818;-0.2854420823;0.1405684371
69.18;0.0567844559;-0.0868897063;-0.2922318659;0.1502766952
69.19;0.0538295333;-0.0853391651;-0.2986980726;0.1597998207
69.20;0.0508115983;-0.0836943623;-0.3048331412;0.1691272645
69.21;0.0477339984;-0.0819573065;-0.3106298790;0.1782487109
69.22;0.0446001513;-0.0801301084;-0.3160814702;0.1871540888
69.23;0.0414135410;-0.0782149778;-0.3211814847;0.1958335828
69.24;0.0381777138;-0.0762142215;-0.3259238859;0.2042776443
69.25;0.0348962742;-0.0741302406;-0.3303030382;0.2124770021
69.26;0.0315728814;-0.0719655272;-0.3343137139;0.2204226726
69.27;0.0282112444;-0.0697226618;-0.3379511000;0.2281059701
69.28;0.0248151184;-0.0674043104;-0.3412108042;0.2355185165
69.29;0.0213883006;-0.0650132210;-0.3440888604;0.2426522503
69.30;0.0179346253;-0.0625522206;-0.3465817339;0.2494994362
69.31;0.0144579603;-0.0600242122;-0.3486863258;0.2560526736
69.32;0.0109622020;-0.0574321706;-0.3503999772;0.2623049046
69.33;0.0074512714;-0.0547791399;-0.3517204724;0.2682494224
69.34;0.0039291091;-0.0520682292;-0.3526460422;0.2738798786
69.35;0.0003996715;-0.0493026092;-0.3531753662;0.2791902903
69.36;-0.0031330744;-0.0464855090;-0.3533075743;0.2841750468
69.37;-0.0066651548;-0.0436202114;-0.3530422484;0.2888289162
69.38;-0.0101925942;-0.0407100499;-0.3523794231;0.2931470507
69.39;-0.0137114197;-0.0377584044;-0.3513195856;0.2971249924
69.40;-0.0172176655;-0.0347686976;-0.3498636754;0.3007586780
69.41;-0.0207073775;-0.0317443907;-0.3480130836;0.3040444434
69.42;-0.0241766176;-0.0286889795;-0.3457696511;0.3069790275
69.43;-0.0276214686;-0.0256059904;-0.3431356666;0.3095595760
69.44;-0.0310380381;-0.0224989764;-0.3401138643;0.3117836440
69.45;-0.0344224636;-0.0193715127;-0.3367074200;0.3136491989
69.46;-0.0377709163;-0.0162271929;-0.3329199485;0.3151546220
69.47;-0.0410796058;-0.0130696248;-0.3287554982;0.3162987105
69.48;-0.0443447845;-0.0099024259;-0.3242185473;0.3170806779
69.49;-0.0475627513;-0.0067292197;-0.3193139982;0.3175001550
69.50;-0.0507298567;-0.0035536311;-0.3140471714;0.3175571896
69.51;-0.0538425062;-0.0003792826;-0.3084238000;0.3172522461
69.52;-0.0568971646;0.0027902101;-0.3024500224;0.3165862043
69.53;-0.0598903603;0.0059512420;-0.2961323751;0.3155603580
69.54;-0.0628186888;0.0091002235;-0.2894777854;0.3141764127
69.55;-0.0656788171;0.0122335836;-0.2824935633;0.3124364833
69.56;-0.0684674868;0.0153477748;-0.2751873924;0.3103430909
69.57;-0.0711815185;0.0184392768;-0.2675673218;0.3078991594
69.58;-0.0738178149;0.0215046005;-0.2596417561;0.3051080111
69.59;-0.0763733644;0.0245402919;-0.2514194462;0.3019733626
69.60;-0.0788452448;0.0275429363;-0.2429094788;0.2984993196
69.61;-0.0812306264;0.0305091619;-0.2341212662;0.2946903712
69.62;-0.0835267750;0.0334356435;-0.2250645356;0.2905513845
69.63;-0.0857310554;0.0363191068;-0.2157493179;0.2860875981
69.64;-0.0878409341;0.0391563314;-0.2061859361;0.2813046150
69.65;-0.0898539822;0.0419441549;-0.1963849941;0.2762083956
69.66;-0.0917678783;0.0446794761;-0.1863573644;0.2708052505
69.67;-0.0935804109;0.0473592589;-0.1761141759;0.2651018315
69.68;-0.0952894811;0.0499805350;-0.1656668014;0.2591051245
69.69;-0.0968931049;0.0525404080;-0.1550268453;0.2528224396
69.70;-0.0983894154;0.0550360559;-0.1442061300;0.2462614026
69.71;-0.0997766650;0.0574647346;-0.1332166834;0.2394299456
69.72;-0.1010532273;0.0598237808;-0.1220707253;0.2323362968
69.73;-0.1022175991;0.0621106148;-0.1107806539;0.2249889708
69.74;-0.1032684019;0.0643227438;-0.0993590324;0.2173967582
69.75;-0.1042043836;0.0664577638;-0.0878185748;0.2095687146
69.76;-0.1050244200;0.0685133630;-0.0761721325;0.2015141501
69.77;-0.1057275162;0.0704873235;-0.0644326798;0.1932426178
69.78;-0.1063128072;0.0723775246;-0.0526132999;0.1847639026
69.79;-0.1067795596;0.0741819443;-0.0407271708;0.1760880095
69.80;-0.1071271723;0.0758986616;-0.0287875507;0.1672251515
69.81;-0.1073551767;0.0775258587;-0.0168077638;0.1581857382
69.82;-0.1074632382;0.0790618231;-0.0048011855;0.1489803628
69.83;-0.1074511559;0.0805049486;0.0072187715;0.1396197904
69.84;-0.1073188630;0.0818537379;0.0192386725;0.1301149451
69.85;-0.1070664274;0.0831068035;0.0312450751;0.1204768974
69.86;-0.1066940513;0.0842628692;0.0432245435;0.1107168516
69.87;-0.1062020710;0.0853207716;0.0551636637;0.1008461327
69.88;-0.1055909571;0.0862794610;0.0670490577;0.0908761736
69.89;-0.1048613134;0.0871380026;0.0788673983;0.0808185020
69.90;-0.1040138769;0.0878955773;0.0906054237;0.0706847271
69.91;-0.1030495166;0.0885514824;0.1022499516;0.0604865268
69.92;-0.1019692331;0.0891051322;0.1137878944;0.0502356343
69.93;-0.1007741573;0.0895560587;0.1252062731;0.0399438247
69.94;-0.0994655491;0.0899039117;0.1364922318;0.0296229021
69.95;-0.0980447965;0.0901484591;0.1476330519;0.0192846859
69.96;-0.0965134138;0.0902895871;0.1586161661;0.0089409982
69.97;-0.0948730403;0.0903273002;0.1694291730;-0.0013963503
69.98;-0.0931254382;0.0902617206;0.1800598502;-0.0117155724
69.99;-0.0912724912;0.0900930883;0.1904961686;-0.0220049187
70.00;-0.0893162021;0.0898217608;0.2007263059;-0.0322526897
70.01;-0.0872586911;0.0894482119;0.2107386597;-0.0424472495
70.02;-0.0851021928;0.0889730317;0.2205218612;-0.0525770384
70.03;-0.0828490548;0.0883969253;0.2300647879;-0.0626305857
70.04;-0.0805017343;0.0877207121;0.2393565765;-0.0725965227
70.05;-0.0780627958;0.0869453245;0.2483866353;-0.0824635952
70.06;-0.0755349084;0.0860718069;0.2571446569;-0.0922206759
70.07;-0.0729208429;0.0851013142;0.2656206296;-0.1018567769
70.08;-0.0702234685;0.0840351107;0.2738048500;-0.1113610619
70.09;-0.0674457498;0.0828745680;0.2816879334;-0.1207228580
70.10;-0.0645907438;0.0816211636;0.2892608261;-0.1299316682
70.11;-0.0616615964;0.0802764790;0.2965148150;-0.1389771822
70.12;-0.0586615385;0.0788421980;0.3034415390;-0.1478492887
70.13;-0.0555938832;0.0773201043;0.3100329985;-0.1565380861
70.14;-0.0524620216;0.0757120797;0.3162815651;-0.1650338940
70.15;-0.0492694192;0.0740201013;0.3221799912;-0.1733272635
70.16;-0.0460196119;0.0722462400;0.3277214186;-0.1814089883
70.17;-0.0427162025;0.0703926570;0.3328993868;-0.1892701147
70.18;-0.0393628560;0.0684616020;0.3377078412;-0.1969019518
70.19;-0.0359632963;0.0664554104;0.3421411406;-0.2042960810
70.20;-0.0325213012;0.0643765000;0.3461940640;-0.2114443656
70.21;-0.0290406990;0.0622273688;0.3498618172;-0.2183389600
70.22;-0.0255253634;0.0600105916;0.3531400391;-0.2249723186
70.23;-0.0219792099;0.0577288174;0.3560248069;-0.2313372040
70.24;-0.0184061905;0.0553847656;0.3585126409;-0.2374266951
70.25;-0.0148102904;0.0529812236;0.3606005097;-0.2432341955
70.26;-0.0111955223;0.0505210427;0.3622858332;-0.2487534400
70.27;-0.0075659227;0.0480071355;0.3635664866;-0.2539785025
70.28;-0.0039255471;0.0454424719;0.3644408030;-0.2589038021
70.29;-0.0002784653;0.0428300762;0.3649075754;-0.2635241093
70.30;0.0033712433;0.0401730227;0.3649660587;-0.2678345523
70.31;0.0070194938;0.0374744331;0.3646159706;-0.2718306221
70.32;0.0106622013;0.0347374721;0.3638574924;-0.2755081773
70.33;0.0142952844;0.0319653440;0.3626912682;-0.2788634490
70.34;0.0179146710;0.0291612888;0.3611184053;-0.2818930449
70.35;0.0215163022;0.0263285788;0.3591404722;-0.2845939526
70.36;0.0250961369;0.0234705142;0.3567594972;-0.2869635432
70.37;0.0286501568;0.0205904199;0.3539779659;-0.2889995736
70.38;0.0321743707;0.0176916409;0.3507988184;-0.2907001892
70.39;0.0356648190;0.0147775392;0.3472254457;-0.2920639256
70.40;0.0391175782;0.0118514890;0.3432616860;-0.2930897097
70.41;0.0425287655;0.0089168738;0.3389118198;-0.2937768606
70.42;0.0458945432;0.0059770817;0.3341805650;-0.2941250902
70.43;0.0492111226;0.0030355015;0.3290730714;-0.2941345028
70.44;0.0524747689;0.0000955195;0.3235949144;-0.2938055947
70.45;0.0556818052;-0.0028394855;0.3177520886;-0.2931392531
70.46;0.0588286164;-0.0057661450;0.3115510003;-0.2921367544
70.47;0.0619116536;-0.0086811055;0.3049984607;-0.2907997624
70.48;0.0649274380;-0.0115810320;0.2981016771;-0.2891303256
70.49;0.0678725649;-0.0144626118;0.2908682449;-0.2871308745
70.50;0.0707437072;-0.0173225587;0.2833061385;-0.2848042178
70.51;0.0735376198;-0.0201576160;0.2754237023;-0.2821535389
70.52;0.0762511424;-0.0229645611;0.2672296406;-0.2791823913
70.53;0.0788812039;-0.0257402086;0.2587330078;-0.2758946941
70.54;0.0814248252;-0.0284814140;0.2499431978;-0.2722947266
70.55;0.0838791229;-0.0311850775;0.2408699333;-0.2683871228
70.56;0.0862413124;-0.0338481475;0.2315232546;-0.2641768650
70.57;0.0885087110;-0.0364676237;0.2219135082;-0.2596692781
70.58;0.0906787411;-0.0390405607;0.2120513350;-0.2548700221
70.59;0.0927489326;-0.0415640717;0.2019476584;-0.2497850850
70.60;0.0947169265;-0.0440353311;0.1916136716;-0.2444207755
70.61;0.0965804765;-0.0464515780;0.1810608257;-0.2387837149
70.62;0.0983374524;-0.0488101192;0.1703008161;-0.2328808285
70.63;0.0999858419;-0.0511083325;0.1593455701;-0.2267193375
70.64;0.1015237534;-0.0533436689;0.1482072334;-0.2203067497
70.65;0.1029494174;-0.0555136563;0.1368981566;-0.2136508503
70.66;0.1042611892;-0.0576159017;0.1254308817;-0.2067596923
70.67;0.1054575501;-0.0596480936;0.1138181284;-0.1996415868
70.68;0.1065371097;-0.0616080054;0.1020727798;-0.1923050930
70.69;0.1074986071;-0.0634934968;0.0902078688;-0.1847590072
70.70;0.1083409124;-0.0653025169;0.0782365635;-0.1770123531
70.71;0.1090630280;-0.0670331060;0.0661721532;-0.1690743704
70.72;0.1096640897;-0.0686833980;0.0540280336;-0.1609545038
70.73;0.1101433679;-0.0702516219;0.0418176925;-0.1526623920
70.74;0.1105002680;-0.0717361043;0.0295546954;-0.1442078561
70.75;0.1107343317;-0.0731352709;0.0172526704;-0.1356008882
70.76;0.1108452369;-0.0744476478;0.0049252938;-0.1268516393
70.77;0.1108327988;-0.0756718637;-0.0074137248;-0.1179704079
70.78;0.1106969694;-0.0768066507;-0.0197506574;-0.1089676276
70.79;0.1104378383;-0.0778508462;-0.0320717720;-0.0998538550
70.80;0.1100556324;-0.0788033934;-0.0443633480;-0.0906397579
70.81;0.1095507155;-0.0796633428;-0.0566116907;-0.0813361025
70.82;0.1089235882;-0.0804298531;-0.0688031463;-0.0719537409
70.83;0.1081748875;-0.0811021917;-0.0809241163;-0.0625035995
70.84;0.1073053860;-0.0816797357;-0.0929610728;-0.0529966653
70.85;0.1063159910;-0.0821619725;-0.1049005731;-0.0434439744
70.86;0.1052077439;-0.0825484996;-0.1167292741;-0.0338565988
70.87;0.1039818189;-0.0828390258;-0.1284339471;-0.0242456340
70.88;0.1026395221;-0.0830333707;-0.1400014923;-0.0146221865
70.89;0.1011822894;-0.0831314649;-0.1514189533;-0.0049973609
70.90;0.0996116860;-0.0831333503;-0.1626735311;0.0046177521
70.91;0.0979294039;-0.0830391792;-0.1737525988;0.0142120887
70.92;0.0961372606;-0.0828492145;-0.1846437152;0.0237746243
70.93;0.0942371969;-0.0825638293;-0.1953346390;0.0332943860
70.94;0.0922312753;-0.0821835058;-0.2058133423;0.0427604648
70.95;0.0901216769;-0.0817088351;-0.2160680244;0.0521620280
70.96;0.0879107001;-0.0811405161;-0.2260871250;0.0614883311
70.97;0.0856007574;-0.0804793548;-0.2358593376;0.0707287305
70.98;0.0831943732;-0.0797262630;-0.2453736221;0.0798726947
70.99;0.0806941807;-0.0788822571;-0.2546192177;0.0889098167
71.00;0.0781029194;-0.0779484571;-0.2635856554;0.0978298252
71.01;0.0754234321;-0.0769260848;-0.2722627698;0.1066225966
71.02;0.0726586614;-0.0758164625;-0.2806407115;0.1152781663
71.03;0.0698116469;-0.0746210115;-0.2887099582;0.1237867394
71.04;0.0668855219;-0.0733412498;-0.2964613262;0.1321387023
71.05;0.0638835096;-0.0719787909;-0.3038859811;0.1403246334
71.06;0.0608089197;-0.0705353414;-0.3109754484;0.1483353134
71.07;0.0576651450;-0.0690126989;-0.3177216236;0.1561617360
71.08;0.0544556574;-0.0674127502;-0.3241167823;0.1637951180
71.09;0.0511840040;-0.0657374686;-0.3301535888;0.1712269090
71.10;0.0478538033;-0.0639889117;-0.3358251056;0.1784488014
71.11;0.0444687414;-0.0621692191;-0.3411248018;0.1854527393
71.12;0.0410325672;-0.0602806095;-0.3460465609;0.1922309281
71.13;0.0375490890;-0.0583253782;-0.3505846883;0.1987758431
71.14;0.0340221699;-0.0563058945;-0.3547339187;0.2050802379
71.15;0.0304557232;-0.0542245985;-0.3584894222;0.2111371527
71.16;0.0268537086;-0.0520839986;-0.3618468107;0.2169399221
71.17;0.0232201273;-0.0498866685;-0.3648021431;0.2224821828
71.18;0.0195590177;-0.0476352436;-0.3673519305;0.2277578807
71.19;0.0158744508;-0.0453324186;-0.3694931404;0.2327612774
71.20;0.0121705255;-0.0429809439;-0.3712232006;0.2374869574
71.21;0.0084513644;-0.0405836223;-0.3725400028;0.2419298333
71.22;0.0047211086;-0.0381433058;-0.3734419049;0.2460851522
71.23;0.0009839133;-0.0356628925;-0.3739277334;0.2499485008
71.24;-0.0027560567;-0.0331453227;-0.3739967849;0.2535158099
71.25;-0.0064946322;-0.0305935756;-0.3736488271;0.2567833597
71.26;-0.0102276439;-0.0280106660;-0.3728840992;0.2597477830
71.27;-0.0139509272;-0.0253996405;-0.3717033116;0.2624060697
71.28;-0.0176603270;-0.0227635740;-0.3701076455;0.2647555692
71.29;-0.0213517025;-0.0201055662;-0.3680987511;0.2667939939
71.30;-0.0250209316;-0.0174287376;-0.3656787458;0.2685194211
71.31;-0.0286639156;-0.0147362264;-0.3628502121;0.2699302951
71.32;-0.0322765841;-0.0120311843;-0.3596161938;0.2710254286
71.33;-0.0358548994;-0.0093167731;-0.3559801930;0.2718040039
71.34;-0.0393948610;-0.0065961610;-0.3519461655;0.2722655731
71.35;-0.0428925105;-0.0038725187;-0.3475185162;0.2724100585
71.36;-0.0463439353;-0.0011490159;-0.3427020939;0.2722377524
71.37;-0.0497452740;0.0015711825;-0.3375021853;0.2717493158
71.38;-0.0530927197;0.0042849200;-0.3319245089;0.2709457778
71.39;-0.0563825253;0.0069890523;-0.3259752079;0.2698285333
71.40;-0.0596110069;0.0096804507;-0.3196608431;0.2683993413
71.41;-0.0627745484;0.0123560062;-0.3129883851;0.2666603224
71.42;-0.0658696054;0.0150126326;-0.3059652058;0.2646139552
71.43;-0.0688927092;0.0176472702;-0.2985990700;0.2622630738
71.44;-0.0718404707;0.0202568895;-0.2908981261;0.2596108628
71.45;-0.0747095840;0.0228384947;-0.2828708965;0.2566608542
71.46;-0.0774968305;0.0253891268;-0.2745262678;0.2534169218
71.47;-0.0801990821;0.0279058673;-0.2658734804;0.2498832766
71.48;-0.0828133047;0.0303858417;-0.2569221177;0.2460644610
71.49;-0.0853365621;0.0328262221;-0.2476820951;0.2419653433
71.50;-0.0877660185;0.0352242314;-0.2381636489;0.2375911110
71.51;-0.0900989421;0.0375771456;-0.2283773240;0.2329472645
71.52;-0.0923327081;0.0398822972;-0.2183339624;0.2280396100
71.53;-0.0944648016;0.0421370787;-0.2080446908;0.2228742521
71.54;-0.0964928201;0.0443389445;-0.1975209080;0.2174575864
71.55;-0.0984144768;0.0464854149;-0.1867742719;0.2117962911
71.56;-0.1002276023;0.0485740780;-0.1758166869;0.2058973190
71.57;-0.1019301478;0.0506025930;-0.1646602902;0.1997678887
71.58;-0.1035201866;0.0525686924;-0.1533174385;0.1934154761
71.59;-0.1049959168;0.0544701849;-0.1418006946;0.1868478047
71.60;-0.1063556633;0.0563049575;-0.1301228131;0.1800728364
71.61;-0.1075978790;0.0580709779;-0.1182967266;0.1730987620
71.62;-0.1087211474;0.0597662970;-0.1063355317;0.1659339909
71.63;-0.1097241834;0.0613890507;-0.0942524746;0.1585871414
71.64;-0.1106058353;0.0629374622;-0.0820609366;0.1510670299
71.65;-0.1113650855;0.0644098438;-0.0697744197;0.1433826608
71.66;-0.1120010524;0.0658045985;-0.0574065320;0.1355432152
71.67;-0.1125129906;0.0671202222;-0.0449709730;0.1275580406
71.68;-0.1129002922;0.0683553052;-0.0324815187;0.1194366395
71.69;-0.1131624874;0.0695085331;-0.0199520068;0.1111886582
71.70;-0.1132992451;0.0705786890;-0.0073963222;0.1028238754
71.71;-0.1133103730;0.0715646542;0.0051716188;0.0943521910
71.72;-0.1131958183;0.0724654098;0.0177378823;0.0857836143
71.73;-0.1129556674;0.0732800372;0.0302885328;0.0771282523
71.74;-0.1125901461;0.0740077195;0.0428096477;0.0683962982
71.75;-0.1120996192;0.0746477420;0.0552873323;0.0595980193
71.76;-0.1114845904;0.0751994932;0.0677077346;0.0507437453
71.77;-0.1107457015;0.0756624649;0.0800570608;0.0418438563
71.78;-0.1098837318;0.0760362530;0.0923215896;0.0329087711
71.79;-0.1088995978;0.0763205578;0.1044876874;0.0239489345
71.80;-0.1077943513;0.0765151840;0.1165418230;0.0149748064
71.81;-0.1065691793;0.0766200412;0.1284705821;0.0059968489
71.82;-0.1052254019;0.0766351431;0.1402606823;-0.0029744852
71.83;-0.1037644717;0.0765606083;0.1518989875;-0.0119287645
71.84;-0.1021879715;0.0763966593;0.1633725223;-0.0208555908
71.85;-0.1004976132;0.0761436225;0.1746684862;-0.0297446111
71.86;-0.0986952357;0.0758019275;0.1857742678;-0.0385855291
71.87;-0.0967828032;0.0753721064;0.1966774591;-0.0473681173
71.88;-0.0947624026;0.0748547934;0.2073658690;-0.0560822282
71.89;-0.0926362417;0.0742507236;0.2178275370;-0.0647178064
71.90;-0.0904066467;0.0735607323;0.2280507470;-0.0732648994
71.91;-0.0880760599;0.0727857534;0.2380240401;-0.0817136692
71.92;-0.0856470364;0.0719268190;0.2477362279;-0.0900544036
71.93;-0.0831222421;0.0709850574;0.2571764054;-0.0982775271
71.94;-0.0805044504;0.0699616920;0.2663339630;-0.1063736116
71.95;-0.0777965393;0.0688580396;0.2751985994;-0.1143333876
71.96;-0.0750014882;0.0676755090;0.2837603332;-0.1221477541
71.97;-0.0721223746;0.0664155990;0.2920095145;-0.1298077895
71.98;-0.0691623709;0.0650798968;0.2999368363;-0.1373047614
71.99;-0.0661247407;0.0636700758;0.3075333457;-0.1446301368
72.00;-0.0630128354;0.0621878939;0.3147904538;-0.1517755917
72.01;-0.0598300904;0.0606351908;0.3216999467;-0.1587330204
72.02;-0.0565800214;0.0590138865;0.3282539950;-0.1654945450
72.03;-0.0532662202;0.0573259785;0.3344451630;-0.1720525244
72.04;-0.0498923513;0.0555735393;0.3402664178;-0.1783995627
72.05;-0.0464621471;0.0537587142;0.3457111381;-0.1845285180
72.06;-0.0429794044;0.0518837188;0.3507731220;-0.1904325105
72.07;-0.0394479798;0.0499508360;0.3554465943;-0.1961049299
72.08;-0.0358717855;0.0479624133;0.3597262141;-0.2015394436
72.09;-0.0322547848;0.0459208604;0.3636070813;-0.2067300035
72.10;-0.0286009880;0.0438286457;0.3670847422;-0.2116708528
72.11;-0.0249144475;0.0416882940;0.3701551954;-0.2163565332
72.12;-0.0211992534;0.0395023829;0.3728148970;-0.2207818902
72.13;-0.0174595291;0.0372735402;0.3750607645;-0.2249420797
72.14;-0.0136994264;0.0350044404;0.3768901808;-0.2288325729
72.15;-0.0099231210;0.0326978018;0.3783009980;-0.2324491620
72.16;-0.0061348075;0.0303563832;0.3792915393;-0.2357879642
72.17;-0.0023386952;0.0279829804;0.3798606019;-0.2388454269
72.18;0.0014609970;0.0255804233;0.3800074581;-0.2416183309
72.19;0.0052600456;0.0231515720;0.3797318563;-0.2441037943
72.20;0.0090542266;0.0206993141;0.3790340216;-0.2462992755
72.21;0.0128393208;0.0182265605;0.3779146554;-0.2482025761
72.22;0.0166111184;0.0157362428;0.3763749346;-0.2498118431
72.23;0.0203654237;0.0132313089;0.3744165101;-0.2511255705
72.24;0.0240980599;0.0107147204;0.3720415051;-0.2521426015
72.25;0.0278048737;0.0081894487;0.3692525123;-0.2528621287
72.26;0.0314817402;0.0056584712;0.3660525906;-0.2532836954
72.27;0.0351245674;0.0031247684;0.3624452619;-0.2534071953
72.28;0.0387293006;0.0005913201;0.3584345062;-0.2532328726
72.29;0.0422919274;-0.0019388982;0.3540247572;-0.2527613211
72.30;0.0458084819;-0.0044629186;0.3492208968;-0.2519934832
72.31;0.0492750492;-0.0069777844;0.3440282490;-0.2509306484
72.32;0.0526877700;-0.0094805536;0.3384525737;-0.2495744515
72.33;0.0560428445;-0.0119683021;0.3325000596;-0.2479268699
72.34;0.0593365370;-0.0144381274;0.3261773171;-0.2459902211
72.35;0.0625651800;-0.0168871517;0.3194913698;-0.2437671596
72.36;0.0657251783;-0.0193125257;0.3124496466;-0.2412606729
72.37;0.0688130130;-0.0217114314;0.3050599726;-0.2384740781
72.38;0.0718252452;-0.0240810856;0.2973305601;-0.2354110169
72.39;0.0747585203;-0.0264187433;0.2892699985;-0.2320754514
72.40;0.0776095711;-0.0287217005;0.2808872448;-0.2284716587
72.41;0.0803752221;-0.0309872976;0.2721916125;-0.2246042252
72.42;0.0830523925;-0.0332129224;0.2631927611;-0.2204780411
72.43;0.0856380998;-0.0353960131;0.2539006850;-0.2160982941
72.44;0.0881294631;-0.0375340612;0.2443257018;-0.2114704627
72.45;0.0905237062;-0.0396246145;0.2344784404;-0.2066003092
72.46;0.0928181607;-0.0416652797;0.2243698290;-0.2014938728
72.47;0.0950102689;-0.0436537253;0.2140110826;-0.1961574619
72.48;0.0970975868;-0.0455876842;0.2034136906;-0.1905976463
72.49;0.0990777863;-0.0474649563;0.1925894033;-0.1848212490
72.50;0.1009486584;-0.0492834108;0.1815502191;-0.1788353377
72.51;0.1027081151;-0.0510409889;0.1703083713;-0.1726472165
72.52;0.1043541918;-0.0527357061;0.1588763139;-0.1662644168
72.53;0.1058850495;-0.0543656541;0.1472667085;-0.1596946878
72.54;0.1072989769;-0.0559290032;0.1354924098;-0.1529459877
72.55;0.1085943921;-0.0574240044;0.1235664518;-0.1460264734
72.56;0.1097698444;-0.0588489911;0.1115020336;-0.1389444915
72.57;0.1108240157;-0.0602023811;0.0993125046;-0.1317085675
72.58;0.1117557223;-0.0614826782;0.0870113504;-0.1243273960
72.59;0.1125639160;-0.0626884743;0.0746121780;-0.1168098303
72.60;0.1132476849;-0.0638184502;0.0621287014;-0.1091648718
72.61;0.1138062550;-0.0648713775;0.0495747261;-0.1014016592
72.62;0.1142389906;-0.0658461200;0.0369641351;-0.0935294582
72.63;0.1145453954;-0.0667416346;0.0243108734;-0.0855576500
72.64;0.1147251125;-0.0675569726;0.0116289332;-0.0774957204
72.65;0.1147779252;-0.0682912805;-0.0010676611;-0.0693532490
72.66;0.1147037572;-0.0689438013;-0.0137648678;-0.0611398975
72.67;0.1145026726;-0.0695138746;-0.0264486431;-0.0528653989
72.68;0.1141748759;-0.0700009381;-0.0391049562;-0.0445395459
72.69;0.1137207118;-0.0704045272;-0.0517198040;-0.0361721794
72.70;0.1131406646;-0.0707242762;-0.0642792266;-0.0277731772
72.71;0.1124353583;-0.0709599183;-0.0767693219;-0.0193524428
72.72;0.1116055554;-0.0711112856;-0.0891762608;-0.0109198935
72.73;0.1106521561;-0.0711783098;-0.1014863018;-0.0024854491
72.74;0.1095761978;-0.0711610214;-0.1136858063;0.0059409793
72.75;0.1083788536;-0.0710595499;-0.1257612528;0.0143495011
72.76;0.1070614310;-0.0708741239;-0.1376992520;0.0227302575
72.77;0.1056253709;-0.0706050701;-0.1494865613;0.0310734325
72.78;0.1040722457;-0.0702528131;-0.1611100992;0.0393692648
72.79;0.1024037579;-0.0698178749;-0.1725569594;0.0476080585
72.80;0.1006217379;-0.0693008741;-0.1838144256;0.0557801944
72.81;0.0987281424;-0.0687025250;-0.1948699848;0.0638761413
72.82;0.0967250523;-0.0680236367;-0.2057113420;0.0718864666
72.83;0.0946146699;-0.0672651122;-0.2163264332;0.0798018472
72.84;0.0923993173;-0.0664279470;-0.2267034391;0.0876130804
72.85;0.0900814333;-0.0655132280;-0.2368307987;0.0953110944
72.86;0.0876635712;-0.0645221323;-0.2466972220;0.1028869586
72.87;0.0851483954;-0.0634559253;-0.2562917029;0.1103318938
72.88;0.0825386794;-0.0623159596;-0.2656035320;0.1176372827
72.89;0.0798373017;-0.0611036730;-0.2746223083;0.1247946795
72.90;0.0770472437;-0.0598205869;-0.2833379521;0.1317958195
72.91;0.0741715857;-0.0584683045;-0.2917407156;0.1386326290
72.92;0.0712135038;-0.0570485084;-0.2998211951;0.1452972342
72.93;0.0681762664;-0.0555629594;-0.3075703416;0.1517819707
72.94;0.0650632305;-0.0540134935;-0.3149794715;0.1580793918
72.95;0.0618778381;-0.0524020201;-0.3220402769;0.1641822777
72.96;0.0586236125;-0.0507305197;-0.3287448353;0.1700836433
72.97;0.0553041541;-0.0490010415;-0.3350856193;0.1757767467
72.98;0.0519231366;-0.0472157007;-0.3410555053;0.1812550965
72.99;0.0484843028;-0.0453766762;-0.3466477823;0.1865124599
73.00;0.0449914607;-0.0434862081;-0.3518561600;0.1915428693
73.01;0.0414484789;-0.0415465944;-0.3566747761;0.1963406297
73.02;0.0378592826;-0.0395601891;-0.3610982037;0.2009003247
73.03;0.0342278489;-0.0375293987;-0.3651214582;0.2052168234
73.04;0.0305582026;-0.0354566795;-0.3687400025;0.2092852859
73.05;0.0268544116;-0.0333445350;-0.3719497535;0.2131011688
73.06;0.0231205824;-0.0311955123;-0.3747470868;0.2166602308
73.07;0.0193608553;-0.0290121996;-0.3771288407;0.2199585370
73.08;0.0155794000;-0.0267972229;-0.3790923208;0.2229924640
73.09;0.0117804107;-0.0245532427;-0.3806353031;0.2257587035
73.10;0.0079681015;-0.0222829512;-0.3817560366;0.2282542665
73.11;0.0041467018;-0.0199890686;-0.3824532454;0.2304764861
73.12;0.0003204512;-0.0176743405;-0.3827261308;0.2324230210
73.13;-0.0035064052;-0.0153415340;-0.3825743716;0.2340918578
73.14;-0.0073296212;-0.0129934347;-0.3819981250;0.2354813129
73.15;-0.0111449547;-0.0106328436;-0.3809980263;0.2365900351
73.16;-0.0149481725;-0.0082625733;-0.3795751878;0.2374170059
73.17;-0.0187350545;-0.0058854450;-0.3777311980;0.2379615415
73.18;-0.0225013993;-0.0035042851;-0.3754681189;0.2382232923
73.19;-0.0262430282;-0.0011219219;-0.3727884841;0.2382022440
73.20;-0.0299557904;0.0012588180;-0.3696952952;0.2378987167
73.21;-0.0336355671;0.0036351129;-0.3661920185;0.2373133646
73.22;-0.0372782767;0.0060041491;-0.3622825802;0.2364471746
73.23;-0.0408798793;0.0083631246;-0.3579713622;0.2353014650
73.24;-0.0444363807;0.0107092521;-0.3532631959;0.2338778837
73.25;-0.0479438375;0.0130397625;-0.3481633572;0.2321784057
73.26;-0.0513983612;0.0153519081;-0.3426775594;0.2302053305
73.27;-0.0547961225;0.0176429658;-0.3368119466;0.2279612791
73.28;-0.0581333558;0.0199102402;-0.3305730860;0.2254491904
73.29;-0.0614063632;0.0221510669;-0.3239679600;0.2226723174
73.30;-0.0646115187;0.0243628157;-0.3170039582;0.2196342231
73.31;-0.0677452720;0.0265428934;-0.3096888681;0.2163387758
73.32;-0.0708041529;0.0286887472;-0.3020308658;0.2127901441
73.33;-0.0737847747;0.0307978672;-0.2940385066;0.2089927918
73.34;-0.0766838381;0.0328677897;-0.2857207149;0.2049514720
73.35;-0.0794981351;0.0348961001;-0.2770867734;0.2006712211
73.36;-0.0822245518;0.0368804353;-0.2681463122;0.1961573530
73.37;-0.0848600727;0.0388184870;-0.2589092982;0.1914154516
73.38;-0.0874017835;0.0407080037;-0.2493860227;0.1864513648
73.39;-0.0898468742;0.0425467939;-0.2395870904;0.1812711964
73.40;-0.0921926427;0.0443327284;-0.2295234065;0.1758812991
73.41;-0.0944364971;0.0460637427;-0.2192061647;0.1702882666
73.42;-0.0965759589;0.0477378393;-0.2086468342;0.1644989254
73.43;-0.0986086658;0.0493530903;-0.1978571470;0.1585203265
73.44;-0.1005323739;0.0509076392;-0.1868490846;0.1523597368
73.45;-0.1023449603;0.0523997033;-0.1756348646;0.1460246303
73.46;-0.1040444254;0.0538275756;-0.1642269269;0.1395226793
73.47;-0.1056288952;0.0551896268;-0.1526379203;0.1328617445
73.48;-0.1070966230;0.0564843073;-0.1408806881;0.1260498664
73.49;-0.1084459915;0.0577101483;-0.1289682543;0.1190952548
73.50;-0.1096755147;0.0588657644;-0.1169138091;0.1120062796
73.51;-0.1107838388;0.0599498544;-0.1047306948;0.1047914606
73.52;-0.1117697446;0.0609612030;-0.0924323908;0.0974594574
73.53;-0.1126321480;0.0618986822;-0.0800324995;0.0900190589
73.54;-0.1133701016;0.0627612525;-0.0675447313;0.0824791732
73.55;-0.1139827956;0.0635479641;-0.0549828899;0.0748488171
73.56;-0.1144695587;0.0642579577;-0.0423608572;0.0671371049
73.57;-0.1148298586;0.0648904656;-0.0296925790;0.0593532385
73.58;-0.1150633028;0.0654448128;-0.0169920494;0.0515064960
73.59;-0.1151696389;0.0659204171;-0.0042732960;0.0436062209
73.60;-0.1151487548;0.0663167901;0.0084496348;0.0356618116
73.61;-0.1150006791;0.0666335377;0.0211626932;0.0276827096
73.62;-0.1147255806;0.0668703602;0.0338518410;0.0196783893
73.63;-0.1143237687;0.0670270531;0.0465030662;0.0116583465
73.64;-0.1137956923;0.0671035064;0.0591023985;0.0036320876
73.65;-0.1131419401;0.0670997058;0.0716359241;-0.0043908820
73.66;-0.1123632393;0.0670157314;0.0840898005;-0.0124010680
73.67;-0.1114604554;0.0668517586;0.0964502712;-0.0203889993
73.68;-0.1104345908;0.0666080571;0.1087036811;-0.0283452381
73.69;-0.1092867839;0.0662849908;0.1208364907;-0.0362603914
73.70;-0.1080183077;0.0658830174;0.1328352907;-0.0441251218
73.71;-0.1066305690;0.0654026874;0.1446868171;-0.0519301579
73.72;-0.1051251060;0.0648446438;0.1563779650;-0.0596663058
73.73;-0.1035035874;0.0642096213;0.1678958030;-0.0673244592
73.74;-0.1017678102;0.0634984447;0.1792275879;-0.0748956100
73.75;-0.0999196977;0.0627120288;0.1903607779;-0.0823708589
73.76;-0.0979612978;0.0618513765;0.2012830472;-0.0897414257
73.77;-0.0958947802;0.0609175781;0.2119822989;-0.0969986597
73.78;-0.0937224348;0.0599118095;0.2224466791;-0.1041340491
73.79;-0.0914466683;0.0588353312;0.2326645898;-0.1111392316
73.80;-0.0890700024;0.0576894863;0.2426247023;-0.1180060036
73.81;-0.0865950705;0.0564756993;0.2523159692;-0.1247263303
73.82;-0.0840246151;0.0551954741;0.2617276378;-0.1312923544
73.83;-0.0813614846;0.0538503922;0.2708492619;-0.1376964057
73.84;-0.0786086305;0.0524421108;0.2796707138;-0.1439310098
73.85;-0.0757691037;0.0509723611;0.2881821958;-0.1499888972
73.86;-0.0728460514;0.0494429455;0.2963742518;-0.1558630111
73.87;-0.0698427138;0.0478557363;0.3042377784;-0.1615465165
73.88;-0.0667624202;0.0462126726;0.3117640347;-0.1670328073
73.89;-0.0636085854;0.0445157588;0.3189446537;-0.1723155150
73.90;-0.0603847060;0.0427670614;0.3257716511;-0.1773885150
73.91;-0.0570943565;0.0409687072;0.3322374354;-0.1822459350
73.92;-0.0537411854;0.0391228801;0.3383348165;-0.1868821608
73.93;-0.0503289109;0.0372318192;0.3440570145;-0.1912918436
73.94;-0.0468613170;0.0352978154;0.3493976679;-0.1954699060
73.95;-0.0433422493;0.0333232092;0.3543508408;-0.1994115478
73.96;-0.0397756103;0.0313103876;0.3589110303;-0.2031122520
73.97;-0.0361653556;0.0292617815;0.3630731733;-0.2065677896
73.98;-0.0325154892;0.0271798623;0.3668326523;-0.2097742251
73.99;-0.0288300588;0.0250671395;0.3701853012;-0.2127279205
74.00;-0.0251131517;0.0229261575;0.3731274102;-0.2154255400
74.01;-0.0213688900;0.0207594925;0.3756557304;-0.2178640535
74.02;-0.0176014258;0.0185697493;0.3777674778;-0.2200407405
74.03;-0.0138149369;0.0163595585;0.3794603365;-0.2219531929
74.04;-0.0100136217;0.0141315733;0.3807324617;-0.2235993179
74.05;-0.0062016948;0.0118884660;0.3815824817;-0.2249773402
74.06;-0.0023833822;0.0096329251;0.3820094998;-0.2260858044
74.07;0.0014370837;0.0073676523;0.3820130951;-0.2269235759
74.08;0.0052554684;0.0050953587;0.3815933232;-0.2274898428
74.09;0.0090675405;0.0028187621;0.3807507158;-0.2277841162
74.10;0.0128690765;0.0005405837;0.3794862802;-0.2278062311
74.11;0.0166558649;-0.0017364557;0.3778014978;-0.2275563458
74.12;0.0204237116;-0.0040096381;0.3756983223;-0.2270349421
74.13;0.0241684446;-0.0062762521;0.3731791774;-0.2262428241
74.14;0.0278859181;-0.0085335959;0.3702469534;-0.2251811173
74.15;0.0315720178;-0.0107789805;0.3669050036;-0.2238512669
74.16;0.0352226650;-0.0130097332;0.3631571404;-0.2222550360
74.17;0.0388338217;-0.0152232002;0.3590076303;-0.2203945031
74.18;0.0424014944;-0.0174167501;0.3544611887;-0.2182720594
74.19;0.0459217394;-0.0195877772;0.3495229739;-0.2158904060
74.20;0.0493906665;-0.0217337042;0.3441985809;-0.2132525499
74.21;0.0528044437;-0.0238519852;0.3384940347;-0.2103618007
74.22;0.0561593014;-0.0259401091;0.3324157826;-0.2072217660
74.23;0.0594515364;-0.0279956025;0.3259706864;-0.2038363473
74.24;0.0626775164;-0.0300160320;0.3191660143;-0.2002097346
74.25;0.0658336836;-0.0319990080;0.3120094320;-0.1963464015
74.26;0.0689165588;-0.0339421868;0.3045089936;-0.1922510994
74.27;0.0719227453;-0.0358432734;0.2966731318;-0.1879288518
74.28;0.0748489326;-0.0377000249;0.2885106480;-0.1833849481
74.29;0.0776918999;-0.0395102520;0.2800307018;-0.1786249369
74.30;0.0804485200;-0.0412718225;0.2712428005;-0.1736546192
74.31;0.0831157621;-0.0429826634;0.2621567874;-0.1684800415
74.32;0.0856906958;-0.0446407634;0.2527828310;-0.1631074881
74.33;0.0881704938;-0.0462441749;0.2431314127;-0.1575434738
74.34;0.0905524351;-0.0477910170;0.2332133150;-0.1517947358
74.35;0.0928339080;-0.0492794770;0.2230396092;-0.1458682253
74.36;0.0950124130;-0.0507078128;0.2126216422;-0.1397710995
74.37;0.0970855653;-0.0520743547;0.2019710245;-0.1335107127
74.38;0.0990510974;-0.0533775079;0.1910996163;-0.1270946078
74.39;0.1009068619;-0.0546157535;0.1800195147;-0.1205305067
74.40;0.1026508331;-0.0557876510;0.1687430399;-0.1138263015
74.41;0.1042811098;-0.0568918393;0.1572827214;-0.1069900450
74.42;0.1057959171;-0.0579270390;0.1456512845;-0.1000299408
74.43;0.1071936081;-0.0588920531;0.1338616357;-0.0929543341
74.44;0.1084726660;-0.0597857689;0.1219268493;-0.0857717013
74.45;0.1096317053;-0.0606071590;0.1098601522;-0.0784906401
74.46;0.1106694738;-0.0613552826;0.0976749100;-0.0711198596
74.47;0.1115848533;-0.0620292865;0.0853846125;-0.0636681696
74.48;0.1123768612;-0.0626284059;0.0730028588;-0.0561444703
74.49;0.1130446513;-0.0631519658;0.0605433427;-0.0485577424
74.50;0.1135875147;-0.0635993808;0.0480198382;-0.0409170357
74.51;0.1140048808;-0.0639701569;0.0354461844;-0.0332314590
74.52;0.1142963175;-0.0642638910;0.0228362705;-0.0255101693
74.53;0.1144615318;-0.0644802719;0.0102040214;-0.0177623611
74.54;0.1145003700;-0.0646190805;-0.0024366175;-0.0099972557
74.55;0.1144128180;-0.0646801901;-0.0150716953;-0.0022240902
74.56;0.1141990011;-0.0646635663;-0.0276872704;0.0055478930
74.57;0.1138591840;-0.0645692670;-0.0402694253;0.0133094571
74.58;0.1133937703;-0.0643974426;-0.0528042816;0.0210513818
74.59;0.1128033021;-0.0641483355;-0.0652780149;0.0287644739
74.60;0.1120884596;-0.0638222798;-0.0776768694;0.0364395781
74.61;0.1112500599;-0.0634197009;-0.0899871729;0.0440675875
74.62;0.1102890566;-0.0629411152;-0.1021953513;0.0516394545
74.63;0.1092065382;-0.0623871289;-0.1142879431;0.0591462012
74.64;0.1080037275;-0.0617584379;-0.1262516144;0.0665789298
74.65;0.1066819797;-0.0610558264;-0.1380731726;0.0739288331
74.66;0.1052427812;-0.0602801664;-0.1497395813;0.0811872048
74.67;0.1036877481;-0.0594324161;-0.1612379740;0.0883454495
74.68;0.1020186241;-0.0585136194;-0.1725556686;0.0953950930
74.69;0.1002372788;-0.0575249041;-0.1836801809;0.1023277920
74.70;0.0983457054;-0.0564674808;-0.1945992384;0.1091353439
74.71;0.0963460191;-0.0553426413;-0.2053007939;0.1158096965
74.72;0.0942404540;-0.0541517572;-0.2157730388;0.1223429575
74.73;0.0920313613;-0.0528962782;-0.2260044163;0.1287274036
74.74;0.0897212063;-0.0515777304;-0.2359836342;0.1349554894
74.75;0.0873125659;-0.0501977142;-0.2456996775;0.1410198570
74.76;0.0848081258;-0.0487579029;-0.2551418209;0.1469133437
74.77;0.0822106773;-0.0472600402;-0.2642996409;0.1526289913
74.78;0.0795231145;-0.0457059384;-0.2731630279;0.1581600538
74.79;0.0767484309;-0.0440974762;-0.2817221971;0.1635000055
74.80;0.0738897162;-0.0424365964;-0.2899677004;0.1686425488
74.81;0.0709501529;-0.0407253035;-0.2978904368;0.1735816215
74.82;0.0679330126;-0.0389656617;-0.3054816634;0.1783114043
74.83;0.0648416527;-0.0371597917;-0.3127330050;0.1828263274
74.84;0.0616795122;-0.0353098691;-0.3196364640;0.1871210770
74.85;0.0584501085;-0.0334181210;-0.3261844304;0.1911906022
74.86;0.0551570328;-0.0314868238;-0.3323696896;0.1950301204
74.87;0.0518039465;-0.0295183004;-0.3381854319;0.1986351234
74.88;0.0483945773;-0.0275149173;-0.3436252601;0.2020013823
74.89;0.0449327144;-0.0254790818;-0.3486831972;0.2051249532
74.90;0.0414222049;-0.0234132394;-0.3533536932;0.2080021814
74.91;0.0378669492;-0.0213198706;-0.3576316323;0.2106297059
74.92;0.0342708965;-0.0192014879;-0.3615123385;0.2130044633
74.93;0.0306380408;-0.0170606332;-0.3649915814;0.2151236916
74.94;0.0269724158;-0.0148998741;-0.3680655811;0.2169849336
74.95;0.0232780912;-0.0127218017;-0.3707310130;0.2185860393
74.96;0.0195591671;-0.0105290267;-0.3729850115;0.2199251690
74.97;0.0158197705;-0.0083241768;-0.3748251733;0.2210007952
74.98;0.0120640497;-0.0061098933;-0.3762495609;0.2218117043
74.99;0.0082961702;-0.0038888281;-0.3772567039;0.2223569982
75.00;0.0045203099;-0.0016636407;-0.3778456015;0.2226360951
75.01;0.0007406543;0.0005630055;-0.3780157231;0.2226487305
75.02;-0.0030386083;0.0027884458;-0.3777670094;0.2223949570
75.03;-0.0068132911;0.0050100177;-0.3770998716;0.2218751444
75.04;-0.0105792138;0.0072250641;-0.3760151913;0.2210899792
75.05;-0.0143322074;0.0094309361;-0.3745143193;0.2200404633
75.06;-0.0180681188;0.0116249965;-0.3725990733;0.2187279135
75.07;-0.0217828151;0.0138046229;-0.3702717361;0.2171539588
75.08;-0.0254721889;0.0159672107;-0.3675350525;0.2153205393
75.09;-0.0291321623;0.0181101762;-0.3643922254;0.2132299030
75.10;-0.0327586917;0.0202309598;-0.3608469124;0.2108846034
75.11;-0.0363477724;0.0223270288;-0.3569032206;0.2082874963
75.12;-0.0398954432;0.0243958808;-0.3525657018;0.2054417359
75.13;-0.0433977902;0.0264350461;-0.3478393465;0.2023507715
75.14;-0.0468509520;0.0284420912;-0.3427295781;0.1990183427
75.15;-0.0502511231;0.0304146214;-0.3372422459;0.1954484749
75.16;-0.0535945591;0.0323502836;-0.3313836179;0.1916454748
75.17;-0.0568775800;0.0342467690;-0.3251603732;0.1876139244
75.18;-0.0600965747;0.0361018163;-0.3185795939;0.1833586761
75.19;-0.0632480049;0.0379132139;-0.3116487564;0.1788848461
75.20;-0.0663284091;0.0396788025;-0.3043757224;0.1741978089
75.21;-0.0693344061;0.0413964780;-0.2967687295;0.1693031902
75.22;-0.0722626990;0.0430641938;-0.2888363811;0.1642068604
75.23;-0.0751100789;0.0446799632;-0.2805876367;0.1589149272
75.24;-0.0778734280;0.0462418614;-0.2720318007;0.1534337287
75.25;-0.0805497233;0.0477480287;-0.2631785118;0.1477698254
75.26;-0.0831360399;0.0491966715;-0.2540377316;0.1419299923
75.27;-0.0856295538;0.0505860653;-0.2446197330;0.1359212112
75.28;-0.0880275456;0.0519145564;-0.2349350883;0.1297506617
75.29;-0.0903274029;0.0531805638;-0.2249946570;0.1234257131
75.30;-0.0925266232;0.0543825811;-0.2148095733;0.1169539158
75.31;-0.0946228168;0.0555191783;-0.2043912336;0.1103429915
75.32;-0.0966137091;0.0565890034;-0.1937512834;0.1036008249
75.33;-0.0984971433;0.0575907841;-0.1829016039;0.0967354540
75.34;-0.1002710824;0.0585233291;-0.1718542993;0.0897550604
75.35;-0.1019336115;0.0593855296;-0.1606216826;0.0826679600
75.36;-0.1034829399;0.0601763607;-0.1492162621;0.0754825930
75.37;-0.1049174030;0.0608948824;-0.1376507280;0.0682075138
75.38;-0.1062354636;0.0615402407;-0.1259379375;0.0608513814
75.39;-0.1074357142;0.0621116690;-0.1140909015;0.0534229488
75.40;-0.1085168779;0.0626084881;-0.1021227699;0.0459310528
75.41;-0.1094778102;0.0630301082;-0.0900468173;0.0383846039
75.42;-0.1103174995;0.0633760283;-0.0778764287;0.0307925756
75.43;-0.1110350689;0.0636458378;-0.0656250849;0.0231639939
75.44;-0.1116297765;0.0638392165;-0.0533063480;0.0155079270
75.45;-0.1121010166;0.0639559351;-0.0409338466;0.0078334744
75.46;-0.1124483198;0.0639958551;-0.0285212613;0.0001497566
75.47;-0.1126713539;0.0639589297;-0.0160823100;-0.0075340960
75.48;-0.1127699239;0.0638452032;-0.0036307330;-0.0152089532
75.49;-0.1127439723;0.0636548111;0.0088197215;-0.0228656963
75.50;-0.1125935790;0.0633879800;0.0212553121;-0.0304952280
75.51;-0.1123189614;0.0630450274;0.0336623191;-0.0380884836
75.52;-0.1119204736;0.0626263613;0.0460270593;-0.0456364414
75.53;-0.1113986065;0.0621324795;0.0583359001;-0.0531301332
75.54;-0.1107539871;0.0615639692;0.0705752745;-0.0605606548
75.55;-0.1099873776;0.0609215064;0.0827316958;-0.0679191763
75.56;-0.1090996744;0.0602058549;0.0947917716;-0.0751969527
75.57;-0.1080919076;0.0594178654;0.1067422184;-0.0823853338
75.58;-0.1069652394;0.0585584747;0.1185698761;-0.0894757746
75.59;-0.1057209628;0.0576287045;0.1302617220;-0.0964598454
75.60;-0.1043605006;0.0566296601;0.1418048848;-0.1033292412
75.61;-0.1028854031;0.0555625292;0.1531866587;-0.1100757921
75.62;-0.1012973472;0.0544285805;0.1643945171;-0.1166914723
75.63;-0.0995981337;0.0532291623;0.1754161266;-0.1231684102
75.64;-0.0977896860;0.0519657005;0.1862393598;-0.1294988971
75.65;-0.0958740475;0.0506396977;0.1968523095;-0.1356753967
75.66;-0.0938533797;0.0492527305;0.2072433010;-0.1416905538
75.67;-0.0917299595;0.0478064483;0.2174009055;-0.1475372033
75.68;-0.0895061769;0.0463025714;0.2273139528;-0.1532083783
75.69;-0.0871845320;0.0447428883;0.2369715434;-0.1586973187
75.70;-0.0847676330;0.0431292543;0.2463630611;-0.1639974793
75.71;-0.0822581922;0.0414635891;0.2554781846;-0.1691025371
75.72;-0.0796590241;0.0397478743;0.2643068994;-0.1740063997
75.73;-0.0769730413;0.0379841513;0.2728395091;-0.1787032117
75.74;-0.0742032522;0.0361745190;0.2810666463;-0.1831873624
75.75;-0.0713527568;0.0343211309;0.2889792832;-0.1874534923
75.76;-0.0684247439;0.0324261930;0.2965687425;-0.1914964993
75.77;-0.0654224871;0.0304919609;0.3038267068;-0.1953115454
75.78;-0.0623493414;0.0285207372;0.3107452283;-0.1988940618
75.79;-0.0592087393;0.0265148691;0.3173167384;-0.2022397554
75.80;-0.0560041873;0.0244767450;0.3235340561;-0.2053446130
75.81;-0.0527392616;0.0224087921;0.3293903965;-0.2082049067
75.82;-0.0494176040;0.0203134736;0.3348793788;-0.2108171986
75.83;-0.0460429185;0.0181932854;0.3399950336;-0.2131783443
75.84;-0.0426189664;0.0160507535;0.3447318102;-0.2152854976
75.85;-0.0391495625;0.0138884307;0.3490845829;-0.2171361132
75.86;-0.0356385705;0.0117088939;0.3530486570;-0.2187279504
75.87;-0.0320898993;0.0095147408;0.3566197745;-0.2200590752
75.88;-0.0285074978;0.0073085869;0.3597941190;-0.2211278634
75.89;-0.0248953509;0.0050930624;0.3625683202;-0.2219330023
75.90;-0.0212574750;0.0028708091;0.3649394578;-0.2224734918
75.91;-0.0175979136;0.0006444771;0.3669050651;-0.2227486466
75.92;-0.0139207323;-0.0015832781;0.3684631315;-0.2227580964
75.93;-0.0102300147;-0.0038097988;0.3696121052;-0.2225017864
75.94;-0.0065298576;-0.0060324287;0.3703508946;-0.2219799777
75.95;-0.0028243664;-0.0082485152;0.3706788695;-0.2211932466
75.96;0.0008823497;-0.0104554134;0.3705958618;-0.2201424845
75.97;0.0045861818;-0.0126504888;0.3701021658;-0.2188288960
75.98;0.0082830264;-0.0148311202;0.3691985368;-0.2172539983
75.99;0.0119687900;-0.0169947037;0.3678861910;-0.2154196188
76.00;0.0156393933;-0.0191386547;0.3661668032;-0.2133278933
76.01;0.0192907763;-0.0212604118;0.3640425046;-0.2109812630
76.02;0.0229189022;-0.0233574394;0.3615158801;-0.2083824718
76.03;0.0265197628;-0.0254272308;0.3585899651;-0.2055345631
76.04;0.0300893820;-0.0274673113;0.3552682413;-0.2024408760
76.05;0.0336238212;-0.0294752410;0.3515546323;-0.1991050412
76.06;0.0371191828;-0.0314486179;0.3474534987;-0.1955309766
76.07;0.0405716153;-0.0333850804;0.3429696328;-0.1917228828
76.08;0.0439773170;-0.0352823103;0.3381082521;-0.1876852382
76.09;0.0473325406;-0.0371380357;0.3328749933;-0.1834227928
76.10;0.0506335973;-0.0389500335;0.3272759048;-0.1789405637
76.11;0.0538768607;-0.0407161319;0.3213174399;-0.1742438279
76.12;0.0570587709;-0.0424342134;0.3150064483;-0.1693381171
76.13;0.0601758386;-0.0441022169;0.3083501677;-0.1642292100
76.14;0.0632246486;-0.0457181403;0.3013562155;-0.1589231265
76.15;0.0662018638;-0.0472800429;0.2940325793;-0.1534261195
76.16;0.0691042289;-0.0487860478;0.2863876073;-0.1477446683
76.17;0.0719285737;-0.0502343437;0.2784299982;-0.1418854705
76.18;0.0746718168;-0.0516231877;0.2701687911;-0.1358554339
76.19;0.0773309687;-0.0529509066;0.2616133545;-0.1296616688
76.20;0.0799031353;-0.0542158996;0.2527733756;-0.1233114794
76.21;0.0823855210;-0.0554166397;0.2436588488;-0.1168123548
76.22;0.0847754314;-0.0565516757;0.2342800638;-0.1101719607
76.23;0.0870702766;-0.0576196341;0.2246475941;-0.1033981304
76.24;0.0892675737;-0.0586192202;0.2147722846;-0.0964988548
76.25;0.0913649497;-0.0595492201;0.2046652392;-0.0894822743
76.26;0.0933601438;-0.0604085022;0.1943378080;-0.0823566679
76.27;0.0952510098;-0.0611960181;0.1838015746;-0.0751304447
76.28;0.0970355186;-0.0619108041;0.1730683429;-0.0678121331
76.29;0.0987117600;-0.0625519825;0.1621501239;-0.0604103716
76.30;0.1002779451;-0.0631187625;0.1510591221;-0.0529338983
76.31;0.1017324077;-0.0636104408;0.1398077222;-0.0453915406
76.32;0.1030736066;-0.0640264033;0.1284084750;-0.0377922054
76.33;0.1043001267;-0.0643661249;0.1168740838;-0.0301448682
76.34;0.1054106806;-0.0646291708;0.1052173904;-0.0224585632
76.35;0.1064041100;-0.0648151966;0.0934513608;-0.0147423721
76.36;0.1072793869;-0.0649239490;0.0815890713;-0.0070054144
76.37;0.1080356145;-0.0649552661;0.0696436941;0.0007431642
76.38;0.1086720280;-0.0649090775;0.0576284831;0.0084942014
76.39;0.1091879957;-0.0647854044;0.0455567594;0.0162385298
76.40;0.1095830194;-0.0645843598;0.0334418971;0.0239669870
76.41;0.1098567346;-0.0643061481;0.0212973086;0.0316704265
76.42;0.1100089113;-0.0639510651;0.0091364306;0.0393397285
76.43;0.1100394537;-0.0635194976;-0.0030272908;0.0469658100
76.44;0.1099484008;-0.0630119231;-0.0151804144;0.0545396360
76.45;0.1097359255;-0.0624289090;-0.0273095182;0.0620522294
76.46;0.1094023351;-0.0617711123;-0.0394012137;0.0694946822
76.47;0.1089480704;-0.0610392786;-0.0514421607;0.0768581652
76.48;0.1083737053;-0.0602342414;-0.0634190811;0.0841339387
76.49;0.1076799462;-0.0593569210;-0.0753187736;0.0913133626
76.50;0.1068676310;-0.0584083238;-0.0871281275;0.0983879068
76.51;0.1059377282;-0.0573895406;-0.0988341369;0.1053491608
76.52;0.1048913358;-0.0563017458;-0.1104239151;0.1121888439
76.53;0.1037296799;-0.0551461961;-0.1218847077;0.1188988146
76.54;0.1024541136;-0.0539242286;-0.1332039071;0.1254710807
76.55;0.1010661153;-0.0526372597;-0.1443690660;0.1318978083
76.56;0.0995672867;-0.0512867832;-0.1553679105;0.1381713313
76.57;0.0979593518;-0.0498743687;-0.1661883541;0.1442841606
76.58;0.0962441540;-0.0484016600;-0.1768185102;0.1502289924
76.59;0.0944236548;-0.0468703726;-0.1872467059;0.1559987178
76.60;0.0924999313;-0.0452822924;-0.1974614941;0.1615864306
76.61;0.0904751737;-0.0436392731;-0.2074516664;0.1669854356
76.62;0.0883516833;-0.0419432344;-0.2172062658;0.1721892571
76.63;0.0861318694;-0.0401961595;-0.2267145983;0.1771916462
76.64;0.0838182470;-0.0384000930;-0.2359662451;0.1819865884
76.65;0.0814134340;-0.0365571385;-0.2449510744;0.1865683111
76.66;0.0789201478;-0.0346694560;-0.2536592524;0.1909312904
76.67;0.0763412029;-0.0327392595;-0.2620812546;0.1950702576
76.68;0.0736795074;-0.0307688143;-0.2702078766;0.1989802061
76.69;0.0709380597;-0.0287604346;-0.2780302445;0.2026563971
76.70;0.0681199452;-0.0267164805;-0.2855398247;0.2060943653
76.71;0.0652283332;-0.0246393554;-0.2927284341;0.2092899248
76.72;0.0622664726;-0.0225315032;-0.2995882492;0.2122391740
76.73;0.0592376891;-0.0203954051;-0.3061118152;0.2149385002
76.74;0.0561453809;-0.0182335774;-0.3122920544;0.2173845844
76.75;0.0529930149;-0.0160485677;-0.3181222746;0.2195744053
76.76;0.0497841232;-0.0138429526;-0.3235961766;0.2215052428
76.77;0.0465222988;-0.0116193343;-0.3287078619;0.2231746819
76.78;0.0432111918;-0.0093803374;-0.3334518389;0.2245806153
76.79;0.0398545048;-0.0071286064;-0.3378230298;0.2257212462
76.80;0.0364559894;-0.0048668019;-0.3418167764;0.2265950907
76.81;0.0330194416;-0.0025975979;-0.3454288454;0.2272009794
76.82;0.0295486976;-0.0003236784;-0.3486554332;0.2275380593
76.83;0.0260476293;0.0019522654;-0.3514931706;0.2276057947
76.84;0.0225201402;0.0042275389;-0.3539391264;0.2274039680
76.85;0.0189701611;0.0064994465;-0.3559908107;0.2269326800
76.86;0.0154016452;0.0087652956;-0.3576461781;0.2261923502
76.87;0.0118185641;0.0110223991;-0.3589036295;0.2251837160
76.88;0.0082249030;0.0132680790;-0.3597620141;0.2239078321
76.89;0.0046246565;0.0154996694;-0.3602206304;0.2223660693
76.90;0.0010218239;0.0177145196;-0.3602792271;0.2205601129
76.91;-0.0025795952;0.0199099975;-0.3599380028;0.2184919610
76.92;-0.0061756055;0.0220834925;-0.3591976057;0.2161639217
76.93;-0.0097622203;0.0242324183;-0.3580591328;0.2135786110
76.94;-0.0133354662;0.0263542168;-0.3565241277;0.2107389491
76.95;-0.0168913876;0.0284463601;-0.3545945793;0.2076481576
76.96;-0.0204260507;0.0305063545;-0.3522729181;0.2043097552
76.97;-0.0239355483;0.0325317425;-0.3495620140;0.2007275540
76.98;-0.0274160044;0.0345201065;-0.3464651719;0.1969056545
76.99;-0.0308635777;0.0364690711;-0.3429861276;0.1928484414
77.00;-0.0342744667;0.0383763064;-0.3391290431;0.1885605777
77.01;-0.0376449135;0.0402395302;-0.3348985012;0.1840469999
77.02;-0.0409712084;0.0420565113;-0.3302994998;0.1793129116
77.03;-0.0442496933;0.0438250716;-0.3253374455;0.1743637780
77.04;-0.0474767664;0.0455430890;-0.3200181468;0.1692053188
77.05;-0.0506488859;0.0472085000;-0.3143478073;0.1638435018
77.06;-0.0537625742;0.0488193018;-0.3083330174;0.1582845360
77.07;-0.0568144213;0.0503735550;-0.3019807468;0.1525348642
77.08;-0.0598010886;0.0518693856;-0.2952983355;0.1466011553
77.09;-0.0627193131;0.0533049875;-0.2882934853;0.1404902967
77.10;-0.0655659103;0.0546786246;-0.2809742501;0.1342093862
77.11;-0.0683377780;0.0559886327;-0.2733490266;0.1277657235
77.12;-0.0710318998;0.0572334215;-0.2654265438;0.1211668020
77.13;-0.0736453481;0.0584114767;-0.2572158532;0.1144202999
77.14;-0.0761752873;0.0595213617;-0.2487263174;0.1075340713
77.15;-0.0786189771;0.0605617191;-0.2399675997;0.1005161368
77.16;-0.0809737751;0.0615312726;-0.2309496524;0.0933746748
77.17;-0.0832371401;0.0624288286;-0.2216827052;0.0861180112
77.18;-0.0854066342;0.0632532770;-0.2121772537;0.0787546106
77.19;-0.0874799259;0.0640035936;-0.2024440470;0.0712930657
77.20;-0.0894547925;0.0646788402;-0.1924940751;0.0637420879
77.21;-0.0913291222;0.0652781666;-0.1823385571;0.0561104970
77.22;-0.0931009165;0.0658008111;-0.1719889278;0.0484072110
77.23;-0.0947682924;0.0662461018;-0.1614568251;0.0406412359
77.24;-0.0963294842;0.0666134572;-0.1507540766;0.0328216552
77.25;-0.0977828451;0.0669023867;-0.1398926868;0.0249576196
77.26;-0.0991268496;0.0671124920;-0.1288848233;0.0170583361
77.27;-0.1003600944;0.0672434668;-0.1177428034;0.0091330576
77.28;-0.1014813000;0.0672950975;-0.1064790807;0.0011910724
77.29;-0.1024893122;0.0672672636;-0.0951062309;-0.0067583069
77.30;-0.1033831031;0.0671599378;-0.0836369386;-0.0147057539
77.31;-0.1041617720;0.0669731861;-0.0720839827;-0.0226419392
77.32;-0.1048245467;0.0667071676;-0.0604602230;-0.0305575412
77.33;-0.1053707836;0.0663621349;-0.0487785860;-0.0384432569
77.34;-0.1057999687;0.0659384330;-0.0370520510;-0.0462898127
77.35;-0.1061117183;0.0654364999;-0.0252936355;-0.0540879749
77.36;-0.1063057787;0.0648568655;-0.0135163820;-0.0618285607
77.37;-0.1063820267;0.0642001511;-0.0017333431;-0.0695024486
77.38;-0.1063404697;0.0634670690;0.0100424320;-0.0771005891
77.39;-0.1061812457;0.0626584217;0.0217979120;-0.0846140154
77.40;-0.1059046225;0.0617751007;0.0335200973;-0.0920338534
77.41;-0.1055109979;0.0608180858;0.0451960338;-0.0993513326
77.42;-0.1050008990;0.0597884441;0.0568128275;-0.1065577958
77.43;-0.1043749813;0.0586873285;0.0683576574;-0.1136447096
77.44;-0.1036340282;0.0575159765;0.0798177903;-0.1206036744
77.45;-0.1027789499;0.0562757090;0.0911805938;-0.1274264340
77.46;-0.1018107825;0.0549679289;0.1024335503;-0.1341048856
77.47;-0.1007306864;0.0535941189;0.1135642704;-0.1406310893
77.48;-0.0995399454;0.0521558405;0.1245605063;-0.1469972771
77.49;-0.0982399649;0.0506547320;0.1354101651;-0.1531958629
77.50;-0.0968322705;0.0490925066;0.1461013219;-0.1592194507
77.51;-0.0953185060;0.0474709504;0.1566222328;-0.1650608440
77.52;-0.0937004319;0.0457919204;0.1669613478;-0.1707130541
77.53;-0.0919799229;0.0440573426;0.1771073232;-0.1761693083
77.54;-0.0901589664;0.0422692093;0.1870490341;-0.1814230585
77.55;-0.0882396595;0.0404295775;0.1967755870;-0.1864679888
77.56;-0.0862242074;0.0385405659;0.2062763311;-0.1912980231
77.57;-0.0841149203;0.0366043529;0.2155408709;-0.1959073324
77.58;-0.0819142112;0.0346231737;0.2245590771;-0.2002903422
77.59;-0.0796245928;0.0325993182;0.2333210980;-0.2044417388
77.60;-0.0772486751;0.0305351279;0.2418173709;-0.2083564762
77.61;-0.0747891622;0.0284329935;0.2500386322;-0.2120297822
77.62;-0.0722488491;0.0262953520;0.2579759283;-0.2154571641
77.63;-0.0696306190;0.0241246841;0.2656206253;-0.2186344141
77.64;-0.0669374397;0.0219235107;0.2729644191;-0.2215576152
77.65;-0.0641723603;0.0196943907;0.2799993445;-0.2242231452
77.66;-0.0613385079;0.0174399178;0.2867177846;-0.2266276819
77.67;-0.0584390838;0.0151627172;0.2931124789;-0.2287682067
77.68;-0.0554773605;0.0128654429;0.2991765322;-0.2306420089
77.69;-0.0524566772;0.0105507742;0.3049034221;-0.2322466888
77.70;-0.0493804365;0.0082214132;0.3102870066;-0.2335801610
77.71;-0.0462521007;0.0058800810;0.3153215311;-0.2346406569
77.72;-0.0430751874;0.0035295149;0.3200016349;-0.2354267270
77.73;-0.0398532660;0.0011724651;0.3243223575;-0.2359372430
77.74;-0.0365899535;-0.0011883087;0.3282791442;-0.2361713993
77.75;-0.0332889102;-0.0035500400;0.3318678511;-0.2361287138
77.76;-0.0299538360;-0.0059099595;0.3350847503;-0.2358090292
77.77;-0.0265884657;-0.0082652978;0.3379265337;-0.2352125131
77.78;-0.0231965654;-0.0106132886;0.3403903169;-0.2343396577
77.79;-0.0197819277;-0.0129511724;0.3424736422;-0.2331912799
77.80;-0.0163483676;-0.0152761995;0.3441744817;-0.2317685200
77.81;-0.0128997184;-0.0175856330;0.3454912391;-0.2300728409
77.82;-0.0094398271;-0.0198767524;0.3464227516;-0.2281060262
77.83;-0.0059725501;-0.0221468566;0.3469682909;-0.2258701782
77.84;-0.0025017490;-0.0243932672;0.3471275639;-0.2233677159
77.85;0.0009687140;-0.0266133313;0.3469007126;-0.2206013718
77.86;0.0044349800;-0.0288044251;0.3462883137;-0.2175741889
77.87;0.0078931983;-0.0309639567;0.3452913779;-0.2142895176
77.88;0.0113395305;-0.0330893692;0.3439113478;-0.2107510112
77.89;0.0147701544;-0.0351781439;0.3421500963;-0.2069626219
77.90;0.0181812692;-0.0372278028;0.3400099239;-0.2029285967
77.91;0.0215690988;-0.0392359121;0.3374935555;-0.1986534716
77.92;0.0249298967;-0.0412000845;0.3346041369;-0.1941420672
77.93;0.0282599498;-0.0431179827;0.3313452308;-0.1893994824
77.94;0.0315555828;-0.0449873214;0.3277208119;-0.1844310890
77.95;0.0348131622;-0.0468058705;0.3237352619;-0.1792425250
77.96;0.0380291001;-0.0485714576;0.3193933642;-0.1738396886
77.97;0.0411998588;-0.0502819705;0.3147002974;-0.1682287309
77.98;0.0443219540;-0.0519353597;0.3096616292;-0.1624160487
77.99;0.0473919591;-0.0535296411;0.3042833091;-0.1564082777
78.00;0.0504065089;-0.0550628978;0.2985716614;-0.1502122841
78.01;0.0533623034;-0.0565332829;0.2925333768;-0.1438351571
78.02;0.0562561111;-0.0579390215;0.2861755050;-0.1372842006
78.03;0.0590847728;-0.0592784125;0.2795054453;-0.1305669245
78.04;0.0618452051;-0.0605498312;0.2725309382;-0.1236910365
78.05;0.0645344036;-0.0617517308;0.2652600557;-0.1166644330
78.06;0.0671494462;-0.0628826444;0.2577011917;-0.1094951899
78.07;0.0696874964;-0.0639411866;0.2498630519;-0.1021915533
78.08;0.0721458062;-0.0649260554;0.2417546438;-0.0947619303
78.09;0.0745217193;-0.0658360337;0.2333852654;-0.0872148791
78.10;0.0768126735;-0.0666699905;0.2247644950;-0.0795590993
78.11;0.0790162040;-0.0674268827;0.2159021792;-0.0718034218
78.12;0.0811299455;-0.0681057558;0.2068084223;-0.0639567988
78.13;0.0831516354;-0.0687057457;0.1974935736;-0.0560282935
78.14;0.0850791152;-0.0692260792;0.1879682164;-0.0480270698
78.15;0.0869103339;-0.0696660755;0.1782431553;-0.0399623818
78.16;0.0886433493;-0.0700251464;0.1683294039;-0.0318435631
78.17;0.0902763304;-0.0703027977;0.1582381725;-0.0236800163
78.18;0.0918075591;-0.0704986292;0.1479808553;-0.0154812020
78.19;0.0932354324;-0.0706123358;0.1375690174;-0.0072566285
78.20;0.0945584634;-0.0706437077;0.1270143820;0.0009841597
78.21;0.0957752835;-0.0705926305;0.1163288173;0.0092315923
78.22;0.0968846433;-0.0704590856;0.1055243233;0.0174760844
78.23;0.0978854139;-0.0702431505;0.0946130182;0.0257080476
78.24;0.0987765883;-0.0699449984;0.0836071255;0.0339179005
78.25;0.0995572822;-0.0695648981;0.0725189601;0.0420960803
78.26;0.1002267346;-0.0691032142;0.0613609150;0.0502330531
78.27;0.1007843090;-0.0685604061;0.0501454476;0.0583193254
78.28;0.1012294938;-0.0679370281;0.0388850661;0.0663454548
78.29;0.1015619025;-0.0672337287;0.0275923160;0.0743020608
78.30;0.1017812741;-0.0664512497;0.0162797664;0.0821798357
78.31;0.1018874737;-0.0655904256;0.0049599962;0.0899695554
78.32;0.1018804919;-0.0646521826;-0.0063544195;0.0976620899
78.33;0.1017604450;-0.0636375378;-0.0176509228;0.1052484141
78.34;0.1015275749;-0.0625475981;-0.0289169869;0.1127196180
78.35;0.1011822484;-0.0613835585;-0.0401401294;0.1200669175
78.36;0.1007249568;-0.0601467016;-0.0513079260;0.1272816639
78.37;0.1001563156;-0.0588383955;-0.0624080237;0.1343553550
78.38;0.0994770630;-0.0574600926;-0.0734281544;0.1412796442
78.39;0.0986880596;-0.0560133279;-0.0843561480;0.1480463508
78.40;0.0977902873;-0.0544997175;-0.0951799457;0.1546474693
78.41;0.0967848479;-0.0529209566;-0.1058876129;0.1610751791
78.42;0.0956729616;-0.0512788175;-0.1164673523;0.1673218538
78.43;0.0944559661;-0.0495751478;-0.1269075166;0.1733800699
78.44;0.0931353148;-0.0478118684;-0.1371966212;0.1792426161
78.45;0.0917125750;-0.0459909711;-0.1473233568;0.1849025015
78.46;0.0901894260;-0.0441145165;-0.1572766015;0.1903529641
78.47;0.0885676577;-0.0421846317;-0.1670454335;0.1955874791
78.48;0.0868491678;-0.0402035077;-0.1766191422;0.2005997665
78.49;0.0850359603;-0.0381733973;-0.1859872410;0.2053837991
78.50;0.0831301426;-0.0360966119;-0.1951394777;0.2099338090
78.51;0.0811339237;-0.0339755196;-0.2040658471;0.2142442957
78.52;0.0790496111;-0.0318125419;-0.2127566009;0.2183100318
78.53;0.0768796087;-0.0296101513;-0.2212022592;0.2221260702
78.54;0.0746264137;-0.0273708684;-0.2293936209;0.2256877496
78.55;0.0722926138;-0.0250972589;-0.2373217738;0.2289907006
78.56;0.0698808844;-0.0227919305;-0.2449781048;0.2320308510
78.57;0.0673939855;-0.0204575305;-0.2523543093;0.2348044309
78.58;0.0648347586;-0.0180967421;-0.2594424008;0.2373079773
78.59;0.0622061235;-0.0157122816;-0.2662347195;0.2395383388
78.60;0.0595110747;-0.0133068955;-0.2727239413;0.2414926791
78.61;0.0567526784;-0.0108833566;-0.2789030860;0.2431684809
78.62;0.0539340687;-0.0084444617;-0.2847655249;0.2445635492
78.63;0.0510584445;-0.0059930277;-0.2903049886;0.2456760140
78.64;0.0481290653;-0.0035318887;-0.2955155742;0.2465043328
78.65;0.0451492479;-0.0010638924;-0.3003917513;0.2470472926
78.66;0.0421223623;0.0014081029;-0.3049283693;0.2473040117
78.67;0.0390518283;0.0038812318;-0.3091206623;0.2472739411
78.68;0.0359411115;0.0063526250;-0.3129642549;0.2469568648
78.69;0.0327937189;0.0088194127;-0.3164551671;0.2463529011
78.70;0.0296131958;0.0112787281;-0.3195898187;0.2454625020
78.71;0.0264031208;0.0137277105;-0.3223650334;0.2442864530
78.72;0.0231671026;0.0161635087;-0.3247780418;0.2428258727
78.73;0.0199087753;0.0185832843;-0.3268264853;0.2410822112
78.74;0.0166317947;0.0209842151;-0.3285084178;0.2390572490
78.75;0.0133398339;0.0233634985;-0.3298223081;0.2367530947
78.76;0.0100365792;0.0257183544;-0.3307670415;0.2341721827
78.77;0.0067257260;0.0280460287;-0.3313419204;0.2313172709
78.78;0.0034109746;0.0303437967;-0.3315466654;0.2281914370
78.79;0.0000960261;0.0326089656;-0.3313814149;0.2247980755
78.80;-0.0032154221;0.0348388787;-0.3308467246;0.2211408934
78.81;-0.0065196800;0.0370309174;-0.3299435667;0.2172239064
78.82;-0.0098130697;0.0391825051;-0.3286733281;0.2130514340
78.83;-0.0130919289;0.0412911098;-0.3270378087;0.2086280946
78.84;-0.0163526155;0.0433542471;-0.3250392186;0.2039588005
78.85;-0.0195915116;0.0453694832;-0.3226801753;0.1990487516
78.86;-0.0228050275;0.0473344378;-0.3199636999;0.1939034300
78.87;-0.0259896055;0.0492467867;-0.3168932136;0.1885285936
78.88;-0.0291417243;0.0511042646;-0.3134725328;0.1829302693
78.89;-0.0322579027;0.0529046680;-0.3097058641;0.1771147462
78.90;-0.0353347035;0.0546458573;-0.3055977995;0.1710885681
78.91;-0.0383687372;0.0563257597;-0.3011533098;0.1648585265
78.92;-0.0413566660;0.0579423717;-0.2963777391;0.1584316524
78.93;-0.0442952073;0.0594937608;-0.2912767974;0.1518152084
78.94;-0.0471811375;0.0609780688;-0.2858565538;0.1450166804
78.95;-0.0500112954;0.0623935131;-0.2801234292;0.1380437688
78.96;-0.0527825856;0.0637383892;-0.2740841878;0.1309043801
78.97;-0.0554919823;0.0650110727;-0.2677459295;0.1236066175
78.98;-0.0581365321;0.0662100212;-0.2611160805;0.1161587718
78.99;-0.0607133577;0.0673337761;-0.2542023851;0.1085693122
79.00;-0.0632196604;0.0683809642;-0.2470128957;0.1008468761
79.01;-0.0656527240;0.0693502996;-0.2395559634;0.0930002598
79.02;-0.0680099170;0.0702405852;-0.2318402280;0.0850384084
79.03;-0.0702886956;0.0710507139;-0.2238746079;0.0769704054
79.04;-0.0724866067;0.0717796702;-0.2156682891;0.0688054625
79.05;-0.0746012904;0.0724265311;-0.2072307150;0.0605529094
79.06;-0.0766304824;0.0729904677;-0.1985715749;0.0522221830
79.07;-0.0785720164;0.0734707459;-0.1897007928;0.0438228166
79.08;-0.0804238265;0.0738667273;-0.1806285161;0.0353644296
79.09;-0.0821839495;0.0741778701;-0.1713651037;0.0268567159
79.10;-0.0838505266;0.0744037297;-0.1619211140;0.0183094337
79.11;-0.0854218056;0.0745439595;-0.1523072932;0.0097323937
79.12;-0.0868961427;0.0745983112;-0.1425345627;0.0011354488
79.13;-0.0882720041;0.0745666351;-0.1326140069;-0.0074715178
79.14;-0.0895479675;0.0744488805;-0.1225568605;-0.0160786033
79.15;-0.0907227239;0.0742450957;-0.1123744962;-0.0246758967
79.16;-0.0917950784;0.0739554282;-0.1020784118;-0.0332534902
79.17;-0.0927639517;0.0735801245;-0.0916802170;-0.0418014899
79.18;-0.0936283813;0.0731195300;-0.0811916211;-0.0503100277
79.19;-0.0943875221;0.0725740883;-0.0706244196;-0.0587692721
79.20;-0.0950406473;0.0719443415;-0.0599904814;-0.0671694396
79.21;-0.0955871490;0.0712309289;-0.0493017353;-0.0755008056
79.22;-0.0960265392;0.0704345869;-0.0385701574;-0.0837537158
79.23;-0.0963584494;0.0695561480;-0.0278077576;-0.0919185973
79.24;-0.0965826317;0.0685965400;-0.0170265666;-0.0999859690
79.25;-0.0966989582;0.0675567849;-0.0062386226;-0.1079464533
79.26;-0.0967074217;0.0664379981;0.0045440416;-0.1157907863
79.27;-0.0966081351;0.0652413869;0.0153094120;-0.1235098286
79.28;-0.0964013311;0.0639682493;0.0260455063;-0.1310945761
79.29;-0.0960873623;0.0626199726;0.0367403869;-0.1385361703
79.30;-0.0956667004;0.0611980321;0.0473821742;-0.1458259084
79.31;-0.0951399352;0.0597039891;0.0579590590;-0.1529552539
79.32;-0.0945077746;0.0581394896;0.0684593158;-0.1599158461
79.33;-0.0937710431;0.0565062620;0.0788713154;-0.1666995101
79.34;-0.0929306809;0.0548061158;0.0891835374;-0.1732982666
79.35;-0.0919877430;0.0530409390;0.0993845829;-0.1797043409
79.36;-0.0909433975;0.0512126965;0.1094631869;-0.1859101725
79.37;-0.0897989245;0.0493234276;0.1194082305;-0.1919084238
79.38;-0.0885557146;0.0473752437;0.1292087531;-0.1976919889
79.39;-0.0872152672;0.0453703263;0.1388539643;-0.2032540023
79.40;-0.0857791885;0.0433109243;0.1483332558;-0.2085878467
79.41;-0.0842491899;0.0411993513;0.1576362129;-0.2136871614
79.42;-0.0826270861;0.0390379832;0.1667526262;-0.2185458497
79.43;-0.0809147926;0.0368292558;0.1756725024;-0.2231580862
79.44;-0.0791143238;0.0345756616;0.1843860756;-0.2275183243
79.45;-0.0772277906;0.0322797470;0.1928838181;-0.2316213025
79.46;-0.0752573979;0.0299441097;0.2011564507;-0.2354620512
79.47;-0.0732054421;0.0275713957;0.2091949532;-0.2390358987
79.48;-0.0710743085;0.0251642960;0.2169905743;-0.2423384766
79.49;-0.0688664685;0.0227255440;0.2245348414;-0.2453657260
79.50;-0.0665844769;0.0202579119;0.2318195698;-0.2481139017
79.51;-0.0642309686;0.0177642077;0.2388368724;-0.2505795778
79.52;-0.0618086562;0.0152472724;0.2455791677;-0.2527596509
79.53;-0.0593203263;0.0127099761;0.2520391890;-0.2546513452
79.54;-0.0567688366;0.0101552150;0.2582099921;-0.2562522154
79.55;-0.0541571126;0.0075859083;0.2640849632;-0.2575601497
79.56;-0.0514881444;0.0050049945;0.2696578265;-0.2585733732
79.57;-0.0487649830;0.0024154281;0.2749226509;-0.2592904497
79.58;-0.0459907369;-0.0001798236;0.2798738569;-0.2597102839
79.59;-0.0431685687;-0.0027777842;0.2845062227;-0.2598321229
79.60;-0.0403016915;-0.0053754713;0.2888148902;-0.2596555575
79.61;-0.0373933650;-0.0079699003;0.2927953704;-0.2591805224
79.62;-0.0344468919;-0.0105580877;0.2964435481;-0.2584072973
79.63;-0.0314656143;-0.0131370543;0.2997556868;-0.2573365060
79.64;-0.0284529096;-0.0157038290;0.3027284326;-0.2559691163
79.65;-0.0254121869;-0.0182554522;0.3053588182;-0.2543064392
79.66;-0.0223468831;-0.0207889789;0.3076442654;-0.2523501270
79.67;-0.0192604588;-0.0233014825;0.3095825887;-0.2501021723
79.68;-0.0161563945;-0.0257900579;0.3111719967;-0.2475649049
79.69;-0.0130381867;-0.0282518250;0.3124110948;-0.2447409903
79.70;-0.0099093437;-0.0306839321;0.3132988856;-0.2416334256
79.71;-0.0067733821;-0.0330835591;0.3138347703;-0.2382455372
79.72;-0.0036338221;-0.0354479206;0.3140185491;-0.2345809761
79.73;-0.0004941843;-0.0377742695;0.3138504206;-0.2306437146
79.74;0.0026420151;-0.0400599000;0.3133309816;-0.2264380411
79.75;0.0057712675;-0.0423021509;0.3124612259;-0.2219685556
79.76;0.0088900764;-0.0444984081;0.3112425426;-0.2172401644
79.77;0.0119949611;-0.0466461084;0.3096767141;-0.2122580743
79.78;0.0150824607;-0.0487427421;0.3077659138;-0.2070277869
79.79;0.0181491379;-0.0507858560;0.3055127028;-0.2015550923
79.80;0.0211915831;-0.0527730561;0.3029200265;-0.1958460621
79.81;0.0242064179;-0.0547020106;0.2999912108;-0.1899070429
79.82;0.0271902991;-0.0565704523;0.2967299578;-0.1837446489
79.83;0.0301399224;-0.0583761818;0.2931403406;-0.1773657544
79.84;0.0330520261;-0.0601170694;0.2892267987;-0.1707774858
79.85;0.0359233945;-0.0617910581;0.2849941316;-0.1639872135
79.86;0.0387508620;-0.0633961656;0.2804474933;-0.1570025439
79.87;0.0415313161;-0.0649304870;0.2755923855;-0.1498313101
79.88;0.0442617009;-0.0663921967;0.2704346508;-0.1424815637
79.89;0.0469390208;-0.0677795508;0.2649804656;-0.1349615650
79.90;0.0495603436;-0.0690908887;0.2592363321;-0.1272797742
79.91;0.0521228036;-0.0703246357;0.2532090705;-0.1194448415
79.92;0.0546236049;-0.0714793044;0.2469058110;-0.1114655975
79.93;0.0570600245;-0.0725534966;0.2403339843;-0.1033510432
79.94;0.0594294151;-0.0735459047;0.2335013136;-0.0951103397
79.95;0.0617292079;-0.0744553139;0.2264158045;-0.0867527981
79.96;0.0639569159;-0.0752806027;0.2190857357;-0.0782878688
79.97;0.0661101358;-0.0760207452;0.2115196493;-0.0697251312
79.98;0.0681865514;-0.0766748116;0.2037263404;-0.0610742828
79.99;0.0701839353;-0.0772419698;0.1957148468;-0.0523451279
80.00;0.0721001519;-0.0777214861;0.1874944386;-0.0435475674
80.01;0.0739331593;-0.0781127264;0.1790746069;-0.0346915870
80.02;0.0756810116;-0.0784151566;0.1704650530;-0.0257872464
80.03;0.0773418609;-0.0786283438;0.1616756775;-0.0168446679
80.04;0.0789139593;-0.0787519564;0.1527165680;-0.0078740251
80.05;0.0803956606;-0.0787857648;0.1435979884;0.0011144688
80.06;0.0817854222;-0.0787296417;0.1343303667;0.0101105718
80.07;0.0830818064;-0.0785835622;0.1249242831;0.0191040252
80.08;0.0842834820;-0.0783476042;0.1153904580;0.0280845650
80.09;0.0853892259;-0.0780219482;0.1057397401;0.0370419331
80.10;0.0863979237;-0.0776068769;0.0959830940;0.0459658891
80.11;0.0873085715;-0.0771027758;0.0861315876;0.0548462219
80.12;0.0881202764;-0.0765101318;0.0761963803;0.0636727611
80.13;0.0888322575;-0.0758295336;0.0661887101;0.0724353883
80.14;0.0894438467;-0.0750616706;0.0561198809;0.0811240490
80.15;0.0899544892;-0.0742073325;0.0460012507;0.0897287634
80.16;0.0903637437;-0.0732674082;0.0358442182;0.0982396382
80.17;0.0906712836;-0.0722428852;0.0256602106;0.1066468777
80.18;0.0908768962;-0.0711348484;0.0154606711;0.1149407950
80.19;0.0909804834;-0.0699444790;0.0052570460;0.1231118227
80.20;0.0909820616;-0.0686730531;-0.0049392279;0.1311505246
80.21;0.0908817614;-0.0673219406;-0.0151167355;0.1390476057
80.22;0.0906798274;-0.0658926036;-0.0252640962;0.1467939236
80.23;0.0903766178;-0.0643865947;-0.0353699765;0.1543804986
80.24;0.0899726037;-0.0628055555;-0.0454231019;0.1617985243
80.25;0.0894683689;-0.0611512148;-0.0554122698;0.1690393777
80.26;0.0888646086;-0.0594253866;-0.0653263616;0.1760946294
80.27;0.0881621287;-0.0576299684;-0.0751543546;0.1829560534
80.28;0.0873618449;-0.0557669384;-0.0848853343;0.1896156366
80.29;0.0864647814;-0.0538383545;-0.0945085062;0.1960655885
80.30;0.0854720697;-0.0518463507;-0.1040132081;0.2022983500
80.31;0.0843849473;-0.0497931359;-0.1133889208;0.2083066029
80.32;0.0832047559;-0.0476809906;-0.1226252808;0.2140832781
80.33;0.0819329402;-0.0455122650;-0.1317120907;0.2196215641
80.34;0.0805710460;-0.0432893759;-0.1406393309;0.2249149156
80.35;0.0791207183;-0.0410148042;-0.1493971705;0.2299570607
80.36;0.0775836994;-0.0386910921;-0.1579759782;0.2347420090
80.37;0.0759618270;-0.0363208404;-0.1663663328;0.2392640586
80.38;0.0742570317;-0.0339067053;-0.1745590335;0.2435178031
80.39;0.0724713351;-0.0314513958;-0.1825451104;0.2474981381
80.40;0.0706068474;-0.0289576700;-0.1903158340;0.2512002677
80.41;0.0686657646;-0.0264283328;-0.1978627253;0.2546197100
80.42;0.0666503665;-0.0238662321;-0.2051775648;0.2577523031
80.43;0.0645630134;-0.0212742558;-0.2122524019;0.2605942100
80.44;0.0624061441;-0.0186553286;-0.2190795637;0.2631419233
80.45;0.0601822724;-0.0160124086;-0.2256516634;0.2653922699
80.46;0.0578939848;-0.0133484840;-0.2319616086;0.2673424148
80.47;0.0555439368;-0.0106665694;-0.2380026093;0.2689898649
80.48;0.0531348507;-0.0079697029;-0.2437681852;0.2703324719
80.49;0.0506695118;-0.0052609422;-0.2492521732;0.2713684355
80.50;0.0481507655;-0.0025433613;-0.2544487341;0.2720963054
80.51;0.0455815137;0.0001799532;-0.2593523594;0.2725149835
80.52;0.0429647121;0.0029059052;-0.2639578767;0.2726237255
80.53;0.0403033661;0.0056313932;-0.2682604564;0.2724221417
80.54;0.0376005278;0.0083533134;-0.2722556162;0.2719101982
80.55;0.0348592923;0.0110685636;-0.2759392264;0.2710882165
80.56;0.0320827944;0.0137740464;-0.2793075147;0.2699568741
80.57;0.0292742046;0.0164666732;-0.2823570698;0.2685172031
80.58;0.0264367257;0.0191433672;-0.2850848453;0.2667705900
80.59;0.0235735893;0.0218010675;-0.2874881629;0.2647187735
80.60;0.0206880518;0.0244367322;-0.2895647155;0.2623638432
80.61;0.0177833908;0.0270473421;-0.2913125692;0.2597082371
80.62;0.0148629014;0.0296299039;-0.2927301653;0.2567547388
80.63;0.0119298924;0.0321814542;-0.2938163219;0.2535064745
80.64;0.0089876825;0.0346990623;-0.2945702348;0.2499669097
80.65;0.0060395967;0.0371798339;-0.2949914784;0.2461398447
80.66;0.0030889621;0.0396209145;-0.2950800051;0.2420294109
80.67;0.0001391046;0.0420194924;-0.2948361457;0.2376400659
80.68;-0.0028066551;0.0443728020;-0.2942606083;0.2329765880
80.69;-0.0057450055;0.0466781273;-0.2933544769;0.2280440717
80.70;-0.0086726474;0.0489328046;-0.2921192100;0.2228479208
80.71;-0.0115862985;0.0511342258;-0.2905566381;0.2173938429
80.72;-0.0144826964;0.0532798416;-0.2886689615;0.2116878430
80.73;-0.0173586025;0.0553671638;-0.2864587468;0.2057362159
80.74;-0.0202108059;0.0573937690;-0.2839289240;0.1995455400
80.75;-0.0230361265;0.0593573006;-0.2810827819;0.1931226690
80.76;-0.0258314192;0.0612554721;-0.2779239645;0.1864747245
80.77;-0.0285935768;0.0630860694;-0.2744564657;0.1796090878
80.78;-0.0313195339;0.0648469535;-0.2706846243;0.1725333917
80.79;-0.0340062703;0.0665360632;-0.2666131186;0.1652555116
80.80;-0.0366508140;0.0681514168;-0.2622469604;0.1577835567
80.81;-0.0392502450;0.0696911151;-0.2575914884;0.1501258608
80.82;-0.0418016982;0.0711533433;-0.2526523620;0.1422909730
80.83;-0.0443023666;0.0725363731;-0.2474355540;0.1342876480
80.84;-0.0467495045;0.0738385646;-0.2419473429;0.1261248362
80.85;-0.0491404306;0.0750583686;-0.2361943057;0.1178116738
80.86;-0.0514725307;0.0761943279;-0.2301833096;0.1093574724
80.87;-0.0537432607;0.0772450794;-0.2239215035;0.1007717087
80.88;-0.0559501494;0.0782093556;-0.2174163095;0.0920640137
80.89;-0.0580908011;0.0790859858;-0.2106754141;0.0832441623
80.90;-0.0601628984;0.0798738980;-0.2037067584;0.0743220619
80.91;-0.0621642043;0.0805721196;-0.1965185292;0.0653077420
80.92;-0.0640925651;0.0811797792;-0.1891191491;0.0562113423
80.93;-0.0659459122;0.0816961070;-0.1815172661;0.0470431020
80.94;-0.0677222649;0.0821204362;-0.1737217440;0.0378133480
80.95;-0.0694197318;0.0824522036;-0.1657416518;0.0285324840
80.96;-0.0710365135;0.0826909503;-0.1575862529;0.0192109780
80.97;-0.0725709040;0.0828363227;-0.1492649943;0.0098593516
80.98;-0.0740212926;0.0828880722;-0.1407874960;0.0004881678
80.99;-0.0753861656;0.0828460562;-0.1321635395;-0.0088919805
81.00;-0.0766641082;0.0827102381;-0.1234030569;-0.0182704826
81.01;-0.0778538052;0.0824806874;-0.1145161191;-0.0276367214
81.02;-0.0789540430;0.0821575799;-0.1055129246;-0.0369800857
81.03;-0.0799637106;0.0817411972;-0.0964037878;-0.0462899813
81.04;-0.0808818004;0.0812319270;-0.0871991273;-0.0555558438
81.05;-0.0817074097;0.0806302622;-0.0779094541;-0.0647671495
81.06;-0.0824397413;0.0799368008;-0.0685453595;-0.0739134276
81.07;-0.0830781043;0.0791522452;-0.0591175039;-0.0829842720
81.08;-0.0836219146;0.0782774013;-0.0496366039;-0.0919693528
81.09;-0.0840706955;0.0773131781;-0.0401134210;-0.1008584280
81.10;-0.0844240780;0.0762605866;-0.0305587494;-0.1096413549
81.11;-0.0846818015;0.0751207383;-0.0209834038;-0.1183081020
81.12;-0.0848437133;0.0738948449;-0.0113982076;-0.1268487596
81.13;-0.0849097689;0.0725842161;-0.0018139806;-0.1352535519
81.14;-0.0848800321;0.0711902589;0.0077584725;-0.1435128476
81.15;-0.0847546746;0.0697144757;0.0173083746;-0.1516171709
81.16;-0.0845339756;0.0681584631;0.0268249879;-0.1595572127
81.17;-0.0842183215;0.0665239096;0.0362976256;-0.1673238409
81.18;-0.0838082051;0.0648125942;0.0457156639;-0.1749081112
81.19;-0.0833042254;0.0630263844;0.0550685537;-0.1823012773
81.20;-0.0827070861;0.0611672342;0.0643458321;-0.1894948011
81.21;-0.0820175954;0.0592371817;0.0735371340;-0.1964803626
81.22;-0.0812366643;0.0572383472;0.0826322037;-0.2032498697
81.23;-0.0803653059;0.0551729307;0.0916209059;-0.2097954676
81.24;-0.0794046341;0.0530432096;0.1004932370;-0.2161095479
81.25;-0.0783558620;0.0508515361;0.1092393362;-0.2221847580
81.26;-0.0772203005;0.0486003344;0.1178494962;-0.2280140094
81.27;-0.0759993570;0.0462920985;0.1263141742;-0.2335904863
81.28;-0.0746945333;0.0439293891;0.1346240022;-0.2389076537
81.29;-0.0733074238;0.0415148307;0.1427697972;-0.2439592654
81.30;-0.0718397141;0.0390511089;0.1507425717;-0.2487393711
81.31;-0.0702931784;0.0365409672;0.1585335436;-0.2532423241
81.32;-0.0686696779;0.0339872041;0.1661341456;-0.2574627878
81.33;-0.0669711580;0.0313926699;0.1735360351;-0.2613957423
81.34;-0.0651996466;0.0287602634;0.1807311031;-0.2650364905
81.35;-0.0633572516;0.0260929288;0.1877114835;-0.2683806639
81.36;-0.0614461580;0.0233936523;0.1944695615;-0.2714242280
81.37;-0.0594686260;0.0206654587;0.2009979824;-0.2741634873
81.38;-0.0574269876;0.0179114081;0.2072896597;-0.2765950900
81.39;-0.0553236447;0.0151345925;0.2133377825;-0.2787160319
81.40;-0.0531610657;0.0123381320;0.2191358238;-0.2805236606
81.41;-0.0509417827;0.0095251714;0.2246775474;-0.2820156785
81.42;-0.0486683890;0.0066988770;0.2299570147;-0.2831901462
81.43;-0.0463435355;0.0038624324;0.2349685915;-0.2840454844
81.44;-0.0439699279;0.0010190352;0.2397069540;-0.2845804768
81.45;-0.0415503239;-0.0018281064;0.2441670952;-0.2847942710
81.46;-0.0390875292;-0.0046757778;0.2483443297;-0.2846863801
81.47;-0.0365843949;-0.0075207612;0.2522342994;-0.2842566838
81.48;-0.0340438142;-0.0103598395;0.2558329781;-0.2835054280
81.49;-0.0314687187;-0.0131897999;0.2591366758;-0.2824332252
81.50;-0.0288620752;-0.0160074374;0.2621420429;-0.2810410541
81.51;-0.0262268824;-0.0188095587;0.2648460734;-0.2793302583
81.52;-0.0235661672;-0.0215929860;0.2672461086;-0.2773025449
81.53;-0.0208829814;-0.0243545601;0.2693398395;-0.2749599828
81.54;-0.0181803980;-0.0270911442;0.2711253092;-0.2723050005
81.55;-0.0154615082;-0.0297996278;0.2726009149;-0.2693403831
81.56;-0.0127294169;-0.0324769301;0.2737654094;-0.2660692696
81.57;-0.0099872401;-0.0351200031;0.2746179023;-0.2624951487
81.58;-0.0072381007;-0.0377258357;0.2751578603;-0.2586218557
81.59;-0.0044851253;-0.0402914568;0.2753851078;-0.2544535674
81.60;-0.0017314404;-0.0428139387;0.2752998266;-0.2499947975
81.61;0.0010198311;-0.0452904006;0.2749025553;-0.2452503919
81.62;0.0037655736;-0.0477180116;0.2741941878;-0.2402255224
81.63;0.0065026820;-0.0500939943;0.2731759726;-0.2349256816
81.64;0.0092280655;-0.0524156279;0.2718495102;-0.2293566759
81.65;0.0119386511;-0.0546802509;0.2702167513;-0.2235246194
81.66;0.0146313871;-0.0568852648;0.2682799936;-0.2174359264
81.67;0.0173032463;-0.0590281363;0.2660418788;-0.2110973049
81.68;0.0199512300;-0.0611064010;0.2635053893;-0.2045157480
81.69;0.0225723705;-0.0631176656;0.2606738439;-0.1976985265
81.70;0.0251637354;-0.0650596110;0.2575508934;-0.1906531806
81.71;0.0277224302;-0.0669299948;0.2541405162;-0.1833875115
81.72;0.0302456019;-0.0687266536;0.2504470129;-0.1759095719
81.73;0.0327304420;-0.0704475062;0.2464750009;-0.1682276577
81.74;0.0351741899;-0.0720905552;0.2422294086;-0.1603502984
81.75;0.0375741356;-0.0736538898;0.2377154689;-0.1522862471
81.76;0.0399276231;-0.0751356877;0.2329387129;-0.1440444712
81.77;0.0422320531;-0.0765342173;0.2279049630;-0.1356341422
81.78;0.0444848860;-0.0778478399;0.2226203258;-0.1270646252
81.79;0.0466836446;-0.0790750110;0.2170911840;-0.1183454687
81.80;0.0488259168;-0.0802142828;0.2113241894;-0.1094863938
81.81;0.0509093585;-0.0812643054;0.2053262540;-0.1004972836
81.82;0.0529316959;-0.0822238284;0.1991045423;-0.0913881720
81.83;0.0548907280;-0.0830917027;0.1926664621;-0.0821692324
81.84;0.0567843293;-0.0838668813;0.1860196558;-0.0728507669
81.85;0.0586104516;-0.0845484210;0.1791719913;-0.0634431947
81.86;0.0603671265;-0.0851354832;0.1721315525;-0.0539570401
81.87;0.0620524676;-0.0856273352;0.1649066298;-0.0444029218
81.88;0.0636646724;-0.0860233508;0.1575057101;-0.0347915402
81.89;0.0652020240;-0.0863230110;0.1499374671;-0.0251336664
81.90;0.0666628934;-0.0865259052;0.1422107509;-0.0154401297
81.91;0.0680457408;-0.0866317310;0.1343345775;-0.0057218060
81.92;0.0693491173;-0.0866402950;0.1263181188;0.0040103942
81.93;0.0705716666;-0.0865515133;0.1181706916;0.0137455381
81.94;0.0717121260;-0.0863654109;0.1099017466;0.0234726824
81.95;0.0727693283;-0.0860821228;0.1015208581;0.0331808854
81.96;0.0737422023;-0.0857018928;0.0930377126;0.0428592193
81.97;0.0746297743;-0.0852250743;0.0844620976;0.0524967821
81.98;0.0754311689;-0.0846521293;0.0758038909;0.0620827099
81.99;0.0761456100;-0.0839836283;0.0670730488;0.0716061885
82.00;0.0767724212;-0.0832202496;0.0582795951;0.0810564659
82.01;0.0773110268;-0.0823627786;0.0494336099;0.0904228641
82.02;0.0777609520;-0.0814121072;0.0405452177;0.0996947909
82.03;0.0781218236;-0.0803692327;0.0316245766;0.1088617518
82.04;0.0783933700;-0.0792352567;0.0226818662;0.1179133619
82.05;0.0785754214;-0.0780113842;0.0137272767;0.1268393573
82.06;0.0786679099;-0.0766989221;0.0047709975;0.1356296069
82.07;0.0786708696;-0.0752992779;-0.0041767949;0.1442741235
82.08;0.0785844361;-0.0738139582;-0.0131059472;0.1527630755
82.09;0.0784088465;-0.0722445672;-0.0220063418;0.1610867980
82.10;0.0781444387;-0.0705928047;-0.0308679069;0.1692358034
82.11;0.0777916512;-0.0688604645;-0.0396806289;0.1772007927
82.12;0.0773510222;-0.0670494326;-0.0484345625;0.1849726660
82.13;0.0768231888;-0.0651616846;-0.0571198426;0.1925425329
82.14;0.0762088868;-0.0631992843;-0.0657266945;0.1999017228
82.15;0.0755089486;-0.0611643806;-0.0742454454;0.2070417950
82.16;0.0747243034;-0.0590592062;-0.0826665350;0.2139545485
82.17;0.0738559750;-0.0568860740;-0.0909805256;0.2206320314
82.18;0.0729050810;-0.0546473755;-0.0991781135;0.2270665506
82.19;0.0718728313;-0.0523455777;-0.1072501385;0.2332506803
82.20;0.0707605268;-0.0499832204;-0.1151875944;0.2391772712
82.21;0.0695695575;-0.0475629137;-0.1229816393;0.2448394589
82.22;0.0683014010;-0.0450873346;-0.1306236047;0.2502306717
82.23;0.0669576207;-0.0425592245;-0.1381050060;0.2553446389
82.24;0.0655398638;-0.0399813859;-0.1454175513;0.2601753983
82.25;0.0640498595;-0.0373566795;-0.1525531507;0.2647173028
82.26;0.0624894169;-0.0346880205;-0.1595039258;0.2689650278
82.27;0.0608604227;-0.0319783762;-0.1662622176;0.2729135776
82.28;0.0591648390;-0.0292307619;-0.1728205961;0.2765582912
82.29;0.0574047012;-0.0264482377;-0.1791718674;0.2798948482
82.30;0.0555821152;-0.0236339054;-0.1853090828;0.2829192738
82.31;0.0536992554;-0.0207909048;-0.1912255457;0.2856279444
82.32;0.0517583617;-0.0179224101;-0.1969148195;0.2880175913
82.33;0.0497617370;-0.0150316262;-0.2023707348;0.2900853053
82.34;0.0477117446;-0.0121217857;-0.2075873958;0.2918285400
82.35;0.0456108054;-0.0091961444;-0.2125591875;0.2932451153
82.36;0.0434613949;-0.0062579784;-0.2172807812;0.2943332202
82.37;0.0412660406;-0.0033105798;-0.2217471410;0.2950914148
82.38;0.0390273187;-0.0003572534;-0.2259535292;0.2955186327
82.39;0.0367478515;0.0025986872;-0.2298955112;0.2956141818
82.40;0.0344303037;0.0055539235;-0.2335689607;0.2953777462
82.41;0.0320773802;0.0085051356;-0.2369700642;0.2948093859
82.42;0.0296918220;0.0114490061;-0.2400953248;0.2939095372
82.43;0.0272764038;0.0143822240;-0.2429415666;0.2926790127
82.44;0.0248339303;0.0173014880;-0.2455059372;0.2911189999
82.45;0.0223672331;0.0202035108;-0.2477859114;0.2892310605
82.46;0.0198791675;0.0230850225;-0.2497792937;0.2870171281
82.47;0.0173726089;0.0259427743;-0.2514842201;0.2844795068
82.48;0.0148504498;0.0287735424;-0.2528991606;0.2816208679
82.49;0.0123155964;0.0315741316;-0.2540229198;0.2784442471
82.50;0.0097709650;0.0343413787;-0.2548546389;0.2749530415
82.51;0.0072194789;0.0370721562;-0.2553937953;0.2711510050
82.52;0.0046640650;0.0397633763;-0.2556402035;0.2670422443
82.53;0.0021076502;0.0424119935;-0.2555940149;0.2626312145
82.54;-0.0004468415;0.0450150089;-0.2552557167;0.2579227135
82.55;-0.0029964930;0.0475694732;-0.2546261315;0.2529218766
82.56;-0.0055383970;0.0500724901;-0.2537064154;0.2476341708
82.57;-0.0080696591;0.0525212196;-0.2524980567;0.2420653885
82.58;-0.0105874019;0.0549128812;-0.2510028733;0.2362216406
82.59;-0.0130887676;0.0572447572;-0.2492230104;0.2301093498
82.60;-0.0155709213;0.0595141954;-0.2471609371;0.2237352428
82.61;-0.0180310548;0.0617186126;-0.2448194438;0.2171063434
82.62;-0.0204663891;0.0638554973;-0.2422016378;0.2102299636
82.63;-0.0228741778;0.0659224122;-0.2393109394;0.2031136959
82.64;-0.0252517106;0.0679169977;-0.2361510775;0.1957654045
82.65;-0.0275963155;0.0698369739;-0.2327260847;0.1881932164
82.66;-0.0299053629;0.0716801436;-0.2290402923;0.1804055119
82.67;-0.0321762674;0.0734443944;-0.2250983246;0.1724109157
82.68;-0.0344064917;0.0751277017;-0.2209050928;0.1642182869
82.69;-0.0365935489;0.0767281303;-0.2164657897;0.1558367090
82.70;-0.0387350054;0.0782438370;-0.2117858820;0.1472754797
82.71;-0.0408284836;0.0796730727;-0.2068711045;0.1385441007
82.72;-0.0428716645;0.0810141841;-0.2017274526;0.1296522672
82.73;-0.0448622905;0.0822656160;-0.1963611747;0.1206098564
82.74;-0.0467981675;0.0834259128;-0.1907787652;0.1114269176
82.75;-0.0486771677;0.0844937199;-0.1849869557;0.1021136600
82.76;-0.0504972318;0.0854677861;-0.1789927076;0.0926804422
82.77;-0.0522563710;0.0863469639;-0.1728032033;0.0831377603
82.78;-0.0539526696;0.0871302118;-0.1664258375;0.0734962366
82.79;-0.0555842868;0.0878165949;-0.1598682087;0.0637666075
82.80;-0.0571494588;0.0884052863;-0.1531381095;0.0539597123
82.81;-0.0586465006;0.0888955680;-0.1462435181;0.0440864806
82.82;-0.0600738080;0.0892868315;-0.1391925881;0.0341579208
82.83;-0.0614298589;0.0895785789;-0.1319936393;0.0241851078
82.84;-0.0627132156;0.0897704232;-0.1246551480;0.0141791709
82.85;-0.0639225255;0.0898620891;-0.1171857366;0.0041512817
82.86;-0.0650565231;0.0898534130;-0.1095941640;-0.0058873584
82.87;-0.0661140311;0.0897443435;-0.1018893149;-0.0159255304
82.88;-0.0670939618;0.0895349414;-0.0940801900;-0.0259520097
82.89;-0.0679953177;0.0892253797;-0.0861758952;-0.0359555789
82.90;-0.0688171931;0.0888159435;-0.0781856312;-0.0459250397
82.91;-0.0695587746;0.0883070298;-0.0701186830;-0.0558492255
82.92;-0.0702193423;0.0876991470;-0.0619844091;-0.0657170136
82.93;-0.0707982698;0.0869929144;-0.0537922307;-0.0755173374
82.94;-0.0712950255;0.0861890618;-0.0455516211;-0.0852391987
82.95;-0.0717091725;0.0852884284;-0.0372720950;-0.0948716797
82.96;-0.0720403694;0.0842919623;-0.0289631972;-0.1044039554
82.97;-0.0722883704;0.0832007191;-0.0206344924;-0.1138253053
82.98;-0.0724530252;0.0820158613;-0.0122955537;-0.1231251256
82.99;-0.0725342793;0.0807386566;-0.0039559522;-0.1322929408
83.00;-0.0725321739;0.0793704770;0.0043747538;-0.1413184156
83.01;-0.0724468456;0.0779127968;0.0126870300;-0.1501913664
83.02;-0.0722785264;0.0763671915;0.0209713763;-0.1589017727
83.03;-0.0720275427;0.0747353360;0.0292183382;-0.1674397885
83.04;-0.0716943156;0.0730190026;0.0374185164;-0.1757957535
83.05;-0.0712793595;0.0712200594;0.0455625786;-0.1839602041
83.06;-0.0707832819;0.0693404678;0.0536412690;-0.1919238839
83.07;-0.0702067826;0.0673822811;0.0616454191;-0.1996777546
83.08;-0.0695506523;0.0653476416;0.0695659580;-0.2072130061
83.09;-0.0688157721;0.0632387784;0.0773939224;-0.2145210670
83.10;-0.0680031119;0.0610580053;0.0851204669;-0.2215936143
83.11;-0.0671137299;0.0588077181;0.0927368738;-0.2284225828
83.12;-0.0661487702;0.0564903917;0.1002345625;-0.2350001750
83.13;-0.0651094625;0.0541085777;0.1076050998;-0.2413188701
83.14;-0.0639971197;0.0516649015;0.1148402087;-0.2473714323
83.15;-0.0628131368;0.0491620593;0.1219317783;-0.2531509200
83.16;-0.0615589891;0.0466028155;0.1288718723;-0.2586506938
83.17;-0.0602362302;0.0439899990;0.1356527382;-0.2638644241
83.18;-0.0588464904;0.0413265006;0.1422668158;-0.2687860988
83.19;-0.0573914744;0.0386152696;0.1487067460;-0.2734100309
83.20;-0.0558729598;0.0358593105;0.1549653787;-0.2777308645
83.21;-0.0542927944;0.0330616795;0.1610357809;-0.2817435819
83.22;-0.0526528941;0.0302254815;0.1669112447;-0.2854435097
83.23;-0.0509552409;0.0273538664;0.1725852942;-0.2888263239
83.24;-0.0492018804;0.0244500254;0.1780516936;-0.2918880556
83.25;-0.0473949192;0.0215171877;0.1833044534;-0.2946250960
83.26;-0.0455365227;0.0185586167;0.1883378376;-0.2970342003
83.27;-0.0436289121;0.0155776065;0.1931463697;-0.2991124922
83.28;-0.0416743622;0.0125774781;0.1977248392;-0.3008574673
83.29;-0.0396751987;0.0095615754;0.2020683070;-0.3022669962
83.30;-0.0376337950;0.0065332622;0.2061721111;-0.3033393273
83.31;-0.0355525700;0.0034959176;0.2100318719;-0.3040730887
83.32;-0.0334339848;0.0004529324;0.2136434967;-0.3044672906
83.33;-0.0312805400;-0.0025922942;0.2170031842;-0.3045213260
83.34;-0.0290947727;-0.0056363594;0.2201074289;-0.3042349719
83.35;-0.0268792536;-0.0086758595;0.2229530249;-0.3036083896
83.36;-0.0246365841;-0.0117073948;0.2255370690;-0.3026421248
83.37;-0.0223693928;-0.0147275727;0.2278569641;-0.3013371066
83.38;-0.0200803330;-0.0177330120;0.2299104217;-0.2996946473
83.39;-0.0177720792;-0.0207203464;0.2316954645;-0.2977164402
83.40;-0.0154473241;-0.0236862284;0.2332104281;-0.2954045581
83.41;-0.0131087755;-0.0266273334;0.2344539629;-0.2927614508
83.42;-0.0107591531;-0.0295403627;0.2354250350;-0.2897899423
83.43;-0.0084011855;-0.0324220481;0.2361229274;-0.2864932277
83.44;-0.0060376066;-0.0352691550;0.2365472402;-0.2828748695
83.45;-0.0036711530;-0.0380784863;0.2366978909;-0.2789387930
83.46;-0.0013045603;-0.0408468860;0.2365751137;-0.2746892826
83.47;0.0010594396;-0.0435712425;0.2361794595;-0.2701309761
83.48;0.0034181221;-0.0462484927;0.2355117942;-0.2652688596
83.49;0.0057687726;-0.0488756247;0.2345732978;-0.2601082619
83.50;0.0081086902;-0.0514496818;0.2333654621;-0.2546548480
83.51;0.0104351900;-0.0539677655;0.2318900890;-0.2489146130
83.52;0.0127456071;-0.0564270389;0.2301492877;-0.2428938747
83.53;0.0150372990;-0.0588247300;0.2281454717;-0.2365992665
83.54;0.0173076488;-0.0611581344;0.2258813559;-0.2300377302
83.55;0.0195540684;-0.0634246189;0.2233599526;-0.2232165074
83.56;0.0217740011;-0.0656216240;0.2205845678;-0.2161431315
83.57;0.0239649250;-0.0677466670;0.2175587966;-0.2088254193
83.58;0.0261243553;-0.0697973448;0.2142865191;-0.2012714618
83.59;0.0282498475;-0.0717713365;0.2107718947;-0.1934896152
83.60;0.0303390001;-0.0736664061;0.2070193574;-0.1854884915
83.61;0.0323894572;-0.0754804049;0.2030336098;-0.1772769484
83.62;0.0343989114;-0.0772112739;0.1988196174;-0.1688640799
83.63;0.0363651061;-0.0788570464;0.1943826025;-0.1602592057
83.64;0.0382858382;-0.0804158498;0.1897280373;-0.1514718609
83.65;0.0401589606;-0.0818859078;0.1848616374;-0.1425117850
83.66;0.0419823846;-0.0832655428;0.1797893547;-0.1333889119
83.67;0.0437540820;-0.0845531771;0.1745173703;-0.1241133580
83.68;0.0454720876;-0.0857473352;0.1690520865;-0.1146954112
83.69;0.0471345014;-0.0868466454;0.1634001192;-0.1051455200
83.70;0.0487394904;-0.0878498411;0.1575682902;-0.0954742812
83.71;0.0502852910;-0.0887557623;0.1515636184;-0.0856924288
83.72;0.0517702106;-0.0895633571;0.1453933119;-0.0758108221
83.73;0.0531926297;-0.0902716828;0.1390647587;-0.0658404336
83.74;0.0545510035;-0.0908799067;0.1325855186;-0.0557923369
83.75;0.0558438635;-0.0913873077;0.1259633138;-0.0456776949
83.76;0.0570698194;-0.0917932763;0.1192060197;-0.0355077475
83.77;0.0582275603;-0.0920973159;0.1123216556;-0.0252937990
83.78;0.0593158561;-0.0922990434;0.1053183754;-0.0150472062
83.79;0.0603335590;-0.0923981892;0.0982044579;-0.0047793657
83.80;0.0612796044;-0.0923945980;0.0909882972;0.0054982984
83.81;0.0621530124;-0.0922882286;0.0836783926;0.0157743470
83.82;0.0629528884;-0.0920791546;0.0762833390;0.0260373386
83.83;0.0636784243;-0.0917675635;0.0688118166;0.0362758415
83.84;0.0643288990;-0.0913537574;0.0612725814;0.0464784467
83.85;0.0649036796;-0.0908381522;0.0536744541;0.0566337798
83.86;0.0654022213;-0.0902212772;0.0460263110;0.0667305141
83.87;0.0658240688;-0.0895037748;0.0383370728;0.0767573826
83.88;0.0661688557;-0.0886863997;0.0306156951;0.0867031904
83.89;0.0664363055;-0.0877700182;0.0228711576;0.0965568273
83.90;0.0666262316;-0.0867556072;0.0151124542;0.1063072796
83.91;0.0667385373;-0.0856442530;0.0073485821;0.1159436427
83.92;0.0667732160;-0.0844371506;-0.0004114675;0.1254551326
83.93;0.0667303506;-0.0831356021;-0.0081587209;0.1348310987
83.94;0.0666101141;-0.0817410154;-0.0158842309;0.1440610347
83.95;0.0664127682;-0.0802549027;-0.0235790878;0.1531345911
83.96;0.0661386640;-0.0786788789;-0.0312344294;0.1620415862
83.97;0.0657882407;-0.0770146596;-0.0388414508;0.1707720180
83.98;0.0653620252;-0.0752640598;-0.0463914145;0.1793160751
83.99;0.0648606315;-0.0734289914;-0.0538756605;0.1876641480
84.00;0.0642847597;-0.0715114615;-0.0612856159;0.1958068398
84.01;0.0636351951;-0.0695135699;-0.0686128049;0.2037349771
84.02;0.0629128074;-0.0674375070;-0.0758488578;0.2114396202
84.03;0.0621185493;-0.0652855515;-0.0829855213;0.2189120737
84.04;0.0612534554;-0.0630600677;-0.0900146672;0.2261438960
84.05;0.0603186410;-0.0607635030;-0.0969283017;0.2331269096
84.06;0.0593153006;-0.0583983853;-0.1037185748;0.2398532101
84.07;0.0582447064;-0.0559673200;-0.1103777888;0.2463151756
84.08;0.0571082069;-0.0534729874;-0.1168984072;0.2525054756
84.09;0.0559072249;-0.0509181396;-0.1232730630;0.2584170796
84.10;0.0546432562;-0.0483055973;-0.1294945675;0.2640432652
84.11;0.0533178674;-0.0456382471;-0.1355559178;0.2693776260
84.12;0.0519326944;-0.0429190379;-0.1414503051;0.2744140795
84.13;0.0504894399;-0.0401509778;-0.1471711224;0.2791468740
84.14;0.0489898719;-0.0373371308;-0.1527119719;0.2835705957
84.15;0.0474358211;-0.0344806131;-0.1580666720;0.2876801749
84.16;0.0458291789;-0.0315845902;-0.1632292647;0.2914708922
84.17;0.0441718953;-0.0286522728;-0.1681940220;0.2949383843
84.18;0.0424659763;-0.0256869134;-0.1729554523;0.2980786492
84.19;0.0407134816;-0.0226918028;-0.1775083069;0.3008880510
84.20;0.0389165221;-0.0196702663;-0.1818475855;0.3033633243
84.21;0.0370772577;-0.0166256598;-0.1859685422;0.3055015781
84.22;0.0351978940;-0.0135613666;-0.1898666906;0.3073002999
84.23;0.0332806807;-0.0104807928;-0.1935378085;0.3087573579
84.24;0.0313279079;-0.0073873642;-0.1969779433;0.3098710045
84.25;0.0293419041;-0.0042845221;-0.2001834158;0.3106398779
84.26;0.0273250332;-0.0011757193;-0.2031508244;0.3110630041
84.27;0.0252796916;0.0019355835;-0.2058770489;0.3111397981
84.28;0.0232083057;0.0050459215;-0.2083592537;0.3108700647
84.29;0.0211133285;0.0081518302;-0.2105948912;0.3102539986
84.30;0.0189972374;0.0112498489;-0.2125817043;0.3092921848
84.31;0.0168625305;0.0143365246;-0.2143177284;0.3079855973
84.32;0.0147117244;0.0174084160;-0.2158012942;0.3063355985
84.33;0.0125473508;0.0204620975;-0.2170310287;0.3043439374
84.34;0.0103719536;0.0234941629;-0.2180058566;0.3020127479
84.35;0.0081880860;0.0265012290;-0.2187250017;0.2993445458
84.36;0.0059983075;0.0294799400;-0.2191879868;0.2963422264
84.37;0.0038051808;0.0324269706;-0.2193946344;0.2930090606
84.38;0.0016112690;0.0353390304;-0.2193450666;0.2893486916
84.39;-0.0005808678;0.0382128670;-0.2190397041;0.2853651304
84.40;-0.0027686748;0.0410452702;-0.2184792660;0.2810627509
84.41;-0.0049496061;0.0438330750;-0.2176647681;0.2764462851
84.42;-0.0071211276;0.0465731658;-0.2165975216;0.2715208176
84.43;-0.0092807193;0.0492624794;-0.2152791310;0.2662917794
84.44;-0.0114258793;0.0518980086;-0.2137114921;0.2607649416
84.45;-0.0135541256;0.0544768058;-0.2118967891;0.2549464091
84.46;-0.0156629997;0.0569959858;-0.2098374918;0.2488426130
84.47;-0.0177500692;0.0594527296;-0.2075363521;0.2424603035
84.48;-0.0198129306;0.0618442870;-0.2049964008;0.2358065419
84.49;-0.0218492121;0.0641679800;-0.2022209433;0.2288886929
84.50;-0.0238565763;0.0664212060;-0.1992135555;0.2217144154
84.51;-0.0258327228;0.0686014400;-0.1959780788;0.2142916545
84.52;-0.0277753912;0.0707062381;-0.1925186161;0.2066286319
84.53;-0.0296823630;0.0727332400;-0.1888395255;0.1987338370
84.54;-0.0315514649;0.0746801714;-0.1849454156;0.1906160167
84.55;-0.0333805707;0.0765448468;-0.1808411396;0.1822841661
84.56;-0.0351676040;0.0783251720;-0.1765317889;0.1737475181
84.57;-0.0369105406;0.0800191460;-0.1720226870;0.1650155328
84.58;-0.0386074104;0.0816248637;-0.1673193832;0.1560978873
84.59;-0.0402563000;0.0831405178;-0.1624276452;0.1470044647
84.60;-0.0418553550;0.0845644006;-0.1573534524;0.1377453430
84.61;-0.0434027815;0.0858949064;-0.1521029886;0.1283307840
84.62;-0.0448968484;0.0871305329;-0.1466826342;0.1187712220
84.63;-0.0463358897;0.0882698828;-0.1410989590;0.1090772520
84.64;-0.0477183057;0.0893116657;-0.1353587135;0.0992596186
84.65;-0.0490425651;0.0902546992;-0.1294688213;0.0893292033
84.66;-0.0503072068;0.0910979105;-0.1234363709;0.0792970133
84.67;-0.0515108414;0.0918403373;-0.1172686065;0.0691741690
84.68;-0.0526521525;0.0924811291;-0.1109729203;0.0589718922
84.69;-0.0537298985;0.0930195480;-0.1045568430;0.0487014935
84.70;-0.0547429136;0.0934549698;-0.0980280348;0.0383743600
84.71;-0.0556901093;0.0937868843;-0.0913942772;0.0280019432
84.72;-0.0565704756;0.0940148960;-0.0846634626;0.0175957461
84.73;-0.0573830817;0.0941387250;-0.0778435860;0.0071673111
84.74;-0.0581270774;0.0941582067;-0.0709427352;-0.0032717929
84.75;-0.0588016937;0.0940732922;-0.0639690812;-0.0137099828
84.76;-0.0594062438;0.0938840487;-0.0569308687;-0.0241356742
84.77;-0.0599401235;0.0935906590;-0.0498364068;-0.0345372938
84.78;-0.0604028123;0.0931934216;-0.0426940590;-0.0449032917
84.79;-0.0607938731;0.0926927503;-0.0355122334;-0.0552221547
84.80;-0.0611129535;0.0920891738;-0.0282993731;-0.0654824182
84.81;-0.0613597854;0.0913833353;-0.0210639466;-0.0756726790
84.82;-0.0615341855;0.0905759914;-0.0138144376;-0.0857816077
84.83;-0.0616360555;0.0896680117;-0.0065593354;-0.0957979611
84.84;-0.0616653818;0.0886603779;0.0006928749;-0.1057105944
84.85;-0.0616222358;0.0875541824;0.0079337221;-0.1155084739
84.86;-0.0615067734;0.0863506274;0.0151547587;-0.1251806884
84.87;-0.0613192348;0.0850510235;0.0223475709;-0.1347164618
84.88;-0.0610599440;0.0836567884;0.0295037879;-0.1441051650
84.89;-0.0607293087;0.0821694454;0.0366150915;-0.1533363274
84.90;-0.0603278194;0.0805906214;0.0436732259;-0.1623996488
84.91;-0.0598560487;0.0789220456;0.0506700072;-0.1712850106
84.92;-0.0593146508;0.0771655475;0.0575973323;-0.1799824876
84.93;-0.0587043604;0.0753230546;0.0644471887;-0.1884823587
84.94;-0.0580259917;0.0733965908;0.0712116635;-0.1967751179
84.95;-0.0572804377;0.0713882736;0.0778829524;-0.2048514854
84.96;-0.0564686689;0.0693003126;0.0844533685;-0.2127024178
84.97;-0.0555917318;0.0671350061;0.0909153514;-0.2203191183
84.98;-0.0546507481;0.0648947395;0.0972614758;-0.2276930470
84.99;-0.0536469128;0.0625819821;0.1034844597;-0.2348159308
85.00;-0.0525814932;0.0601992845;0.1095771730;-0.2416797725
85.01;-0.0514558269;0.0577492759;0.1155326456;-0.2482768602
85.02;-0.0502713205;0.0552346612;0.1213440751;-0.2545997765
85.03;-0.0490294477;0.0526582181;0.1270048351;-0.2606414067
85.04;-0.0477317475;0.0500227935;0.1325084823;-0.2663949474
85.05;-0.0463798226;0.0473313011;0.1378487641;-0.2718539143
85.06;-0.0449753370;0.0445867177;0.1430196255;-0.2770121499
85.07;-0.0435200144;0.0417920801;0.1480152163;-0.2818638308
85.08;-0.0420156358;0.0389504813;0.1528298977;-0.2864034744
85.09;-0.0404640376;0.0360650679;0.1574582486;-0.2906259456
85.10;-0.0388671093;0.0331390357;0.1618950718;-0.2945264626
85.11;-0.0372267912;0.0301756267;0.1661353999;-0.2981006030
85.12;-0.0355450722;0.0271781252;0.1701745012;-0.3013443089
85.13;-0.0338239870;0.0241498544;0.1740078847;-0.3042538917
85.14;-0.0320656144;0.0210941723;0.1776313053;-0.3068260366
85.15;-0.0302720742;0.0180144683;0.1810407687;-0.3090578066
85.16;-0.0284455248;0.0149141593;0.1842325359;-0.3109466461
85.17;-0.0265881608;0.0117966858;0.1872031271;-0.3124903838
85.18;-0.0247022103;0.0086655081;0.1899493261;-0.3136872355
85.19;-0.0227899321;0.0055241022;0.1924681834;-0.3145358064
85.20;-0.0208536134;0.0023759563;0.1947570196;-0.3150350925
85.21;-0.0188955666;-0.0007754333;0.1968134284;-0.3151844822
85.22;-0.0169181268;-0.0039265662;0.1986352791;-0.3149837566
85.23;-0.0149236491;-0.0070739418;0.2002207192;-0.3144330903
85.24;-0.0129145057;-0.0102140633;0.2015681758;-0.3135330509
85.25;-0.0108930832;-0.0133434413;0.2026763576;-0.3122845985
85.26;-0.0088617796;-0.0164585983;0.2035442560;-0.3106890845
85.27;-0.0068230016;-0.0195560719;0.2041711460;-0.3087482499
85.28;-0.0047791616;-0.0226324192;0.2045565872;-0.3064642237
85.29;-0.0027326753;-0.0256842206;0.2047004233;-0.3038395197
85.30;-0.0006859581;-0.0287080835;0.2046027826;-0.3008770340
85.31;0.0013585768;-0.0317006462;0.2042640773;-0.2975800415
85.32;0.0033985221;-0.0346585814;0.2036850028;-0.2939521920
85.33;0.0054314788;-0.0375786005;0.2028665366;-0.2899975056
85.34;0.0074550590;-0.0404574566;0.2018099367;-0.2857203685
85.35;0.0094668888;-0.0432919487;0.2005167399;-0.2811255273
85.36;0.0114646111;-0.0460789250;0.1989887598;-0.2762180836
85.37;0.0134458882;-0.0488152865;0.1972280840;-0.2710034883
85.38;0.0154084049;-0.0514979902;0.1952370717;-0.2654875345
85.39;0.0173498706;-0.0541240530;0.1930183503;-0.2596763516
85.40;0.0192680224;-0.0566905545;0.1905748121;-0.2535763974
85.41;0.0211606279;-0.0591946408;0.1879096104;-0.2471944511
85.42;0.0230254871;-0.0616335271;0.1850261560;-0.2405376050
85.43;0.0248604356;-0.0640045012;0.1819281120;-0.2336132567
85.44;0.0266633470;-0.0663049262;0.1786193898;-0.2264291005
85.45;0.0284321349;-0.0685322437;0.1751041441;-0.2189931182
85.46;0.0301647560;-0.0706839766;0.1713867673;-0.2113135703
85.47;0.0318592119;-0.0727577316;0.1674718846;-0.2033989866
85.48;0.0335135515;-0.0747512021;0.1633643477;-0.1952581563
85.49;0.0351258735;-0.0766621706;0.1590692290;-0.1869001181
85.50;0.0366943283;-0.0784885113;0.1545918157;-0.1783341500
85.51;0.0382171204;-0.0802281921;0.1499376026;-0.1695697589
85.52;0.0396925100;-0.0818792774;0.1451122859;-0.1606166696
85.53;0.0411188154;-0.0834399296;0.1401217562;-0.1514848146
85.54;0.0424944146;-0.0849084115;0.1349720910;-0.1421843223
85.55;0.0438177475;-0.0862830882;0.1296695477;-0.1327255060
85.56;0.0450873174;-0.0875624288;0.1242205558;-0.1231188525
85.57;0.0463016924;-0.0887450079;0.1186317093;-0.1133750107
85.58;0.0474595078;-0.0898295077;0.1129097587;-0.1035047793
85.59;0.0485594669;-0.0908147187;0.1070616026;-0.0935190954
85.60;0.0496003426;-0.0916995416;0.1010942802;-0.0834290224
85.61;0.0505809791;-0.0924829884;0.0950149619;-0.0732457375
85.62;0.0515002928;-0.0931641832;0.0888309418;-0.0629805200
85.63;0.0523572736;-0.0937423635;0.0825496281;-0.0526447388
85.64;0.0531509861;-0.0942168809;0.0761785350;-0.0422498400
85.65;0.0538805704;-0.0945872016;0.0697252733;-0.0318073341
85.66;0.0545452433;-0.0948529074;0.0631975420;-0.0213287841
85.67;0.0551442989;-0.0950136958;0.0566031184;-0.0108257926
85.68;0.0556771095;-0.0950693806;0.0499498499;-0.0003099892
85.69;0.0561431261;-0.0950198917;0.0432456439;0.0102069820
85.70;0.0565418791;-0.0948652758;0.0364984594;0.0207134753
85.71;0.0568729787;-0.0946056959;0.0297162968;0.0311978555
85.72;0.0571361152;-0.0942414312;0.0229071891;0.0416485112
85.73;0.0573310595;-0.0937728767;0.0160791927;0.0520538668
85.74;0.0574576630;-0.0932005433;0.0092403772;0.0624023953
85.75;0.0575158579;-0.0925250565;0.0023988168;0.0726826310
85.76;0.0575056571;-0.0917471563;-0.0044374193;0.0828831819
85.77;0.0574271541;-0.0908676962;-0.0112602766;0.0929927418
85.78;0.0572805229;-0.0898876421;-0.0180617242;0.1030001030
85.79;0.0570660177;-0.0888080718;-0.0248337646;0.1128941686
85.80;0.0567839722;-0.0876301730;-0.0315684423;0.1226639644
85.81;0.0564347997;-0.0863552429;-0.0382578537;0.1322986510
85.82;0.0560189922;-0.0849846861;-0.0448941560;0.1417875358
85.83;0.0555371196;-0.0835200133;-0.0514695761;0.1511200850
85.84;0.0549898293;-0.0819628401;-0.0579764199;0.1602859349
85.85;0.0543778451;-0.0803148843;-0.0644070807;0.1692749035
85.86;0.0537019666;-0.0785779650;-0.0707540489;0.1780770020
85.87;0.0529630678;-0.0767539998;-0.0770099195;0.1866824459
85.88;0.0521620962;-0.0748450035;-0.0831674019;0.1950816657
85.89;0.0513000717;-0.0728530851;-0.0892193271;0.2032653181
85.90;0.0503780851;-0.0707804461;-0.0951586571;0.2112242961
85.91;0.0493972969;-0.0686293777;-0.1009784922;0.2189497396
85.92;0.0483589361;-0.0664022585;-0.1066720795;0.2264330453
85.93;0.0472642982;-0.0641015518;-0.1122328205;0.2336658764
85.94;0.0461147440;-0.0617298029;-0.1176542787;0.2406401726
85.95;0.0449116978;-0.0592896362;-0.1229301869;0.2473481586
85.96;0.0436566458;-0.0567837524;-0.1280544550;0.2537823538
85.97;0.0423511339;-0.0542149257;-0.1330211763;0.2599355802
85.98;0.0409967665;-0.0515860004;-0.1378246350;0.2658009715
85.99;0.0395952039;-0.0488998877;-0.1424593122;0.2713719803
86.00;0.0381481606;-0.0461595629;-0.1469198928;0.2766423862
86.01;0.0366574034;-0.0433680617;-0.1512012713;0.2816063031
86.02;0.0351247489;-0.0405284770;-0.1552985579;0.2862581856
86.03;0.0335520615;-0.0376439555;-0.1592070837;0.2905928362
86.04;0.0319412513;-0.0347176940;-0.1629224068;0.2946054108
86.05;0.0302942715;-0.0317529359;-0.1664403169;0.2982914248
86.06;0.0286131163;-0.0287529678;-0.1697568402;0.3016467584
86.07;0.0268998185;-0.0257211156;-0.1728682439;0.3046676610
86.08;0.0251564469;-0.0226607407;-0.1757710409;0.3073507564
86.09;0.0233851039;-0.0195752366;-0.1784619932;0.3096930463
86.10;0.0215879232;-0.0164680247;-0.1809381159;0.3116919138
86.11;0.0197670669;-0.0133425506;-0.1831966805;0.3133451270
86.12;0.0179247231;-0.0102022806;-0.1852352182;0.3146508412
86.13;0.0160631034;-0.0070506971;-0.1870515222;0.3156076014
86.14;0.0141844400;-0.0038912954;-0.1886436504;0.3162143435
86.15;0.0122909833;-0.0007275793;-0.1900099278;0.3164703965
86.16;0.0103849990;0.0024369426;-0.1911489477;0.3163754823
86.17;0.0084687657;0.0055987607;-0.1920595738;0.3159297166
86.18;0.0065445718;0.0087543690;-0.1927409409;0.3151336087
86.19;0.0046147131;0.0119002680;-0.1931924560;0.3139880605
86.20;0.0026814900;0.0150329696;-0.1934137987;0.3124943659
86.21;0.0007472046;0.0181490003;-0.1934049214;0.3106542089
86.22;-0.0011858417;0.0212449057;-0.1931660490;0.3084696615
86.23;-0.0031153513;0.0243172537;-0.1926976787;0.3059431814
86.24;-0.0050390328;0.0273626389;-0.1920005791;0.3030776092
86.25;-0.0069546038;0.0303776862;-0.1910757887;0.2998761644
86.26;-0.0088597939;0.0333590545;-0.1899246151;0.2963424420
86.27;-0.0107523467;0.0363034406;-0.1885486327;0.2924804082
86.28;-0.0126300232;0.0392075826;-0.1869496806;0.2882943954
86.29;-0.0144906040;0.0420682641;-0.1851298606;0.2837890971
86.30;-0.0163318920;0.0448823170;-0.1830915340;0.2789695627
86.31;-0.0181517150;0.0476466258;-0.1808373187;0.2738411910
86.32;-0.0199479282;0.0503581304;-0.1783700862;0.2684097239
86.33;-0.0217184170;0.0530138301;-0.1756929574;0.2626812401
86.34;-0.0234610989;0.0556107864;-0.1728092989;0.2566621474
86.35;-0.0251739265;0.0581461267;-0.1697227189;0.2503591754
86.36;-0.0268548896;0.0606170471;-0.1664370625;0.2437793679
86.37;-0.0285020177;0.0630208157;-0.1629564070;0.2369300743
86.38;-0.0301133820;0.0653547757;-0.1592850568;0.2298189412
86.39;-0.0316870982;0.0676163481;-0.1554275380;0.2224539039
86.40;-0.0332213280;0.0698030347;-0.1513885931;0.2148431767
86.41;-0.0347142818;0.0719124209;-0.1471731749;0.2069952440
86.42;-0.0361642204;0.0739421780;-0.1427864403;0.1989188503
86.43;-0.0375694573;0.0758900663;-0.1382337446;0.1906229903
86.44;-0.0389283605;0.0777539370;-0.1335206343;0.1821168987
86.45;-0.0402393543;0.0795317349;-0.1286528407;0.1734100399
86.46;-0.0415009214;0.0812215008;-0.1236362730;0.1645120971
86.47;-0.0427116041;0.0828213729;-0.1184770110;0.1554329616
86.48;-0.0438700067;0.0843295896;-0.1131812978;0.1461827216
86.49;-0.0449747965;0.0857444911;-0.1077555323;0.1367716511
86.50;-0.0460247056;0.0870645213;-0.1022062617;0.1272101983
86.51;-0.0470185323;0.0882882292;-0.0965401732;0.1175089742
86.52;-0.0479551424;0.0894142707;-0.0907640866;0.1076787407
86.53;-0.0488334705;0.0904414102;-0.0848849456;0.0977303989
86.54;-0.0496525213;0.0913685217;-0.0789098101;0.0876749768
86.55;-0.0504113706;0.0921945900;-0.0728458470;0.0775236178
86.56;-0.0511091663;0.0929187117;-0.0667003228;0.0672875677
86.57;-0.0517451297;0.0935400968;-0.0604805939;0.0569781631
86.58;-0.0523185556;0.0940580685;-0.0541940987;0.0466068188
86.59;-0.0528288141;0.0944720649;-0.0478483483;0.0361850151
86.60;-0.0532753503;0.0947816390;-0.0414509179;0.0257242860
86.61;-0.0536576856;0.0949864595;-0.0350094379;0.0152362059
86.62;-0.0539754178;0.0950863107;-0.0285315848;0.0047323774
86.63;-0.0542282218;0.0950810932;-0.0220250723;-0.0057755811
86.64;-0.0544158495;0.0949708240;-0.0154976420;-0.0162760482
86.65;-0.0545381307;0.0947556360;-0.0089570547;-0.0267574123
86.66;-0.0545949727;0.0944357781;-0.0024110811;-0.0372080835
86.67;-0.0545863603;0.0940116151;0.0041325073;-0.0476165069
86.68;-0.0545123564;0.0934836271;0.0106659474;-0.0579711749
86.69;-0.0543731010;0.0928524090;0.0171814933;-0.0682606393
86.70;-0.0541688119;0.0921186697;0.0236714253;-0.0784735242
86.71;-0.0538997835;0.0912832314;0.0301280595;-0.0885985382
86.72;-0.0535663872;0.0903470291;0.0365437561;-0.0986244867
86.73;-0.0531690702;0.0893111089;0.0429109286;-0.1085402840
86.74;-0.0527083554;0.0881766272;0.0492220526;-0.1183349655
86.75;-0.0521848408;0.0869448495;0.0554696748;-0.1279976998
86.76;-0.0515991982;0.0856171487;0.0616464212;-0.1375178004
86.77;-0.0509521729;0.0841950040;0.0677450062;-0.1468847375
86.78;-0.0502445826;0.0826799991;0.0737582409;-0.1560881496
86.79;-0.0494773163;0.0810738201;0.0796790414;-0.1651178550
86.80;-0.0486513332;0.0793782544;0.0855004370;-0.1739638631
86.81;-0.0477676617;0.0775951879;0.0912155788;-0.1826163855
86.82;-0.0468273982;0.0757266036;0.0968177472;-0.1910658465
86.83;-0.0458317054;0.0737745791;0.1023003598;-0.1993028944
86.84;-0.0447818110;0.0717412842;0.1076569794;-0.2073184119
86.85;-0.0436790067;0.0696289789;0.1128813212;-0.2151035258
86.86;-0.0425246460;0.0674400105;0.1179672604;-0.2226496176
86.87;-0.0413201428;0.0651768112;0.1229088390;-0.2299483329
86.88;-0.0400669697;0.0628418954;0.1277002732;-0.2369915913
86.89;-0.0387666565;0.0604378570;0.1323359600;-0.2437715948
86.90;-0.0374207878;0.0579673662;0.1368104834;-0.2502808378
86.91;-0.0360310015;0.0554331669;0.1411186214;-0.2565121147
86.92;-0.0345989868;0.0528380735;0.1452553516;-0.2624585286
86.93;-0.0331264820;0.0501849679;0.1492158572;-0.2681134994
86.94;-0.0316152725;0.0474767959;0.1529955329;-0.2734707712
86.95;-0.0300671888;0.0447165646;0.1565899898;-0.2785244194
86.96;-0.0284841040;0.0419073383;0.1599950610;-0.2832688579
86.97;-0.0268679320;0.0390522357;0.1632068061;-0.2876988454
86.98;-0.0252206248;0.0361544260;0.1662215162;-0.2918094914
86.99;-0.0235441701;0.0332171256;0.1690357179;-0.2955962623
87.00;-0.0218405896;0.0302435943;0.1716461773;-0.2990549862
87.01;-0.0201119358;0.0272371321;0.1740499042;-0.3021818581
87.02;-0.0183602898;0.0242010749;0.1762441552;-0.3049734444
87.03;-0.0165877593;0.0211387911;0.1782264369;-0.3074266867
87.04;-0.0147964752;0.0180536780;0.1799945088;-0.3095389054
87.05;-0.0129885898;0.0149491575;0.1815463863;-0.3113078031
87.06;-0.0111662740;0.0118286728;0.1828803421;-0.3127314669
87.07;-0.0093317144;0.0086956842;0.1839949090;-0.3138083708
87.08;-0.0074871112;0.0055536652;0.1848888810;-0.3145373778
87.09;-0.0056346753;0.0024060989;0.1855613150;-0.3149177403
87.10;-0.0037766257;-0.0007435262;0.1860115316;-0.3149491020
87.11;-0.0019151868;-0.0038917198;0.1862391157;-0.3146314974
87.12;-0.0000525860;-0.0070349942;0.1862439171;-0.3139653521
87.13;0.0018089492;-0.0101698677;0.1860260505;-0.3129514822
87.14;0.0036671939;-0.0132928687;0.1855858953;-0.3115910931
87.15;0.0055199282;-0.0164005397;0.1849240945;-0.3098857781
87.16;0.0073649400;-0.0194894410;0.1840415548;-0.3078375163
87.17;0.0092000273;-0.0225561546;0.1829394443;-0.3054486704
87.18;0.0110230016;-0.0255972881;0.1816191918;-0.3027219834
87.19;0.0128316896;-0.0286094784;0.1800824843;-0.2996605757
87.20;0.0146239362;-0.0315893955;0.1783312656;-0.2962679409
87.21;0.0163976071;-0.0345337459;0.1763677328;-0.2925479417
87.22;0.0181505912;-0.0374392771;0.1741943347;-0.2885048056
87.23;0.0198808032;-0.0403027801;0.1718137678;-0.2841431191
87.24;0.0215861858;-0.0431210940;0.1692289734;-0.2794678228
87.25;0.0232647124;-0.0458911087;0.1664431338;-0.2744842052
87.26;0.0249143896;-0.0486097690;0.1634596685;-0.2691978967
87.27;0.0265332592;-0.0512740775;0.1602822298;-0.2636148624
87.28;0.0281194005;-0.0538810981;0.1569146984;-0.2577413956
87.29;0.0296709331;-0.0564279593;0.1533611786;-0.2515841099
87.30;0.0311860185;-0.0589118572;0.1496259934;-0.2451499319
87.31;0.0326628625;-0.0613300589;0.1457136791;-0.2384460927
87.32;0.0340997174;-0.0636799052;0.1416289798;-0.2314801197
87.33;0.0354948839;-0.0659588135;0.1373768416;-0.2242598278
87.34;0.0368467132;-0.0681642809;0.1329624068;-0.2167933103
87.35;0.0381536088;-0.0702938868;0.1283910074;-0.2090889298
87.36;0.0394140285;-0.0723452953;0.1236681588;-0.2011553080
87.37;0.0406264860;-0.0743162583;0.1187995532;-0.1930013168
87.38;0.0417895532;-0.0762046174;0.1137910528;-0.1846360673
87.39;0.0429018608;-0.0780083065;0.1086486826;-0.1760688999
87.40;0.0439621011;-0.0797253542;0.1033786233;-0.1673093735
87.41;0.0449690287;-0.0813538853;0.0979872037;-0.1583672551
87.42;0.0459214622;-0.0828921238;0.0924808936;-0.1492525085
87.43;0.0468182856;-0.0843383938;0.0868662956;-0.1399752830
87.44;0.0476584495;-0.0856911222;0.0811501376;-0.1305459026
87.45;0.0484409726;-0.0869488396;0.0753392644;-0.1209748541
87.46;0.0491649423;-0.0881101825;0.0694406302;-0.1112727756
87.47;0.0498295162;-0.0891738943;0.0634612897;-0.1014504447
87.48;0.0504339228;-0.0901388268;0.0574083902;-0.0915187667
87.49;0.0509774628;-0.0910039418;0.0512891631;-0.0814887626
87.50;0.0514595093;-0.0917683114;0.0451109149;-0.0713715568
87.51;0.0518795090;-0.0924311196;0.0388810193;-0.0611783652
87.52;0.0522369823;-0.0929916630;0.0326069082;-0.0509204829
87.53;0.0525315247;-0.0934493515;0.0262960626;-0.0406092718
87.54;0.0527628062;-0.0938037088;0.0199560043;-0.0302561480
87.55;0.0529305725;-0.0940543729;0.0135942871;-0.0198725700
87.56;0.0530346450;-0.0942010969;0.0072184874;-0.0094700258
87.57;0.0530749207;-0.0942437486;0.0008361957;0.0009399795
87.58;0.0530513726;-0.0941823108;-0.0055449922;0.0113459363
87.59;0.0529640498;-0.0940168817;-0.0119174845;0.0217363423
87.60;0.0528130772;-0.0937476741;-0.0182737019;0.0320997160
87.61;0.0525986552;-0.0933750157;-0.0246060869;0.0424246082
87.62;0.0523210600;-0.0928993482;-0.0309071120;0.0526996149
87.63;0.0519806425;-0.0923212275;-0.0371692894;0.0629133896
87.64;0.0515778285;-0.0916413222;-0.0433851790;0.0730546555
87.65;0.0511131178;-0.0908604134;-0.0495473975;0.0831122178
87.66;0.0505870838;-0.0899793939;-0.0556486271;0.0930749758
87.67;0.0500003727;-0.0889992666;-0.0616816236;0.1029319352
87.68;0.0493537027;-0.0879211441;-0.0676392256;0.1126722195
87.69;0.0486478631;-0.0867462470;-0.0735143625;0.1222850828
87.70;0.0478837136;-0.0854759026;-0.0793000626;0.1317599206
87.71;0.0470621829;-0.0841115435;-0.0849894617;0.1410862820
87.72;0.0461842679;-0.0826547062;-0.0905758109;0.1502538812
87.73;0.0452510323;-0.0811070289;-0.0960524849;0.1592526083
87.74;0.0442636055;-0.0794702501;-0.1014129890;0.1680725410
87.75;0.0432231810;-0.0777462065;-0.1066509678;0.1767039553
87.76;0.0421310153;-0.0759368311;-0.1117602116;0.1851373364
87.77;0.0409884261;-0.0740441509;-0.1167346647;0.1933633892
87.78;0.0397967910;-0.0720702847;-0.1215684319;0.2013730487
87.79;0.0385575456;-0.0700174407;-0.1262557857;0.2091574899
87.80;0.0372721819;-0.0678879143;-0.1307911730;0.2167081384
87.81;0.0359422466;-0.0656840851;-0.1351692216;0.2240166790
87.82;0.0345693392;-0.0634084146;-0.1393847468;0.2310750661
87.83;0.0331551101;-0.0610634436;-0.1434327573;0.2378755320
87.84;0.0317012585;-0.0586517888;-0.1473084613;0.2444105962
87.85;0.0302095306;-0.0561761404;-0.1510072719;0.2506730738
87.86;0.0286817174;-0.0536392589;-0.1545248129;0.2566560833
87.87;0.0271196525;-0.0510439722;-0.1578569236;0.2623530552
87.88;0.0255252102;-0.0483931722;-0.1609996642;0.2677577387
87.89;0.0239003029;-0.0456898116;-0.1639493201;0.2728642097
87.90;0.0222468791;-0.0429369008;-0.1667024065;0.2776668768
87.91;0.0205669209;-0.0401375043;-0.1692556724;0.2821604883
87.92;0.0188624418;-0.0372947377;-0.1716061048;0.2863401381
87.93;0.0171354842;-0.0344117634;-0.1737509319;0.2902012712
87.94;0.0153881170;-0.0314917880;-0.1756876264;0.2937396892
87.95;0.0136224331;-0.0285380582;-0.1774139088;0.2969515550
87.96;0.0118405470;-0.0255538571;-0.1789277501;0.2998333973
87.97;0.0100445923;-0.0225425008;-0.1802273739;0.3023821147
87.98;0.0082367188;-0.0195073344;-0.1813112585;0.3045949788
87.99;0.0064190905;-0.0164517287;-0.1821781392;0.3064696379
88.00;0.0045938828;-0.0133790757;-0.1828270092;0.3080041195
88.01;0.0027632796;-0.0102927856;-0.1832571211;0.3091968324
88.02;0.0009294712;-0.0071962824;-0.1834679878;0.3100465687
88.03;-0.0009053485;-0.0040930004;-0.1834593826;0.3105525046
88.04;-0.0027389849;-0.0009863799;-0.1832313402;0.3107142022
88.05;-0.0045692448;0.0021201359;-0.1827841559;0.3105316090
88.06;-0.0063939393;0.0052231056;-0.1821183856;0.3100050581
88.07;-0.0082108865;0.0083190929;-0.1812348449;0.3091352681
88.08;-0.0100179138;0.0114046704;-0.1801346083;0.3079233416
88.09;-0.0118128607;0.0144764241;-0.1788190077;0.3063707637
88.10;-0.0135935813;0.0175309563;-0.1772896307;0.3044794007
88.11;-0.0153579468;0.0205648902;-0.1755483188;0.3022514970
88.12;-0.0171038482;0.0235748731;-0.1735971650;0.2996896731
88.13;-0.0188291984;0.0265575805;-0.1714385115;0.2967969213
88.14;-0.0205319353;0.0295097195;-0.1690749465;0.2935766032
88.15;-0.0222100237;0.0324280330;-0.1665093014;0.2900324446
88.16;-0.0238614579;0.0353093025;-0.1637446469;0.2861685314
88.17;-0.0254842642;0.0381503524;-0.1607842899;0.2819893046
88.18;-0.0270765031;0.0409480534;-0.1576317689;0.2774995550
88.19;-0.0286362715;0.0436993255;-0.1542908501;0.2727044172
88.20;-0.0301617053;0.0464011419;-0.1507655227;0.2676093636
88.21;-0.0316509812;0.0490505323;-0.1470599943;0.2622201977
88.22;-0.0331023192;0.0516445858;-0.1431786854;0.2565430475
88.23;-0.0345139844;0.0541804547;-0.1391262246;0.2505843578
88.24;-0.0358842892;0.0566553570;-0.1349074428;0.2443508831
88.25;-0.0372115955;0.0590665798;-0.1305273672;0.2378496791
88.26;-0.0384943163;0.0614114825;-0.1259912158;0.2310880948
88.27;-0.0397309176;0.0636874992;-0.1213043909;0.2240737639
88.28;-0.0409199204;0.0658921416;-0.1164724723;0.2168145956
88.29;-0.0420599025;0.0680230021;-0.1115012114;0.2093187660
88.30;-0.0431494998;0.0700777561;-0.1063965238;0.2015947079
88.31;-0.0441874084;0.0720541644;-0.1011644823;0.1936511020
88.32;-0.0451723857;0.0739500760;-0.0958113101;0.1854968660
88.33;-0.0461032520;0.0757634300;-0.0903433730;0.1771411454
88.34;-0.0469788922;0.0774922584;-0.0847671721;0.1685933023
88.35;-0.0477982566;0.0791346875;-0.0790893359;0.1598629051
88.36;-0.0485603626;0.0806889405;-0.0733166127;0.1509597180
88.37;-0.0492642954;0.0821533390;-0.0674558626;0.1418936894
88.38;-0.0499092096;0.0835263052;-0.0615140493;0.1326749414
88.39;-0.0504943297;0.0848063630;-0.0554982321;0.1233137579
88.40;-0.0510189514;0.0859921403;-0.0494155572;0.1138205738
88.41;-0.0514824421;0.0870823697;-0.0432732498;0.1042059626
88.42;-0.0518842419;0.0880758904;-0.0370786053;0.0944806256
88.43;-0.0522238642;0.0889716492;-0.0308389808;0.0846553794
88.44;-0.0525008963;0.0897687014;-0.0245617866;0.0747411444
88.45;-0.0527149996;0.0904662121;-0.0182544773;0.0647489324
88.46;-0.0528659104;0.0910634570;-0.0119245431;0.0546898350
88.47;-0.0529534401;0.0915598230;-0.0055795013;0.0445750114
88.48;-0.0529774752;0.0919548089;0.0007731129;0.0344156757
88.49;-0.0529379777;0.0922480257;0.0071257550;0.0242230854
88.50;-0.0528349851;0.0924391973;0.0134708799;0.0140085287
88.51;-0.0526686103;0.0925281607;0.0198009511;0.0037833123
88.52;-0.0524390414;0.0925148658;0.0261084493;-0.0064412507
88.53;-0.0521465415;0.0923993756;0.0323858811;-0.0166538532
88.54;-0.0517914488;0.0921818662;0.0386257880;-0.0268432065
88.55;-0.0513741756;0.0918626265;0.0448207551;-0.0369980523
88.56;-0.0508952081;0.0914420576;0.0509634196;-0.0471071749
88.57;-0.0503551059;0.0909206726;0.0570464796;-0.0571594136
88.58;-0.0497545013;0.0902990959;0.0630627027;-0.0671436747
88.59;-0.0490940985;0.0895780625;0.0690049344;-0.0770489432
88.60;-0.0483746728;0.0887584168;0.0748661066;-0.0868642954
88.61;-0.0475970698;0.0878411124;0.0806392457;-0.0965789103
88.62;-0.0467622043;0.0868272101;0.0863174810;-0.1061820814
88.63;-0.0458710591;0.0857178775;0.0918940528;-0.1156632287
88.64;-0.0449246843;0.0845143871;0.0973623204;-0.1250119098
88.65;-0.0439241955;0.0832181152;0.1027157695;-0.1342178316
88.66;-0.0428707729;0.0818305402;0.1079480207;-0.1432708617
88.67;-0.0417656599;0.0803532409;0.1130528362;-0.1521610391
88.68;-0.0406101613;0.0787878949;0.1180241278;-0.1608785856
88.69;-0.0394056422;0.0771362766;0.1228559639;-0.1694139161
88.70;-0.0381535262;0.0754002553;0.1275425764;-0.1777576497
88.71;-0.0368552935;0.0735817929;0.1320783678;-0.1859006198
88.72;-0.0355124797;0.0716829420;0.1364579177;-0.1938338841
88.73;-0.0341266735;0.0697058433;0.1406759894;-0.2015487351
88.74;-0.0326995150;0.0676527236;0.1447275360;-0.2090367093
88.75;-0.0312326940;0.0655258928;0.1486077064;-0.2162895969
88.76;-0.0297279477;0.0633277419;0.1523118514;-0.2232994507
88.77;-0.0281870586;0.0610607396;0.1558355289;-0.2300585957
88.78;-0.0266118528;0.0587274304;0.1591745095;-0.2365596369
88.79;-0.0250041975;0.0563304310;0.1623247815;-0.2427954683
88.80;-0.0233659989;0.0538724278;0.1652825555;-0.2487592806
88.81;-0.0216992000;0.0513561739;0.1680442694;-0.2544445691
88.82;-0.0200057782;0.0487844856;0.1706065925;-0.2598451408
88.83;-0.0182877432;0.0461602398;0.1729664293;-0.2649551219
88.84;-0.0165471342;0.0434863704;0.1751209237;-0.2697689639
88.85;-0.0147860180;0.0407658651;0.1770674619;-0.2742814506
88.86;-0.0130064861;0.0380017622;0.1788036763;-0.2784877034
88.87;-0.0112106527;0.0351971470;0.1803274476;-0.2823831873
88.88;-0.0094006516;0.0323551484;0.1816369081;-0.2859637159
88.89;-0.0075786343;0.0294789354;0.1827304433;-0.2892254561
88.90;-0.0057467671;0.0265717136;0.1836066946;-0.2921649327
88.91;-0.0039072285;0.0236367215;0.1842645603;-0.2947790323
88.92;-0.0020622067;0.0206772268;0.1847031975;-0.2970650065
88.93;-0.0002138973;0.0176965231;0.1849220229;-0.2990204754
88.94;0.0016354999;0.0146979258;0.1849207134;-0.3006434299
88.95;0.0034837829;0.0116847685;0.1846992071;-0.3019322345
88.96;0.0053287506;0.0086603992;0.1842577026;-0.3028856281
88.97;0.0071682051;0.0056281770;0.1835966595;-0.3035027265
88.98;0.0089999544;0.0025914675;0.1827167976;-0.3037830224
88.99;0.0108218149;-0.0004463602;0.1816190960;-0.3037263860
89.00;0.0126316142;-0.0034819378;0.1803047921;-0.3033330654
89.01;0.0144271936;-0.0065119013;0.1787753802;-0.3026036857
89.02;0.0162064105;-0.0095328946;0.1770326096;-0.3015392481
89.03;0.0179671412;-0.0125415738;0.1750784826;-0.3001411287
89.04;0.0197072831;-0.0155346106;0.1729152522;-0.2984110767
89.05;0.0214247575;-0.0185086959;0.1705454192;-0.2963512119
89.06;0.0231175119;-0.0214605437;0.1679717297;-0.2939640223
89.07;0.0247835225;-0.0243868947;0.1651971714;-0.2912523606
89.08;0.0264207965;-0.0272845199;0.1622249701;-0.2882194410
89.09;0.0280273745;-0.0301502244;0.1590585863;-0.2848688349
89.10;0.0296013331;-0.0329808507;0.1557017107;-0.2812044668
89.11;0.0311407868;-0.0357732820;0.1521582597;-0.2772306092
89.12;0.0326438902;-0.0385244465;0.1484323715;-0.2729518775
89.13;0.0341088405;-0.0412313198;0.1445284002;-0.2683732244
89.14;0.0355338797;-0.0438909288;0.1404509115;-0.2634999340
89.15;0.0369172962;-0.0465003549;0.1362046769;-0.2583376151
89.16;0.0382574273;-0.0490567373;0.1317946681;-0.2528921951
89.17;0.0395526608;-0.0515572759;0.1272260511;-0.2471699120
89.18;0.0408014374;-0.0539992344;0.1225041803;-0.2411773081
89.19;0.0420022520;-0.0563799437;0.1176345920;-0.2349212212
89.20;0.0431536558;-0.0586968042;0.1126229980;-0.2284087773
89.21;0.0442542582;-0.0609472893;0.1074752789;-0.2216473817
89.22;0.0453027278;-0.0631289475;0.1021974769;-0.2146447108
89.23;0.0462977947;-0.0652394056;0.0967957893;-0.2074087027
89.24;0.0472382517;-0.0672763710;0.0912765605;-0.1999475485
89.25;0.0481229557;-0.0692376342;0.0856462752;-0.1922696823
89.26;0.0489508290;-0.0711210711;0.0799115503;-0.1843837718
89.27;0.0497208610;-0.0729246457;0.0740791276;-0.1762987083
89.28;0.0504321088;-0.0746464117;0.0681558657;-0.1680235967
89.29;0.0510836987;-0.0762845151;0.0621487318;-0.1595677448
89.30;0.0516748274;-0.0778371958;0.0560647940;-0.1509406529
89.31;0.0522047624;-0.0793027896;0.0499112125;-0.1421520032
89.32;0.0526728436;-0.0806797301;0.0436952319;-0.1332116488
89.33;0.0530784834;-0.0819665502;0.0374241722;-0.1241296025
89.34;0.0534211680;-0.0831618837;0.0311054205;-0.1149160260
89.35;0.0537004577;-0.0842644666;0.0247464224;-0.1055812179
89.36;0.0539159873;-0.0852731387;0.0183546732;-0.0961356031
89.37;0.0540674671;-0.0861868444;0.0119377094;-0.0865897206
89.38;0.0541546827;-0.0870046343;0.0055030998;-0.0769542119
89.39;0.0541774956;-0.0877256657;-0.0009415636;-0.0672398098
89.40;0.0541358432;-0.0883492035;-0.0073886740;-0.0574573258
89.41;0.0540297393;-0.0888746215;-0.0138306186;-0.0476176391
89.42;0.0538592735;-0.0893014021;-0.0202597881;-0.0377316839
89.43;0.0536246115;-0.0896291375;-0.0266685851;-0.0278104379
89.44;0.0533259949;-0.0898575299;-0.0330494327;-0.0178649102
89.45;0.0529637411;-0.0899863915;-0.0393947841;-0.0079061293
89.46;0.0525382426;-0.0900156451;-0.0456971306;0.0020548689
89.47;0.0520499667;-0.0899453235;-0.0519490112;0.0120070532
89.48;0.0514994553;-0.0897755701;-0.0581430205;0.0219394088
89.49;0.0508873237;-0.0895066381;-0.0642718178;0.0318409496
89.50;0.0502142606;-0.0891388903;-0.0703281357;0.0417007302
89.51;0.0494810266;-0.0886727990;-0.0763047886;0.0515078572
89.52;0.0486884540;-0.0881089448;-0.0821946809;0.0612515016
89.53;0.0478374455;-0.0874480164;-0.0879908158;0.0709209106
89.54;0.0469289732;-0.0866908096;-0.0936863031;0.0805054187
89.55;0.0459640776;-0.0858382263;-0.0992743672;0.0899944599
89.56;0.0449438662;-0.0848912735;-0.1047483559;0.0993775790
89.57;0.0438695125;-0.0838510623;-0.1101017471;0.1086444427
89.58;0.0427422545;-0.0827188063;-0.1153281577;0.1177848515
89.59;0.0415633934;-0.0814958203;-0.1204213502;0.1267887502
89.60;0.0403342919;-0.0801835193;-0.1253752406;0.1356462393
89.61;0.0390563728;-0.0787834161;-0.1301839055;0.1443475857
89.62;0.0377311171;-0.0772971200;-0.1348415891;0.1528832335
89.63;0.0363600629;-0.0757263350;-0.1393427104;0.1612438142
89.64;0.0349448028;-0.0740728579;-0.1436818692;0.1694201576
89.65;0.0334869828;-0.0723385759;-0.1478538532;0.1774033011
89.66;0.0319882998;-0.0705254651;-0.1518536440;0.1851845005
89.67;0.0304505000;-0.0686355875;-0.1556764230;0.1927552390
89.68;0.0288753768;-0.0666710895;-0.1593175776;0.2001072370
89.69;0.0272647686;-0.0646341988;-0.1627727061;0.2072324613
89.70;0.0256205568;-0.0625272222;-0.1660376239;0.2141231338
89.71;0.0239446635;-0.0603525431;-0.1691083677;0.2207717406
89.72;0.0222390492;-0.0581126185;-0.1719812008;0.2271710401
89.73;0.0205057109;-0.0558099766;-0.1746526178;0.2333140712
89.74;0.0187466792;-0.0534472136;-0.1771193483;0.2391941610
89.75;0.0169640164;-0.0510269911;-0.1793783614;0.2448049327
89.76;0.0151598137;-0.0485520330;-0.1814268693;0.2501403123
89.77;0.0133361892;-0.0460251222;-0.1832623306;0.2551945356
89.78;0.0114952850;-0.0434490977;-0.1848824536;0.2599621551
89.79;0.0096392648;-0.0408268516;-0.1862851990;0.2644380453
89.80;0.0077703116;-0.0381613253;-0.1874687828;0.2686174095
89.81;0.0058906249;-0.0354555068;-0.1884316778;0.2724957843
89.82;0.0040024180;-0.0327124268;-0.1891726165;0.2760690452
89.83;0.0021079158;-0.0299351556;-0.1896905921;0.2793334111
89.84;0.0002093519;-0.0271267998;-0.1899848597;0.2822854484
89.85;-0.0016910340;-0.0242904981;-0.1900549378;0.2849220752
89.86;-0.0035909987;-0.0214294188;-0.1899006089;0.2872405641
89.87;-0.0054882982;-0.0185467553;-0.1895219193;0.2892385458
89.88;-0.0073806902;-0.0156457231;-0.1889191799;0.2909140117
89.89;-0.0092659369;-0.0127295557;-0.1880929656;0.2922653155
89.90;-0.0111418073;-0.0098015017;-0.1870441145;0.2932911754
89.91;-0.0130060806;-0.0068648202;-0.1857737275;0.2939906754
89.92;-0.0148565479;-0.0039227779;-0.1842831665;0.2943632659
89.93;-0.0166910154;-0.0009786453;-0.1825740536;0.2944087645
89.94;-0.0185073067;0.0019643075;-0.1806482684;0.2941273555
89.95;-0.0203032655;0.0049028139;-0.1785079468;0.2935195901
89.96;-0.0220767584;0.0078336144;-0.1761554777;0.2925863847
89.97;-0.0238256767;0.0107534609;-0.1735935008;0.2913290204
89.98;-0.0255479396;0.0136591197;-0.1708249033;0.2897491408
89.99;-0.0272414964;0.0165473753;-0.1678528167;0.2878487499
90.00;-0.0289043288;0.0194150341;-0.1646806129;0.2856302094
90.01;-0.0305344535;0.0222589279;-0.1613119008;0.2830962359
90.02;-0.0321299245;0.0250759175;-0.1577505216;0.2802498974
90.03;-0.0336888352;0.0278628960;-0.1540005444;0.2770946091
90.04;-0.0352093210;0.0306167923;-0.1500662619;0.2736341297
90.05;-0.0366895611;0.0333345748;-0.1459521848;0.2698725563
90.06;-0.0381277811;0.0360132545;-0.1416630371;0.2658143196
90.07;-0.0395222547;0.0386498881;-0.1372037501;0.2614641783
90.08;-0.0408713060;0.0412415819;-0.1325794570;0.2568272135
90.09;-0.0421733115;0.0437854942;-0.1277954868;0.2519088223
90.10;-0.0434267018;0.0462788391;-0.1228573583;0.2467147114
90.11;-0.0446299638;0.0487188893;-0.1177707733;0.2412508903
90.12;-0.0457816420;0.0511029789;-0.1125416102;0.2355236643
90.13;-0.0468803408;0.0534285065;-0.1071759174;0.2295396263
90.14;-0.0479247259;0.0556929382;-0.1016799059;0.2233056497
90.15;-0.0489135257;0.0578938101;-0.0960599421;0.2168288801
90.16;-0.0498455332;0.0600287311;-0.0903225408;0.2101167266
90.17;-0.0507196072;0.0620953855;-0.0844743572;0.2031768534
90.18;-0.0515346737;0.0640915354;-0.0785221795;0.1960171708
90.19;-0.0522897272;0.0660150233;-0.0724729211;0.1886458261
90.20;-0.0529838319;0.0678637742;-0.0663336121;0.1810711939
90.21;-0.0536161230;0.0696357981;-0.0601113917;0.1733018667
90.22;-0.0541858075;0.0713291919;-0.0538134999;0.1653466450
90.23;-0.0546921652;0.0729421413;-0.0474472686;0.1572145271
90.24;-0.0551345498;0.0744729233;-0.0410201139;0.1489146989
90.25;-0.0555123893;0.0759199074;-0.0345395268;0.1404565236
90.26;-0.0558251874;0.0772815577;-0.0280130653;0.1318495309
90.27;-0.0560725231;0.0785564342;-0.0214483449;0.1231034064
90.28;-0.0562540523;0.0797431948;-0.0148530304;0.1142279807
90.29;-0.0563695074;0.0808405960;-0.0082348266;0.1052332182
90.30;-0.0564186983;0.0818474949;-0.0016014698;0.0961292062
90.31;-0.0564015121;0.0827628499;0.0050392813;0.0869261437
90.32;-0.0563179139;0.0835857219;0.0116796548;0.0776343297
90.33;-0.0561679462;0.0843152753;0.0183118742;0.0682641522
90.34;-0.0559517295;0.0849507786;0.0249281676;0.0588260765
90.35;-0.0556694618;0.0854916056;0.0315207767;0.0493306338
90.36;-0.0553214187;0.0859372354;0.0380819659;0.0397884094
90.37;-0.0549079529;0.0862872533;0.0446040307;0.0302100314
90.38;-0.0544294941;0.0865413510;0.0510793076;0.0206061585
90.39;-0.0538865481;0.0866993270;0.0575001821;0.0109874691
90.40;-0.0532796970;0.0867610866;0.0638590980;0.0013646488
90.41;-0.0526095977;0.0867266418;0.0701485662;-0.0082516204
90.42;-0.0518769819;0.0865961116;0.0763611732;-0.0178506727
90.43;-0.0510826549;0.0863697213;0.0824895899;-0.0274218693
90.44;-0.0502274949;0.0860478024;0.0885265802;-0.0369546105
90.45;-0.0493124518;0.0856307924;0.0944650095;-0.0464383471
90.46;-0.0483385467;0.0851192338;0.1002978528;-0.0558625916
90.47;-0.0473068698;0.0845137736;0.1060182032;-0.0652169303
90.48;-0.0462185802;0.0838151627;0.1116192799;-0.0744910340
90.49;-0.0450749040;0.0830242545;0.1170944363;-0.0836746694
90.50;-0.0438771329;0.0821420046;0.1224371676;-0.0927577105
90.51;-0.0426266233;0.0811694690;0.1276411189;-0.1017301495
90.52;-0.0413247939;0.0801078033;0.1327000923;-0.1105821075
90.53;-0.0399731248;0.0789582610;0.1376080544;-0.1193038459
90.54;-0.0385731557;0.0777221924;0.1423591436;-0.1278857763
90.55;-0.0371264839;0.0764010430;0.1469476771;-0.1363184715
90.56;-0.0356347624;0.0749963513;0.1513681573;-0.1445926757
90.57;-0.0340996986;0.0735097480;0.1556152789;-0.1526993148
90.58;-0.0325230518;0.0719429533;0.1596839349;-0.1606295060
90.59;-0.0309066312;0.0702977751;0.1635692230;-0.1683745681
90.60;-0.0292522943;0.0685761073;0.1672664512;-0.1759260307
90.61;-0.0275619440;0.0667799274;0.1707711438;-0.1832756436
90.62;-0.0258375274;0.0649112941;0.1740790465;-0.1904153862
90.63;-0.0240810326;0.0629723452;0.1771861321;-0.1973374761
90.64;-0.0222944869;0.0609652952;0.1800886046;-0.2040343778
90.65;-0.0204799545;0.0588924326;0.1827829047;-0.2104988112
90.66;-0.0186395338;0.0567561174;0.1852657134;-0.2167237596
90.67;-0.0167753555;0.0545587783;0.1875339569;-0.2227024775
90.68;-0.0148895794;0.0523029102;0.1895848095;-0.2284284983
90.69;-0.0129843926;0.0499910713;0.1914156978;-0.2338956412
90.70;-0.0110620064;0.0476258800;0.1930243038;-0.2390980185
90.71;-0.0091246544;0.0452100122;0.1944085675;-0.2440300418
90.72;-0.0071745890;0.0427461981;0.1955666896;-0.2486864287
90.73;-0.0052140796;0.0402372191;0.1964971343;-0.2530622082
90.74;-0.0032454095;0.0376859049;0.1971986306;-0.2571527266
90.75;-0.0012708735;0.0350951299;0.1976701743;-0.2609536524
90.76;0.0007072249;0.0324678106;0.1979110293;-0.2644609817
90.77;0.0026865764;0.0298069013;0.1979207288;-0.2676710420
90.78;0.0046648683;0.0271153918;0.1976990757;-0.2705804965
90.79;0.0066397870;0.0243963035;0.1972461434;-0.2731863478
90.80;0.0086090213;0.0216526858;0.1965622753;-0.2754859413
90.81;0.0105702646;0.0188876133;0.1956480851;-0.2774769680
90.82;0.0125212181;0.0161041817;0.1945044559;-0.2791574666
90.83;0.0144595927;0.0133055045;0.1931325396;-0.2805258263
90.84;0.0163831126;0.0104947099;0.1915337552;-0.2815807877
90.85;0.0182895172;0.0076749366;0.1897097878;-0.2823214445
90.86;0.0201765641;0.0048493306;0.1876625864;-0.2827472441
90.87;0.0220420321;0.0020210420;0.1853943616;-0.2828579882
90.88;0.0238837228;-0.0008067794;0.1829075838;-0.2826538325
90.89;0.0256994642;-0.0036309866;0.1802049795;-0.2821352865
90.90;0.0274871128;-0.0064484399;0.1772895291;-0.2813032123
90.91;0.0292445560;-0.0092560097;0.1741644626;-0.2801588236
90.92;0.0309697149;-0.0120505804;0.1708332569;-0.2787036840
90.93;0.0326605464;-0.0148290538;0.1672996309;-0.2769397048
90.94;0.0343150459;-0.0175883525;0.1635675419;-0.2748691423
90.95;0.0359312496;-0.0203254233;0.1596411807;-0.2724945951
90.96;0.0375072366;-0.0230372408;0.1555249670;-0.2698190006
90.97;0.0390411315;-0.0257208107;0.1512235442;-0.2668456316
90.98;0.0405311063;-0.0283731728;0.1467417741;-0.2635780915
90.99;0.0419753827;-0.0309914049;0.1420847313;-0.2600203107
91.00;0.0433722342;-0.0335726256;0.1372576973;-0.2561765409
91.01;0.0447199882;-0.0361139976;0.1322661547;-0.2520513502
91.02;0.0460170278;-0.0386127307;0.1271157806;-0.2476496177
91.03;0.0472617939;-0.0410660853;0.1218124402;-0.2429765271
91.04;0.0484527868;-0.0434713749;0.1163621800;-0.2380375608
91.05;0.0495885684;-0.0458259695;0.1107712209;-0.2328384931
91.06;0.0506677635;-0.0481272979;0.1050459511;-0.2273853831
91.07;0.0516890615;-0.0503728514;0.0991929188;-0.2216845678
91.08;0.0526512183;-0.0525601855;0.0932188244;-0.2157426542
91.09;0.0535530573;-0.0546869236;0.0871305134;-0.2095665116
91.10;0.0543934711;-0.0567507587;0.0809349677;-0.2031632636
91.11;0.0551714228;-0.0587494564;0.0746392985;-0.1965402795
91.12;0.0558859474;-0.0606808571;0.0682507376;-0.1897051659
91.13;0.0565361524;-0.0625428786;0.0617766292;-0.1826657573
91.14;0.0571212196;-0.0643335181;0.0552244217;-0.1754301078
91.15;0.0576404056;-0.0660508541;0.0486016588;-0.1680064810
91.16;0.0580930430;-0.0676930492;0.0419159715;-0.1604033409
91.17;0.0584785410;-0.0692583514;0.0351750685;-0.1526293420
91.18;0.0587963862;-0.0707450960;0.0283867283;-0.1446933195
91.19;0.0590461435;-0.0721517077;0.0215587895;-0.1366042791
91.20;0.0592274563;-0.0734767020;0.0146991424;-0.1283713868
91.21;0.0593400471;-0.0747186869;0.0078157198;-0.1200039584
91.22;0.0593837180;-0.0758763642;0.0009164876;-0.1115114493
91.23;0.0593583508;-0.0769485309;-0.0059905636;-0.1029034433
91.24;0.0592639073;-0.0779340804;-0.0128974285;-0.0941896424
91.25;0.0591004296;-0.0788320037;-0.0197960957;-0.0853798556
91.26;0.0588680395;-0.0796413905;-0.0266785569;-0.0764839880
91.27;0.0585669391;-0.0803614298;-0.0335368166;-0.0675120298
91.28;0.0581974104;-0.0809914110;-0.0403629006;-0.0584740453
91.29;0.0577598148;-0.0815307244;-0.0471488656;-0.0493801615
91.30;0.0572545932;-0.0819788618;-0.0538868083;-0.0402405571
91.31;0.0566822649;-0.0823354172;-0.0605688745;-0.0310654511
91.32;0.0560434279;-0.0826000867;-0.0671872678;-0.0218650918
91.33;0.0553387576;-0.0827726691;-0.0737342594;-0.0126497451
91.34;0.0545690063;-0.0828530659;-0.0802021960;-0.0034296836
91.35;0.0537350024;-0.0828412812;-0.0865835096;0.0057848246
91.36;0.0528376498;-0.0827374220;-0.0928707259;0.0149835276
91.37;0.0518779262;-0.0825416975;-0.0990564727;0.0241562008
91.38;0.0508568828;-0.0822544188;-0.1051334890;0.0332926577
91.39;0.0497756427;-0.0818759988;-0.1110946332;0.0423827613
91.40;0.0486353998;-0.0814069517;-0.1169328914;0.0514164354
91.41;0.0474374174;-0.0808478916;-0.1226413858;0.0603836754
91.42;0.0461830271;-0.0801995327;-0.1282133826;0.0692745590
91.43;0.0448736268;-0.0794626877;-0.1336423000;0.0780792576
91.44;0.0435106795;-0.0786382673;-0.1389217159;0.0867880464
91.45;0.0420957117;-0.0777272786;-0.1440453757;0.0953913156
91.46;0.0406303115;-0.0767308243;-0.1490071992;0.1038795807
91.47;0.0391161269;-0.0756501015;-0.1538012884;0.1122434927
91.48;0.0375548639;-0.0744863997;-0.1584219342;0.1204738486
91.49;0.0359482848;-0.0732410999;-0.1628636233;0.1285616013
91.50;0.0342982057;-0.0719156727;-0.1671210446;0.1364978698
91.51;0.0326064952;-0.0705116765;-0.1711890959;0.1442739487
91.52;0.0308750714;-0.0690307561;-0.1750628899;0.1518813177
91.53;0.0291059005;-0.0674746404;-0.1787377598;0.1593116515
91.54;0.0273009941;-0.0658451404;-0.1822092654;0.1665568281
91.55;0.0254624072;-0.0641441474;-0.1854731983;0.1736089389
91.56;0.0235922354;-0.0623736308;-0.1885255869;0.1804602961
91.57;0.0216926131;-0.0605356356;-0.1913627014;0.1871034426
91.58;0.0197657106;-0.0586322801;-0.1939810584;0.1935311590
91.59;0.0178137319;-0.0566657538;-0.1963774251;0.1997364725
91.60;0.0158389121;-0.0546383145;-0.1985488231;0.2057126642
91.61;0.0138435145;-0.0525522859;-0.2004925327;0.2114532765
91.62;0.0118298287;-0.0504100549;-0.2022060957;0.2169521206
91.63;0.0098001671;-0.0482140691;-0.2036873187;0.2222032831
91.64;0.0077568632;-0.0459668337;-0.2049342760;0.2272011327
91.65;0.0057022681;-0.0436709088;-0.2059453119;0.2319403263
91.66;0.0036387481;-0.0413289063;-0.2067190430;0.2364158150
91.67;0.0015686820;-0.0389434874;-0.2072543598;0.2406228499
91.68;-0.0005055415;-0.0365173590;-0.2075504284;0.2445569870
91.69;-0.0025815271;-0.0340532712;-0.2076066918;0.2482140924
91.70;-0.0046568750;-0.0315540135;-0.2074228704;0.2515903467
91.71;-0.0067291841;-0.0290224122;-0.2069989626;0.2546822491
91.72;-0.0087960548;-0.0264613270;-0.2063352453;0.2574866216
91.73;-0.0108550915;-0.0238736478;-0.2054322734;0.2600006119
91.74;-0.0129039055;-0.0212622912;-0.2042908795;0.2622216969
91.75;-0.0149401179;-0.0186301976;-0.2029121730;0.2641476853
91.76;-0.0169613624;-0.0159803274;-0.2012975389;0.2657767196
91.77;-0.0189652877;-0.0133156582;-0.1994486368;0.2671072785
91.78;-0.0209495606;-0.0106391808;-0.1973673985;0.2681381778
91.79;-0.0229118685;-0.0079538964;-0.1950560261;0.2688685720
91.80;-0.0248499222;-0.0052628128;-0.1925169898;0.2692979549
91.81;-0.0267614585;-0.0025689413;-0.1897530249;0.2694261596
91.82;-0.0286442429;0.0001247069;-0.1867671288;0.2692533588
91.83;-0.0304960721;0.0028151241;-0.1835625577;0.2687800638
91.84;-0.0323147767;0.0054993093;-0.1801428228;0.2680071244
91.85;-0.0340982238;0.0081742716;-0.1765116864;0.2669357265
91.86;-0.0358443191;0.0108370339;-0.1726731578;0.2655673915
91.87;-0.0375510097;0.0134846358;-0.1686314885;0.2639039733
91.88;-0.0392162866;0.0161141370;-0.1643911673;0.2619476564
91.89;-0.0408381866;0.0187226208;-0.1599569157;0.2597009527
91.90;-0.0424147949;0.0213071974;-0.1553336818;0.2571666984
91.91;-0.0439442475;0.0238650067;-0.1505266354;0.2543480504
91.92;-0.0454247328;0.0263932219;-0.1455411615;0.2512484819
91.93;-0.0468544945;0.0288890525;-0.1403828546;0.2478717786
91.94;-0.0482318331;0.0313497473;-0.1350575122;0.2442220335
91.95;-0.0495551079;0.0337725976;-0.1295711279;0.2403036422
91.96;-0.0508227394;0.0361549402;-0.1239298850;0.2361212971
91.97;-0.0520332106;0.0384941602;-0.1181401494;0.2316799819
91.98;-0.0531850691;0.0407876941;-0.1122084621;0.2269849653
91.99;-0.0542769290;0.0430330323;-0.1061415319;0.2220417949
92.00;-0.0553074718;0.0452277221;-0.0999462280;0.2168562901
92.01;-0.0562754490;0.0473693705;-0.0936295717;0.2114345356
92.02;-0.0571796826;0.0494556464;-0.0871987289;0.2057828735
92.03;-0.0580190672;0.0514842835;-0.0806610018;0.1999078963
92.04;-0.0587925711;0.0534530827;-0.0740238205;0.1938164385
92.05;-0.0594992373;0.0553599142;-0.0672947346;0.1875155693
92.06;-0.0601381849;0.0572027203;-0.0604814048;0.1810125833
92.07;-0.0607086104;0.0589795171;-0.0535915942;0.1743149927
92.08;-0.0612097880;0.0606883971;-0.0466331592;0.1674305183
92.09;-0.0616410713;0.0623275309;-0.0396140410;0.1603670803
92.10;-0.0620018933;0.0638951692;-0.0325422563;0.1531327893
92.11;-0.0622917678;0.0653896448;-0.0254258885;0.1457359370
92.12;-0.0625102896;0.0668093742;-0.0182730780;0.1381849864
92.13;-0.0626571351;0.0681528595;-0.0110920138;0.1304885623
92.14;-0.0627320631;0.0694186898;-0.0038909234;0.1226554413
92.15;-0.0627349144;0.0706055424;0.0033219360;0.1146945420
92.16;-0.0626656127;0.0717121848;0.0105382871;0.1066149145
92.17;-0.0625241646;0.0727374755;0.0177498418;0.0984257306
92.18;-0.0623106595;0.0736803651;0.0249483108;0.0901362728
92.19;-0.0620252696;0.0745398979;0.0321254128;0.0817559248
92.20;-0.0616682500;0.0753152122;0.0392728839;0.0732941598
92.21;-0.0612399382;0.0760055415;0.0463824873;0.0647605309
92.22;-0.0607407539;0.0766102153;0.0534460225;0.0561646599
92.23;-0.0601711985;0.0771286595;0.0604553345;0.0475162265
92.24;-0.0595318549;0.0775603971;0.0674023236;0.0388249579
92.25;-0.0588233866;0.0779050484;0.0742789541;0.0301006177
92.26;-0.0580465369;0.0781623318;0.0810772640;0.0213529951
92.27;-0.0572021287;0.0783320634;0.0877893738;0.0125918943
92.28;-0.0562910628;0.0784141575;0.0944074957;0.0038271233
92.29;-0.0553143177;0.0784086263;0.1009239428;-0.0049315167
92.30;-0.0542729481;0.0783155802;0.1073311373;-0.0136742419
92.31;-0.0531680840;0.0781352270;0.1136216202;-0.0223912971
92.32;-0.0520009292;0.0778678722;0.1197880592;-0.0310729664
92.33;-0.0507727603;0.0775139179;0.1258232574;-0.0397095834
92.34;-0.0494849251;0.0770738628;0.1317201619;-0.0482915422
92.35;-0.0481388411;0.0765483011;0.1374718719;-0.0568093082
92.36;-0.0467359942;0.0759379221;0.1430716467;-0.0652534278
92.37;-0.0452779366;0.0752435092;0.1485129137;-0.0736145395
92.38;-0.0437662856;0.0744659389;0.1537892759;-0.0818833839
92.39;-0.0422027215;0.0736061796;0.1588945198;-0.0900508138
92.40;-0.0405889858;0.0726652908;0.1638226226;-0.0981078043
92.41;-0.0389268790;0.0716444214;0.1685677591;-0.1060454629
92.42;-0.0372182593;0.0705448085;0.1731243089;-0.1138550387
92.43;-0.0354650395;0.0693677762;0.1774868631;-0.1215279329
92.44;-0.0336691860;0.0681147336;0.1816502306;-0.1290557074
92.45;-0.0318327155;0.0667871734;0.1856094442;-0.1364300945
92.46;-0.0299576935;0.0653866701;0.1893597670;-0.1436430062
92.47;-0.0280462315;0.0639148779;0.1928966978;-0.1506865426
92.48;-0.0261004851;0.0623735295;0.1962159766;-0.1575530009
92.49;-0.0241226510;0.0607644332;0.1993135898;-0.1642348839
92.50;-0.0221149648;0.0590894714;0.2021857751;-0.1707249083
92.51;-0.0200796987;0.0573505982;0.2048290260;-0.1770160127
92.52;-0.0180191583;0.0555498371;0.2072400962;-0.1831013653
92.53;-0.0159356807;0.0536892788;0.2094160037;-0.1889743714
92.54;-0.0138316312;0.0517710787;0.2113540344;-0.1946286812
92.55;-0.0117094011;0.0497974545;0.2130517454;-0.2000581961
92.56;-0.0095714047;0.0477706836;0.2145069682;-0.2052570759
92.57;-0.0074200764;0.0456931005;0.2157178115;-0.2102197452
92.58;-0.0052578685;0.0435670939;0.2166826635;-0.2149408994
92.59;-0.0030872477;0.0413951044;0.2174001941;-0.2194155107
92.60;-0.0009106926;0.0391796214;0.2178693565;-0.2236388335
92.61;0.0012693090;0.0369231803;0.2180893890;-0.2276064099
92.62;0.0034502631;0.0346283596;0.2180598156;-0.2313140742
92.63;0.0056296725;0.0322977781;0.2177804471;-0.2347579577
92.64;0.0078050396;0.0299340917;0.2172513816;-0.2379344929
92.65;0.0099738691;0.0275399904;0.2164730041;-0.2408404172
92.66;0.0121336708;0.0251181953;0.2154459869;-0.2434727768
92.67;0.0142819631;0.0226714556;0.2141712883;-0.2458289291
92.68;0.0164162751;0.0202025453;0.2126501522;-0.2479065465
92.69;0.0185341497;0.0177142599;0.2108841066;-0.2497036180
92.70;0.0206331468;0.0152094138;0.2088749619;-0.2512184514
92.71;0.0227108455;0.0126908364;0.2066248093;-0.2524496755
92.72;0.0247648474;0.0101613693;0.2041360180;-0.2533962406
92.73;0.0267927791;0.0076238629;0.2014112330;-0.2540574201
92.74;0.0287922951;0.0050811736;0.1984533720;-0.2544328104
92.75;0.0307610802;0.0025361597;0.1952656222;-0.2545223316
92.76;0.0326968527;-0.0000083209;0.1918514367;-0.2543262272
92.77;0.0345973665;-0.0025494145;0.1882145308;-0.2538450629
92.78;0.0364604141;-0.0050842748;0.1843588773;-0.2530797264
92.79;0.0382838289;-0.0076100658;0.1802887026;-0.2520314255
92.80;0.0400654879;-0.0101239651;0.1760084819;-0.2507016864
92.81;0.0418033140;-0.0126231674;0.1715229335;-0.2490923520
92.82;0.0434952786;-0.0151048873;0.1668370143;-0.2472055786
92.83;0.0451394036;-0.0175663623;0.1619559135;-0.2450438339
92.84;0.0467337643;-0.0200048565;0.1568850474;-0.2426098931
92.85;0.0482764908;-0.0224176631;0.1516300524;-0.2399068358
92.86;0.0497657710;-0.0248021074;0.1461967796;-0.2369380417
92.87;0.0511998522;-0.0271555503;0.1405912874;-0.2337071865
92.88;0.0525770435;-0.0294753907;0.1348198350;-0.2302182373
92.89;0.0538957172;-0.0317590688;0.1288888753;-0.2264754474
92.90;0.0551543114;-0.0340040686;0.1228050475;-0.2224833515
92.91;0.0563513313;-0.0362079208;0.1165751697;-0.2182467595
92.92;0.0574853512;-0.0383682056;0.1102062312;-0.2137707511
92.93;0.0585550162;-0.0404825555;0.1037053847;-0.2090606694
92.94;0.0595590435;-0.0425486574;0.0970799378;-0.2041221144
92.95;0.0604962244;-0.0445642556;0.0903373453;-0.1989609361
92.96;0.0613654252;-0.0465271543;0.0834852005;-0.1935832279
92.97;0.0621655889;-0.0484352194;0.0765312269;-0.1879953188
92.98;0.0628957364;-0.0502863818;0.0694832691;-0.1822037661
92.99;0.0635549675;-0.0520786385;0.0623492844;-0.1762153475
93.00;0.0641424622;-0.0538100557;0.0551373335;-0.1700370533
93.01;0.0646574815;-0.0554787706;0.0478555717;-0.1636760777
93.02;0.0650993684;-0.0570829929;0.0405122398;-0.1571398110
93.03;0.0654675487;-0.0586210077;0.0331156543;-0.1504358303
93.04;0.0657615319;-0.0600911763;0.0256741987;-0.1435718912
93.05;0.0659809113;-0.0614919387;0.0181963138;-0.1365559183
93.06;0.0661253650;-0.0628218148;0.0106904881;-0.1293959964
93.07;0.0661946563;-0.0640794062;0.0031652486;-0.1221003610
93.08;0.0661886338;-0.0652633975;-0.0043708493;-0.1146773890
93.09;0.0661072317;-0.0663725578;-0.0119092309;-0.1071355887
93.10;0.0659504702;-0.0674057419;-0.0194413122;-0.0994835905
93.11;0.0657184551;-0.0683618914;-0.0269585094;-0.0917301370
93.12;0.0654113782;-0.0692400359;-0.0344522487;-0.0838840727
93.13;0.0650295168;-0.0700392940;-0.0419139759;-0.0759543345
93.14;0.0645732338;-0.0707588738;-0.0493351659;-0.0679499410
93.15;0.0640429769;-0.0713980742;-0.0567073329;-0.0598799831
93.16;0.0634392787;-0.0719562854;-0.0640220392;-0.0517536129
93.17;0.0627627556;-0.0724329891;-0.0712709054;-0.0435800341
93.18;0.0620141078;-0.0728277595;-0.0784456197;-0.0353684915
93.19;0.0611941179;-0.0731402633;-0.0855379474;-0.0271282605
93.20;0.0603036506;-0.0733702601;-0.0925397401;-0.0188686368
93.21;0.0593436517;-0.0735176024;-0.0994429452;-0.0105989264
93.22;0.0583151469;-0.0735822360;-0.1062396152;-0.0023284346
93.23;0.0572192407;-0.0735641995;-0.1129219163;0.0059335437
93.24;0.0560571155;-0.0734636244;-0.1194821382;0.0141777348
93.25;0.0548300301;-0.0732807349;-0.1259127021;0.0223948960
93.26;0.0535393185;-0.0730158473;-0.1322061702;0.0305758263
93.27;0.0521863881;-0.0726693696;-0.1383552537;0.0387113763
93.28;0.0507727185;-0.0722418013;-0.1443528216;0.0467924584
93.29;0.0492998599;-0.0717337321;-0.1501919090;0.0548100567
93.30;0.0477694313;-0.0711458416;-0.1558657248;0.0627552373
93.31;0.0461831184;-0.0704788983;-0.1613676603;0.0706191577
93.32;0.0445426725;-0.0697337585;-0.1666912962;0.0783930769
93.33;0.0428499076;-0.0689113655;-0.1718304107;0.0860683649
93.34;0.0411066994;-0.0680127484;-0.1767789866;0.0936365122
93.35;0.0393149824;-0.0670390204;-0.1815312184;0.1010891393
93.36;0.0374767482;-0.0659913781;-0.1860815192;0.1084180058
93.37;0.0355940431;-0.0648710998;-0.1904245273;0.1156150196
93.38;0.0336689658;-0.0636795438;-0.1945551126;0.1226722457
93.39;0.0317036653;-0.0624181468;-0.1984683828;0.1295819153
93.40;0.0297003381;-0.0610884227;-0.2021596893;0.1363364338
93.41;0.0276612261;-0.0596919601;-0.2056246324;0.1429283896
93.42;0.0255886139;-0.0582304209;-0.2088590671;0.1493505622
93.43;0.0234848262;-0.0567055382;-0.2118591082;0.1555959303
93.44;0.0213522252;-0.0551191144;-0.2146211342;0.1616576792
93.45;0.0191932081;-0.0534730188;-0.2171417928;0.1675292086
93.46;0.0170102042;-0.0517691856;-0.2194180042;0.1732041398
93.47;0.0148056723;-0.0500096119;-0.2214469654;0.1786763229
93.48;0.0125820976;-0.0481963548;-0.2232261533;0.1839398433
93.49;0.0103419893;-0.0463315295;-0.2247533282;0.1889890286
93.50;0.0080878777;-0.0444173068;-0.2260265364;0.1938184542
93.51;0.0058223108;-0.0424559103;-0.2270441128;0.1984229503
93.52;0.0035478522;-0.0404496140;-0.2278046829;0.2027976064
93.53;0.0012670775;-0.0384007398;-0.2283071648;0.2069377778
93.54;-0.0010174281;-0.0363116547;-0.2285507707;0.2108390897
93.55;-0.0033030733;-0.0341847680;-0.2285350076;0.2144974428
93.56;-0.0055872630;-0.0320225285;-0.2282596787;0.2179090173
93.57;-0.0078674019;-0.0298274221;-0.2277248833;0.2210702770
93.58;-0.0101408970;-0.0276019683;-0.2269310171;0.2239779733
93.59;-0.0124051609;-0.0253487178;-0.2258787718;0.2266291488
93.60;-0.0146576144;-0.0230702493;-0.2245691348;0.2290211401
93.61;-0.0168956898;-0.0207691669;-0.2230033878;0.2311515806
93.62;-0.0191168336;-0.0184480965;-0.2211831055;0.2330184034
93.63;-0.0213185096;-0.0161096835;-0.2191101543;0.2346198429
93.64;-0.0234982016;-0.0137565892;-0.2167866901;0.2359544367
93.65;-0.0256534164;-0.0113914882;-0.2142151556;0.2370210270
93.66;-0.0277816868;-0.0090170650;-0.2113982781;0.2378187618
93.67;-0.0298805741;-0.0066360111;-0.2083390663;0.2383470951
93.68;-0.0319476712;-0.0042510220;-0.2050408070;0.2386057877
93.69;-0.0339806052;-0.0018647940;-0.2015070610;0.2385949067
93.70;-0.0359770402;0.0005199788;-0.1977416598;0.2383148255
93.71;-0.0379346798;0.0029006074;-0.1937487008;0.2377662227
93.72;-0.0398512701;0.0052744113;-0.1895325429;0.2369500810
93.73;-0.0417246020;0.0076387214;-0.1850978014;0.2358676858
93.74;-0.0435525137;0.0099908827;-0.1804493429;0.2345206233
93.75;-0.0453328934;0.0123282578;-0.1755922800;0.2329107783
93.76;-0.0470636817;0.0146482296;-0.1705319652;0.2310403315
93.77;-0.0487428738;0.0169482040;-0.1652739850;0.2289117569
93.78;-0.0503685218;0.0192256134;-0.1598241536;0.2265278181
93.79;-0.0519387374;0.0214779192;-0.1541885065;0.2238915651
93.80;-0.0534516934;0.0237026147;-0.1483732931;0.2210063304
93.81;-0.0549056262;0.0258972278;-0.1423849707;0.2178757243
93.82;-0.0562988379;0.0280593241;-0.1362301960;0.2145036310
93.83;-0.0576296980;0.0301865093;-0.1299158187;0.2108942031
93.84;-0.0588966456;0.0322764317;-0.1234488731;0.2070518570
93.85;-0.0600981909;0.0343267855;-0.1168365704;0.2029812670
93.86;-0.0612329171;0.0363353126;-0.1100862906;0.1986873596
93.87;-0.0622994819;0.0382998055;-0.1032055744;0.1941753079
93.88;-0.0632966194;0.0402181096;-0.0962021144;0.1894505248
93.89;-0.0642231411;0.0420881256;-0.0890837469;0.1845186563
93.90;-0.0650779378;0.0439078120;-0.0818584426;0.1793855756
93.91;-0.0658599805;0.0456751867;-0.0745342982;0.1740573749
93.92;-0.0665683217;0.0473883300;-0.0671195270;0.1685403587
93.93;-0.0672020966;0.0490453861;-0.0596224501;0.1628410366
93.94;-0.0677605244;0.0506445654;-0.0520514865;0.1569661146
93.95;-0.0682429084;0.0521841460;-0.0444151442;0.1509224881
93.96;-0.0686486379;0.0536624763;-0.0367220109;0.1447172332
93.97;-0.0689771882;0.0550779760;-0.0289807435;0.1383575988
93.98;-0.0692281214;0.0564291383;-0.0212000595;0.1318509975
93.99;-0.0694010872;0.0577145313;-0.0133887266;0.1252049977
94.00;-0.0694958231;0.0589327993;-0.0055555532;0.1184273143
94.01;-0.0695121549;0.0600826648;0.0022906216;0.1115257997
94.02;-0.0694499969;0.0611629291;0.0101409378;0.1045084350
94.03;-0.0693093519;0.0621724743;0.0179865241;0.0973833209
94.04;-0.0690903117;0.0631102637;0.0258185084;0.0901586678
94.05;-0.0687930566;0.0639753435;0.0336280273;0.0828427871
94.06;-0.0684178556;0.0647668433;0.0414062360;0.0754440810
94.07;-0.0679650657;0.0654839773;0.0491443187;0.0679710337
94.08;-0.0674351322;0.0661260447;0.0568334977;0.0604322009
94.09;-0.0668285878;0.0666924307;0.0644650440;0.0528362008
94.10;-0.0661460524;0.0671826071;0.0720302867;0.0451917040
94.11;-0.0653882318;0.0675961322;0.0795206227;0.0375074238
94.12;-0.0645559180;0.0679326521;0.0869275270;0.0297921061
94.13;-0.0636499875;0.0681919001;0.0942425616;0.0220545201
94.14;-0.0626714009;0.0683736975;0.1014573853;0.0143034480
94.15;-0.0616212014;0.0684779534;0.1085637635;0.0065476752
94.16;-0.0605005142;0.0685046646;0.1155535770;-0.0012040193
94.17;-0.0593105450;0.0684539158;0.1224188318;-0.0089428730
94.18;-0.0580525790;0.0683258791;0.1291516678;-0.0166601496
94.19;-0.0567279788;0.0681208138;0.1357443679;-0.0243471484
94.20;-0.0553381840;0.0678390659;0.1421893671;-0.0319952146
94.21;-0.0538847086;0.0674810679;0.1484792607;-0.0395957487
94.22;-0.0523691400;0.0670473378;0.1546068134;-0.0471402157
94.23;-0.0507931370;0.0665384787;0.1605649673;-0.0546201553
94.24;-0.0491584282;0.0659551778;0.1663468501;-0.0620271905
94.25;-0.0474668099;0.0652982056;0.1719457832;-0.0693530376
94.26;-0.0457201441;0.0645684149;0.1773552893;-0.0765895150
94.27;-0.0439203565;0.0637667401;0.1825691004;-0.0837285523
94.28;-0.0420694346;0.0628941952;0.1875811646;-0.0907621996
94.29;-0.0401694252;0.0619518735;0.1923856534;-0.0976826356
94.30;-0.0382224322;0.0609409455;0.1969769688;-0.1044821772
94.31;-0.0362306143;0.0598626581;0.2013497496;-0.1111532872
94.32;-0.0341961828;0.0587183326;0.2054988779;-0.1176885832
94.33;-0.0321213986;0.0575093633;0.2094194852;-0.1240808454
94.34;-0.0300085702;0.0562372160;0.2131069583;-0.1303230248
94.35;-0.0278600511;0.0549034260;0.2165569445;-0.1364082512
94.36;-0.0256782367;0.0535095965;0.2197653572;-0.1423298402
94.37;-0.0234655620;0.0520573963;0.2227283806;-0.1480813014
94.38;-0.0212244989;0.0505485586;0.2254424745;-0.1536563449
94.39;-0.0189575532;0.0489848778;0.2279043783;-0.1590488886
94.40;-0.0166672620;0.0473682087;0.2301111153;-0.1642530648
94.41;-0.0143561905;0.0457004633;0.2320599963;-0.1692632269
94.42;-0.0120269296;0.0439836090;0.2337486228;-0.1740739553
94.43;-0.0096820927;0.0422196663;0.2351748901;-0.1786800636
94.44;-0.0073243125;0.0404107064;0.2363369897;-0.1830766044
94.45;-0.0049562385;0.0385588486;0.2372334122;-0.1872588742
94.46;-0.0025805339;0.0366662581;0.2378629484;-0.1912224194
94.47;-0.0001998723;0.0347351433;0.2382246915;-0.1949630404
94.48;0.0021830652;0.0327677535;0.2383180383;-0.1984767966
94.49;0.0045655927;0.0307663759;0.2381426898;-0.2017600105
94.50;0.0069450232;0.0287333332;0.2376986518;-0.2048092719
94.51;0.0093186711;0.0266709809;0.2369862354;-0.2076214411
94.52;0.0116838553;0.0245817044;0.2360060563;-0.2101936529
94.53;0.0140379026;0.0224679164;0.2347590344;-0.2125233189
94.54;0.0163781505;0.0203320542;0.2332463933;-0.2146081308
94.55;0.0187019501;0.0181765768;0.2314696583;-0.2164460625
94.56;0.0210066694;0.0160039618;0.2294306553;-0.2180353721
94.57;0.0232896960;0.0138167030;0.2271315088;-0.2193746037
94.58;0.0255484404;0.0116173073;0.2245746392;-0.2204625888
94.59;0.0277803387;0.0094082917;0.2217627605;-0.2212984472
94.60;0.0299828555;0.0071921808;0.2186988770;-0.2218815878
94.61;0.0321534871;0.0049715035;0.2153862802;-0.2222117089
94.62;0.0342897639;0.0027487902;0.2118285448;-0.2222887981
94.63;0.0363892536;0.0005265701;0.2080295250;-0.2221131323
94.64;0.0384495638;-0.0016926318;0.2039933500;-0.2216852767
94.65;0.0404683447;-0.0039062976;0.1997244192;-0.2210060838
94.66;0.0424432918;-0.0061119194;0.1952273976;-0.2200766922
94.67;0.0443721487;-0.0083070021;0.1905072101;-0.2188985249
94.68;0.0462527093;-0.0104890662;0.1855690362;-0.2174732869
94.69;0.0480828208;-0.0126556508;0.1804183043;-0.2158029636
94.70;0.0498603857;-0.0148043160;0.1750606851;-0.2138898173
94.71;0.0515833645;-0.0169326461;0.1695020857;-0.2117363848
94.72;0.0532497779;-0.0190382520;0.1637486424;-0.2093454736
94.73;0.0548577090;-0.0211187742;0.1578067145;-0.2067201588
94.74;0.0564053058;-0.0231718849;0.1516828765;-0.2038637786
94.75;0.0578907827;-0.0251952914;0.1453839110;-0.2007799305
94.76;0.0593124234;-0.0271867381;0.1389168009;-0.1974724663
94.77;0.0606685821;-0.0291440090;0.1322887221;-0.1939454879
94.78;0.0619576858;-0.0310649305;0.1255070345;-0.1902033415
94.79;0.0631782359;-0.0329473738;0.1185792748;-0.1862506128
94.80;0.0643288100;-0.0347892568;0.1115131472;-0.1820921210
94.81;0.0654080638;-0.0365885471;0.1043165154;-0.1777329128
94.82;0.0664147320;-0.0383432635;0.0969973936;-0.1731782566
94.83;0.0673476305;-0.0400514790;0.0895639374;-0.1684336360
94.84;0.0682056572;-0.0417113220;0.0820244350;-0.1635047427
94.85;0.0689877937;-0.0433209792;0.0743872978;-0.1583974705
94.86;0.0696931061;-0.0448786970;0.0666610511;-0.1531179072
94.87;0.0703207464;-0.0463827839;0.0588543246;-0.1476723283
94.88;0.0708699534;-0.0478316117;0.0509758429;-0.1420671888
94.89;0.0713400534;-0.0492236178;0.0430344157;-0.1363091159
94.90;0.0717304615;-0.0505573068;0.0350389281;-0.1304049009
94.91;0.0720406816;-0.0518312518;0.0269983307;-0.1243614914
94.92;0.0722703077;-0.0530440963;0.0189216297;-0.1181859833
94.93;0.0724190240;-0.0541945552;0.0108178769;-0.1118856119
94.94;0.0724866054;-0.0552814168;0.0026961597;-0.1054677438
94.95;0.0724729177;-0.0563035434;-0.0054344090;-0.0989398686
94.96;0.0723779181;-0.0572598728;-0.0135647010;-0.0923095897
94.97;0.0722016551;-0.0581494195;-0.0216855827;-0.0855846155
94.98;0.0719442683;-0.0589712755;-0.0297879255;-0.0787727510
94.99;0.0716059887;-0.0597246112;-0.0378626158;-0.0718818883
95.00;0.0711871384;-0.0604086764;-0.0459005652;-0.0649199978
95.01;0.0706881301;-0.0610228011;-0.0538927206;-0.0578951187
95.02;0.0701094667;-0.0615663958;-0.0618300742;-0.0508153504
95.03;0.0694517411;-0.0620389523;-0.0697036737;-0.0436888426
95.04;0.0687156354;-0.0624400442;-0.0775046322;-0.0365237866
95.05;0.0679019200;-0.0627693270;-0.0852241382;-0.0293284053
95.06;0.0670114533;-0.0630265387;-0.0928534655;-0.0221109447
95.07;0.0660451801;-0.0632114998;-0.1003839829;-0.0148796637
95.08;0.0650041314;-0.0633241134;-0.1078071641;-0.0076428255
95.09;0.0638894227;-0.0633643653;-0.1151145969;-0.0004086876
95.10;0.0627022530;-0.0633323237;-0.1222979934;0.0068145068
95.11;0.0614439035;-0.0632281391;-0.1293491985;0.0140185390
95.12;0.0601157364;-0.0630520441;-0.1362602001;0.0211952230
95.13;0.0587191931;-0.0628043529;-0.1430231373;0.0283364156
95.14;0.0572557929;-0.0624854610;-0.1496303101;0.0354340250
95.15;0.0557271313;-0.0620958445;-0.1560741877;0.0424800202
95.16;0.0541348780;-0.0616360592;-0.1623474176;0.0494664398
95.17;0.0524807757;-0.0611067406;-0.1684428334;0.0563854010
95.18;0.0507666374;-0.0605086021;-0.1743534637;0.0632291083
95.19;0.0489943450;-0.0598424349;-0.1800725398;0.0699898624
95.20;0.0471658470;-0.0591091067;-0.1855935035;0.0766600688
95.21;0.0452831565;-0.0583095604;-0.1909100151;0.0832322461
95.22;0.0433483486;-0.0574448131;-0.1960159603;0.0896990345
95.23;0.0413635588;-0.0565159551;-0.2009054577;0.0960532042
95.24;0.0393309799;-0.0555241481;-0.2055728654;0.1022876629
95.25;0.0372528599;-0.0544706241;-0.2100127880;0.1083954644
95.26;0.0351314996;-0.0533566837;-0.2142200825;0.1143698157
95.27;0.0329692500;-0.0521836948;-0.2181898649;0.1202040851
95.28;0.0307685095;-0.0509530905;-0.2219175154;0.1258918094
95.29;0.0285317214;-0.0496663681;-0.2253986846;0.1314267008
95.30;0.0262613711;-0.0483250864;-0.2286292981;0.1368026545
95.31;0.0239599833;-0.0469308645;-0.2316055615;0.1420137549
95.32;0.0216301194;-0.0454853799;-0.2343239652;0.1470542825
95.33;0.0192743744;-0.0439903659;-0.2367812885;0.1519187201
95.34;0.0168953738;-0.0424476102;-0.2389746035;0.1566017591
95.35;0.0144957712;-0.0408589524;-0.2409012786;0.1610983053
95.36;0.0120782449;-0.0392262821;-0.2425589819;0.1654034842
95.37;0.0096454950;-0.0375515362;-0.2439456838;0.1695126470
95.38;0.0072002404;-0.0358366973;-0.2450596599;0.1734213751
95.39;0.0047452157;-0.0340837908;-0.2458994929;0.1771254855
95.40;0.0022831681;-0.0322948829;-0.2464640743;0.1806210349
95.41;-0.0001831456;-0.0304720777;-0.2467526063;0.1839043244
95.42;-0.0026509622;-0.0286175155;-0.2467646023;0.1869719031
95.43;-0.0051175152;-0.0267333694;-0.2464998882;0.1898205723
95.44;-0.0075800379;-0.0248218436;-0.2459586022;0.1924473885
95.45;-0.0100357667;-0.0228851702;-0.2451411951;0.1948496668
95.46;-0.0124819439;-0.0209256069;-0.2440484298;0.1970249835
95.47;-0.0149158210;-0.0189454343;-0.2426813807;0.1989711791
95.48;-0.0173346618;-0.0169469534;-0.2410414323;0.2006863598
95.49;-0.0197357455;-0.0149324827;-0.2391302780;0.2021689000
95.50;-0.0221163699;-0.0129043555;-0.2369499178;0.2034174435
95.51;-0.0244738541;-0.0108649175;-0.2345026566;0.2044309050
95.52;-0.0268055419;-0.0088165238;-0.2317911015;0.2052084710
95.53;-0.0291088048;-0.0067615363;-0.2288181584;0.2057496002
95.54;-0.0313810444;-0.0047023209;-0.2255870296;0.2060540242
95.55;-0.0336196963;-0.0026412449;-0.2221012094;0.2061217470
95.56;-0.0358222322;-0.0005806741;-0.2183644804;0.2059530450
95.57;-0.0379861630;0.0014770297;-0.2143809095;0.2055484664
95.58;-0.0401090420;0.0035295116;-0.2101548427;0.2049088296
95.59;-0.0421884669;0.0055744263;-0.2056909010;0.2040352229
95.60;-0.0442220833;0.0076094406;-0.2009939744;0.2029290018
95.61;-0.0462075869;0.0096322363;-0.1960692166;0.2015917879
95.62;-0.0481427261;0.0116405126;-0.1909220393;0.2000254661
95.63;-0.0500253051;0.0136319890;-0.1855581062;0.1982321823
95.64;-0.0518531854;0.0156044077;-0.1799833261;0.1962143407
95.65;-0.0536242892;0.0175555361;-0.1742038466;0.1939746002
95.66;-0.0553366012;0.0194831697;-0.1682260472;0.1915158713
95.67;-0.0569881710;0.0213851340;-0.1620565318;0.1888413120
95.68;-0.0585771154;0.0232592877;-0.1557021216;0.1859543243
95.69;-0.0601016205;0.0251035245;-0.1491698472;0.1828585494
95.70;-0.0615599436;0.0269157756;-0.1424669409;0.1795578634
95.71;-0.0629504153;0.0286940123;-0.1356008285;0.1760563722
95.72;-0.0642714414;0.0304362481;-0.1285791209;0.1723584067
95.73;-0.0655215049;0.0321405407;-0.1214096056;0.1684685171
95.74;-0.0666991673;0.0338049945;-0.1141002384;0.1643914676
95.75;-0.0678030705;0.0354277627;-0.1066591339;0.1601322304
95.76;-0.0688319384;0.0370070490;-0.0990945569;0.1556959797
95.77;-0.0697845781;0.0385411101;-0.0914149131;0.1510880852
95.78;-0.0706598815;0.0400282570;-0.0836287397;0.1463141059
95.79;-0.0714568266;0.0414668577;-0.0757446963;0.1413797832
95.80;-0.0721744784;0.0428553379;-0.0677715545;0.1362910340
95.81;-0.0728119903;0.0441921838;-0.0597181891;0.1310539436
95.82;-0.0733686046;0.0454759431;-0.0515935677;0.1256747587
95.83;-0.0738436542;0.0467052266;-0.0434067409;0.1201598794
95.84;-0.0742365625;0.0478787101;-0.0351668326;0.1145158522
95.85;-0.0745468446;0.0489951354;-0.0268830294;0.1087493619
95.86;-0.0747741076;0.0500533119;-0.0185645710;0.1028672237
95.87;-0.0749180514;0.0510521175;-0.0102207396;0.0968763755
95.88;-0.0749784688;0.0519905005;-0.0018608499;0.0907838692
95.89;-0.0749552460;0.0528674799;0.0065057613;0.0845968632
95.90;-0.0748483624;0.0536821469;0.0148697454;0.0783226134
95.91;-0.0746578910;0.0544336658;0.0232217522;0.0719684648
95.92;-0.0743839984;0.0551212746;0.0315524404;0.0655418436
95.93;-0.0740269443;0.0557442861;0.0398524878;0.0590502476
95.94;-0.0735870817;0.0563020882;0.0481126016;0.0525012386
95.95;-0.0730648563;0.0567941448;0.0563235288;0.0459024328
95.96;-0.0724608058;0.0572199964;0.0644760664;0.0392614924
95.97;-0.0717755601;0.0575792599;0.0725610716;0.0325861169
95.98;-0.0710098398;0.0578716297;0.0805694719;0.0258840340
95.99;-0.0701644560;0.0580968774;0.0884922753;0.0191629910
96.00;-0.0692403093;0.0582548521;0.0963205803;0.0124307456
96.01;-0.0682383887;0.0583454808;0.1040455858;0.0056950576
96.02;-0.0671597709;0.0583687677;0.1116586009;-0.0010363206
96.03;-0.0660056186;0.0583247945;0.1191510549;-0.0077556524
96.04;-0.0647771798;0.0582137205;0.1265145065;-0.0144552259
96.05;-0.0634757862;0.0580357815;0.1337406536;-0.0211273626
96.06;-0.0621028517;0.0577912901;0.1408213426;-0.0277644263
96.07;-0.0606598709;0.0574806352;0.1477485776;-0.0343588316
96.08;-0.0591484178;0.0571042808;0.1545145296;-0.0409030524
96.09;-0.0575701435;0.0566627663;0.1611115450;-0.0473896307
96.10;-0.0559267749;0.0561567050;0.1675321548;-0.0538111848
96.11;-0.0542201127;0.0555867837;0.1737690828;-0.0601604176
96.12;-0.0524520292;0.0549537617;0.1798152542;-0.0664301251
96.13;-0.0506244664;0.0542584700;0.1856638033;-0.0726132041
96.14;-0.0487394341;0.0535018098;0.1913080819;-0.0787026608
96.15;-0.0467990072;0.0526847518;0.1967416667;-0.0846916181
96.16;-0.0448053238;0.0518083349;0.2019583667;-0.0905733237
96.17;-0.0427605827;0.0508736649;0.2069522305;-0.0963411574
96.18;-0.0406670410;0.0498819130;0.2117175532;-0.1019886388
96.19;-0.0385270117;0.0488343145;0.2162488831;-0.1075094346
96.20;-0.0363428607;0.0477321672;0.2205410280;-0.1128973656
96.21;-0.0341170049;0.0465768302;0.2245890612;-0.1181464135
96.22;-0.0318519088;0.0453697215;0.2283883278;-0.1232507278
96.23;-0.0295500822;0.0441123170;0.2319344494;-0.1282046325
96.24;-0.0272140774;0.0428061485;0.2352233300;-0.1330026322
96.25;-0.0248464859;0.0414528018;0.2382511604;-0.1376394184
96.26;-0.0224499361;0.0400539147;0.2410144233;-0.1421098752
96.27;-0.0200270901;0.0386111752;0.2435098966;-0.1464090854
96.28;-0.0175806407;0.0371263195;0.2457346582;-0.1505323357
96.29;-0.0151133082;0.0356011301;0.2476860889;-0.1544751220
96.30;-0.0126278378;0.0340374330;0.2493618761;-0.1582331541
96.31;-0.0101269962;0.0324370965;0.2507600159;-0.1618023612
96.32;-0.0076135687;0.0308020281;0.2518788163;-0.1651788956
96.33;-0.0050903557;0.0291341729;0.2527168988;-0.1683591374
96.34;-0.0025601701;0.0274355110;0.2532732004;-0.1713396982
96.35;-0.0000258335;0.0257080551;0.2535469747;-0.1741174250
96.36;0.0025098262;0.0239538484;0.2535377932;-0.1766894034
96.37;0.0050439787;0.0221749619;0.2532455454;-0.1790529610
96.38;0.0075737941;0.0203734921;0.2526704396;-0.1812056701
96.39;0.0100964463;0.0185515586;0.2518130027;-0.1831453500
96.40;0.0126091158;0.0167113017;0.2506740790;-0.1848700698
96.41;0.0151089934;0.0148548794;0.2492548301;-0.1863781499
96.42;0.0175932828;0.0129844656;0.2475567335;-0.1876681641
96.43;0.0200592044;0.0111022470;0.2455815803;-0.1887389404
96.44;0.0225039978;0.0092104208;0.2433314742;-0.1895895628
96.45;0.0249249253;0.0073111919;0.2408088283;-0.1902193713
96.46;0.0273192749;0.0054067708;0.2380163628;-0.1906279630
96.47;0.0296843632;0.0034993706;0.2349571018;-0.1908151919
96.48;0.0320175386;0.0015912045;0.2316343698;-0.1907811688
96.49;0.0343161843;-0.0003155164;0.2280517881;-0.1905262611
96.50;0.0365777212;-0.0022185864;0.2242132705;-0.1900510917
96.51;0.0387996106;-0.0041158069;0.2201230188;-0.1893565381
96.52;0.0409793573;-0.0060049896;0.2157855181;-0.1884437311
96.53;0.0431145126;-0.0078839586;0.2112055318;-0.1873140530
96.54;0.0452026764;-0.0097505531;0.2063880960;-0.1859691359
96.55;0.0472415006;-0.0116026300;0.2013385138;-0.1844108591
96.56;0.0492286913;-0.0134380661;0.1960623493;-0.1826413470
96.57;0.0511620116;-0.0152547607;0.1905654213;-0.1806629659
96.58;0.0530392840;-0.0170506378;0.1848537967;-0.1784783209
96.59;0.0548583929;-0.0188236490;0.1789337835;-0.1760902530
96.60;0.0566172868;-0.0205717750;0.1728119239;-0.1735018348
96.61;0.0583139810;-0.0222930288;0.1664949868;-0.1707163672
96.62;0.0599465595;-0.0239854572;0.1599899601;-0.1677373747
96.63;0.0615131772;-0.0256471436;0.1533040429;-0.1645686012
96.64;0.0630120620;-0.0272762097;0.1464446375;-0.1612140054
96.65;0.0644415169;-0.0288708181;0.1394193410;-0.1576777557
96.66;0.0657999218;-0.0304291739;0.1322359367;-0.1539642251
96.67;0.0670857351;-0.0319495269;0.1249023856;-0.1500779858
96.68;0.0682974960;-0.0334301737;0.1174268176;-0.1460238037
96.69;0.0694338257;-0.0348694596;0.1098175221;-0.1418066323
96.70;0.0704934288;-0.0362657801;0.1020829391;-0.1374316070
96.71;0.0714750954;-0.0376175832;0.0942316495;-0.1329040385
96.72;0.0723777018;-0.0389233707;0.0862723660;-0.1282294067
96.73;0.0732002122;-0.0401816999;0.0782139232;-0.1234133538
96.74;0.0739416795;-0.0413911856;0.0700652679;-0.1184616779
96.75;0.0746012469;-0.0425505012;0.0618354492;-0.1133803254
96.76;0.0751781484;-0.0436583801;0.0535336084;-0.1081753848
96.77;0.0756717098;-0.0447136176;0.0451689692;-0.1028530784
96.78;0.0760813494;-0.0457150716;0.0367508273;-0.0974197559
96.79;0.0764065791;-0.0466616642;0.0282885404;-0.0918818861
96.80;0.0766470044;-0.0475523827;0.0197915175;-0.0862460497
96.81;0.0768023252;-0.0483862809;0.0112692090;-0.0805189314
96.82;0.0768723359;-0.0491624797;0.0027310963;-0.0747073119
96.83;0.0768569261;-0.0498801683;-0.0058133191;-0.0688180602
96.84;0.0767560802;-0.0505386052;-0.0143545256;-0.0628581253
96.85;0.0765698780;-0.0511371186;-0.0228830120;-0.0568345282
96.86;0.0762984941;-0.0516751072;-0.0313892782;-0.0507543537
96.87;0.0759421981;-0.0521520409;-0.0398638454;-0.0446247422
96.88;0.0755013543;-0.0525674612;-0.0482972665;-0.0384528813
96.89;0.0749764213;-0.0529209818;-0.0566801370;-0.0322459976
96.90;0.0743679513;-0.0532122886;-0.0650031046;-0.0260113479
96.91;0.0736765899;-0.0534411404;-0.0732568802;-0.0197562116
96.92;0.0729030751;-0.0536073688;-0.0814322478;-0.0134878815
96.93;0.0720482367;-0.0537108784;-0.0895200749;-0.0072136558
96.94;0.0711129955;-0.0537516466;-0.0975113225;-0.0009408297
96.95;0.0700983620;-0.0537297239;-0.1053970551;0.0053233132
96.96;0.0690054356;-0.0536452335;-0.1131684507;0.0115715089
96.97;0.0678354032;-0.0534983710;-0.1208168108;0.0177965217
96.98;0.0665895381;-0.0532894044;-0.1283335698;0.0239911526
96.99;0.0652691986;-0.0530186731;-0.1357103049;0.0301482468
97.00;0.0638758263;-0.0526865882;-0.1429387452;0.0362607027
97.01;0.0624109450;-0.0522936314;-0.1500107813;0.0423214798
97.02;0.0608761586;-0.0518403542;-0.1569184745;0.0483236063
97.03;0.0592731493;-0.0513273777;-0.1636540652;0.0542601875
97.04;0.0576036762;-0.0507553916;-0.1702099823;0.0601244138
97.05;0.0558695732;-0.0501251531;-0.1765788517;0.0659095678
97.06;0.0540727466;-0.0494374859;-0.1827535044;0.0716090326
97.07;0.0522151737;-0.0486932798;-0.1887269848;0.0772162991
97.08;0.0502989000;-0.0478934886;-0.1944925589;0.0827249732
97.09;0.0483260373;-0.0470391299;-0.2000437215;0.0881287833
97.10;0.0462987613;-0.0461312830;-0.2053742043;0.0934215876
97.11;0.0442193090;-0.0451710882;-0.2104779827;0.0985973805
97.12;0.0420899766;-0.0441597450;-0.2153492829;0.1036502998
97.13;0.0399131167;-0.0430985109;-0.2199825887;0.1085746336
97.14;0.0376911357;-0.0419886995;-0.2243726476;0.1133648261
97.15;0.0354264913;-0.0408316795;-0.2285144772;0.1180154844
97.16;0.0331216894;-0.0396288724;-0.2324033710;0.1225213845
97.17;0.0307792818;-0.0383817512;-0.2360349038;0.1268774769
97.18;0.0284018631;-0.0370918385;-0.2394049369;0.1310788929
97.19;0.0259920676;-0.0357607046;-0.2425096230;0.1351209494
97.20;0.0235525670;-0.0343899658;-0.2453454109;0.1389991546
97.21;0.0210860667;-0.0329812821;-0.2479090493;0.1427092130
97.22;0.0185953031;-0.0315363557;-0.2501975913;0.1462470302
97.23;0.0160830407;-0.0300569286;-0.2522083972;0.1496087171
97.24;0.0135520688;-0.0285447808;-0.2539391381;0.1527905950
97.25;0.0110051983;-0.0270017277;-0.2553877985;0.1557891989
97.26;0.0084452588;-0.0254296186;-0.2565526788;0.1586012818
97.27;0.0058750954;-0.0238303340;-0.2574323976;0.1612238183
97.28;0.0032975651;-0.0222057834;-0.2580258927;0.1636540076
97.29;0.0007155341;-0.0205579036;-0.2583324233;0.1658892767
97.30;-0.0018681254;-0.0188886555;-0.2583515701;0.1679272835
97.31;-0.0044505389;-0.0172000226;-0.2580832364;0.1697659187
97.32;-0.0070288325;-0.0154940080;-0.2575276481;0.1714033085
97.33;-0.0096001361;-0.0137726327;-0.2566853535;0.1728378164
97.34;-0.0121615867;-0.0120379327;-0.2555572226;0.1740680450
97.35;-0.0147103316;-0.0102919567;-0.2541444465;0.1750928369
97.36;-0.0172435318;-0.0085367639;-0.2524485356;0.1759112766
97.37;-0.0197583646;-0.0067744213;-0.2504713181;0.1765226906
97.38;-0.0222520275;-0.0050070016;-0.2482149379;0.1769266482
97.39;-0.0247217409;-0.0032365806;-0.2456818522;0.1771229618
97.40;-0.0271647513;-0.0014652344;-0.2428748287;0.1771116867
97.41;-0.0295783345;0.0003049621;-0.2397969422;0.1768931211
97.42;-0.0319597985;0.0020719388;-0.2364515712;0.1764678048
97.43;-0.0343064865;0.0038336316;-0.2328423942;0.1758365190
97.44;-0.0366157802;0.0055879859;-0.2289733850;0.1750002845
97.45;-0.0388851022;0.0073329583;-0.2248488087;0.1739603608
97.46;-0.0411119195;0.0090665191;-0.2204732165;0.1727182437
97.47;-0.0432937459;0.0107866549;-0.2158514402;0.1712756639
97.48;-0.0454281447;0.0124913706;-0.2109885874;0.1696345840
97.49;-0.0475127319;0.0141786921;-0.2058900349;0.1677971966
97.50;-0.0495451784;0.0158466682;-0.2005614230;0.1657659207
97.51;-0.0515232130;0.0174933730;-0.1950086490;0.1635433992
97.52;-0.0534446246;0.0191169082;-0.1892378603;0.1611324953
97.53;-0.0553072648;0.0207154052;-0.1832554477;0.1585362886
97.54;-0.0571090502;0.0222870272;-0.1770680379;0.1557580716
97.55;-0.0588479650;0.0238299715;-0.1706824862;0.1528013452
97.56;-0.0605220630;0.0253424714;-0.1641058685;0.1496698146
97.57;-0.0621294697;0.0268227981;-0.1573454736;0.1463673845
97.58;-0.0636683848;0.0282692630;-0.1504087949;0.1428981544
97.59;-0.0651370836;0.0296802194;-0.1433035218;0.1392664135
97.60;-0.0665339194;0.0310540644;-0.1360375316;0.1354766351
97.61;-0.0678573253;0.0323892408;-0.1286188799;0.1315334717
97.62;-0.0691058155;0.0336842386;-0.1210557923;0.1274417488
97.63;-0.0702779876;0.0349375972;-0.1133566551;0.1232064595
97.64;-0.0713725236;0.0361479064;-0.1055300055;0.1188327579
97.65;-0.0723881916;0.0373138086;-0.0975845228;0.1143259532
97.66;-0.0733238472;0.0384339999;-0.0895290184;0.1096915033
97.67;-0.0741784349;0.0395072318;-0.0813724260;0.1049350081
97.68;-0.0749509889;0.0405323123;-0.0731237919;0.1000622028
97.69;-0.0756406344;0.0415081077;-0.0647922652;0.0950789510
97.70;-0.0762465887;0.0424335431;-0.0563870871;0.0899912378
97.71;-0.0767681617;0.0433076045;-0.0479175814;0.0848051628
97.72;-0.0772047572;0.0441293392;-0.0393931439;0.0795269323
97.73;-0.0775558730;0.0448978570;-0.0308232321;0.0741628527
97.74;-0.0778211019;0.0456123314;-0.0222173550;0.0687193222
97.75;-0.0780001321;0.0462720002;-0.0135850624;0.0632028240
97.76;-0.0780927471;0.0468761665;-0.0049359348;0.0576199182
97.77;-0.0780988266;0.0474241993;0.0037204276;0.0519772342
97.78;-0.0780183464;0.0479155342;0.0123744150;0.0462814628
97.79;-0.0778513783;0.0483496740;0.0210164187;0.0405393488
97.80;-0.0775980900;0.0487261893;0.0296368416;0.0347576823
97.81;-0.0772587453;0.0490447186;0.0382261086;0.0289432916
97.82;-0.0768337035;0.0493049689;0.0467746775;0.0231030346
97.83;-0.0763234191;0.0495067160;0.0552730491;0.0172437913
97.84;-0.0757284413;0.0496498044;0.0637117776;0.0113724553
97.85;-0.0750494136;0.0497341478;0.0720814813;0.0054959261
97.86;-0.0742870728;0.0497597286;0.0803728527;-0.0003788988
97.87;-0.0734422485;0.0497265984;0.0885766688;-0.0062451324
97.88;-0.0725158618;0.0496348775;0.0966838013;-0.0120959056
97.89;-0.0715089248;0.0494847547;0.1046852267;-0.0179243756
97.90;-0.0704225393;0.0492764871;0.1125720363;-0.0237237335
97.91;-0.0692578955;0.0490103996;0.1203354461;-0.0294872124
97.92;-0.0680162706;0.0486868848;0.1279668063;-0.0352080950
97.93;-0.0666990279;0.0483064019;0.1354576115;-0.0408797217
97.94;-0.0653076148;0.0478694766;0.1427995094;-0.0464954978
97.95;-0.0638435614;0.0473766999;0.1499843110;-0.0520489015
97.96;-0.0623084790;0.0468287279;0.1570039991;-0.0575334911
97.97;-0.0607040580;0.0462262807;0.1638507377;-0.0629429127
97.98;-0.0590320663;0.0455701411;0.1705168805;-0.0682709074
97.99;-0.0572943472;0.0448611545;0.1769949798;-0.0735113183
98.00;-0.0554928177;0.0441002269;0.1832777950;-0.0786580981
98.01;-0.0536294658;0.0432883244;0.1893583002;-0.0837053152
98.02;-0.0517063488;0.0424264719;0.1952296931;-0.0886471614
98.03;-0.0497255909;0.0415157514;0.2008854019;-0.0934779581
98.04;-0.0476893809;0.0405573014;0.2063190934;-0.0981921627
98.05;-0.0455999695;0.0395523148;0.2115246800;-0.1027843752
98.06;-0.0434596671;0.0385020381;0.2164963266;-0.1072493445
98.07;-0.0412708414;0.0374077691;0.2212284575;-0.1115819740
98.08;-0.0390359142;0.0362708562;0.2257157627;-0.1157773277
98.09;-0.0367573591;0.0350926961;0.2299532042;-0.1198306359
98.10;-0.0344376989;0.0338747324;0.2339360216;-0.1237373004
98.11;-0.0320795024;0.0326184537;0.2376597379;-0.1274929000
98.12;-0.0296853819;0.0313253921;0.2411201643;-0.1310931954
98.13;-0.0272579898;0.0299971210;0.2443134055;-0.1345341339
98.14;-0.0248000164;0.0286352535;0.2472358642;-0.1378118544
98.15;-0.0223141862;0.0272414403;0.2498842450;-0.1409226913
98.16;-0.0198032552;0.0258173676;0.2522555586;-0.1438631788
98.17;-0.0172700076;0.0243647555;0.2543471249;-0.1466300551
98.18;-0.0147172531;0.0228853554;0.2561565768;-0.1492202657
98.19;-0.0121478234;0.0213809486;0.2576818624;-0.1516309670
98.20;-0.0095645690;0.0198533433;0.2589212475;-0.1538595294
98.21;-0.0069703563;0.0183043732;0.2598733181;-0.1559035401
98.22;-0.0043680641;0.0167358950;0.2605369816;-0.1577608062
98.23;-0.0017605806;0.0151497862;0.2609114680;-0.1594293565
98.24;0.0008491998;0.0135479428;0.2609963316;-0.1609074440
98.25;0.0034583801;0.0119322773;0.2607914507;-0.1621935478
98.26;0.0060640636;0.0103047162;0.2602970280;-0.1632863744
98.27;0.0086633572;0.0086671977;0.2595135906;-0.1641848593
98.28;0.0112533748;0.0070216697;0.2584419893;-0.1648881680
98.29;0.0138312402;0.0053700870;0.2570833974;-0.1653956966
98.30;0.0163940910;0.0037144096;0.2554393096;-0.1657070725
98.31;0.0189390807;0.0020565999;0.2535115402;-0.1658221545
98.32;0.0214633832;0.0003986206;0.2513022208;-0.1657410328
98.33;0.0239641947;-0.0012575677;0.2488137980;-0.1654640286
98.34;0.0264387379;-0.0029100088;0.2460490306;-0.1649916937
98.35;0.0288842643;-0.0045567530;0.2430109863;-0.1643248093
98.36;0.0312980579;-0.0061958598;0.2397030380;-0.1634643852
98.37;0.0336774376;-0.0078253997;0.2361288600;-0.1624116580
98.38;0.0360197608;-0.0094434567;0.2322924239;-0.1611680898
98.39;0.0383224260;-0.0110481309;0.2281979938;-0.1597353658
98.40;0.0405828758;-0.0126375398;0.2238501212;-0.1581153926
98.41;0.0427985996;-0.0142098216;0.2192536402;-0.1563102952
98.42;0.0449671368;-0.0157631364;0.2144136615;-0.1543224146
98.43;0.0470860791;-0.0172956690;0.2093355669;-0.1521543046
98.44;0.0491530732;-0.0188056309;0.2040250025;-0.1498087288
98.45;0.0511658238;-0.0202912619;0.1984878731;-0.1472886568
98.46;0.0531220959;-0.0217508329;0.1927303347;-0.1445972606
98.47;0.0550197171;-0.0231826472;0.1867587878;-0.1417379109
98.48;0.0568565804;-0.0245850431;0.1805798701;-0.1387141723
98.49;0.0586306461;-0.0259563952;0.1742004488;-0.1355297996
98.50;0.0603399446;-0.0272951167;0.1676276132;-0.1321887326
98.51;0.0619825779;-0.0285996612;0.1608686660;-0.1286950915
98.52;0.0635567225;-0.0298685242;0.1539311160;-0.1250531717
98.53;0.0650606305;-0.0311002452;0.1468226687;-0.1212674389
98.54;0.0664926325;-0.0322934090;0.1395512182;-0.1173425231
98.55;0.0678511384;-0.0334466476;0.1321248383;-0.1132832135
98.56;0.0691346402;-0.0345586417;0.1245517733;-0.1090944522
98.57;0.0703417129;-0.0356281221;0.1168404290;-0.1047813288
98.58;0.0714710164;-0.0366538712;0.1089993631;-0.1003490737
98.59;0.0725212967;-0.0376347243;0.1010372760;-0.0958030522
98.60;0.0734913879;-0.0385695713;0.0929630007;-0.0911487576
98.61;0.0743802126;-0.0394573573;0.0847854936;-0.0863918052
98.62;0.0751867839;-0.0402970842;0.0765138242;-0.0815379252
98.63;0.0759102058;-0.0410878121;0.0681571651;-0.0765929558
98.64;0.0765496747;-0.0418286595;0.0597247821;-0.0715628365
98.65;0.0771044801;-0.0425188051;0.0512260238;-0.0664536010
98.66;0.0775740053;-0.0431574882;0.0426703116;-0.0612713697
98.67;0.0779577281;-0.0437440098;0.0340671290;-0.0560223428
98.68;0.0782552215;-0.0442777333;0.0254260114;-0.0507127929
98.69;0.0784661538;-0.0447580850;0.0167565358;-0.0453490576
98.70;0.0785902897;-0.0451845551;0.0080683101;-0.0399375317
98.71;0.0786274896;-0.0455566978;-0.0006290376;-0.0344846601
98.72;0.0785777106;-0.0458741321;-0.0093258690;-0.0289969300
98.73;0.0784410061;-0.0461365420;-0.0180125465;-0.0234808634
98.74;0.0782175256;-0.0463436767;-0.0266794439;-0.0179430090
98.75;0.0779075152;-0.0464953514;-0.0353169563;-0.0123899354
98.76;0.0775113164;-0.0465914466;-0.0439155114;-0.0068282224
98.77;0.0770293666;-0.0466319090;-0.0524655795;-0.0012644540
98.78;0.0764621980;-0.0466167508;-0.0609576838;0.0042947896
98.79;0.0758104375;-0.0465460502;-0.0693824113;0.0098429395
98.80;0.0750748055;-0.0464199508;-0.0777304228;0.0153734460
98.81;0.0742561156;-0.0462386618;-0.0859924631;0.0208797861
98.82;0.0733552734;-0.0460024573;-0.0941593714;0.0263554712
98.83;0.0723732755;-0.0457116761;-0.1022220912;0.0317940543
98.84;0.0713112087;-0.0453667212;-0.1101716804;0.0371891381
98.85;0.0701702485;-0.0449680595;-0.1179993212;0.0425343820
98.86;0.0689516578;-0.0445162207;-0.1256963296;0.0478235097
98.87;0.0676567858;-0.0440117970;-0.1332541655;0.0530503163
98.88;0.0662870664;-0.0434554425;-0.1406644417;0.0582086756
98.89;0.0648440163;-0.0428478719;-0.1479189335;0.0632925474
98.90;0.0633292339;-0.0421898597;-0.1550095877;0.0682959842
98.91;0.0617443970;-0.0414822398;-0.1619285318;0.0732131383
98.92;0.0600912613;-0.0407259037;-0.1686680828;0.0780382686
98.93;0.0583716583;-0.0399218000;-0.1752207556;0.0827657471
98.94;0.0565874934;-0.0390709327;-0.1815792715;0.0873900656
98.95;0.0547407437;-0.0381743605;-0.1877365665;0.0919058422
98.96;0.0528334557;-0.0372331952;-0.1936857993;0.0963078270
98.97;0.0508677433;-0.0362486003;-0.1994203590;0.1005909089
98.98;0.0488457854;-0.0352217900;-0.2049338723;0.1047501209
98.99;0.0467698232;-0.0341540269;-0.2102202112;0.1087806464
99.00;0.0446421581;-0.0330466216;-0.2152735000;0.1126778242
99.01;0.0424651488;-0.0319009300;-0.2200881214;0.1164371545
99.02;0.0402412091;-0.0307183525;-0.2246587235;0.1200543037
99.03;0.0379728048;-0.0295003318;-0.2289802258;0.1235251094
99.04;0.0356624510;-0.0282483514;-0.2330478251;0.1268455855
99.05;0.0333127098;-0.0269639339;-0.2368570005;0.1300119264
99.06;0.0309261866;-0.0256486388;-0.2404035195;0.1330205118
99.07;0.0285055281;-0.0243040610;-0.2436834421;0.1358679107
99.08;0.0260534186;-0.0229318287;-0.2466931258;0.1385508851
99.09;0.0235725776;-0.0215336016;-0.2494292296;0.1410663940
99.10;0.0210657562;-0.0201110686;-0.2518887180;0.1434115970
99.11;0.0185357345;-0.0186659462;-0.2540688642;0.1455838572
99.12;0.0159853182;-0.0171999761;-0.2559672538;0.1475807442
99.13;0.0134173357;-0.0157149233;-0.2575817872;0.1494000372
99.14;0.0108346347;-0.0142125741;-0.2589106821;0.1510397272
99.15;0.0082400791;-0.0126947335;-0.2599524756;0.1524980194
99.16;0.0056365460;-0.0111632237;-0.2607060259;0.1537733351
99.17;0.0030269222;-0.0096198813;-0.2611705135;0.1548643136
99.18;0.0004141011;-0.0080665557;-0.2613454422;0.1557698132
99.19;-0.0021990208;-0.0065051064;-0.2612306399;0.1564889131
99.20;-0.0048095464;-0.0049374012;-0.2608262583;0.1570209139
99.21;-0.0074145821;-0.0033653135;-0.2601327730;0.1573653384
99.22;-0.0100112407;-0.0017907206;-0.2591509827;0.1575219319
99.23;-0.0125966444;-0.0002155011;-0.2578820087;0.1574906626
99.24;-0.0151679284;0.0013584671;-0.2563272930;0.1572717212
99.25;-0.0177222436;0.0029293091;-0.2544885967;0.1568655208
99.26;-0.0202567605;0.0044951553;-0.2523679982;0.1562726959
99.27;-0.0227686718;0.0060541437;-0.2499678905;0.1554941018
99.28;-0.0252551956;0.0076044217;-0.2472909783;0.1545308134
99.29;-0.0277135786;0.0091441486;-0.2443402750;0.1533841234
99.30;-0.0301410994;0.0106714978;-0.2411190990;0.1520555413
99.31;-0.0325350710;0.0121846588;-0.2376310700;0.1505467906
99.32;-0.0348928443;0.0136818394;-0.2338801045;0.1488598071
99.33;-0.0372118106;0.0151612679;-0.2298704114;0.1469967365
99.34;-0.0394894050;0.0166211950;-0.2256064869;0.1449599315
99.35;-0.0417231088;0.0180598959;-0.2210931095;0.1427519487
99.36;-0.0439104524;0.0194756725;-0.2163353345;0.1403755457
99.37;-0.0460490185;0.0208668552;-0.2113384878;0.1378336776
99.38;-0.0481364438;0.0222318049;-0.2061081599;0.1351294932
99.39;-0.0501704228;0.0235689151;-0.2006501996;0.1322663313
99.40;-0.0521487093;0.0248766133;-0.1949707070;0.1292477164
99.41;-0.0540691196;0.0261533635;-0.1890760270;0.1260773546
99.42;-0.0559295345;0.0273976675;-0.1829727414;0.1227591287
99.43;-0.0577279017;0.0286080667;-0.1766676618;0.1192970940
99.44;-0.0594622384;0.0297831440;-0.1701678216;0.1156954728
99.45;-0.0611306330;0.0309215254;-0.1634804683;0.1119586497
99.46;-0.0627312475;0.0320218814;-0.1566130552;0.1080911660
99.47;-0.0642623194;0.0330829288;-0.1495732328;0.1040977144
99.48;-0.0657221636;0.0341034319;-0.1423688402;0.0999831333
99.49;-0.0671091743;0.0350822043;-0.1350078966;0.0957524008
99.50;-0.0684218269;0.0360181098;-0.1274985920;0.0914106290
99.51;-0.0696586794;0.0369100641;-0.1198492781;0.0869630575
99.52;-0.0708183741;0.0377570361;-0.1120684591;0.0824150476
99.53;-0.0718996390;0.0385580485;-0.1041647821;0.0777720754
99.54;-0.0729012894;0.0393121797;-0.0961470274;0.0730397257
99.55;-0.0738222290;0.0400185640;-0.0880240991;0.0682236849
99.56;-0.0746614509;0.0406763936;-0.0798050149;0.0633297346
99.57;-0.0754180391;0.0412849186;-0.0714988964;0.0583637444
99.58;-0.0760911694;0.0418434482;-0.0631149588;0.0533316654
99.59;-0.0766801099;0.0423513517;-0.0546625009;0.0482395226
99.60;-0.0771842222;0.0428080587;-0.0461508948;0.0430934081
99.61;-0.0776029620;0.0432130604;-0.0375895757;0.0378994739
99.62;-0.0779358796;0.0435659095;-0.0289880316;0.0326639244
99.63;-0.0781826204;0.0438662210;-0.0203557925;0.0273930093
99.64;-0.0783429250;0.0441136727;-0.0117024207;0.0220930160
99.65;-0.0784166303;0.0443080054;-0.0030374994;0.0167702626
99.66;-0.0784036685;0.0444490232;0.0056293768;0.0114310900
99.67;-0.0783040682;0.0445365937;0.0142886131;0.0060818547
99.68;-0.0781179537;0.0445706480;0.0229306248;0.0007289213
99.69;-0.0778455450;0.0445511810;0.0315458475;-0.0046213452
99.70;-0.0774871578;0.0444782512;0.0401247479;-0.0099625864
99.71;-0.0770432028;0.0443519805;0.0486578341;-0.0152884584
99.72;-0.0765141853;0.0441725543;0.0571356659;-0.0205926390
99.73;-0.0759007049;0.0439402210;0.0655488653;-0.0258688355
99.74;-0.0752034545;0.0436552918;0.0738881265;-0.0311107913
99.75;-0.0744232196;0.0433181401;0.0821442264;-0.0363122940
99.76;-0.0735608776;0.0429292013;0.0903080345;-0.0414671823
99.77;-0.0726173967;0.0424889722;0.0983705229;-0.0465693534
99.78;-0.0715938347;0.0419980101;0.1063227766;-0.0516127700
99.79;-0.0704913379;0.0414569325;0.1141560027;-0.0565914672
99.80;-0.0693111403;0.0408664161;0.1218615407;-0.0614995600
99.81;-0.0680545612;0.0402271960;0.1294308716;-0.0663312497
99.82;-0.0667230048;0.0395400648;0.1368556275;-0.0710808310
99.83;-0.0653179580;0.0388058718;0.1441276012;-0.0757426985
99.84;-0.0638409889;0.0380255216;0.1512387546;-0.0803113533
99.85;-0.0622937452;0.0371999734;0.1581812281;-0.0847814095
99.86;-0.0606779522;0.0363302397;0.1649473495;-0.0891476004
99.87;-0.0589954110;0.0354173848;0.1715296421;-0.0934047848
99.88;-0.0572479964;0.0344625241;0.1779208335;-0.0975479529
99.89;-0.0554376550;0.0334668221;0.1841138633;-0.1015722324
99.90;-0.0535664026;0.0324314915;0.1901018915;-0.1054728939
99.91;-0.0516363226;0.0313577916;0.1958783059;-0.1092453565
99.92;-0.0496495632;0.0302470265;0.2014367295;-0.1128851935
99.93;-0.0476083351;0.0291005441;0.2067710281;-0.1163881370
99.94;-0.0455149094;0.0279197338;0.2118753167;-0.1197500835
99.95;-0.0433716143;0.0267060255;0.2167439665;-0.1229670984
99.96;-0.0411808335;0.0254608875;0.2213716112;-0.1260354205
99.97;-0.0389450025;0.0241858248;0.2257531531;-0.1289514667
99.98;-0.0366666069;0.0228823772;0.2298837691;-0.1317118361
99.99;-0.0343481788;0.0215521177;0.2337589157;-0.1343133137
