day,cos_day,hour,cos_hour,air_temperature,dew_point,wind_speed,air_pressure,weather_condition,solar_radiation,pv1_incidence_cos,pv1_power,pv2_incidence_cos,pv2_power,pv3_incidence_cos,pv3_power,pv4_incidence_cos,pv4_power,pv5_incidence_cos,pv5_power,total_pv_power
1,0.9998518392091162,1,1.0,2,81,6,900.2,10,0.0,0.0,0,0.0,0,0.0,0,0.0,0,0.0,0,0
1,0.9998518392091162,2,0.9659,-1,86,0,900.2,10,0.0,0.0,0,0.0,0,0.0,0,0.0,0,0.0,0,0
1,0.9998518392091162,3,0.866,0,87,6,900.2,10,0.0,0.0,0,0.0,0,0.0,0,0.0,0,0.0,0,0
1,0.9998518392091162,4,0.7071,-1,86,2,900.2,10,0.0,0.0,0,0.0,0,0.0,0,0.0,0,0.0,0,0
1,0.9998518392091162,5,0.5,-1,86,6,900.2,10,0.0,0.0,0,0.0,0,0.0,0,0.0,0,0.0,0,0
1,0.9998518392091162,6,0.2588,-2,86,7,900.2,10,0.0,0.0,0,0.0,0,0.0,0,0.0,0,0.0,0,0
1,0.9998518392091162,7,0.0,-3,86,4,901.1,10,0.0,0.0,0,0.0,0,0.0,0,0.0,0,0.0,0,0
1,0.9998518392091162,8,-0.2588,-2,86,4,901.1,10,0.0,0.0,0,0.0,0,0.0,0,0.0,0,0.0,0,0
1,0.9998518392091162,9,-0.5,-2,93,4,902.0,10,37.6,0.4010937295285995,16,0.5730435593430658,17,0.5042505180342998,14,0.4010937295285995,14,0.2706031498686719,12,73
1,0.9998518392091162,10,-0.7071,2,81,2,902.0,5,98.0,0.5898507775256245,36,0.7498262797108542,43,0.6934678219863999,44,0.5898507775256245,40,0.4460364664250415,30,193
1,0.9998518392091162,11,-0.866,4,75,2,902.0,5,269.0,0.7346891364048692,131,0.8854764178745727,154,0.8386593489684013,153,0.7346891364048692,138,0.5806511671167912,114,690
1,0.9998518392091162,12,-0.9659,6,66,6,902.0,5,349.0,0.8257383278301139,161,0.970749653813567,184,0.9299305516128645,185,0.8257383278301139,167,0.6652734985635963,141,838
1,0.9998518392091162,13,-1.0,7,61,7,901.1,7,409.0,0.856793510244866,194,0.9998347656187622,219,0.9610614579936778,222,0.856793510244866,200,0.6941365987652854,170,1005
1,0.9998518392091162,14,-0.9659,9,54,7,900.2,7,419.0,0.8257383278301139,205,0.970749653813567,232,0.9299305516128645,235,0.8257383278301139,209,0.6652734985635963,175,1056
1,0.9998518392091162,15,-0.866,11,47,11,900.2,7,209.0,0.7346891364048692,83,0.8854764178745727,88,0.8386593489684013,91,0.7346891364048692,84,0.5806511671167912,74,420
1,0.9998518392091162,16,-0.7071,11,47,6,900.2,7,209.0,0.5898507775256245,108,0.7498262797108542,120,0.6934678219863999,121,0.5898507775256245,109,0.4460364664250415,91,549
1,0.9998518392091162,17,-0.5,10,50,6,900.2,7,97.0,0.4010937295285997,55,0.5730435593430662,62,0.5042505180343,63,0.4010937295285997,54,0.2706031498686721,41,275
1,0.9998518392091162,18,-0.2588,8,57,6,901.1,7,0.0,0.0,0,0.0,0,0.0,0,0.0,0,0.0,0,0
1,0.9998518392091162,19,0.0,4,70,4,901.1,7,0.0,0.0,0,0.0,0,0.0,0,0.0,0,0.0,0,0
1,0.9998518392091162,20,0.2588,5,65,9,901.1,7,0.0,0.0,0,0.0,0,0.0,0,0.0,0,0.0,0,0
1,0.9998518392091162,21,0.5,5,70,6,902.0,7,0.0,0.0,0,0.0,0,0.0,0,0.0,0,0.0,0,0
1,0.9998518392091162,22,0.7071,5,70,4,902.0,7,0.0,0.0,0,0.0,0,0.0,0,0.0,0,0.0,0,0
1,0.9998518392091162,23,0.866,4,75,6,902.0,10,0.0,0.0,0,0.0,0,0.0,0,0.0,0,0.0,0,0
1,0.9998518392091162,24,0.9659,3,81,6,902.0,10,0.0,0.0,0,0.0,0,0.0,0,0.0,0,0.0,0,0
2,0.9994074007397048,1,1.0,0,87,9,902.9,10,0.0,0.0,0,0.0,0,0.0,0,0.0,0,0.0,0,0
2,0.9994074007397048,2,0.9659,1,75,7,902.9,10,0.0,0.0,0,0.0,0,0.0,0,0.0,0,0.0,0,0
2,0.9994074007397048,3,0.866,0,87,9,902.9,10,0.0,0.0,0,0.0,0,0.0,0,0.0,0,0.0,0,0
2,0.9994074007397048,4,0.7071,1,87,7,902.9,10,0.0,0.0,0,0.0,0,0.0,0,0.0,0,0.0,0,0
2,0.9994074007397048,5,0.5,2,81,6,903.8,7,0.0,0.0,0,0.0,0,0.0,0,0.0,0,0.0,0,0
2,0.9994074007397048,6,0.2588,1,87,9,902.9,7,0.0,0.0,0,0.0,0,0.0,0,0.0,0,0.0,0,0
2,0.9994074007397048,7,0.0,1,81,7,903.8,10,0.0,0.0,0,0.0,0,0.0,0,0.0,0,0.0,0,0
2,0.9994074007397048,8,-0.2588,0,87,4,903.8,10,0.0,0.0,0,0.0,0,0.0,0,0.0,0,0.0,0,0
2,0.9994074007397048,9,-0.5,-1,93,0,904.7,10,0.0,0.0,0,0.0,0,0.0,0,0.0,0,0.0,0,0
2,0.9994074007397048,10,-0.7071,1,87,7,905.5,4,135.0,0.5904195571571628,82,0.7497009726836025,101,0.6936973802740946,98,0.5904195571571628,88,0.44690570608987007,62,431
2,0.9994074007397048,11,-0.866,6,70,4,905.5,4,323.0,0.7353448355716882,149,0.88543251646799,179,0.8389760387692166,178,0.7353448355716882,158,0.5816011909171678,129,793
2,0.9994074007397048,12,-0.9659,9,62,4,905.5,10,427.0,0.8264486668956169,194,0.9707569261123318,224,0.9303020145658227,227,0.8264486668956169,199,0.6662743053912986,167,1011
2,0.9994074007397048,13,-1.0,10,58,7,904.7,10,465.0,0.8575224859613888,214,0.999859492314273,243,0.9614516030477089,247,0.8575224859613888,221,0.6951547267373516,186,1111
2,0.9994074007397048,14,-0.9659,11,54,6,903.8,10,449.0,0.8264486668956169,216,0.9707569261123318,244,0.9303020145658227,248,0.8264486668956169,220,0.6662743053912986,186,1114
2,0.9994074007397048,15,-0.866,11,47,7,903.8,10,386.0,0.7353448355716882,200,0.88543251646799,231,0.8389760387692166,232,0.7353448355716882,204,0.5816011909171678,168,1035
2,0.9994074007397048,16,-0.7071,11,47,9,903.8,10,262.0,0.5904195571571628,162,0.7497009726836025,192,0.6936973802740946,191,0.5904195571571628,163,0.44690570608987007,128,836
2,0.9994074007397048,17,-0.5,11,47,2,904.7,10,93.0,0.4015492333981764,94,0.5728121624214979,119,0.5043665243003184,114,0.4015492333981764,92,0.27136710958778065,50,469
2,0.9994074007397048,18,-0.2588,9,54,0,904.7,10,10.0,0.18160504335641894,10,0.36682074992915376,12,0.2838860363215391,12,0.18160504335641894,10,0.06694804572226809,10,54
2,0.9994074007397048,19,0.0,6,70,7,904.7,10,0.0,0.0,0,0.0,0,0.0,0,0.0,0,0.0,0,0
2,0.9994074007397048,20,0.2588,5,70,7,904.7,10,0.0,0.0,0,0.0,0,0.0,0,0.0,0,0.0,0,0
2,0.9994074007397048,21,0.5,4,70,7,904.7,10,0.0,0.0,0,0.0,0,0.0,0,0.0,0,0.0,0,0
2,0.9994074007397048,22,0.7071,4,75,7,905.5,10,0.0,0.0,0,0.0,0,0.0,0,0.0,0,0.0,0,0
2,0.9994074007397048,23,0.866,3,75,7,904.7,10,0.0,0.0,0,0.0,0,0.0,0,0.0,0,0.0,0,0
2,0.9994074007397048,24,0.9659,2,81,9,905.5,10,0.0,0.0,0,0.0,0,0.0,0,0.0,0,0.0,0,0
3,0.998666816288476,1,1.0,2,81,9,904.7,10,0.0,0.0,0,0.0,0,0.0,0,0.0,0,0.0,0,0
3,0.998666816288476,2,0.9659,-1,93,0,904.7,10,0.0,0.0,0,0.0,0,0.0,0,0.0,0,0.0,0,0
3,0.998666816288476,3,0.866,0,87,6,904.7,10,0.0,0.0,0,0.0,0,0.0,0,0.0,0,0.0,0,0
3,0.998666816288476,4,0.7071,-2,93,4,904.7,10,0.0,0.0,0,0.0,0,0.0,0,0.0,0,0.0,0,0
3,0.998666816288476,5,0.5,-1,93,4,904.7,10,0.0,0.0,0,0.0,0,0.0,0,0.0,0,0.0,0,0
3,0.998666816288476,6,0.2588,-1,93,6,904.7,10,0.0,0.0,0,0.0,0,0.0,0,0.0,0,0.0,0,0
3,0.998666816288476,7,0.0,-2,86,6,904.7,10,0.0,0.0,0,0.0,0,0.0,0,0.0,0,0.0,0,0
3,0.998666816288476,8,-0.2588,-2,86,7,905.5,10,0.0,0.0,0,0.0,0,0.0,0,0.0,0,0.0,0,0
3,0.998666816288476,9,-0.5,-2,93,6,905.5,10,30.0,0.4020419957344267,14,0.5725600810065922,15,0.504491109884138,14,0.4020419957344267,13,0.2721944678261268,11,67
3,0.998666816288476,10,-0.7071,1,93,6,905.5,4,205.0,0.5910346594317902,95,0.7495634703363022,122,0.693944604162204,120,0.5910346594317902,105,0.44784676863548,67,509
3,0.998666816288476,11,-0.866,4,81,6,905.5,10,333.0,0.7360538125676782,149,0.8853829337116197,177,0.8393173663188869,175,0.7360538125676782,159,0.5826295018376819,132,792
3,0.998666816288476,12,-0.9659,5,76,6,904.7,7,365.0,0.827216656002613,144,0.9707626119136173,151,0.9307024981428227,157,0.827216656002613,148,0.6673574629296276,134,734
3,0.998666816288476,13,-1.0,6,70,4,903.8,5,294.0,0.8583106029995358,107,0.9998840291900756,108,0.9618722636427983,113,0.8583106029995358,109,0.6962565914350443,100,537
3,0.998666816288476,14,-0.9659,7,66,4,903.8,5,213.0,0.827216656002613,72,0.9707626119136173,66,0.9307024981428227,72,0.827216656002613,72,0.6673574629296276,71,353
3,0.998666816288476,15,-0.866,9,57,6,903.8,5,210.0,0.7360538125676782,66,0.8853829337116197,60,0.8393173663188869,66,0.7360538125676782,67,0.5826295018376819,66,325
3,0.998666816288476,16,-0.7071,8,66,7,903.8,5,185.0,0.5910346594317902,68,0.7495634703363022,66,0.693944604162204,69,0.5910346594317902,69,0.44784676863548,64,336
3,0.998666816288476,17,-0.5,8,66,6,903.8,5,78.0,0.4020419957344267,23,0.5725600810065924,19,0.504491109884138,22,0.4020419957344267,23,0.2721944678261268,25,112
3,0.998666816288476,18,-0.2588,6,70,4,903.8,5,0.0,0.0,0,0.0,0,0.0,0,0.0,0,0.0,0,0
3,0.998666816288476,19,0.0,5,76,6,903.8,5,0.0,0.0,0,0.0,0,0.0,0,0.0,0,0.0,0,0
3,0.998666816288476,20,0.2588,5,76,4,903.8,5,0.0,0.0,0,0.0,0,0.0,0,0.0,0,0.0,0,0
3,0.998666816288476,21,0.5,3,81,4,903.8,10,0.0,0.0,0,0.0,0,0.0,0,0.0,0,0.0,0,0
3,0.998666816288476,22,0.7071,4,81,4,903.8,10,0.0,0.0,0,0.0,0,0.0,0,0.0,0,0.0,0,0
3,0.998666816288476,23,0.866,3,87,6,903.8,10,0.0,0.0,0,0.0,0,0.0,0,0.0,0,0.0,0,0
3,0.998666816288476,24,0.9659,0,87,2,903.8,10,0.0,0.0,0,0.0,0,0.0,0,0.0,0,0.0,0,0
4,0.9976303053065857,1,1.0,0,93,6,903.8,10,0.0,0.0,0,0.0,0,0.0,0,0.0,0,0.0,0,0
4,0.9976303053065857,2,0.9659,0,93,4,903.8,10,0.0,0.0,0,0.0,0,0.0,0,0.0,0,0.0,0,0
4,0.9976303053065857,3,0.866,-1,86,7,902.9,10,0.0,0.0,0,0.0,0,0.0,0,0.0,0,0.0,0,0
4,0.9976303053065857,4,0.7071,-1,86,4,902.9,10,0.0,0.0,0,0.0,0,0.0,0,0.0,0,0.0,0,0
4,0.9976303053065857,5,0.5,0,93,7,902.9,10,0.0,0.0,0,0.0,0,0.0,0,0.0,0,0.0,0,0
4,0.9976303053065857,6,0.2588,0,93,2,902.9,10,0.0,0.0,0,0.0,0,0.0,0,0.0,0,0.0,0,0
4,0.9976303053065857,7,0.0,-2,93,7,902.9,4,0.0,0.0,0,0.0,0,0.0,0,0.0,0,0.0,0,0
4,0.9976303053065857,8,-0.2588,-3,93,6,903.8,4,0.0,0.0,0,0.0,0,0.0,0,0.0,0,0.0,0,0
4,0.9976303053065857,9,-0.5,-3,93,7,903.8,4,37.0,0.40257165052001664,24,0.6846476598194597,25,0.5963659986469391,24,0.4674430721750603,15,0.3066647526362427,13,101
4,0.9976303053065857,10,-0.7071,-1,86,2,903.8,2,150.0,0.5916955788909308,88,0.8381860704259531,104,0.7666916223582118,103,0.6429485070809023,75,0.4753896003678137,57,427
4,0.9976303053065857,11,-0.866,2,87,6,903.8,4,279.0,0.736815454937254,137,0.9441891545402399,160,0.8877433569542338,159,0.770799422391217,139,0.6013268736813081,115,710
4,0.9976303053065857,12,-0.9659,4,75,6,902.9,4,268.0,0.8280416154343933,131,0.9954329873488732,142,0.9512717396254512,145,0.8422830040856691,121,0.6758941704903307,105,644
4,0.9976303053065857,13,-1.0,6,70,7,902.0,4,374.0,0.8591571587010821,134,0.9884253913318115,140,0.9529474228776152,145,0.8525277723652422,157,0.6940098615915763,139,715
4,0.9976303053065857,14,-0.9659,8,66,9,901.1,7,329.0,0.8280416154343933,120,0.9236439218904171,121,0.892656211846068,127,0.8008355643722265,126,0.6544393947213972,116,610
4,0.9976303053065857,15,-0.866,10,58,6,901.1,7,328.0,0.736815454937254,172,0.8055033228037168,191,0.7745068464723216,193,0.6907291127526698,150,0.5598794271124266,130,836
4,0.9976303053065857,16,-0.7071,10,54,7,901.1,7,267.0,0.5916955788909308,131,0.6420546693695994,153,0.6065509982008037,151,0.5297119776652683,150,0.41677405306528176,121,706
4,0.9976303053065857,17,-0.5,9,62,9,901.1,7,95.0,0.4025716505200168,42,0.44443670212994824,48,0.4002345629479155,48,0.32875719245191465,62,0.23487565030140478,45,245
4,0.9976303053065857,18,-0.2588,8,66,6,901.1,7,0.0,0.0,0,0.0,0,0.0,0,0.0,0,0.0,0,0
4,0.9976303053065857,19,0.0,4,75,4,901.1,7,0.0,0.0,0,0.0,0,0.0,0,0.0,0,0.0,0,0
4,0.9976303053065857,20,0.2588,3,81,2,901.1,7,0.0,0.0,0,0.0,0,0.0,0,0.0,0,0.0,0,0
4,0.9976303053065857,21,0.5,2,87,4,901.1,10,0.0,0.0,0,0.0,0,0.0,0,0.0,0,0.0,0,0
4,0.9976303053065857,22,0.7071,3,87,7,901.1,7,0.0,0.0,0,0.0,0,0.0,0,0.0,0,0.0,0,0
4,0.9976303053065857,23,0.866,2,87,4,900.2,5,0.0,0.0,0,0.0,0,0.0,0,0.0,0,0.0,0,0
4,0.9976303053065857,24,0.9659,2,87,0,900.2,10,0.0,0.0,0,0.0,0,0.0,0,0.0,0,0.0,0,0
5,0.9962981749346078,1,1.0,2,87,2,900.2,4,0.0,0.0,0,0.0,0,0.0,0,0.0,0,0.0,0,0
5,0.9962981749346078,2,0.9659,0,93,4,899.4,4,0.0,0.0,0,0.0,0,0.0,0,0.0,0,0.0,0,0
5,0.9962981749346078,3,0.866,0,93,6,899.4,4,0.0,0.0,0,0.0,0,0.0,0,0.0,0,0.0,0,0
5,0.9962981749346078,4,0.7071,1,93,6,899.4,4,0.0,0.0,0,0.0,0,0.0,0,0.0,0,0.0,0,0
5,0.9962981749346078,5,0.5,2,93,6,899.4,4,0.0,0.0,0,0.0,0,0.0,0,0.0,0,0.0,0,0
5,0.9962981749346078,6,0.2588,1,93,4,899.4,4,0.0,0.0,0,0.0,0,0.0,0,0.0,0,0.0,0,0
5,0.9962981749346078,7,0.0,1,93,6,899.4,4,0.0,0.0,0,0.0,0,0.0,0,0.0,0,0.0,0,0
5,0.9962981749346078,8,-0.2588,3,81,7,900.2,4,0.0,0.0,0,0.0,0,0.0,0,0.0,0,0.0,0,0
5,0.9962981749346078,9,-0.5,4,81,6,900.2,4,0.0,0.0,0,0.0,0,0.0,0,0.0,0,0.0,0,0
5,0.9962981749346078,10,-0.7071,7,71,4,900.2,4,61.0,0.5924017723728552,20,0.8381086705884122,19,0.7670426982833769,20,0.6437041335919564,21,0.4764982828786109,21,101
5,0.9962981749346078,11,-0.866,7,71,7,900.2,5,119.0,0.7376291046396176,35,0.9441902463584552,27,0.8881840675128911,32,0.7716497180562715,36,0.6025288083170661,38,168
5,0.9962981749346078,12,-0.9659,9,62,6,900.2,5,167.0,0.8289228149341658,53,0.9954720234696467,46,0.9517594907582397,51,0.8431862308548166,54,0.6771513195897889,55,259
5,0.9962981749346078,13,-1.0,11,54,15,899.4,5,238.0,0.8600613981777071,75,0.988459238567882,68,0.953436414795987,74,0.8534385850286679,76,0.6952804247239851,75,368
5,0.9962981749346078,14,-0.9659,11,54,9,899.4,5,150.0,0.8289228149341658,41,0.9236298006674295,32,0.8931005602042017,38,0.801708100755001,42,0.6556806573130443,44,197
5,0.9962981749346078,15,-0.866,13,47,15,899.4,5,150.0,0.7376291046396176,44,0.8054017225090675,35,0.7748637093014749,40,0.6915201191398397,44,0.5610506713703818,47,210
5,0.9962981749346078,16,-0.7071,13,47,15,899.4,5,110.0,0.5924017723728552,26,0.6418320409270156,20,0.6067834955106933,25,0.5303837564648053,27,0.41783933282407787,30,128
5,0.9962981749346078,17,-0.5,11,54,7,899.4,5,0.0,0.0,0,0.0,0,0.0,0,0.0,0,0.0,0,0
5,0.9962981749346078,18,-0.2588,10,58,7,899.4,5,0.0,0.0,0,0.0,0,0.0,0,0.0,0,0.0,0,0
5,0.9962981749346078,19,0.0,9,62,4,900.2,5,0.0,0.0,0,0.0,0,0.0,0,0.0,0,0.0,0,0
5,0.9962981749346078,20,0.2588,9,76,19,901.1,4,0.0,0.0,0,0.0,0,0.0,0,0.0,0,0.0,0,0
5,0.9962981749346078,21,0.5,9,71,15,901.1,5,0.0,0.0,0,0.0,0,0.0,0,0.0,0,0.0,0,0
5,0.9962981749346078,22,0.7071,7,81,7,902.0,5,0.0,0.0,0,0.0,0,0.0,0,0.0,0,0.0,0,0
5,0.9962981749346078,23,0.866,6,87,7,902.0,5,0.0,0.0,0,0.0,0,0.0,0,0.0,0,0.0,0,0
5,0.9962981749346078,24,0.9659,5,87,9,902.0,7,0.0,0.0,0,0.0,0,0.0,0,0.0,0,0.0,0,0
6,0.9946708199115211,1,1.0,3,87,4,902.0,7,0.0,0.0,0,0.0,0,0.0,0,0.0,0,0.0,0,0
6,0.9946708199115211,2,0.9659,3,93,4,902.9,7,0.0,0.0,0,0.0,0,0.0,0,0.0,0,0.0,0,0
6,0.9946708199115211,3,0.866,2,87,6,902.9,7,0.0,0.0,0,0.0,0,0.0,0,0.0,0,0.0,0,0
6,0.9946708199115211,4,0.7071,1,93,7,903.8,7,0.0,0.0,0,0.0,0,0.0,0,0.0,0,0.0,0,0
6,0.9946708199115211,5,0.5,2,93,9,903.8,7,0.0,0.0,0,0.0,0,0.0,0,0.0,0,0.0,0,0
6,0.9946708199115211,6,0.2588,1,93,7,903.8,7,0.0,0.0,0,0.0,0,0.0,0,0.0,0,0.0,0,0
6,0.9946708199115211,7,0.0,3,87,11,903.8,7,0.0,0.0,0,0.0,0,0.0,0,0.0,0,0.0,0,0
6,0.9946708199115211,8,-0.2588,0,87,6,904.7,7,0.0,0.0,0,0.0,0,0.0,0,0.0,0,0.0,0,0
6,0.9946708199115211,9,-0.5,1,93,7,904.7,5,29.0,0.4037400365054593,10,0.6842504724247485,10,0.596828739924202,11,0.4687342072251535,12,0.3086962929798315,11,54
6,0.9946708199115211,10,-0.7071,4,87,4,904.7,5,113.0,0.5931526594534069,44,0.8380232570884993,50,0.7674143630175767,51,0.6445075482942575,50,0.4776786962836991,44,239
6,0.9946708199115211,11,-0.866,6,81,6,905.5,5,175.0,0.7384940586045029,68,0.9441881532900684,73,0.8886508811677531,76,0.7725536259212288,72,0.6038082106804771,65,354
6,0.9946708199115211,12,-0.9659,7,76,6,905.5,5,224.0,0.8298594743331055,73,0.9955102090223704,67,0.9522762389047277,73,0.8441463261243178,75,0.678489333188598,74,362
6,0.9946708199115211,13,-1.0,8,76,7,904.7,5,269.0,0.8610225149637049,95,0.9884919160177597,91,0.9539544800606957,96,0.8544067328736438,96,0.6966326775816826,92,470
6,0.9946708199115211,14,-0.9659,10,62,4,904.7,5,352.0,0.8298594743331055,142,0.9236115586575344,148,0.893571235454523,153,0.8026356175777779,143,0.657001807072442,128,714
6,0.9946708199115211,15,-0.866,11,58,11,903.8,5,319.0,0.7384940586045029,136,0.8052906197494438,137,0.7752415169477049,141,0.6923610902741446,132,0.5622974952962406,117,663
6,0.9946708199115211,16,-0.7071,11,58,7,903.8,5,193.0,0.5931526594534069,74,0.641592464415366,70,0.6070292867201272,74,0.5310981651777732,71,0.41897367335726576,67,356
6,0.9946708199115211,17,-0.5,11,62,6,904.7,5,95.0,0.4037400365054593,39,0.4436728362854691,36,0.4003979126455669,38,0.3298366257770782,36,0.23679760582069265,33,182
6,0.9946708199115211,18,-0.2588,8,71,4,904.7,5,0.0,0.0,0,0.0,0,0.0,0,0.0,0,0.0,0,0
6,0.9946708199115211,19,0.0,6,81,6,904.7,5,0.0,0.0,0,0.0,0,0.0,0,0.0,0,0.0,0,0
6,0.9946708199115211,20,0.2588,6,76,7,904.7,10,0.0,0.0,0,0.0,0,0.0,0,0.0,0,0.0,0,0
6,0.9946708199115211,21,0.5,5,87,6,904.7,10,0.0,0.0,0,0.0,0,0.0,0,0.0,0,0.0,0,0
6,0.9946708199115211,22,0.7071,4,87,6,904.7,10,0.0,0.0,0,0.0,0,0.0,0,0.0,0,0.0,0,0
6,0.9946708199115211,23,0.866,4,81,4,904.7,10,0.0,0.0,0,0.0,0,0.0,0,0.0,0,0.0,0,0
6,0.9946708199115211,24,0.9659,3,87,6,904.7,10,0.0,0.0,0,0.0,0,0.0,0,0.0,0,0.0,0,0
7,0.9927487224577402,1,1.0,1,87,6,903.8,10,0.0,0.0,0,0.0,0,0.0,0,0.0,0,0.0,0,0
7,0.9927487224577402,2,0.9659,0,87,2,903.8,10,0.0,0.0,0,0.0,0,0.0,0,0.0,0,0.0,0,0
7,0.9927487224577402,3,0.866,1,93,6,903.8,10,0.0,0.0,0,0.0,0,0.0,0,0.0,0,0.0,0,0
7,0.9927487224577402,4,0.7071,0,93,7,903.8,10,0.0,0.0,0,0.0,0,0.0,0,0.0,0,0.0,0,0
7,0.9927487224577402,5,0.5,-1,93,4,902.9,10,0.0,0.0,0,0.0,0,0.0,0,0.0,0,0.0,0,0
7,0.9927487224577402,6,0.2588,0,93,6,902.9,4,0.0,0.0,0,0.0,0,0.0,0,0.0,0,0.0,0,0
7,0.9927487224577402,7,0.0,-3,93,9,902.9,4,0.0,0.0,0,0.0,0,0.0,0,0.0,0,0.0,0,0
7,0.9927487224577402,8,-0.2588,-4,10,6,903.8,2,0.0,0.0,0,0.0,0,0.0,0,0.0,0,0.0,0,0
7,0.9927487224577402,9,-0.5,-3,10,7,903.8,2,45.0,0.40437789970047594,26,0.6840289762175723,24,0.59707888953951,38,0.4694389554640121,40,0.30980761254574013,18,146
7,0.9927487224577402,10,-0.7071,-1,93,6,903.8,2,188.0,0.5939476229191772,90,0.8379293013031445,137,0.7678059977064959,131,0.6453580842760571,114,0.4789301710627353,86,558
7,0.9927487224577402,11,-0.866,1,93,6,903.8,2,332.0,0.7394095693285682,156,0.9441822515414839,203,0.8891430703831639,200,0.7735103642886394,176,0.6051642981835896,142,877
7,0.9927487224577402,12,-0.9659,3,10,9,903.8,2,389.0,0.8308507642242049,180,0.9955468742062731,214,0.9528211994929058,215,0.8451624440181218,192,0.6799073617516241,160,961
7,0.9927487224577402,13,-1.0,5,81,15,902.9,4,456.0,0.8620396517162525,205,0.9885227601721552,233,0.9545008325952888,236,0.8554313608262735,212,0.6980657543651059,182,1068
7,0.9927487224577402,14,-0.9659,8,71,6,902.0,4,458.0,0.8308507642242049,213,0.9235885905128313,235,0.8940675056505715,239,0.8036173061763894,214,0.6584020137267449,181,1082
7,0.9927487224577402,15,-0.866,12,54,7,901.1,10,390.0,0.7394095693285682,189,0.8051695152446433,201,0.7756396435401185,204,0.6932513163459795,183,0.5636191535139398,156,933
7,0.9927487224577402,16,-0.7071,12,51,6,901.1,10,248.0,0.5939476229191772,129,0.6413355873001305,132,0.6072878967504944,133,0.5318546385572037,119,0.4201764577700653,100,613
7,0.9927487224577402,17,-0.5,10,62,6,902.0,10,85.0,0.40437789970047594,37,0.4432518029590505,36,0.40048514095177473,38,0.33042617130365054,35,0.2378492921033562,31,177
7,0.9927487224577402,18,-0.2588,7,71,7,902.0,10,0.0,0.0,0,0.0,0,0.0,0,0.0,0,0.0,0,0
7,0.9927487224577402,19,0.0,7,71,6,902.0,10,0.0,0.0,0,0.0,0,0.0,0,0.0,0,0.0,0,0
7,0.9927487224577402,20,0.2588,6,76,11,902.0,10,0.0,0.0,0,0.0,0,0.0,0,0.0,0,0.0,0,0
7,0.9927487224577402,21,0.5,6,70,4,902.9,10,0.0,0.0,0,0.0,0,0.0,0,0.0,0,0.0,0,0
7,0.9927487224577402,22,0.7071,6,76,6,902.9,10,0.0,0.0,0,0.0,0,0.0,0,0.0,0,0.0,0,0
7,0.9927487224577402,23,0.866,5,76,7,902.9,10,0.0,0.0,0,0.0,0,0.0,0,0.0,0,0.0,0,0
7,0.9927487224577402,24,0.9659,4,81,6,902.0,10,0.0,0.0,0,0.0,0,0.0,0,0.0,0,0.0,0,0
8,0.9905324521322229,1,1.0,3,81,2,902.0,10,0.0,0.0,0,0.0,0,0.0,0,0.0,0,0.0,0,0
8,0.9905324521322229,2,0.9659,3,87,4,902.0,10,0.0,0.0,0,0.0,0,0.0,0,0.0,0,0.0,0,0
8,0.9905324521322229,3,0.866,2,93,9,902.0,10,0.0,0.0,0,0.0,0,0.0,0,0.0,0,0.0,0,0
8,0.9905324521322229,4,0.7071,2,93,6,902.0,10,0.0,0.0,0,0.0,0,0.0,0,0.0,0,0.0,0,0
8,0.9905324521322229,5,0.5,1,93,7,902.0,4,0.0,0.0,0,0.0,0,0.0,0,0.0,0,0.0,0,0
8,0.9905324521322229,6,0.2588,2,87,9,902.0,4,0.0,0.0,0,0.0,0,0.0,0,0.0,0,0.0,0,0
8,0.9905324521322229,7,0.0,1,93,6,902.0,4,0.0,0.0,0,0.0,0,0.0,0,0.0,0,0.0,0,0
8,0.9905324521322229,8,-0.2588,1,87,4,902.0,4,0.0,0.0,0,0.0,0,0.0,0,0.0,0,0.0,0,0
8,0.9905324521322229,9,-0.5,0,93,4,902.0,4,28.0,0.4050509199822129,15,0.6837916699162025,15,0.5973409109231069,14,0.4701824482967123,16,0.310981909158207,11,71
8,0.9905324521322229,10,-0.7071,3,93,9,902.9,4,142.0,0.5947860092731686,102,0.8378262459398977,140,0.76821694837494,98,0.6462550354466537,86,0.4802519971283242,65,491
8,0.9905324521322229,11,-0.866,7,71,7,902.9,10,319.0,0.7403748455124315,135,0.9441718831622389,163,0.8896598662360767,169,0.7745191056636131,152,0.6065962411519792,127,746
8,0.9905324521322229,12,-0.9659,10,58,6,902.0,7,391.0,0.8318958066818908,183,0.9955813124109657,208,0.9533935432746843,193,0.8462336891622314,175,0.6814045047971181,150,909
8,0.9905324521322229,13,-1.0,13,54,9,901.1,7,440.0,0.8631119009631993,152,0.9885510738285853,165,0.9550746438088401,188,0.8565115653741975,173,0.6995787382132327,153,831
8,0.9905324521322229,14,-0.9659,14,48,13,900.2,7,406.0,0.8318958066818908,193,0.9235602577921223,207,0.8945885972041696,206,0.8046523105343399,187,0.6598803971671462,161,954
8,0.9905324521322229,15,-0.866,15,42,13,900.2,7,406.0,0.7403748455124315,140,0.8050378827369774,146,0.7760574276823697,172,0.6941900458933148,157,0.5650148557065596,137,752
8,0.9905324521322229,16,-0.7071,15,39,22,899.4,7,205.0,0.5947860092731686,111,0.6410610385305874,114,0.6075588236923404,116,0.5326525780391144,104,0.4214470316350083,88,533
8,0.9905324521322229,17,-0.5,14,44,19,900.2,7,107.0,0.4050509199822129,43,0.44280446092870024,42,0.40057566895137975,58,0.33104840005482605,52,0.23896081783870743,41,236
8,0.9905324521322229,18,-0.2588,12,51,26,900.2,7,0.0,0.0,0,0.0,0,0.0,0,0.0,0,0.0,0,0
8,0.9905324521322229,19,0.0,11,50,17,901.1,7,0.0,0.0,0,0.0,0,0.0,0,0.0,0,0.0,0,0
8,0.9905324521322229,20,0.2588,10,54,15,901.1,7,0.0,0.0,0,0.0,0,0.0,0,0.0,0,0.0,0,0
8,0.9905324521322229,21,0.5,9,57,11,901.1,7,0.0,0.0,0,0.0,0,0.0,0,0.0,0,0.0,0,0
8,0.9905324521322229,22,0.7071,8,62,11,901.1,10,0.0,0.0,0,0.0,0,0.0,0,0.0,0,0.0,0,0
8,0.9905324521322229,23,0.866,7,66,11,901.1,10,0.0,0.0,0,0.0,0,0.0,0,0.0,0,0.0,0,0
8,0.9905324521322229,24,0.9659,6,70,9,901.1,10,0.0,0.0,0,0.0,0,0.0,0,0.0,0,0.0,0,0
9,0.9880226656636976,1,1.0,3,75,6,901.1,10,0.0,0.0,0,0.0,0,0.0,0,0.0,0,0.0,0,0
9,0.9880226656636976,2,0.9659,1,81,6,901.1,10,0.0,0.0,0,0.0,0,0.0,0,0.0,0,0.0,0,0
9,0.9880226656636976,3,0.866,1,87,6,901.1,10,0.0,0.0,0,0.0,0,0.0,0,0.0,0,0.0,0,0
9,0.9880226656636976,4,0.7071,0,93,7,901.1,4,0.0,0.0,0,0.0,0,0.0,0,0.0,0,0.0,0,0
9,0.9880226656636976,5,0.5,1,87,4,901.1,4,0.0,0.0,0,0.0,0,0.0,0,0.0,0,0.0,0,0
9,0.9880226656636976,6,0.2588,0,87,4,901.1,4,0.0,0.0,0,0.0,0,0.0,0,0.0,0,0.0,0,0
9,0.9880226656636976,7,0.0,0,87,2,901.1,10,0.0,0.0,0,0.0,0,0.0,0,0.0,0,0.0,0,0
9,0.9880226656636976,8,-0.2588,1,87,6,901.1,4,0.0,0.0,0,0.0,0,0.0,0,0.0,0,0.0,0,0
9,0.9880226656636976,9,-0.5,0,93,4,901.1,4,14.0,0.4057585973045229,10,0.6835381220409286,15,0.5976142861311928,10,0.4709641166122838,10,0.3122186013229558,10,55
9,0.9880226656636976,10,-0.7071,4,81,13,902.0,7,126.0,0.5956671292729848,59,0.8377135059219246,111,0.7686465266883518,86,0.6471976571225332,75,0.48164342419683964,59,390
9,0.9880226656636976,11,-0.866,7,66,9,902.0,7,309.0,0.7413890527383344,154,0.9441563570318818,223,0.890200459293913,196,0.7755789774628393,173,0.6081031633166064,138,884
9,0.9880226656636976,12,-0.9659,11,54,7,901.1,7,433.0,0.8329936760273681,194,0.9956127812525697,234,0.9539923972648123,233,0.8473591174624258,207,0.6829798114602427,173,1041
9,0.9880226656636976,13,-1.0,14,41,19,900.2,7,457.0,0.8642383058983113,211,0.9885761133524719,244,0.9556750322947174,245,0.8576463874050342,218,0.7011706576697478,184,1102
9,0.9880226656636976,14,-0.9659,15,42,19,899.4,7,461.0,0.8329936760273681,210,0.9235258899280443,213,0.8951336957680058,234,0.8057397280206937,210,0.6614360279917848,179,1046
9,0.9880226656636976,15,-0.866,15,45,17,899.4,7,347.0,0.7413890527383344,134,0.804895169844857,134,0.7764941732216887,139,0.6951764864337625,130,0.5664837670683508,118,655
9,0.9880226656636976,16,-0.7071,14,44,22,899.4,5,248.0,0.5956671292729848,115,0.6407684292363056,95,0.6078415394129703,119,0.5334913522198181,109,0.4227847033064227,94,532
9,0.9880226656636976,17,-0.5,14,44,17,899.4,5,132.0,0.40575859730452335,65,0.44233061901753523,42,0.4006691749070331,65,0.33170288165855444,60,0.24013167334902014,53,285
9,0.9880226656636976,18,-0.2588,13,47,19,900.2,5,0.0,0.0,0,0.0,0,0.0,0,0.0,0,0.0,0,0
9,0.9880226656636976,19,0.0,12,51,19,900.2,5,0.0,0.0,0,0.0,0,0.0,0,0.0,0,0.0,0,0
9,0.9880226656636976,20,0.2588,11,62,13,901.1,4,0.0,0.0,0,0.0,0,0.0,0,0.0,0,0.0,0,0
9,0.9880226656636976,21,0.5,11,58,17,901.1,5,0.0,0.0,0,0.0,0,0.0,0,0.0,0,0.0,0,0
9,0.9880226656636976,22,0.7071,11,58,19,901.1,5,0.0,0.0,0,0.0,0,0.0,0,0.0,0,0.0,0,0
9,0.9880226656636976,23,0.866,10,62,17,901.1,5,0.0,0.0,0,0.0,0,0.0,0,0.0,0,0.0,0,0
9,0.9880226656636976,24,0.9659,11,58,15,901.1,5,0.0,0.0,0,0.0,0,0.0,0,0.0,0,0.0,0,0
10,0.9852201067560606,1,1.0,10,62,15,901.1,5,0.0,0.0,0,0.0,0,0.0,0,0.0,0,0.0,0,0
10,0.9852201067560606,2,0.9659,10,62,15,901.1,5,0.0,0.0,0,0.0,0,0.0,0,0.0,0,0.0,0,0
10,0.9852201067560606,3,0.866,9,66,9,901.1,5,0.0,0.0,0,0.0,0,0.0,0,0.0,0,0.0,0,0
10,0.9852201067560606,4,0.7071,6,76,7,901.1,5,0.0,0.0,0,0.0,0,0.0,0,0.0,0,0.0,0,0
10,0.9852201067560606,5,0.5,6,76,7,901.1,5,0.0,0.0,0,0.0,0,0.0,0,0.0,0,0.0,0,0
10,0.9852201067560606,6,0.2588,5,81,6,902.0,5,0.0,0.0,0,0.0,0,0.0,0,0.0,0,0.0,0,0
10,0.9852201067560606,7,0.0,5,81,7,902.0,5,0.0,0.0,0,0.0,0,0.0,0,0.0,0,0.0,0,0
10,0.9852201067560606,8,-0.2588,4,81,9,902.0,5,0.0,0.0,0,0.0,0,0.0,0,0.0,0,0.0,0,0
10,0.9852201067560606,9,-0.5,4,87,7,902.0,5,32.0,0.406500405862976,10,0.6832678819045035,10,0.5978984721453183,11,0.471783362066786,12,0.3135170761465896,11,54
10,0.9852201067560606,10,-0.7071,6,76,6,902.9,5,115.0,0.5965902585015544,43,0.8375904693202487,51,0.7690940107570916,51,0.6481851666488786,49,0.48310366218480644,43,237
10,0.9852201067560606,11,-0.866,7,71,11,903.8,5,243.0,0.7424513141883949,122,0.9441349498999749,151,0.8907640005419043,151,0.776689062766069,134,0.6096841423382284,112,670
10,0.9852201067560606,12,-0.9659,10,62,6,902.9,7,402.0,0.8341433996396099,166,0.9956405036658151,198,0.9546168457328015,198,0.8485377369284125,178,0.6846322810932878,148,888
10,0.9852201067560606,13,-1.0,14,51,7,902.0,7,438.0,0.8654178612238953,194,0.9885971172987,218,0.9563010873077341,222,0.8588348289392005,200,0.7028404955312177,171,1005
10,0.9852201067560606,14,-0.9659,16,48,11,902.0,5,355.0,0.8341433996396099,114,0.9234847852461858,113,0.8957019471679696,120,0.8068786101720916,114,0.66306792808415,107,568
10,0.9852201067560606,15,-0.866,16,48,20,902.0,7,203.0,0.7424513141883949,80,0.804740798961809,76,0.7769491500611068,81,0.696209805134658,79,0.5680250087870077,74,390
10,0.9852201067560606,16,-0.7071,16,52,13,902.0,7,246.0,0.5965902585015544,135,0.6404573534600033,141,0.6081354901979346,142,0.5343702973623183,127,0.4241887442572278,105,650
10,0.9852201067560606,17,-0.5,15,55,13,902.0,7,65.0,0.406500405862976,38,0.44183007880112696,39,0.40076532177202734,40,0.3323891634149171,34,0.24136132113179307,28,179
10,0.9852201067560606,18,-0.2588,14,59,11,902.9,5,0.0,0.0,0,0.0,0,0.0,0,0.0,0,0.0,0,0
10,0.9852201067560606,19,0.0,13,63,9,902.9,5,0.0,0.0,0,0.0,0,0.0,0,0.0,0,0.0,0,0
10,0.9852201067560606,20,0.2588,12,67,11,902.9,7,0.0,0.0,0,0.0,0,0.0,0,0.0,0,0.0,0,0
10,0.9852201067560606,21,0.5,11,67,6,902.9,7,0.0,0.0,0,0.0,0,0.0,0,0.0,0,0.0,0,0
10,0.9852201067560606,22,0.7071,10,71,7,902.9,10,0.0,0.0,0,0.0,0,0.0,0,0.0,0,0.0,0,0
10,0.9852201067560606,23,0.866,8,81,6,902.9,10,0.0,0.0,0,0.0,0,0.0,0,0.0,0,0.0,0,0
10,0.9852201067560606,24,0.9659,6,87,4,902.9,10,0.0,0.0,0,0.0,0,0.0,0,0.0,0,0.0,0,0
11,0.9821256058680006,1,1.0,5,93,7,902.9,10,0.0,0.0,0,0.0,0,0.0,0,0.0,0,0.0,0,0
11,0.9821256058680006,2,0.9659,4,93,6,902.9,10,0.0,0.0,0,0.0,0,0.0,0,0.0,0,0.0,0,0
11,0.9821256058680006,3,0.866,3,93,7,902.9,10,0.0,0.0,0,0.0,0,0.0,0,0.0,0,0.0,0,0
11,0.9821256058680006,4,0.7071,3,93,4,902.9,10,0.0,0.0,0,0.0,0,0.0,0,0.0,0,0.0,0,0
11,0.9821256058680006,5,0.5,4,87,2,902.9,10,0.0,0.0,0,0.0,0,0.0,0,0.0,0,0.0,0,0
11,0.9821256058680006,6,0.2588,3,87,6,902.9,10,0.0,0.0,0,0.0,0,0.0,0,0.0,0,0.0,0,0
11,0.9821256058680006,7,0.0,4,87,4,902.9,10,0.0,0.0,0,0.0,0,0.0,0,0.0,0,0.0,0,0
11,0.9821256058680006,8,-0.2588,4,87,9,903.8,5,0.0,0.0,0,0.0,0,0.0,0,0.0,0,0.0,0,0
11,0.9821256058680006,9,-0.5,4,93,4,903.8,5,0.0,0.0,0,0.0,0,0.0,0,0.0,0,0.0,0,0
11,0.9821256058680006,10,-0.7071,5,87,6,904.7,5,22.0,0.5975546379703994,10,0.8374564983322493,10,0.7695586459829694,10,0.6492167440564429,10,0.48463188163135285,10,50
11,0.9821256058680006,11,-0.866,7,76,4,905.5,5,58.0,0.7435607114033915,17,0.9441069074781921,12,0.8913496023593472,15,0.7778484011099979,17,0.61133821036481,18,79
11,0.9821256058680006,12,-0.9659,7,76,6,904.7,5,72.0,0.8353439588119073,21,0.9956636690510517,16,0.9552659312472593,19,0.8497685085443164,21,0.6863608639029907,23,100
11,0.9821256058680006,13,-1.0,8,76,4,904.7,5,100.0,0.8666495140406918,28,0.9886132800145366,22,0.9569518473267544,26,0.8600758381131252,29,0.7045871812742809,31,136
11,0.9821256058680006,14,-0.9659,9,71,6,903.8,5,93.0,0.8353439588119073,24,0.9234362120351667,18,0.8962924583846716,22,0.8080679635188225,25,0.6647750712274084,28,117
11,0.9821256058680006,15,-0.866,9,71,4,903.8,4,81.0,0.7435607114033915,25,0.8045741681999522,17,0.7774215950143643,22,0.6972891295211371,25,0.5696376585566635,28,117
11,0.9821256058680006,16,-0.7071,10,71,2,903.8,4,92.0,0.5975546379703994,10,0.6401273889258607,10,0.6084400974259441,10,0.5352887179318315,10,0.42565838943857087,13,53
11,0.9821256058680006,17,-0.5,9,76,7,903.8,5,0.0,0.0,0,0.0,0,0.0,0,0.0,0,0.0,0,0
11,0.9821256058680006,18,-0.2588,8,81,4,903.8,4,0.0,0.0,0,0.0,0,0.0,0,0.0,0,0.0,0,0
11,0.9821256058680006,19,0.0,8,76,4,903.8,4,0.0,0.0,0,0.0,0,0.0,0,0.0,0,0.0,0,0
11,0.9821256058680006,20,0.2588,7,81,4,904.7,4,0.0,0.0,0,0.0,0,0.0,0,0.0,0,0.0,0,0
11,0.9821256058680006,21,0.5,7,81,2,904.7,4,0.0,0.0,0,0.0,0,0.0,0,0.0,0,0.0,0,0
11,0.9821256058680006,22,0.7071,6,87,6,904.7,4,0.0,0.0,0,0.0,0,0.0,0,0.0,0,0.0,0,0
11,0.9821256058680006,23,0.866,7,87,4,904.7,4,0.0,0.0,0,0.0,0,0.0,0,0.0,0,0.0,0,0
11,0.9821256058680006,24,0.9659,7,87,4,904.7,4,0.0,0.0,0,0.0,0,0.0,0,0.0,0,0.0,0,0
12,0.9787400799669153,1,1.0,7,87,7,903.8,4,0.0,0.0,0,0.0,0,0.0,0,0.0,0,0.0,0,0
12,0.9787400799669153,2,0.9659,6,87,6,903.8,4,0.0,0.0,0,0.0,0,0.0,0,0.0,0,0.0,0,0
12,0.9787400799669153,3,0.866,5,93,6,903.8,4,0.0,0.0,0,0.0,0,0.0,0,0.0,0,0.0,0,0
12,0.9787400799669153,4,0.7071,6,87,0,903.8,4,0.0,0.0,0,0.0,0,0.0,0,0.0,0,0.0,0,0
12,0.9787400799669153,5,0.5,5,93,4,902.9,4,0.0,0.0,0,0.0,0,0.0,0,0.0,0,0.0,0,0
12,0.9787400799669153,6,0.2588,6,87,6,902.9,4,0.0,0.0,0,0.0,0,0.0,0,0.0,0,0.0,0,0
12,0.9787400799669153,7,0.0,6,87,7,902.9,4,0.0,0.0,0,0.0,0,0.0,0,0.0,0,0.0,0,0
12,0.9787400799669153,8,-0.2588,8,76,13,902.9,4,0.0,0.0,0,0.0,0,0.0,0,0.0,0,0.0,0,0
12,0.9787400799669153,9,-0.5,5,87,9,902.0,4,21.0,0.40808418710492683,10,0.6826754309820986,11,0.5984969831610396,12,0.47353204769047247,13,0.3162967666685157,10,56
12,0.9787400799669153,10,-0.7071,8,81,4,902.0,4,128.0,0.598559474755425,54,0.8373109303053553,74,0.7700396459474557,74,0.6502915327537521,66,0.4862272141472301,53,321
12,0.9787400799669153,11,-0.866,11,71,4,902.0,5,176.0,0.7447162850819948,64,0.9440714455833942,69,0.8919563395441493,71,0.7790559893244606,69,0.6130643546223785,63,336
12,0.9787400799669153,12,-0.9659,15,55,19,901.1,5,218.0,0.8365942896538395,70,0.9956814344750392,64,0.9559386557719859,71,0.8510503471853808,72,0.6881644616253735,71,348
12,0.9787400799669153,13,-1.0,16,55,17,899.4,5,234.0,0.867932164784892,75,0.9886237693392548,66,0.9576263146303607,73,0.8613683196376525,75,0.7064095966840643,74,363
12,0.9787400799669153,14,-0.9659,19,40,37,898.5,4,355.0,0.8365942896538395,129,0.9233794096665747,128,0.896904298583522,136,0.8093067504548447,131,0.66655638375508,122,646
12,0.9787400799669153,15,-0.866,19,40,35,897.6,4,280.0,0.7447162850819948,97,0.804394652376878,92,0.7779107127029226,99,0.6984135482221515,96,0.5713207511220664,91,475
12,0.9787400799669153,16,-0.7071,18,40,43,896.7,4,209.0,0.598559474755425,80,0.6397780978423229,72,0.6087547582767251,78,0.5362458871604578,77,0.42719283766283067,72,379
12,0.9787400799669153,17,-0.5,17,39,37,896.7,4,98.0,0.40808418710492683,33,0.44074807688007267,28,0.4009641162410199,31,0.3338552068857521,31,0.24399470538251236,32,155
12,0.9787400799669153,18,-0.2588,15,36,37,895.8,4,0.0,0.0,0,0.0,0,0.0,0,0.0,0,0.0,0,0
12,0.9787400799669153,19,0.0,13,47,30,894.9,5,0.0,0.0,0,0.0,0,0.0,0,0.0,0,0.0,0,0
12,0.9787400799669153,20,0.2588,11,58,15,894.9,5,0.0,0.0,0,0.0,0,0.0,0,0.0,0,0.0,0,0
12,0.9787400799669153,21,0.5,10,58,6,894.1,5,0.0,0.0,0,0.0,0,0.0,0,0.0,0,0.0,0,0
12,0.9787400799669153,22,0.7071,12,44,28,893.2,7,0.0,0.0,0,0.0,0,0.0,0,0.0,0,0.0,0,0
12,0.9787400799669153,23,0.866,11,44,31,893.2,7,0.0,0.0,0,0.0,0,0.0,0,0.0,0,0.0,0,0
12,0.9787400799669153,24,0.9659,10,50,22,892.3,7,0.0,0.0,0,0.0,0,0.0,0,0.0,0,0.0,0,0
13,0.9750645322571948,1,1.0,10,58,0,891.4,4,0.0,0.0,0,0.0,0,0.0,0,0.0,0,0.0,0,0
13,0.9750645322571948,2,0.9659,10,62,33,891.4,4,0.0,0.0,0,0.0,0,0.0,0,0.0,0,0.0,0,0
13,0.9750645322571948,3,0.866,11,54,26,890.5,5,0.0,0.0,0,0.0,0,0.0,0,0.0,0,0.0,0,0
13,0.9750645322571948,4,0.7071,13,38,44,889.6,4,0.0,0.0,0,0.0,0,0.0,0,0.0,0,0.0,0,0
13,0.9750645322571948,5,0.5,11,50,31,888.7,7,0.0,0.0,0,0.0,0,0.0,0,0.0,0,0.0,0,0
13,0.9750645322571948,6,0.2588,14,36,33,887.9,4,0.0,0.0,0,0.0,0,0.0,0,0.0,0,0.0,0,0
13,0.9750645322571948,7,0.0,13,44,31,887.0,5,0.0,0.0,0,0.0,0,0.0,0,0.0,0,0.0,0,0
13,0.9750645322571948,8,-0.2588,12,54,43,887.0,4,0.0,0.0,0,0.0,0,0.0,0,0.0,0,0.0,0,0
13,0.9750645322571948,9,-0.5,11,62,44,886.1,4,37.0,0.4089249831045314,13,0.6823522302925968,12,0.5988101028899029,14,0.4744601493548364,16,0.3177766018465345,12,67
13,0.9750645322571948,10,-0.7071,14,51,43,886.1,4,249.0,0.5996039426651961,102,0.8371530788048155,134,0.770536193340974,137,0.6514086402545859,123,0.48788875289090805,99,595
13,0.9750645322571948,11,-0.866,16,42,48,885.2,4,401.0,0.745917035920333,147,0.9440277513305215,170,0.8925832503850017,174,0.78031078241082,160,0.6148615180397702,140,791
13,0.9750645322571948,12,-0.9659,15,42,43,884.3,4,263.0,0.8378932840385213,84,0.9956929259243231,88,0.9566339818131298,92,0.8523821225807311,89,0.6900419282385016,82,435
13,0.9750645322571948,13,-1.0,12,54,37,886.1,2,14.0,0.8692646682121086,10,0.9886277114034067,10,0.9583234430180249,10,0.8627111262778918,10,0.7083065716733478,10,50
13,0.9750645322571948,14,-0.9659,8,87,15,887.0,4,3.0,0.8378932840385213,10,0.9233135897636096,10,0.8975365001927048,10,0.8105938901516293,10,0.6684107452384713,10,50
13,0.9750645322571948,15,-0.866,5,87,13,887.0,4,15.0,0.745917035920333,10,0.8042016040448473,10,0.7784156764944804,10,0.6995821117543466,10,0.573073278854401,10,50
13,0.9750645322571948,16,-0.7071,3,93,17,887.0,4,25.0,0.5996039426651961,10,0.6394090277383688,10,0.6090788464712922,10,0.5372410476410067,10,0.4287912520105282,10,50
13,0.9750645322571948,17,-0.5,4,87,20,887.0,5,58.0,0.4089249831045314,18,0.4401661872152564,14,0.40106601739713876,17,0.3346339545335825,19,0.24539722927174581,20,88
13,0.9750645322571948,18,-0.2588,4,87,7,887.0,5,0.0,0.0,0,0.0,0,0.0,0,0.0,0,0.0,0,0
13,0.9750645322571948,19,0.0,4,87,2,887.0,4,0.0,0.0,0,0.0,0,0.0,0,0.0,0,0.0,0,0
13,0.9750645322571948,20,0.2588,4,93,4,887.9,5,0.0,0.0,0,0.0,0,0.0,0,0.0,0,0.0,0,0
13,0.9750645322571948,21,0.5,4,93,7,887.9,5,0.0,0.0,0,0.0,0,0.0,0,0.0,0,0.0,0,0
13,0.9750645322571948,22,0.7071,3,93,0,888.7,5,0.0,0.0,0,0.0,0,0.0,0,0.0,0,0.0,0,0
13,0.9750645322571948,23,0.866,3,93,4,888.7,4,0.0,0.0,0,0.0,0,0.0,0,0.0,0,0.0,0,0
13,0.9750645322571948,24,0.9659,3,93,4,888.7,5,0.0,0.0,0,0.0,0,0.0,0,0.0,0,0.0,0,0
14,0.9711000518829505,1,1.0,3,93,9,888.7,5,0.0,0.0,0,0.0,0,0.0,0,0.0,0,0.0,0,0
14,0.9711000518829505,2,0.9659,3,93,2,887.9,5,0.0,0.0,0,0.0,0,0.0,0,0.0,0,0.0,0,0
14,0.9711000518829505,3,0.866,3,93,4,887.9,5,0.0,0.0,0,0.0,0,0.0,0,0.0,0,0.0,0,0
14,0.9711000518829505,4,0.7071,2,10,4,887.9,4,0.0,0.0,0,0.0,0,0.0,0,0.0,0,0.0,0,0
14,0.9711000518829505,5,0.5,1,93,6,887.0,2,0.0,0.0,0,0.0,0,0.0,0,0.0,0,0.0,0,0
14,0.9711000518829505,6,0.2588,0,10,7,887.0,2,0.0,0.0,0,0.0,0,0.0,0,0.0,0,0.0,0,0
14,0.9711000518829505,7,0.0,1,10,6,887.0,2,0.0,0.0,0,0.0,0,0.0,0,0.0,0,0.0,0,0
14,0.9711000518829505,8,-0.2588,1,10,2,887.0,2,0.0,0.0,0,0.0,0,0.0,0,0.0,0,0.0,0,0
14,0.9711000518829505,9,-0.5,2,93,7,886.1,2,0.0,0.0,0,0.0,0,0.0,0,0.0,0,0.0,0,0
14,0.9711000518829505,10,-0.7071,2,10,6,886.1,2,52.0,0.600687182941637,15,0.8369822347243643,12,0.7710474409326155,14,0.652567138940659,16,0.48961555307224386,17,74
14,0.9711000518829505,11,-0.866,3,93,4,886.1,4,43.0,0.7471619254917488,12,0.9439749843740519,10,0.8932293377804568,11,0.7816116944623959,13,0.6167285999076847,15,61
14,0.9711000518829505,12,-0.9659,3,10,4,886.1,4,52.0,0.8392397905949152,15,0.9956972396099212,11,0.9573508336166496,14,0.8537626603220044,16,0.6919920707135456,17,73
14,0.9711000518829505,13,-1.0,3,10,4,886.1,4,51.0,0.8706458344280817,17,0.9886242220388451,13,0.9590421635975978,15,0.8641030772608036,18,0.7102768940557982,20,83
14,0.9711000518829505,14,-0.9659,3,93,22,885.2,4,97.0,0.8392397905949152,35,0.9232379374171878,26,0.8981880600283116,32,0.8119282595156471,35,0.6703369892112657,37,165
14,0.9711000518829505,15,-0.866,3,93,19,885.2,5,210.0,0.7471619254917488,80,0.8039943545611319,75,0.7789356294823339,81,0.7007938333436977,81,0.5748941923592064,76,393
14,0.9711000518829505,16,-0.7071,4,87,17,885.2,4,67.0,0.600687182941637,18,0.6390197123321807,15,0.6094117130440717,17,0.5382734119499587,19,0.4304527602616723,21,90
14,0.9711000518829505,17,-0.5,4,75,6,886.1,4,44.0,0.40979755788488437,17,0.43955674455270854,13,0.40116906758115217,15,0.3354424749324103,16,0.24685612067513094,16,77
14,0.9711000518829505,18,-0.2588,3,87,15,887.0,5,32.0,0.1875018411142201,23,0.21919850533611068,21,0.16839906382459877,21,0.10612359240460309,16,0.03661605931603198,13,94
14,0.9711000518829505,19,0.0,2,87,9,887.0,5,0.0,0.0,0,0.0,0,0.0,0,0.0,0,0.0,0,0
14,0.9711000518829505,20,0.2588,1,93,4,887.9,7,0.0,0.0,0,0.0,0,0.0,0,0.0,0,0.0,0,0
14,0.9711000518829505,21,0.5,1,93,7,887.9,7,0.0,0.0,0,0.0,0,0.0,0,0.0,0,0.0,0,0
14,0.9711000518829505,22,0.7071,0,93,7,888.7,7,0.0,0.0,0,0.0,0,0.0,0,0.0,0,0.0,0,0
14,0.9711000518829505,23,0.866,0,93,4,888.7,10,0.0,0.0,0,0.0,0,0.0,0,0.0,0,0.0,0,0
14,0.9711000518829505,24,0.9659,0,93,9,890.5,4,0.0,0.0,0,0.0,0,0.0,0,0.0,0,0.0,0,0
15,0.9668478136052775,1,1.0,1,93,6,890.5,4,0.0,0.0,0,0.0,0,0.0,0,0.0,0,0.0,0,0
15,0.9668478136052775,2,0.9659,1,87,7,890.5,4,0.0,0.0,0,0.0,0,0.0,0,0.0,0,0.0,0,0
15,0.9668478136052775,3,0.866,-1,93,4,890.5,4,0.0,0.0,0,0.0,0,0.0,0,0.0,0,0.0,0,0
15,0.9668478136052775,4,0.7071,-3,10,9,890.5,2,0.0,0.0,0,0.0,0,0.0,0,0.0,0,0.0,0,0
15,0.9668478136052775,5,0.5,-2,10,7,889.6,2,0.0,0.0,0,0.0,0,0.0,0,0.0,0,0.0,0,0
15,0.9668478136052775,6,0.2588,-1,10,4,890.5,4,0.0,0.0,0,0.0,0,0.0,0,0.0,0,0.0,0,0
15,0.9668478136052775,7,0.0,-1,10,6,890.5,4,0.0,0.0,0,0.0,0,0.0,0,0.0,0,0.0,0,0
15,0.9668478136052775,8,-0.2588,-1,10,4,890.5,4,0.0,0.0,0,0.0,0,0.0,0,0.0,0,0.0,0,0
15,0.9668478136052775,9,-0.5,-1,10,4,890.5,2,48.0,0.41070126330378054,26,0.6816492843370867,43,0.5994608898007648,25,0.47642031930931994,28,0.320912572866485,15,137
15,0.9668478136052775,10,-0.7071,-1,10,7,890.5,2,144.0,0.6018083049930641,52,0.8367976674385438,72,0.7715725125795809,83,0.6537660668593912,76,0.4914066324842173,57,340
15,0.9668478136052775,11,-0.866,0,10,11,890.5,2,239.0,0.7484498771665667,80,0.9439122781967203,87,0.8938935704041302,83,0.7829575996267489,84,0.6186644565724724,81,415
15,0.9668478136052775,12,-0.9659,2,10,11,890.5,5,253.0,0.8406326157449888,74,0.9956934433219807,42,0.958088098415265,71,0.8551907429176165,75,0.6940136498045177,76,338
15,0.9668478136052775,13,-1.0,2,93,19,889.6,5,154.0,0.872074429965875,45,0.9886123690186589,32,0.9597813541047429,41,0.8655429367649587,47,0.7123192986719422,50,215
15,0.9668478136052775,14,-0.9659,3,87,19,889.6,4,131.0,0.8406326157449888,36,0.923151612448229,31,0.8988579404658719,32,0.813308694189304,36,0.6723339039316529,39,174
15,0.9668478136052775,15,-0.866,5,81,17,889.6,5,225.0,0.7484498771665667,87,0.8037722151982766,121,0.7794696855048716,81,0.7020476897847608,84,0.5767824011168278,85,458
15,0.9668478136052775,16,-0.7071,6,70,17,890.5,5,336.0,0.6018083049930641,135,0.638609672431092,96,0.6097526871462835,133,0.5393421632995281,129,0.43217645535206944,118,611
15,0.9668478136052775,17,-0.5,6,66,19,890.5,5,210.0,0.4107012633037803,96,0.4389195230382878,69,0.4012728604339002,95,0.33628020891062926,89,0.24837070571508696,79,428
15,0.9668478136052775,18,-0.2588,2,87,28,891.4,4,0.0,0.0,0,0.0,0,0.0,0,0.0,0,0.0,0,0
15,0.9668478136052775,19,0.0,0,87,28,892.3,3,0.0,0.0,0,0.0,0,0.0,0,0.0,0,0.0,0,0
15,0.9668478136052775,20,0.2588,-1,86,28,893.2,3,0.0,0.0,0,0.0,0,0.0,0,0.0,0,0.0,0,0
15,0.9668478136052775,21,0.5,-1,86,30,893.2,3,0.0,0.0,0,0.0,0,0.0,0,0.0,0,0.0,0,0
15,0.9668478136052775,22,0.7071,-2,93,28,894.1,3,0.0,0.0,0,0.0,0,0.0,0,0.0,0,0.0,0,0
15,0.9668478136052775,23,0.866,-2,93,22,894.1,3,0.0,0.0,0,0.0,0,0.0,0,0.0,0,0.0,0,0
15,0.9668478136052775,24,0.9659,-2,93,15,894.1,3,0.0,0.0,0,0.0,0,0.0,0,0.0,0,0.0,0,0
16,0.9623090774541486,1,1.0,-1,86,15,893.2,5,0.0,0.0,0,0.0,0,0.0,0,0.0,0,0.0,0,0
16,0.9623090774541486,2,0.9659,-1,86,13,893.2,5,0.0,0.0,0,0.0,0,0.0,0,0.0,0,0.0,0,0
16,0.9623090774541486,3,0.866,-1,86,9,893.2,3,0.0,0.0,0,0.0,0,0.0,0,0.0,0,0.0,0,0
16,0.9623090774541486,4,0.7071,-1,86,7,893.2,5,0.0,0.0,0,0.0,0,0.0,0,0.0,0,0.0,0,0
16,0.9623090774541486,5,0.5,-1,93,4,892.3,5,0.0,0.0,0,0.0,0,0.0,0,0.0,0,0.0,0,0
16,0.9623090774541486,6,0.2588,-1,93,4,892.3,5,0.0,0.0,0,0.0,0,0.0,0,0.0,0,0.0,0,0
16,0.9623090774541486,7,0.0,-1,93,4,892.3,5,0.0,0.0,0,0.0,0,0.0,0,0.0,0,0.0,0,0
16,0.9623090774541486,8,-0.2588,-1,93,4,891.4,4,0.0,0.0,0,0.0,0,0.0,0,0.0,0,0.0,0,0
16,0.9623090774541486,9,-0.5,0,87,7,891.4,4,0.0,0.0,0,0.0,0,0.0,0,0.0,0,0.0,0,0
16,0.9623090774541486,10,-0.7071,0,93,11,891.4,5,94.0,0.6029663871594394,28,0.905837354470271,21,0.8286436918426611,23,0.6949794321930765,28,0.5139535592432084,30,130
16,0.9623090774541486,11,-0.866,1,87,15,891.4,4,143.0,0.7497797770716592,44,0.9813335508354198,35,0.9251892685302912,40,0.805994973606729,45,0.6318735467379814,48,212
16,0.9623090774541486,12,-0.9659,1,93,17,890.5,4,219.0,0.8420705247854282,67,0.9981213632966105,51,0.9608375207519797,60,0.8580742991526827,66,0.6968348304731152,70,314
16,0.9623090774541486,13,-1.0,1,93,11,889.6,4,152.0,0.8735491789092491,44,0.9550567356511305,34,0.9331590859992622,39,0.8476682970273597,44,0.7044104151337217,47,208
16,0.9623090774541486,14,-0.9659,2,93,13,888.7,4,162.0,0.8420705247854282,44,0.8550744356843445,34,0.8440401917812205,40,0.7754861114714079,45,0.6540840347209023,48,211
16,0.9623090774541486,15,-0.866,2,93,11,887.9,4,122.0,0.7497797770716592,37,0.7049880931123524,27,0.6995541428742471,33,0.6464468372688978,37,0.5492853462578716,41,175
16,0.9623090774541486,16,-0.7071,3,87,9,887.0,4,158.0,0.6029663871594394,46,0.5150258258439178,36,0.5095474061174221,42,0.4693442707184568,47,0.3971561936310222,49,220
16,0.9623090774541486,17,-0.5,3,93,6,887.0,4,97.0,0.4116354281982037,28,0.29813323087959753,21,0.28696860652497397,25,0.2562476387712255,28,0.2080639091260978,29,131
16,0.9623090774541486,18,-0.2588,3,93,6,887.0,4,0.0,0.0,0,0.0,0,0.0,0,0.0,0,0.0,0,0
16,0.9623090774541486,19,0.0,3,93,6,886.1,4,0.0,0.0,0,0.0,0,0.0,0,0.0,0,0.0,0,0
16,0.9623090774541486,20,0.2588,3,93,6,886.1,4,0.0,0.0,0,0.0,0,0.0,0,0.0,0,0.0,0,0
16,0.9623090774541486,21,0.5,3,10,4,885.2,4,0.0,0.0,0,0.0,0,0.0,0,0.0,0,0.0,0,0
16,0.9623090774541486,22,0.7071,3,10,0,884.3,2,0.0,0.0,0,0.0,0,0.0,0,0.0,0,0.0,0,0
16,0.9623090774541486,23,0.866,4,93,11,884.3,4,0.0,0.0,0,0.0,0,0.0,0,0.0,0,0.0,0,0
16,0.9623090774541486,24,0.9659,4,93,20,883.4,5,0.0,0.0,0,0.0,0,0.0,0,0.0,0,0.0,0,0
17,0.9574851883550393,1,1.0,5,87,26,883.4,4,0.0,0.0,0,0.0,0,0.0,0,0.0,0,0.0,0,0
17,0.9574851883550393,2,0.9659,4,87,13,882.6,5,0.0,0.0,0,0.0,0,0.0,0,0.0,0,0.0,0,0
17,0.9574851883550393,3,0.866,5,81,15,882.6,5,0.0,0.0,0,0.0,0,0.0,0,0.0,0,0.0,0,0
17,0.9574851883550393,4,0.7071,3,87,9,882.6,4,0.0,0.0,0,0.0,0,0.0,0,0.0,0,0.0,0,0
17,0.9574851883550393,5,0.5,3,87,15,882.6,4,0.0,0.0,0,0.0,0,0.0,0,0.0,0,0.0,0,0
17,0.9574851883550393,6,0.2588,2,93,20,883.4,5,0.0,0.0,0,0.0,0,0.0,0,0.0,0,0.0,0,0
17,0.9574851883550393,7,0.0,1,87,26,883.4,4,0.0,0.0,0,0.0,0,0.0,0,0.0,0,0.0,0,0
17,0.9574851883550393,8,-0.2588,0,93,0,883.4,5,0.0,0.0,0,0.0,0,0.0,0,0.0,0,0.0,0,0
17,0.9574851883550393,9,-0.5,0,87,24,883.4,5,0.0,0.0,0,0.0,0,0.0,0,0.0,0,0.0,0,0
17,0.9574851883550393,10,-0.7071,-1,86,28,885.2,5,151.0,0.6041604775096872,73,0.9058096326808671,97,0.8293460015366207,106,0.6963639122478423,89,0.5159258598319135,74,439
17,0.9574851883550393,11,-0.866,0,87,26,885.2,7,234.0,0.7511504750895449,118,0.9813966464909627,149,0.9260077167811742,198,0.8075129986656383,135,0.6339876978948551,112,712
17,0.9574851883550393,12,-0.9659,0,87,35,886.1,6,295.0,0.8435522430135847,132,0.9982046536939763,150,0.9616988517181211,114,0.8596549725002874,144,0.6990271261023399,125,665
17,0.9574851883550393,13,-1.0,1,75,22,885.2,5,213.0,0.8750687640618778,71,0.9550882218458232,62,0.9339871214543947,52,0.8492364525750887,73,0.7066118237270096,73,331
17,0.9574851883550393,14,-0.9659,0,87,26,885.2,5,252.0,0.8435522430135847,106,0.8549856491131522,99,0.8447610225444253,137,0.7769674362084444,106,0.6562249037434974,101,549
17,0.9574851883550393,15,-0.866,1,81,24,885.2,3,149.0,0.7511504750895449,61,0.7047187615567281,54,0.7001011655513498,31,0.6477729355370481,60,0.5513001488355783,58,264
17,0.9574851883550393,16,-0.7071,0,80,26,886.1,3,67.0,0.6041604775096872,18,0.5145279808956329,13,0.5098658620218532,16,0.4704573252696752,19,0.39898799410168045,21,87
17,0.9574851883550393,17,-0.5,-1,86,22,887.0,3,58.0,0.4125993589186769,15,0.2973744768867524,11,0.2870193133721897,12,0.25710435090395617,16,0.20966824310493595,17,71
17,0.9574851883550393,18,-0.2588,-1,86,26,887.0,5,0.0,0.0,0,0.0,0,0.0,0,0.0,0,0.0,0,0
17,0.9574851883550393,19,0.0,-2,86,24,887.9,5,0.0,0.0,0,0.0,0,0.0,0,0.0,0,0.0,0,0
17,0.9574851883550393,20,0.2588,-2,80,22,888.7,5,0.0,0.0,0,0.0,0,0.0,0,0.0,0,0.0,0,0
17,0.9574851883550393,21,0.5,-3,86,26,889.6,5,0.0,0.0,0,0.0,0,0.0,0,0.0,0,0.0,0,0
17,0.9574851883550393,22,0.7071,-3,80,28,889.6,5,0.0,0.0,0,0.0,0,0.0,0,0.0,0,0.0,0,0
17,0.9574851883550393,23,0.866,-4,86,17,890.5,7,0.0,0.0,0,0.0,0,0.0,0,0.0,0,0.0,0,0
17,0.9574851883550393,24,0.9659,-4,80,19,890.5,7,0.0,0.0,0,0.0,0,0.0,0,0.0,0,0.0,0,0
18,0.9523775757303974,1,1.0,-5,86,22,890.5,7,0.0,0.0,0,0.0,0,0.0,0,0.0,0,0.0,0,0
18,0.9523775757303974,2,0.9659,-6,93,19,891.4,7,0.0,0.0,0,0.0,0,0.0,0,0.0,0,0.0,0,0
18,0.9523775757303974,3,0.866,-6,86,15,892.3,7,0.0,0.0,0,0.0,0,0.0,0,0.0,0,0.0,0,0
18,0.9523775757303974,4,0.7071,-7,93,11,892.3,7,0.0,0.0,0,0.0,0,0.0,0,0.0,0,0.0,0,0
18,0.9523775757303974,5,0.5,-7,86,6,892.3,7,0.0,0.0,0,0.0,0,0.0,0,0.0,0,0.0,0,0
18,0.9523775757303974,6,0.2588,-7,86,9,892.3,7,0.0,0.0,0,0.0,0,0.0,0,0.0,0,0.0,0,0
18,0.9523775757303974,7,0.0,-6,86,13,893.2,7,0.0,0.0,0,0.0,0,0.0,0,0.0,0,0.0,0,0
18,0.9523775757303974,8,-0.2588,-6,86,6,894.1,7,0.0,0.0,0,0.0,0,0.0,0,0.0,0,0.0,0,0
18,0.9523775757303974,9,-0.5,-6,86,7,894.1,7,44.0,0.41359233988590766,27,0.7763974285402393,10,0.6788328605556909,64,0.535007047970842,33,0.35472146755885336,28,162
18,0.9523775757303974,10,-0.7071,-5,86,7,894.9,7,149.0,0.6053895946708949,68,0.9057716089445568,87,0.830064022690967,93,0.6977890464635106,95,0.5179609867742605,71,414
18,0.9523775757303974,11,-0.866,-4,86,15,894.9,5,224.0,0.752560785896732,82,0.9814517984605458,84,0.9268448922674406,79,0.8090751456538555,88,0.6361683588440323,83,416
18,0.9523775757303974,12,-0.9659,-3,80,15,894.1,5,144.0,0.8450764568972854,40,0.9982805248032068,30,0.9625800234569883,35,0.8612813945677992,40,0.7012879607041506,43,188
18,0.9523775757303974,13,-1.0,-3,80,13,894.9,3,103.0,0.8766318281619976,29,0.9551109397763063,22,0.9348341300149126,23,0.8508500296136747,29,0.7088820068016931,31,134
18,0.9523775757303974,14,-0.9659,-4,86,22,895.8,3,125.0,0.8450764568972854,26,0.8548849749229193,22,0.8454980457054342,22,0.7784919298760758,25,0.658432976342159,27,122
18,0.9523775757303974,15,-0.866,-5,86,26,895.8,3,157.0,0.752560785896732,33,0.7044328541616527,26,0.7006598673440422,28,0.6491381719639473,33,0.5533788814175508,32,152
18,0.9523775757303974,16,-0.7071,-5,86,28,895.8,5,193.0,0.6053895946708949,50,0.5140076262892431,39,0.5101900618383648,31,0.4716039858651019,48,0.4008789725546062,43,211
18,0.9523775757303974,17,-0.5,-5,80,20,895.8,5,82.0,0.4135923398859079,25,0.2965864381971645,20,0.28706881147971014,14,0.2579880126274123,24,0.21132584843613447,21,104
18,0.9523775757303974,18,-0.2588,-5,80,15,896.7,5,0.0,0.0,0,0.0,0,0.0,0,0.0,0,0.0,0,0
18,0.9523775757303974,19,0.0,-5,80,9,896.7,5,0.0,0.0,0,0.0,0,0.0,0,0.0,0,0.0,0,0
18,0.9523775757303974,20,0.2588,-6,86,9,897.6,5,0.0,0.0,0,0.0,0,0.0,0,0.0,0,0.0,0,0
18,0.9523775757303974,21,0.5,-6,80,9,896.7,5,0.0,0.0,0,0.0,0,0.0,0,0.0,0,0.0,0,0
18,0.9523775757303974,22,0.7071,-5,80,7,897.6,7,0.0,0.0,0,0.0,0,0.0,0,0.0,0,0.0,0,0
18,0.9523775757303974,23,0.866,-5,80,13,896.7,5,0.0,0.0,0,0.0,0,0.0,0,0.0,0,0.0,0,0
18,0.9523775757303974,24,0.9659,-5,74,17,896.7,5,0.0,0.0,0,0.0,0,0.0,0,0.0,0,0.0,0,0
19,0.9469877530760753,1,1.0,-6,74,19,896.7,5,0.0,0.0,0,0.0,0,0.0,0,0.0,0,0.0,0,0
19,0.9469877530760753,2,0.9659,-6,68,20,896.7,5,0.0,0.0,0,0.0,0,0.0,0,0.0,0,0.0,0,0
19,0.9469877530760753,3,0.866,-7,74,20,896.7,5,0.0,0.0,0,0.0,0,0.0,0,0.0,0,0.0,0,0
19,0.9469877530760753,4,0.7071,-7,80,17,897.6,5,0.0,0.0,0,0.0,0,0.0,0,0.0,0,0.0,0,0
19,0.9469877530760753,5,0.5,-7,80,15,897.6,7,0.0,0.0,0,0.0,0,0.0,0,0.0,0,0.0,0,0
19,0.9469877530760753,6,0.2588,-7,74,19,897.6,7,0.0,0.0,0,0.0,0,0.0,0,0.0,0,0.0,0,0
19,0.9469877530760753,7,0.0,-7,74,17,897.6,7,0.0,0.0,0,0.0,0,0.0,0,0.0,0,0.0,0,0
19,0.9469877530760753,8,-0.2588,-8,79,17,897.6,5,0.0,0.0,0,0.0,0,0.0,0,0.0,0,0.0,0,0
19,0.9469877530760753,9,-0.5,-8,73,13,898.5,7,36.0,0.41461363416967584,19,0.7761850369472312,11,0.6793748151935899,24,0.5362664156732764,21,0.3566124247259856,20,95
19,0.9469877530760753,10,-0.7071,-6,68,15,898.5,7,222.0,0.6066527286891726,106,0.9057223471209463,166,0.8307966668057011,183,0.6992536681598166,158,0.5200577747169018,112,725
19,0.9469877530760753,11,-0.866,-5,63,22,898.5,7,385.0,0.7540094900409391,188,0.9814979628729175,261,0.9276995687213888,254,0.8106800894752075,223,0.6384141959638321,177,1103
19,0.9469877530760753,12,-0.9659,-5,59,24,898.5,10,495.0,0.8466418152880705,234,0.9983479087973356,279,0.9634797588318718,289,0.8629521659433831,259,0.7036159079590384,215,1276
19,0.9469877530760753,13,-1.0,-4,59,20,897.6,7,544.0,0.8782369751420365,247,0.9551238943888798,269,0.9356988832842272,295,0.8525076501167007,268,0.7112195306115985,227,1306
19,0.9469877530760753,14,-0.9659,-4,59,19,897.6,10,534.0,0.8466418152880705,252,0.854771549410451,263,0.846250150793895,277,0.7800583109133771,254,0.6607068872014977,218,1264
19,0.9469877530760753,15,-0.866,-4,54,20,896.7,10,468.0,0.7540094900409391,242,0.7041297213927493,240,0.7012293439593262,246,0.650541449123916,226,0.5555203282330266,196,1150
19,0.9469877530760753,16,-0.7071,-4,54,19,896.7,10,346.0,0.6066527286891726,203,0.5134643835609789,187,0.5105193724080156,192,0.47278340779922007,175,0.4028281303028428,148,905
19,0.9469877530760753,17,-0.5,-4,59,17,896.7,10,158.0,0.41461363416967584,134,0.2957690458464892,110,0.2871167853020606,111,0.2588980833187402,100,0.21303599626185374,81,536
19,0.9469877530760753,18,-0.2588,-5,63,11,896.7,10,21.0,0.19097933154233473,31,0.065879267061318,20,0.04624607673060759,18,0.023461382640133747,13,1.326794896677558e-06,10,92
19,0.9469877530760753,19,0.0,-6,68,11,897.6,10,0.0,0.0,0,0.0,0,0.0,0,0.0,0,0.0,0,0
19,0.9469877530760753,20,0.2588,-7,74,7,897.6,7,0.0,0.0,0,0.0,0,0.0,0,0.0,0,0.0,0,0
19,0.9469877530760753,21,0.5,-6,68,20,898.5,7,0.0,0.0,0,0.0,0,0.0,0,0.0,0,0.0,0,0
19,0.9469877530760753,22,0.7071,-7,74,11,898.5,7,0.0,0.0,0,0.0,0,0.0,0,0.0,0,0.0,0,0
19,0.9469877530760753,23,0.866,-7,74,15,898.5,7,0.0,0.0,0,0.0,0,0.0,0,0.0,0,0.0,0,0
19,0.9469877530760753,24,0.9659,-8,79,13,898.5,7,0.0,0.0,0,0.0,0,0.0,0,0.0,0,0.0,0,0
20,0.9413173175128471,1,1.0,-8,73,11,898.5,7,0.0,0.0,0,0.0,0,0.0,0,0.0,0,0.0,0,0
20,0.9413173175128471,2,0.9659,-7,68,11,898.5,7,0.0,0.0,0,0.0,0,0.0,0,0.0,0,0.0,0,0
20,0.9413173175128471,3,0.866,-7,68,20,899.4,7,0.0,0.0,0,0.0,0,0.0,0,0.0,0,0.0,0,0
20,0.9413173175128471,4,0.7071,-8,63,11,899.4,7,0.0,0.0,0,0.0,0,0.0,0,0.0,0,0.0,0,0
20,0.9413173175128471,5,0.5,-8,68,11,899.4,10,0.0,0.0,0,0.0,0,0.0,0,0.0,0,0.0,0,0
20,0.9413173175128471,6,0.2588,-8,68,15,899.4,10,0.0,0.0,0,0.0,0,0.0,0,0.0,0,0.0,0,0
20,0.9413173175128471,7,0.0,-8,68,13,900.2,10,0.0,0.0,0,0.0,0,0.0,0,0.0,0,0.0,0,0
20,0.9413173175128471,8,-0.2588,-9,68,13,901.1,10,0.0,0.0,0,0.0,0,0.0,0,0.0,0,0.0,0,0
20,0.9413173175128471,9,-0.5,-7,63,4,902.0,10,47.0,0.4156624840898735,42,0.7759567937482812,16,0.6799260014312258,75,0.5375594690665378,33,0.3585592260572019,28,194
20,0.9413173175128471,10,-0.7071,-6,58,28,902.9,10,228.0,0.6079488419219093,151,0.9056608920952572,232,0.8315428189865117,229,0.7007565786409832,163,0.5222150228515773,119,894
20,0.9413173175128471,11,-0.866,-4,54,26,903.8,10,390.0,0.7554953350568107,188,0.9815340741444848,247,0.9285704899796702,245,0.8123264689919049,224,0.6407238359011598,179,1083
20,0.9413173175128471,12,-0.9659,-3,55,24,903.8,10,498.0,0.8482469306773772,241,0.9984057155282241,277,0.96439674951759,291,0.8646658492848717,260,0.7060094994601871,216,1285
20,0.9413173175128471,13,-1.0,-3,55,22,904.7,10,550.0,0.8798827714327109,250,0.9551260472278542,264,0.9365801041934582,295,0.8542078854320867,270,0.7136229122815693,230,1309
20,0.9413173175128471,14,-0.9659,-3,47,19,903.8,10,543.0,0.8482469306773772,256,0.8546444917391409,259,0.847016200386772,276,0.7816652628242443,259,0.6630452304692221,224,1274
20,0.9413173175128471,15,-0.866,-2,47,19,903.8,10,473.0,0.7554953350568107,237,0.7038087020252813,231,0.7018086693914712,238,0.6519816393358514,230,0.5577232367749825,197,1133
20,0.9413173175128471,16,-0.7071,-2,51,17,903.8,10,351.0,0.6079488419219093,194,0.5128978694459146,174,0.5108531457499424,177,0.47399472253391517,178,0.4048344374403075,151,874
20,0.9413173175128471,17,-0.5,-3,55,19,904.7,10,163.0,0.4156624840898735,122,0.2949222339350831,94,0.2871629125439201,94,0.2598340062506793,105,0.2147979333627733,83,498
20,0.9413173175128471,18,-0.2588,-4,59,13,905.5,10,21.0,0.19174023716887198,19,0.06473645606091837,11,0.04598206640247471,10,0.02409416489695205,18,0.0005643756503547787,10,68
20,0.9413173175128471,19,0.0,-6,68,6,905.5,10,0.0,0.0,0,0.0,0,0.0,0,0.0,0,0.0,0,0
20,0.9413173175128471,20,0.2588,-5,63,6,906.4,10,0.0,0.0,0,0.0,0,0.0,0,0.0,0,0.0,0,0
20,0.9413173175128471,21,0.5,-7,74,4,906.4,10,0.0,0.0,0,0.0,0,0.0,0,0.0,0,0.0,0,0
20,0.9413173175128471,22,0.7071,-5,68,7,906.4,10,0.0,0.0,0,0.0,0,0.0,0,0.0,0,0.0,0,0
20,0.9413173175128471,23,0.866,-5,68,9,907.3,10,0.0,0.0,0,0.0,0,0.0,0,0.0,0,0.0,0,0
20,0.9413173175128471,24,0.9659,-6,68,4,907.3,10,0.0,0.0,0,0.0,0,0.0,0,0.0,0,0.0,0,0
21,0.9353679493131483,1,1.0,-8,73,2,907.3,10,0.0,0.0,0,0.0,0,0.0,0,0.0,0,0.0,0,0
21,0.9353679493131483,2,0.9659,-8,79,4,907.3,10,0.0,0.0,0,0.0,0,0.0,0,0.0,0,0.0,0,0
21,0.9353679493131483,3,0.866,-10,86,4,908.2,10,0.0,0.0,0,0.0,0,0.0,0,0.0,0,0.0,0,0
21,0.9353679493131483,4,0.7071,-10,86,4,908.2,10,0.0,0.0,0,0.0,0,0.0,0,0.0,0,0.0,0,0
21,0.9353679493131483,5,0.5,-11,92,9,908.2,10,0.0,0.0,0,0.0,0,0.0,0,0.0,0,0.0,0,0
21,0.9353679493131483,6,0.2588,-11,85,6,908.2,10,0.0,0.0,0,0.0,0,0.0,0,0.0,0,0.0,0,0
21,0.9353679493131483,7,0.0,-10,86,4,909.1,10,0.0,0.0,0,0.0,0,0.0,0,0.0,0,0.0,0,0
21,0.9353679493131483,8,-0.2588,-10,86,4,909.1,10,0.0,0.0,0,0.0,0,0.0,0,0.0,0,0.0,0,0
21,0.9353679493131483,9,-0.5,-9,79,4,909.1,10,49.0,0.41673811183959397,32,0.8512014820868038,13,0.7421224790313048,52,0.5824691485774479,38,0.38312158411099106,37,172
21,0.9353679493131483,10,-0.7071,-6,80,4,910.0,4,230.0,0.6092768699611217,113,0.9530201941419428,167,0.8710309769290409,191,0.7296825400916592,168,0.5386075300638277,126,765
21,0.9353679493131483,11,-0.866,-4,74,9,910.0,4,379.0,0.7570170366196635,175,0.996525748946799,249,0.941676633141315,240,0.8226539187886953,209,0.6475687935549617,167,1040
21,0.9353679493131483,12,-0.9659,-2,64,9,910.0,10,465.0,0.8498903804951209,209,0.978753319308541,251,0.9492450707224744,254,0.8550474495863464,226,0.7025798574325169,190,1130
21,0.9353679493131483,13,-1.0,-1,60,9,910.0,10,520.0,0.8815677473110072,229,0.9009140705895186,250,0.8932205184694703,256,0.8246555737986027,232,0.6998918167404969,200,1167
21,0.9353679493131483,14,-0.9659,0,55,9,909.1,10,513.0,0.8498903804951209,250,0.768312594917124,224,0.7774209377382986,258,0.7335494347472414,236,0.6396878518891099,207,1175
21,0.9353679493131483,15,-0.866,1,52,9,908.2,10,429.0,0.7570170366196635,190,0.589985466423573,177,0.6097378790062011,179,0.5879377640096759,166,0.5260707612816672,146,858
21,0.9353679493131483,16,-0.7071,2,48,11,908.2,10,311.0,0.6092768699611217,170,0.3780853612443198,117,0.4015986429000106,140,0.397743736339337,132,0.3667833468027656,118,677
21,0.9353679493131483,17,-0.5,1,56,11,908.2,10,139.0,0.4167381118395944,78,0.14705290163106408,35,0.16718755211303765,55,0.17592873847088641,54,0.1726807636280046,51,273
21,0.9353679493131483,18,-0.2588,0,64,7,908.2,10,44.0,0.19252193848733645,32,1.326794896677558e-06,10,1.326794896677558e-06,17,1.326794896677558e-06,17,1.326794896677558e-06,14,90
21,0.9353679493131483,19,0.0,-1,75,4,908.2,10,0.0,0.0,0,0.0,0,0.0,0,0.0,0,0.0,0,0
21,0.9353679493131483,20,0.2588,-2,80,0,909.1,10,0.0,0.0,0,0.0,0,0.0,0,0.0,0,0.0,0,0
21,0.9353679493131483,21,0.5,-3,80,6,909.1,10,0.0,0.0,0,0.0,0,0.0,0,0.0,0,0.0,0,0
21,0.9353679493131483,22,0.7071,-4,80,6,909.1,10,0.0,0.0,0,0.0,0,0.0,0,0.0,0,0.0,0,0
21,0.9353679493131483,23,0.866,-3,80,6,909.1,10,0.0,0.0,0,0.0,0,0.0,0,0.0,0,0.0,0,0
21,0.9353679493131483,24,0.9659,-5,86,6,909.1,10,0.0,0.0,0,0.0,0,0.0,0,0.0,0,0.0,0,0
22,0.9291414114031743,1,1.0,-4,80,2,909.1,10,0.0,0.0,0,0.0,0,0.0,0,0.0,0,0.0,0,0
22,0.9291414114031743,2,0.9659,-6,86,6,909.1,10,0.0,0.0,0,0.0,0,0.0,0,0.0,0,0.0,0,0
22,0.9291414114031743,3,0.866,-5,86,4,908.2,10,0.0,0.0,0,0.0,0,0.0,0,0.0,0,0.0,0,0
22,0.9291414114031743,4,0.7071,-5,80,6,908.2,10,0.0,0.0,0,0.0,0,0.0,0,0.0,0,0.0,0,0
22,0.9291414114031743,5,0.5,-6,80,6,908.2,10,0.0,0.0,0,0.0,0,0.0,0,0.0,0,0.0,0,0
22,0.9291414114031743,6,0.2588,-6,80,4,908.2,10,0.0,0.0,0,0.0,0,0.0,0,0.0,0,0.0,0,0
22,0.9291414114031743,7,0.0,-7,86,2,908.2,10,0.0,0.0,0,0.0,0,0.0,0,0.0,0,0.0,0,0
22,0.9291414114031743,8,-0.2588,-5,74,6,908.2,10,0.0,0.0,0,0.0,0,0.0,0,0.0,0,0.0,0,0
22,0.9291414114031743,9,-0.5,-6,80,4,909.1,10,46.0,0.4178397201301154,27,0.8512360403724498,10,0.7429317482513409,49,0.5839979785411292,35,0.3852657878381843,30,151
22,0.9291414114031743,10,-0.7071,-2,74,6,909.1,10,230.0,0.6106357225875423,112,0.9531907889590604,110,0.872012476359963,188,0.7314080567194335,164,0.5409594730162642,121,695
22,0.9291414114031743,11,-0.866,0,69,4,909.1,10,388.0,0.7585732797367587,175,0.9967544700593703,245,0.9427525198008894,243,0.8245036512232047,212,0.6500663157703953,169,1044
22,0.9291414114031743,12,-0.9659,2,56,7,908.2,10,492.0,0.8515707084500673,215,0.9789582952811224,259,0.9503310693107705,262,0.8569404618840126,234,0.7051508779726139,196,1166
22,0.9291414114031743,13,-1.0,3,56,4,908.2,10,539.0,0.8832903982914087,234,0.9010150426920909,258,0.8942316601010339,263,0.826507977405119,238,0.7024592442445549,205,1198
22,0.9291414114031743,14,-0.9659,4,52,7,907.3,10,514.0,0.8515707084500673,229,0.7682364081627874,230,0.7782773680158874,237,0.7352801177977061,216,0.6421748446589467,189,1101
22,0.9291414114031743,15,-0.866,5,53,7,906.4,10,419.0,0.7585732797367587,199,0.5896710227992342,181,0.610370273705901,189,0.5894739003992294,175,0.5284059543041945,155,899
22,0.9291414114031743,16,-0.7071,5,53,6,906.4,10,258.0,0.6106357225875423,130,0.3774878049766535,102,0.4019529498868457,107,0.39902576113624055,102,0.36890572159465757,93,534
22,0.9291414114031743,17,-0.5,5,49,6,905.5,10,146.0,0.4178397201301154,87,0.14614667053345878,55,0.16722867041295775,59,0.17691440399367758,59,0.17454380490325194,54,314
22,0.9291414114031743,18,-0.2588,3,56,7,906.4,10,37.0,0.19332397933394815,16,1.326794896677558e-06,10,1.326794896677558e-06,12,1.326794896677558e-06,12,1.326794896677558e-06,13,63
22,0.9291414114031743,19,0.0,1,65,0,906.4,10,0.0,0.0,0,0.0,0,0.0,0,0.0,0,0.0,0,0
22,0.9291414114031743,20,0.2588,0,69,4,906.4,10,0.0,0.0,0,0.0,0,0.0,0,0.0,0,0.0,0,0
22,0.9291414114031743,21,0.5,0,69,7,906.4,10,0.0,0.0,0,0.0,0,0.0,0,0.0,0,0.0,0,0
22,0.9291414114031743,22,0.7071,-1,80,6,906.4,10,0.0,0.0,0,0.0,0,0.0,0,0.0,0,0.0,0,0
22,0.9291414114031743,23,0.866,-3,86,0,905.5,10,0.0,0.0,0,0.0,0,0.0,0,0.0,0,0.0,0,0
22,0.9291414114031743,24,0.9659,-2,86,0,905.5,10,0.0,0.0,0,0.0,0,0.0,0,0.0,0,0.0,0,0
23,0.9226395488404876,1,1.0,-3,86,6,905.5,10,0.0,0.0,0,0.0,0,0.0,0,0.0,0,0.0,0,0
23,0.9226395488404876,2,0.9659,-4,86,6,904.7,10,0.0,0.0,0,0.0,0,0.0,0,0.0,0,0.0,0,0
23,0.9226395488404876,3,0.866,-4,86,4,904.7,10,0.0,0.0,0,0.0,0,0.0,0,0.0,0,0.0,0,0
23,0.9226395488404876,4,0.7071,-5,93,2,904.7,10,0.0,0.0,0,0.0,0,0.0,0,0.0,0,0.0,0,0
23,0.9226395488404876,5,0.5,-4,86,0,904.7,10,0.0,0.0,0,0.0,0,0.0,0,0.0,0,0.0,0,0
23,0.9226395488404876,6,0.2588,-5,93,0,904.7,10,0.0,0.0,0,0.0,0,0.0,0,0.0,0,0.0,0,0
23,0.9226395488404876,7,0.0,-5,93,4,904.7,10,0.0,0.0,0,0.0,0,0.0,0,0.0,0,0.0,0,0
23,0.9226395488404876,8,-0.2588,-5,93,4,904.7,10,0.0,0.0,0,0.0,0,0.0,0,0.0,0,0.0,0,0
23,0.9226395488404876,9,-0.5,-5,86,2,904.7,4,48.0,0.4189664928576063,29,0.851259671111106,10,0.7437534089799068,53,0.5855616746117617,36,0.38746495620949944,31,159
23,0.9226395488404876,10,-0.7071,0,75,2,904.7,4,229.0,0.612024284755049,112,0.9533528597827432,108,0.8730094103380223,183,0.733171914598989,158,0.543370051037786,118,679
23,0.9226395488404876,11,-0.866,2,70,4,904.7,10,385.0,0.7601627199755283,174,0.996975694179563,242,0.9438455086823816,239,0.8263939196079981,208,0.6526250452113883,166,1029
23,0.9226395488404876,12,-0.9659,4,61,7,903.8,10,488.0,0.8532864259113175,215,0.9791553547217076,261,0.9514343487829573,263,0.8588747748192789,234,0.7077844043380418,196,1169
23,0.9226395488404876,13,-1.0,5,57,7,903.8,10,529.0,0.8850491865596529,228,0.9011062662551353,251,0.8952587645661435,256,0.8284009673782545,231,0.7050891157579164,199,1165
23,0.9226395488404876,14,-0.9659,6,53,6,902.9,10,520.0,0.8532864259113175,231,0.7681473371691012,233,0.779147023064176,241,0.7370492333825377,220,0.6447228586156059,193,1118
23,0.9226395488404876,15,-0.866,7,53,7,902.0,10,441.0,0.7601627199755283,208,0.589339485307573,188,0.6110119348178056,197,0.5910450319888156,182,0.5307994864509122,161,936
23,0.9226395488404876,16,-0.7071,7,49,11,901.1,10,332.0,0.612024284755049,176,0.3768681526815615,137,0.4023116099105611,144,0.4003382913800831,135,0.3710826753477774,121,713
23,0.9226395488404876,17,-0.5,6,57,9,901.1,10,155.0,0.4189664928576063,114,0.14521288960341128,66,0.1672686081948931,72,0.17792533876036698,69,0.17645684312540186,61,382
23,0.9226395488404876,18,-0.2588,5,61,7,901.1,10,27.0,0.19414589173064636,26,1.326794896677558e-06,11,1.326794896677558e-06,12,1.326794896677558e-06,12,1.326794896677558e-06,10,71
23,0.9226395488404876,19,0.0,2,75,2,901.1,10,0.0,0.0,0,0.0,0,0.0,0,0.0,0,0.0,0,0
23,0.9226395488404876,20,0.2588,1,81,6,901.1,10,0.0,0.0,0,0.0,0,0.0,0,0.0,0,0.0,0,0
23,0.9226395488404876,21,0.5,1,81,6,901.1,10,0.0,0.0,0,0.0,0,0.0,0,0.0,0,0.0,0,0
23,0.9226395488404876,22,0.7071,0,87,7,901.1,10,0.0,0.0,0,0.0,0,0.0,0,0.0,0,0.0,0,0
23,0.9226395488404876,23,0.866,-2,93,2,901.1,10,0.0,0.0,0,0.0,0,0.0,0,0.0,0,0.0,0,0
23,0.9226395488404876,24,0.9659,-1,86,6,901.1,10,0.0,0.0,0,0.0,0,0.0,0,0.0,0,0.0,0,0
24,0.9158642882672872,1,1.0,-1,86,0,901.1,10,0.0,0.0,0,0.0,0,0.0,0,0.0,0,0.0,0,0
24,0.9158642882672872,2,0.9659,-1,86,4,900.2,10,0.0,0.0,0,0.0,0,0.0,0,0.0,0,0.0,0,0
24,0.9158642882672872,3,0.866,-2,86,7,900.2,10,0.0,0.0,0,0.0,0,0.0,0,0.0,0,0.0,0,0
24,0.9158642882672872,4,0.7071,-2,86,7,900.2,10,0.0,0.0,0,0.0,0,0.0,0,0.0,0,0.0,0,0
24,0.9158642882672872,5,0.5,-3,86,4,899.4,10,0.0,0.0,0,0.0,0,0.0,0,0.0,0,0.0,0,0
24,0.9158642882672872,6,0.2588,-3,93,6,899.4,10,0.0,0.0,0,0.0,0,0.0,0,0.0,0,0.0,0,0
24,0.9158642882672872,7,0.0,-3,93,9,900.2,10,0.0,0.0,0,0.0,0,0.0,0,0.0,0,0.0,0,0
24,0.9158642882672872,8,-0.2588,-3,86,7,900.2,10,0.0,0.0,0,0.0,0,0.0,0,0.0,0,0.0,0,0
24,0.9158642882672872,9,-0.5,-2,86,4,900.2,10,0.0,0.0,0,0.0,0,0.0,0,0.0,0,0.0,0,0
24,0.9158642882672872,10,-0.7071,-1,86,2,900.2,10,178.0,0.6134414176049885,94,0.9535052527416757,105,0.874020459253497,147,0.7349727183112739,128,0.5458378879953538,97,571
24,0.9158642882672872,11,-0.866,3,75,4,900.2,4,421.0,0.7617839847281301,181,0.9971881986031296,247,0.9449541684030464,245,0.8283231814280524,215,0.6552434333503276,174,1062
24,0.9158642882672872,12,-0.9659,6,57,9,900.2,5,530.0,0.8550360133301615,221,0.9793433030449511,261,0.9525534657817785,266,0.8608487946252423,239,0.7104788009646705,203,1190
24,0.9158642882672872,13,-1.0,8,43,17,899.4,5,423.0,0.8868425424482396,172,0.9011866643658604,179,0.8963004726716106,187,0.8303329948710504,174,0.7077797983310541,156,868
24,0.9158642882672872,14,-0.9659,9,43,15,898.5,7,442.0,0.8550360133301615,180,0.7680445203025121,174,0.7800287313798941,182,0.738855379964623,170,0.647330357700416,152,858
24,0.9158642882672872,15,-0.866,10,40,17,898.5,7,428.0,0.7617839847281301,203,0.5889902744578596,183,0.6116619561407834,192,0.5926499876228767,179,0.5332500014240056,161,918
24,0.9158642882672872,16,-0.7071,10,43,17,898.5,5,300.0,0.6134414176049885,119,0.37622616012912813,94,0.402674046080504,102,0.4016804568334819,99,0.37331310378310856,94,508
24,0.9158642882672872,17,-0.5,9,50,19,898.5,5,79.0,0.42011759579134655,23,0.14425168014239198,17,0.16730715944510716,20,0.1789610234813466,22,0.1784190811175567,24,106
24,0.9158642882672872,18,-0.2588,9,50,19,898.5,7,53.0,0.19498719619354987,30,1.326794896677558e-06,14,1.326794896677558e-06,17,1.326794896677558e-06,18,1.326794896677558e-06,16,95
24,0.9158642882672872,19,0.0,8,53,19,899.4,7,0.0,0.0,0,0.0,0,0.0,0,0.0,0,0.0,0,0
24,0.9158642882672872,20,0.2588,5,61,9,899.4,7,0.0,0.0,0,0.0,0,0.0,0,0.0,0,0.0,0,0
24,0.9158642882672872,21,0.5,5,65,9,900.2,10,0.0,0.0,0,0.0,0,0.0,0,0.0,0,0.0,0,0
24,0.9158642882672872,22,0.7071,5,61,9,899.4,7,0.0,0.0,0,0.0,0,0.0,0,0.0,0,0.0,0,0
24,0.9158642882672872,23,0.866,1,87,2,900.2,10,0.0,0.0,0,0.0,0,0.0,0,0.0,0,0.0,0,0
24,0.9158642882672872,24,0.9659,1,81,11,900.2,10,0.0,0.0,0,0.0,0,0.0,0,0.0,0,0.0,0,0
25,0.9088176373395029,1,1.0,0,87,6,900.2,10,0.0,0.0,0,0.0,0,0.0,0,0.0,0,0.0,0,0
25,0.9088176373395029,2,0.9659,-1,93,7,900.2,10,0.0,0.0,0,0.0,0,0.0,0,0.0,0,0.0,0,0
25,0.9088176373395029,3,0.866,0,80,13,900.2,10,0.0,0.0,0,0.0,0,0.0,0,0.0,0,0.0,0,0
25,0.9088176373395029,4,0.7071,-2,86,2,900.2,10,0.0,0.0,0,0.0,0,0.0,0,0.0,0,0.0,0,0
25,0.9088176373395029,5,0.5,-2,86,6,899.4,10,0.0,0.0,0,0.0,0,0.0,0,0.0,0,0.0,0,0
25,0.9088176373395029,6,0.2588,-1,86,6,899.4,7,0.0,0.0,0,0.0,0,0.0,0,0.0,0,0.0,0,0
25,0.9088176373395029,7,0.0,0,87,4,898.5,5,0.0,0.0,0,0.0,0,0.0,0,0.0,0,0.0,0,0
25,0.9088176373395029,8,-0.2588,0,87,4,899.4,5,0.0,0.0,0,0.0,0,0.0,0,0.0,0,0.0,0,0
25,0.9088176373395029,9,-0.5,0,80,6,899.4,5,0.0,0.0,0,0.0,0,0.0,0,0.0,0,0.0,0,0
25,0.9088176373395029,10,-0.7071,1,75,6,899.4,5,33.0,0.6148859595098918,10,0.9536467992856097,10,0.8750442812391557,10,0.7368090441179566,10,0.5483615753047905,11,51
25,0.9088176373395029,11,-0.866,1,81,6,898.5,5,64.0,0.7634356745116279,19,0.9973907447377004,14,0.9460770433591084,17,0.8302898632650278,20,0.6579198961800042,21,91
25,0.9088176373395029,12,-0.9659,3,75,9,898.5,5,132.0,0.8568179217014846,40,0.9795209302713507,30,0.953686952518593,35,0.8628608957313422,39,0.7132323952798034,43,187
25,0.9088176373395029,13,-1.0,3,75,11,897.6,5,111.0,0.8886688659528256,32,0.901255152362704,24,0.8973554068259789,28,0.8323024832425918,33,0.7105296237189054,35,152
25,0.9088176373395029,14,-0.9659,5,65,11,896.7,5,142.0,0.8568179217014846,41,0.7679270863842804,31,0.7809213018040486,37,0.7406971275800932,41,0.6499957705941501,43,193
25,0.9088176373395029,15,-0.866,6,66,11,895.8,5,98.0,0.7634356745116279,26,0.5886228061705863,20,0.6123194164785473,24,0.5942875717662144,27,0.5357561108229644,29,126
25,0.9088176373395029,16,-0.7071,5,76,11,896.7,4,57.0,0.6148859595098918,17,0.37556158439019793,12,0.4030396722958727,15,0.40305136816564974,17,0.3755958749461593,19,80
25,0.9088176373395029,17,-0.5,7,71,19,896.7,5,104.0,0.421292177283201,31,0.14326317117393056,22,0.16734411545491587,26,0.18002092593871022,30,0.18042969942220977,33,142
25,0.9088176373395029,18,-0.2588,6,66,26,896.7,5,26.0,0.19584740205320827,10,1.326794896677558e-06,10,1.326794896677558e-06,10,1.326794896677558e-06,10,1.326794896677558e-06,10,50
25,0.9088176373395029,19,0.0,5,70,22,896.7,5,0.0,0.0,0,0.0,0,0.0,0,0.0,0,0.0,0,0
25,0.9088176373395029,20,0.2588,5,70,28,897.6,5,0.0,0.0,0,0.0,0,0.0,0,0.0,0,0.0,0,0
25,0.9088176373395029,21,0.5,3,81,15,898.5,7,0.0,0.0,0,0.0,0,0.0,0,0.0,0,0.0,0,0
25,0.9088176373395029,22,0.7071,3,81,9,898.5,7,0.0,0.0,0,0.0,0,0.0,0,0.0,0,0.0,0,0
25,0.9088176373395029,23,0.866,2,81,13,899.4,7,0.0,0.0,0,0.0,0,0.0,0,0.0,0,0.0,0,0
25,0.9088176373395029,24,0.9659,2,87,4,900.2,7,0.0,0.0,0,0.0,0,0.0,0,0.0,0,0.0,0,0
26,0.901501684131884,1,1.0,4,81,20,900.2,7,0.0,0.0,0,0.0,0,0.0,0,0.0,0,0.0,0,0
26,0.901501684131884,2,0.9659,3,87,13,899.4,7,0.0,0.0,0,0.0,0,0.0,0,0.0,0,0.0,0,0
26,0.901501684131884,3,0.866,2,93,11,899.4,7,0.0,0.0,0,0.0,0,0.0,0,0.0,0,0.0,0,0
26,0.901501684131884,4,0.7071,3,81,7,899.4,5,0.0,0.0,0,0.0,0,0.0,0,0.0,0,0.0,0,0
26,0.901501684131884,5,0.5,2,87,6,898.5,5,0.0,0.0,0,0.0,0,0.0,0,0.0,0,0.0,0,0
26,0.901501684131884,6,0.2588,0,93,9,898.5,5,0.0,0.0,0,0.0,0,0.0,0,0.0,0,0.0,0,0
26,0.901501684131884,7,0.0,2,87,7,898.5,5,0.0,0.0,0,0.0,0,0.0,0,0.0,0,0.0,0,0
26,0.901501684131884,8,-0.2588,2,87,6,899.4,5,0.0,0.0,0,0.0,0,0.0,0,0.0,0,0.0,0,0
26,0.901501684131884,9,-0.5,2,93,7,899.4,5,0.0,0.0,0,0.0,0,0.0,0,0.0,0,0.0,0,0
26,0.901501684131884,10,-0.7071,4,81,7,899.4,5,69.0,0.6163567271460236,18,0.9785394660034947,14,0.8962985404343696,17,0.7529764534122079,19,0.5583403519391026,22,90
26,0.901501684131884,11,-0.866,5,76,2,899.4,5,109.0,0.7651163643030465,32,0.9901207531658163,23,0.9411205074661383,27,0.8279845628308031,32,0.658422934019547,36,150
26,0.901501684131884,12,-0.9659,7,71,11,899.4,5,258.0,0.8586305740638333,81,0.9389941319160627,72,0.9216077199570919,80,0.8414153750558044,85,0.7038820640618128,85,403
26,0.901501684131884,13,-1.0,10,62,39,897.6,4,259.0,0.8905265282885755,95,0.8286437915961854,80,0.8390899399442608,89,0.7923536039887334,92,0.6916197828356228,93,449
26,0.901501684131884,14,-0.9659,11,54,43,897.6,4,400.0,0.8586305740638333,141,0.6665899139565875,121,0.699190608540399,131,0.684142722553312,131,0.6224717430973253,125,649
26,0.901501684131884,15,-0.866,11,54,37,896.7,4,353.0,0.7651163643030465,124,0.46387618620824245,98,0.5114436183986707,109,0.5241571109242841,111,0.5011502613312744,111,553
26,0.901501684131884,16,-0.7071,11,58,33,896.7,4,181.0,0.6163567271460236,50,0.2343171935491949,37,0.2886435958617796,44,0.323299505551291,48,0.3359231817092189,52,231
26,0.901501684131884,17,-0.5,10,62,33,895.8,4,82.0,0.4224893689980776,18,1.326794896677558e-06,15,0.04597396995854718,18,0.0952579969412458,21,0.13805043712355644,23,95
26,0.901501684131884,18,-0.2588,8,71,35,896.7,4,0.0,0.0,0,0.0,0,0.0,0,0.0,0,0.0,0,0
26,0.901501684131884,19,0.0,7,76,30,896.7,5,0.0,0.0,0,0.0,0,0.0,0,0.0,0,0.0,0,0
26,0.901501684131884,20,0.2588,7,81,31,896.7,5,0.0,0.0,0,0.0,0,0.0,0,0.0,0,0.0,0,0
26,0.901501684131884,21,0.5,7,76,31,895.8,5,0.0,0.0,0,0.0,0,0.0,0,0.0,0,0.0,0,0
26,0.901501684131884,22,0.7071,6,81,30,895.8,5,0.0,0.0,0,0.0,0,0.0,0,0.0,0,0.0,0,0
26,0.901501684131884,23,0.866,6,76,13,895.8,5,0.0,0.0,0,0.0,0,0.0,0,0.0,0,0.0,0,0
26,0.901501684131884,24,0.9659,5,81,11,895.8,5,0.0,0.0,0,0.0,0,0.0,0,0.0,0,0.0,0,0
27,0.893918596519257,1,1.0,6,76,31,894.9,5,0.0,0.0,0,0.0,0,0.0,0,0.0,0,0.0,0,0
27,0.893918596519257,2,0.9659,6,76,30,894.1,5,0.0,0.0,0,0.0,0,0.0,0,0.0,0,0.0,0,0
27,0.893918596519257,3,0.866,5,81,22,893.2,5,0.0,0.0,0,0.0,0,0.0,0,0.0,0,0.0,0,0
27,0.893918596519257,4,0.7071,5,81,26,892.3,5,0.0,0.0,0,0.0,0,0.0,0,0.0,0,0.0,0,0
27,0.893918596519257,5,0.5,5,76,37,891.4,6,0.0,0.0,0,0.0,0,0.0,0,0.0,0,0.0,0,0
27,0.893918596519257,6,0.2588,5,70,31,890.5,10,0.0,0.0,0,0.0,0,0.0,0,0.0,0,0.0,0,0
27,0.893918596519257,7,0.0,5,70,26,889.6,10,0.0,0.0,0,0.0,0,0.0,0,0.0,0,0.0,0,0
27,0.893918596519257,8,-0.2588,5,70,30,888.7,5,0.0,0.0,0,0.0,0,0.0,0,0.0,0,0.0,0,0
27,0.893918596519257,9,-0.5,5,65,33,888.7,6,46.0,0.4237082866650196,25,0.9053867420230779,10,0.791364348040322,59,0.6234118755051838,32,0.4129749890783066,30,156
27,0.893918596519257,10,-0.7071,7,61,31,887.9,7,228.0,0.6178525165941569,108,0.9789916623025803,81,0.8976180615764356,190,0.7550733763789254,160,0.5610717751528962,116,655
27,0.893918596519257,11,-0.866,10,50,35,887.0,6,369.0,0.766824604908458,164,0.9905894892962773,232,0.9425040411386428,229,0.8301886086491443,200,0.6612972901326415,159,984
27,0.893918596519257,12,-0.9659,12,41,48,886.1,4,414.0,0.8604723670371748,172,0.9393898514905732,201,0.9229633864255606,204,0.8436386020922448,184,0.7068213426148127,156,917
27,0.893918596519257,13,-1.0,13,33,48,885.2,4,278.0,0.89241387348545,93,0.8288819211135519,85,0.8403277642424121,92,0.794506767451993,93,0.6945415510909774,91,454
27,0.893918596519257,14,-0.9659,12,38,44,885.2,4,211.0,0.8604723670371748,61,0.6665965990308769,53,0.700228629812358,60,0.6861413406088833,63,0.6252947555309891,64,301
27,0.893918596519257,15,-0.866,11,41,44,885.2,4,167.0,0.766824604908458,47,0.46359336531517686,40,0.5122135086208397,46,0.5259272454859721,48,0.503800008542621,50,231
27,0.893918596519257,16,-0.7071,10,43,41,885.2,3,71.0,0.6178525165941569,18,0.23370652750611018,14,0.2890952939811867,17,0.32478278527020765,19,0.3383369599518271,21,89
27,0.893918596519257,17,-0.5,6,76,37,885.2,3,37.0,0.42370828666502,10,1.326794896677558e-06,10,0.04607909912264289,10,0.09641559911690475,11,0.1401816235355775,12,53
27,0.893918596519257,18,-0.2588,5,81,28,885.2,4,0.0,0.0,0,0.0,0,0.0,0,0.0,0,0.0,0,0
27,0.893918596519257,19,0.0,5,81,30,885.2,4,0.0,0.0,0,0.0,0,0.0,0,0.0,0,0.0,0,0
27,0.893918596519257,20,0.2588,4,87,37,885.2,3,0.0,0.0,0,0.0,0,0.0,0,0.0,0,0.0,0,0
27,0.893918596519257,21,0.5,3,87,30,884.3,5,0.0,0.0,0,0.0,0,0.0,0,0.0,0,0.0,0,0
27,0.893918596519257,22,0.7071,4,81,26,885.2,5,0.0,0.0,0,0.0,0,0.0,0,0.0,0,0.0,0,0
27,0.893918596519257,23,0.866,3,75,24,885.2,5,0.0,0.0,0,0.0,0,0.0,0,0.0,0,0.0,0,0
27,0.893918596519257,24,0.9659,2,75,13,885.2,5,0.0,0.0,0,0.0,0,0.0,0,0.0,0,0.0,0,0
28,0.886070621534138,1,1.0,2,75,20,886.1,5,0.0,0.0,0,0.0,0,0.0,0,0.0,0,0.0,0,0
28,0.886070621534138,2,0.9659,1,81,15,885.2,5,0.0,0.0,0,0.0,0,0.0,0,0.0,0,0.0,0,0
28,0.886070621534138,3,0.866,2,60,26,886.1,5,0.0,0.0,0,0.0,0,0.0,0,0.0,0,0.0,0,0
28,0.886070621534138,4,0.7071,1,70,26,887.0,5,0.0,0.0,0,0.0,0,0.0,0,0.0,0,0.0,0,0
28,0.886070621534138,5,0.5,0,69,19,887.0,5,0.0,0.0,0,0.0,0,0.0,0,0.0,0,0.0,0,0
28,0.886070621534138,6,0.2588,-1,75,11,887.0,7,0.0,0.0,0,0.0,0,0.0,0,0.0,0,0.0,0,0
28,0.886070621534138,7,0.0,0,64,13,887.9,7,0.0,0.0,0,0.0,0,0.0,0,0.0,0,0.0,0,0
28,0.886070621534138,8,-0.2588,-1,64,15,888.7,7,0.0,0.0,0,0.0,0,0.0,0,0.0,0,0.0,0,0
28,0.886070621534138,9,-0.5,1,56,17,888.7,7,61.0,0.4249480308485892,41,0.9057258055257462,10,0.7925453728685412,96,0.6253543769668181,90,0.4155465891997056,48,285
28,0.886070621534138,10,-0.7071,2,52,15,889.6,7,258.0,0.6193721044678996,118,0.9794368215915042,87,0.8989522428365517,208,0.7572056575315675,203,0.5638568450234535,127,743
28,0.886070621534138,11,-0.866,3,52,11,890.5,10,428.0,0.7685589243652088,191,0.9910513659533355,272,0.9439029220324083,270,0.8324291624972741,242,0.6642268271262176,187,1162
28,0.886070621534138,12,-0.9659,3,48,20,890.5,10,538.0,0.8623416723973032,234,0.9397779278398706,278,0.9243341009918957,287,0.8458985430473758,259,0.7098164989176194,215,1273
28,0.886070621534138,13,-1.0,4,42,19,889.6,10,590.0,0.8943292200213401,251,0.8291107018910857,265,0.8415793603357489,277,0.7966958847201516,248,0.6975190049707503,221,1262
28,0.886070621534138,14,-0.9659,4,45,17,889.6,7,579.0,0.8623416723973032,248,0.6665914650254312,231,0.70127828961482,244,0.6881742616572623,207,0.6281723977285388,204,1134
28,0.886070621534138,15,-0.866,5,39,19,889.6,7,394.0,0.7685589243652088,176,0.4632956178160057,140,0.5129921592853465,152,0.5277292305261951,146,0.5065025257108827,137,751
28,0.886070621534138,16,-0.7071,4,45,15,889.6,7,406.0,0.6193721044678996,207,0.2330774158011575,123,0.2895523371050881,139,0.3262948364026757,125,0.3408009752906753,135,729
28,0.886070621534138,17,-0.5,4,42,19,889.6,7,206.0,0.4249480308485892,154,1.326794896677558e-06,46,0.04618585325939416,57,0.09759847692357074,47,0.14236001374008594,69,373
28,0.886070621534138,18,-0.2588,3,45,17,890.5,7,30.0,0.19853636059090604,39,1.326794896677558e-06,10,1.326794896677558e-06,10,1.326794896677558e-06,10,1.326794896677558e-06,11,80
28,0.886070621534138,19,0.0,1,56,9,890.5,7,0.0,0.0,0,0.0,0,0.0,0,0.0,0,0.0,0,0
28,0.886070621534138,20,0.2588,1,56,11,891.4,7,0.0,0.0,0,0.0,0,0.0,0,0.0,0,0.0,0,0
28,0.886070621534138,21,0.5,-1,69,11,891.4,7,0.0,0.0,0,0.0,0,0.0,0,0.0,0,0.0,0,0
28,0.886070621534138,22,0.7071,-2,80,9,891.4,7,0.0,0.0,0,0.0,0,0.0,0,0.0,0,0.0,0,0
28,0.886070621534138,23,0.866,-2,86,6,890.5,7,0.0,0.0,0,0.0,0,0.0,0,0.0,0,0.0,0,0
28,0.886070621534138,24,0.9659,0,64,7,891.4,5,0.0,0.0,0,0.0,0,0.0,0,0.0,0,0.0,0,0
29,0.8779600847008882,1,1.0,-1,75,9,891.4,3,0.0,0.0,0,0.0,0,0.0,0,0.0,0,0.0,0,0
29,0.8779600847008882,2,0.9659,-1,80,7,891.4,3,0.0,0.0,0,0.0,0,0.0,0,0.0,0,0.0,0,0
29,0.8779600847008882,3,0.866,-2,86,4,891.4,5,0.0,0.0,0,0.0,0,0.0,0,0.0,0,0.0,0,0
29,0.8779600847008882,4,0.7071,-2,93,13,891.4,7,0.0,0.0,0,0.0,0,0.0,0,0.0,0,0.0,0,0
29,0.8779600847008882,5,0.5,-2,80,11,891.4,7,0.0,0.0,0,0.0,0,0.0,0,0.0,0,0.0,0,0
29,0.8779600847008882,6,0.2588,-3,93,15,891.4,7,0.0,0.0,0,0.0,0,0.0,0,0.0,0,0.0,0,0
29,0.8779600847008882,7,0.0,-3,86,11,891.4,7,0.0,0.0,0,0.0,0,0.0,0,0.0,0,0.0,0,0
29,0.8779600847008882,8,-0.2588,-3,80,15,892.3,7,0.0,0.0,0,0.0,0,0.0,0,0.0,0,0.0,0,0
29,0.8779600847008882,9,-0.5,-3,80,15,893.2,10,61.0,0.4262076877401021,18,0.9060554805863944,10,0.793738082067699,45,0.627328839344985,18,0.4181682487051999,11,102
29,0.8779600847008882,10,-0.7071,-1,75,17,893.2,10,258.0,0.6209142490688467,103,0.9798735948537718,94,0.9002995555209491,212,0.7593716926768933,157,0.5666939911810194,71,637
29,0.8779600847008882,11,-0.866,-1,80,19,893.2,10,398.0,0.7703178293763068,170,0.9915050145329535,243,0.9453155456458465,243,0.8347044933200338,214,0.6672098053599318,172,1042
29,0.8779600847008882,12,-0.9659,1,70,24,894.1,10,432.0,0.8642368386857594,251,0.9401570788308639,242,0.9257182921566731,252,0.8481934441503804,228,0.7128657164444467,192,1165
29,0.8779600847008882,13,-1.0,1,52,9,894.1,10,634.0,0.8962708624918595,231,0.8293290592604246,265,0.8428433132940529,279,0.7989192970261536,257,0.7005503549131281,226,1258
29,0.8779600847008882,14,-0.9659,2,52,7,893.2,7,590.0,0.8642368386857594,253,0.666573690527053,237,0.7023383926245446,250,0.6902399979243429,233,0.6311029908542091,209,1182
29,0.8779600847008882,15,-0.866,3,41,9,893.2,7,516.0,0.7703178293763068,235,0.4629824651492533,187,0.5137786926072491,204,0.5295618488560234,196,0.50925633919243,182,1004
29,0.8779600847008882,16,-0.7071,4,31,7,893.2,10,398.0,0.6209142490688467,198,0.2324297681282875,119,0.2900142242724093,137,0.32783478147215184,139,0.3433140335322189,134,727
29,0.8779600847008882,17,-0.5,3,26,9,894.1,10,207.0,0.4262076877401021,132,1.326794896677558e-06,45,0.04629414183731154,56,0.09880613857352115,64,0.1445847482075507,69,366
29,0.8779600847008882,18,-0.2588,2,38,7,894.1,10,33.0,0.19946705350230767,22,1.326794896677558e-06,10,1.326794896677558e-06,10,1.326794896677558e-06,10,1.326794896677558e-06,12,64
29,0.8779600847008882,19,0.0,0,51,7,894.1,10,0.0,0.0,0,0.0,0,0.0,0,0.0,0,0.0,0,0
29,0.8779600847008882,20,0.2588,-1,55,7,894.1,10,0.0,0.0,0,0.0,0,0.0,0,0.0,0,0.0,0,0
29,0.8779600847008882,21,0.5,-1,55,7,894.1,10,0.0,0.0,0,0.0,0,0.0,0,0.0,0,0.0,0,0
29,0.8779600847008882,22,0.7071,-3,69,6,894.9,10,0.0,0.0,0,0.0,0,0.0,0,0.0,0,0.0,0,0
29,0.8779600847008882,23,0.866,-4,74,9,894.9,10,0.0,0.0,0,0.0,0,0.0,0,0.0,0,0.0,0,0
29,0.8779600847008882,24,0.9659,-4,74,6,894.1,10,0.0,0.0,0,0.0,0,0.0,0,0.0,0,0.0,0,0
30,0.869589389346611,1,1.0,-4,64,4,894.1,10,0.0,0.0,0,0.0,0,0.0,0,0.0,0,0.0,0,0
30,0.869589389346611,2,0.9659,-6,80,6,894.9,10,0.0,0.0,0,0.0,0,0.0,0,0.0,0,0.0,0,0
30,0.869589389346611,3,0.866,-6,80,9,894.1,10,0.0,0.0,0,0.0,0,0.0,0,0.0,0,0.0,0,0
30,0.869589389346611,4,0.7071,-6,80,7,894.1,10,0.0,0.0,0,0.0,0,0.0,0,0.0,0,0.0,0,0
30,0.869589389346611,5,0.5,-6,86,7,894.1,10,0.0,0.0,0,0.0,0,0.0,0,0.0,0,0.0,0,0
30,0.869589389346611,6,0.2588,-6,86,6,894.1,10,0.0,0.0,0,0.0,0,0.0,0,0.0,0,0.0,0,0
30,0.869589389346611,7,0.0,-6,86,6,894.1,10,0.0,0.0,0,0.0,0,0.0,0,0.0,0,0.0,0,0
30,0.869589389346611,8,-0.2588,-6,80,4,894.1,10,0.0,0.0,0,0.0,0,0.0,0,0.0,0,0.0,0,0
30,0.869589389346611,9,-0.5,-5,80,4,894.1,5,41.0,0.42748632996828373,13,0.9063745347283783,11,0.7949411114805923,13,0.6293338597668321,17,0.42083862160959284,16,70
30,0.869589389346611,10,-0.7071,-4,80,4,894.1,5,145.0,0.6224776915677608,49,0.980300623948754,45,0.9016584540679183,55,0.7615698541594347,56,0.5695816147982338,52,257
30,0.869589389346611,11,-0.866,-3,80,7,893.2,5,106.0,0.7720998067759214,28,0.9919490570938009,23,0.946740289784456,26,0.8370128452194717,29,0.6702444548937593,31,137
30,0.869589389346611,12,-0.9659,-2,74,4,893.2,5,90.0,0.8661561928540661,28,0.940526013934183,20,0.927114371086697,24,0.8505215265404469,27,0.7159671475331272,29,128
30,0.869589389346611,13,-1.0,0,55,6,891.4,5,122.0,0.8982370733155396,37,0.8295358844171443,27,0.8441181696973226,32,0.8011753053824523,36,0.7036337721460576,39,171
30,0.869589389346611,14,-0.9659,2,52,17,889.6,5,189.0,0.8661561928540661,65,0.6665424507400237,49,0.7034077302782358,55,0.6923370394407168,59,0.6340848264342555,61,289
30,0.869589389346611,15,-0.866,3,56,13,888.7,5,217.0,0.7720998067759214,69,0.4626534291019859,51,0.5145722210171402,58,0.5314238640358482,65,0.5120599479386436,68,311
30,0.869589389346611,16,-0.7071,4,56,11,887.9,4,82.0,0.6224776915677608,19,0.23176349875516003,14,0.29048044883837154,17,0.32940172744831037,20,0.3458749161190191,22,92
30,0.869589389346611,17,-0.5,2,87,6,887.0,4,34.0,0.42748632996828373,10,1.326794896677558e-06,10,0.04640387310768151,10,0.10003808092248609,10,0.14685494668650548,12,52
30,0.869589389346611,18,-0.2588,2,87,2,887.0,4,0.0,0.0,0,0.0,0,0.0,0,0.0,0,0.0,0,0
30,0.869589389346611,19,0.0,3,93,7,887.0,4,0.0,0.0,0,0.0,0,0.0,0,0.0,0,0.0,0,0
30,0.869589389346611,20,0.2588,3,93,15,886.1,5,0.0,0.0,0,0.0,0,0.0,0,0.0,0,0.0,0,0
30,0.869589389346611,21,0.5,3,93,6,887.0,4,0.0,0.0,0,0.0,0,0.0,0,0.0,0,0.0,0,0
30,0.869589389346611,22,0.7071,3,93,7,887.0,4,0.0,0.0,0,0.0,0,0.0,0,0.0,0,0.0,0,0
30,0.869589389346611,23,0.866,3,10,13,887.0,4,0.0,0.0,0,0.0,0,0.0,0,0.0,0,0.0,0,0
30,0.869589389346611,24,0.9659,3,93,9,886.1,5,0.0,0.0,0,0.0,0,0.0,0,0.0,0,0.0,0,0
31,0.8609610158889943,1,1.0,2,93,9,886.1,4,0.0,0.0,0,0.0,0,0.0,0,0.0,0,0.0,0,0
31,0.8609610158889943,2,0.9659,2,93,9,887.9,5,0.0,0.0,0,0.0,0,0.0,0,0.0,0,0.0,0,0
31,0.8609610158889943,3,0.866,2,93,7,888.7,2,0.0,0.0,0,0.0,0,0.0,0,0.0,0,0.0,0,0
31,0.8609610158889943,4,0.7071,2,10,9,889.6,2,0.0,0.0,0,0.0,0,0.0,0,0.0,0,0.0,0,0
31,0.8609610158889943,5,0.5,3,87,9,890.5,7,0.0,0.0,0,0.0,0,0.0,0,0.0,0,0.0,0,0
31,0.8609610158889943,6,0.2588,4,75,9,890.5,10,0.0,0.0,0,0.0,0,0.0,0,0.0,0,0.0,0,0
31,0.8609610158889943,7,0.0,2,87,6,892.3,7,0.0,0.0,0,0.0,0,0.0,0,0.0,0,0.0,0,0
31,0.8609610158889943,8,-0.2588,2,81,11,893.2,7,0.0,0.0,0,0.0,0,0.0,0,0.0,0,0.0,0,0
31,0.8609610158889943,9,-0.5,1,93,7,894.9,7,28.0,0.42878301742882086,10,0.9066817294498696,10,0.7961530835713204,10,0.63136801553903,11,0.4235563370161623,12,53
31,0.8609610158889943,10,-0.7071,3,87,6,894.9,7,131.0,0.624061157210931,42,0.9807165435006856,50,0.9030273777904033,53,0.7637984923389327,52,0.572518089701725,45,242
31,0.8609610158889943,11,-0.866,6,76,7,894.9,7,396.0,0.7739033250248756,165,0.9923821082687585,223,0.9481755163905304,224,0.8393524390780642,198,0.6733289767941111,161,971
31,0.8609610158889943,12,-0.9659,7,66,7,895.8,7,540.0,0.8680980419409707,221,0.9408834360363145,255,0.9285207334067874,260,0.8528809879160946,234,0.7191189147795819,199,1169
31,0.8609610158889943,13,-1.0,9,57,15,895.8,7,600.0,0.9002261044730674,244,0.829730070731973,240,0.8454024676106754,252,0.8034621921768615,232,0.7067674004323237,207,1175
31,0.8609610158889943,14,-0.9659,9,57,19,895.8,7,585.0,0.8680980419409707,238,0.6664969187687912,198,0.7044850821320331,214,0.694463855385321,204,0.6371161675931956,189,1043
31,0.8609610158889943,15,-0.866,10,54,17,895.8,7,496.0,0.7739033250248756,213,0.4623080326985073,139,0.5153718481557338,158,0.5333140214080836,157,0.5149118244963543,152,819
31,0.8609610158889943,16,-0.7071,10,50,15,895.8,7,396.0,0.624061157210931,190,0.23107852696566725,73,0.29095049903604503,94,0.3309947663893565,106,0.3484823808090446,113,576
31,0.8609610158889943,17,-0.5,10,54,15,895.8,7,211.0,0.42878301742882086,150,1.326794896677558e-06,28,0.0465149541944554,34,0.10129378966873512,44,0.1491697084982596,58,314
31,0.8609610158889943,18,-0.2588,9,62,13,895.8,7,44.0,0.20137676583346684,41,1.326794896677558e-06,10,1.326794896677558e-06,10,1.326794896677558e-06,10,1.326794896677558e-06,10,81
31,0.8609610158889943,19,0.0,7,71,7,896.7,7,0.0,0.0,0,0.0,0,0.0,0,0.0,0,0.0,0,0
31,0.8609610158889943,20,0.2588,6,76,7,896.7,10,0.0,0.0,0,0.0,0,0.0,0,0.0,0,0.0,0,0
31,0.8609610158889943,21,0.5,6,76,9,896.7,10,0.0,0.0,0,0.0,0,0.0,0,0.0,0,0.0,0,0
31,0.8609610158889943,22,0.7071,5,81,11,897.6,10,0.0,0.0,0,0.0,0,0.0,0,0.0,0,0.0,0,0
31,0.8609610158889943,23,0.866,3,87,2,897.6,10,0.0,0.0,0,0.0,0,0.0,0,0.0,0,0.0,0,0
31,0.8609610158889943,24,0.9659,2,93,6,898.5,10,0.0,0.0,0,0.0,0,0.0,0,0.0,0,0.0,0,0
32,0.8520775211013093,1,1.0,2,87,11,898.5,10,0.0,0.0,0,0.0,0,0.0,0,0.0,0,0.0,0,0
32,0.8520775211013093,2,0.9659,1,93,6,898.5,10,0.0,0.0,0,0.0,0,0.0,0,0.0,0,0.0,0,0
32,0.8520775211013093,3,0.866,2,81,9,898.5,10,0.0,0.0,0,0.0,0,0.0,0,0.0,0,0.0,0,0
32,0.8520775211013093,4,0.7071,2,87,15,898.5,10,0.0,0.0,0,0.0,0,0.0,0,0.0,0,0.0,0,0
32,0.8520775211013093,5,0.5,3,87,11,898.5,10,0.0,0.0,0,0.0,0,0.0,0,0.0,0,0.0,0,0
32,0.8520775211013093,6,0.2588,-1,10,6,898.5,10,0.0,0.0,0,0.0,0,0.0,0,0.0,0,0.0,0,0
32,0.8520775211013093,7,0.0,1,87,11,899.4,10,0.0,0.0,0,0.0,0,0.0,0,0.0,0,0.0,0,0
32,0.8520775211013093,8,-0.2588,1,81,4,899.4,10,0.0,0.0,0,0.0,0,0.0,0,0.0,0,0.0,0,0
32,0.8520775211013093,9,-0.5,2,81,4,900.2,10,74.0,0.4300967981322772,34,0.554792668770583,24,0.5098162533856152,63,0.4300967981322772,62,0.3210670455873878,41,224
32,0.8520775211013093,10,-0.7071,4,75,4,900.2,5,266.0,0.6256633565507935,116,0.7379529260116069,138,0.7058596754731936,204,0.6256633565507935,174,0.5028292079621944,129,761
32,0.8520775211013093,11,-0.866,8,62,13,900.2,7,411.0,0.775726835734924,168,0.8784967191577328,235,0.8562890660326484,234,0.775726835734924,206,0.6423002024358537,165,1008
32,0.8520775211013093,12,-0.9659,10,62,22,900.2,7,515.0,0.87006067478133,208,0.9668462347686321,241,0.9508529269524947,246,0.87006067478133,221,0.7299753276048335,189,1105
32,0.8520775211013093,13,-1.0,12,47,26,899.4,7,579.0,0.9022361892791342,236,0.99698060820781,233,0.9831068976851856,244,0.9022361892791342,225,0.7598796788653733,200,1138
32,0.8520775211013093,14,-0.9659,13,47,26,899.4,7,584.0,0.87006067478133,243,0.9668462347686321,200,0.9508529269524947,217,0.87006067478133,207,0.7299753276048335,192,1059
32,0.8520775211013093,15,-0.866,14,41,24,899.4,7,517.0,0.775726835734924,231,0.8784967191577328,147,0.8562890660326484,168,0.775726835734924,169,0.6423002024358537,164,879
32,0.8520775211013093,16,-0.7071,13,44,28,899.4,7,395.0,0.6256633565507935,197,0.7379529260116069,75,0.7058596754731936,97,0.6256633565507935,108,0.5028292079621944,116,593
32,0.8520775211013093,17,-0.5,12,54,26,899.4,7,217.0,0.4300967981322772,146,0.5547926687705828,25,0.5098162533856148,31,0.4300967981322772,42,0.32106704558738736,56,300
32,0.8520775211013093,18,-0.2588,11,58,17,899.4,7,41.0,0.20235467584548678,59,0.3414979989378493,11,0.2815188141271085,11,0.20235467584548678,10,0.10940048491028503,12,103
32,0.8520775211013093,19,0.0,8,71,19,900.2,7,0.0,0.0,0,0.0,0,0.0,0,0.0,0,0.0,0,0
32,0.8520775211013093,20,0.2588,8,71,22,900.2,7,0.0,0.0,0,0.0,0,0.0,0,0.0,0,0.0,0,0
32,0.8520775211013093,21,0.5,6,76,19,900.2,7,0.0,0.0,0,0.0,0,0.0,0,0.0,0,0.0,0,0
32,0.8520775211013093,22,0.7071,5,81,11,901.1,7,0.0,0.0,0,0.0,0,0.0,0,0.0,0,0.0,0,0
32,0.8520775211013093,23,0.866,3,93,9,900.2,10,0.0,0.0,0,0.0,0,0.0,0,0.0,0,0.0,0,0
32,0.8520775211013093,24,0.9659,3,87,15,901.1,10,0.0,0.0,0,0.0,0,0.0,0,0.0,0,0.0,0,0
33,0.8429415373547828,1,1.0,3,87,11,901.1,10,0.0,0.0,0,0.0,0,0.0,0,0.0,0,0.0,0,0
33,0.8429415373547828,2,0.9659,1,93,4,901.1,10,0.0,0.0,0,0.0,0,0.0,0,0.0,0,0.0,0,0
33,0.8429415373547828,3,0.866,1,93,2,901.1,10,0.0,0.0,0,0.0,0,0.0,0,0.0,0,0.0,0,0
33,0.8429415373547828,4,0.7071,2,87,6,901.1,10,0.0,0.0,0,0.0,0,0.0,0,0.0,0,0.0,0,0
33,0.8429415373547828,5,0.5,4,81,19,900.2,10,0.0,0.0,0,0.0,0,0.0,0,0.0,0,0.0,0,0
33,0.8429415373547828,6,0.2588,4,81,11,901.1,10,0.0,0.0,0,0.0,0,0.0,0,0.0,0,0.0,0,0
33,0.8429415373547828,7,0.0,2,87,4,901.1,10,0.0,0.0,0,0.0,0,0.0,0,0.0,0,0.0,0,0
33,0.8429415373547828,8,-0.2588,2,87,4,901.1,10,0.0,0.0,0,0.0,0,0.0,0,0.0,0,0.0,0,0
33,0.8429415373547828,9,-0.5,3,81,9,901.1,10,38.0,0.4314267090697673,11,0.5537592168415972,12,0.5099697117975136,13,0.4314267090697673,14,0.32348277804083697,14,64
33,0.8429415373547828,10,-0.7071,5,76,4,902.0,10,95.0,0.6272829866998271,32,0.7371908144900633,35,0.7063035597225787,38,0.6272829866998271,38,0.5055142091170507,35,178
33,0.8429415373547828,11,-0.866,6,76,7,902.0,10,199.0,0.777568775220545,88,0.8779428143995662,117,0.8569558018170743,117,0.777568775220545,105,0.645191820718591,85,512
33,0.8429415373547828,12,-0.9659,10,54,17,901.1,10,420.0,0.8720423637451632,177,0.966423214232751,201,0.9516597530499178,205,0.8720423637451632,186,0.7329968308381718,160,929
33,0.8429415373547828,13,-1.0,12,44,22,901.1,10,422.0,0.9042655441853602,144,0.9966022298393765,135,0.9839615059765443,144,0.9042655441853602,141,0.7629454834355678,134,698
33,0.8429415373547828,14,-0.9659,12,51,13,901.1,10,259.0,0.8720423637451632,74,0.966423214232751,61,0.9516597530499178,70,0.8720423637451632,74,0.7329968308381718,76,355
33,0.8429415373547828,15,-0.866,11,54,15,900.2,10,234.0,0.777568775220545,64,0.8779428143995662,51,0.8569558018170743,59,0.777568775220545,64,0.645191820718591,68,306
33,0.8429415373547828,16,-0.7071,11,54,15,900.2,10,153.0,0.6272829866998271,40,0.7371908144900633,30,0.7063035597225787,36,0.6272829866998271,39,0.5055142091170507,42,187
33,0.8429415373547828,17,-0.5,11,54,9,900.2,10,89.0,0.4314267090697673,25,0.5537592168415972,20,0.5099697117975136,23,0.4314267090697673,25,0.32348277804083697,27,120
33,0.8429415373547828,18,-0.2588,10,58,9,900.2,10,0.0,0.0,0,0.0,0,0.0,0,0.0,0,0.0,0,0
33,0.8429415373547828,19,0.0,8,71,6,900.2,10,0.0,0.0,0,0.0,0,0.0,0,0.0,0,0.0,0,0
33,0.8429415373547828,20,0.2588,8,66,7,901.1,10,0.0,0.0,0,0.0,0,0.0,0,0.0,0,0.0,0,0
33,0.8429415373547828,21,0.5,6,81,4,900.2,10,0.0,0.0,0,0.0,0,0.0,0,0.0,0,0.0,0,0
33,0.8429415373547828,22,0.7071,4,87,4,901.1,10,0.0,0.0,0,0.0,0,0.0,0,0.0,0,0.0,0,0
33,0.8429415373547828,23,0.866,3,87,4,900.2,10,0.0,0.0,0,0.0,0,0.0,0,0.0,0,0.0,0,0
33,0.8429415373547828,24,0.9659,4,87,9,900.2,10,0.0,0.0,0,0.0,0,0.0,0,0.0,0,0.0,0,0
34,0.8335557718385699,1,1.0,1,93,7,900.2,10,0.0,0.0,0,0.0,0,0.0,0,0.0,0,0.0,0,0
34,0.8335557718385699,2,0.9659,2,87,4,900.2,10,0.0,0.0,0,0.0,0,0.0,0,0.0,0,0.0,0,0
34,0.8335557718385699,3,0.866,3,93,6,900.2,10,0.0,0.0,0,0.0,0,0.0,0,0.0,0,0.0,0,0
34,0.8335557718385699,4,0.7071,2,87,4,900.2,10,0.0,0.0,0,0.0,0,0.0,0,0.0,0,0.0,0,0
34,0.8335557718385699,5,0.5,2,93,7,899.4,10,0.0,0.0,0,0.0,0,0.0,0,0.0,0,0.0,0,0
34,0.8335557718385699,6,0.2588,2,93,7,900.2,10,0.0,0.0,0,0.0,0,0.0,0,0.0,0,0.0,0,0
34,0.8335557718385699,7,0.0,2,93,4,900.2,10,0.0,0.0,0,0.0,0,0.0,0,0.0,0,0.0,0,0
34,0.8335557718385699,8,-0.2588,2,93,7,900.2,5,0.0,0.0,0,0.0,0,0.0,0,0.0,0,0.0,0,0
34,0.8335557718385699,9,-0.5,2,93,4,900.2,5,37.0,0.4327717770957454,10,0.5526935371263925,10,0.5101143337661694,10,0.4327717770957454,11,0.32593662818557384,17,58
34,0.8335557718385699,10,-0.7071,4,87,4,900.2,5,75.0,0.6289187326066833,22,0.7363973730430359,16,0.706739568539539,19,0.6289187326066833,22,0.5082382189595023,26,105
34,0.8335557718385699,11,-0.866,6,87,6,900.2,4,170.0,0.7794275660768875,56,0.8773582686680658,53,0.8576153995782793,57,0.7794275660768875,59,0.6481231313748356,79,304
34,0.8335557718385699,12,-0.9659,8,76,6,900.2,5,331.0,0.874041366505332,121,0.9659699858167334,129,0.952459904678803,135,0.874041366505332,128,0.7360584562280895,114,627
34,0.8335557718385699,13,-1.0,11,62,6,899.4,5,502.0,0.9063123706126893,188,0.9961937913107951,179,0.9848095979092157,189,0.9063123706126893,180,0.766051556753366,168,904
34,0.8335557718385699,14,-0.9659,13,51,7,898.5,7,516.0,0.874041366505332,180,0.9659699858167334,175,0.952459904678803,182,0.874041366505332,177,0.7360584562280895,151,865
34,0.8335557718385699,15,-0.866,13,51,6,898.5,5,334.0,0.7794275660768875,126,0.8773582686680658,88,0.8576153995782793,100,0.7794275660768875,103,0.6481231313748356,83,500
34,0.8335557718385699,16,-0.7071,12,58,9,898.5,5,225.0,0.6289187326066833,65,0.7363973730430359,43,0.706739568539539,49,0.6289187326066833,54,0.5082382189595023,58,269
34,0.8335557718385699,17,-0.5,13,54,7,898.5,5,143.0,0.4327717770957454,41,0.5526935371263922,29,0.5101143337661692,34,0.4327717770957454,37,0.32593662818557384,31,172
34,0.8335557718385699,18,-0.2588,12,62,4,898.5,5,0.0,0.0,0,0.0,0,0.0,0,0.0,0,0.0,0,0
34,0.8335557718385699,19,0.0,9,76,0,899.4,5,0.0,0.0,0,0.0,0,0.0,0,0.0,0,0.0,0,0
34,0.8335557718385699,20,0.2588,8,76,6,899.4,10,0.0,0.0,0,0.0,0,0.0,0,0.0,0,0.0,0,0
34,0.8335557718385699,21,0.5,7,81,9,899.4,10,0.0,0.0,0,0.0,0,0.0,0,0.0,0,0.0,0,0
34,0.8335557718385699,22,0.7071,5,87,6,899.4,10,0.0,0.0,0,0.0,0,0.0,0,0.0,0,0.0,0,0
34,0.8335557718385699,23,0.866,5,87,4,899.4,10,0.0,0.0,0,0.0,0,0.0,0,0.0,0,0.0,0,0
34,0.8335557718385699,24,0.9659,4,93,6,899.4,10,0.0,0.0,0,0.0,0,0.0,0,0.0,0,0.0,0,0
35,0.8239230057575542,1,1.0,4,87,6,899.4,10,0.0,0.0,0,0.0,0,0.0,0,0.0,0,0.0,0,0
35,0.8239230057575542,2,0.9659,3,87,4,899.4,10,0.0,0.0,0,0.0,0,0.0,0,0.0,0,0.0,0,0
35,0.8239230057575542,3,0.866,3,87,4,899.4,10,0.0,0.0,0,0.0,0,0.0,0,0.0,0,0.0,0,0
35,0.8239230057575542,4,0.7071,2,87,2,898.5,10,0.0,0.0,0,0.0,0,0.0,0,0.0,0,0.0,0,0
35,0.8239230057575542,5,0.5,2,93,4,898.5,10,0.0,0.0,0,0.0,0,0.0,0,0.0,0,0.0,0,0
35,0.8239230057575542,6,0.2588,2,93,4,898.5,10,0.0,0.0,0,0.0,0,0.0,0,0.0,0,0.0,0,0
35,0.8239230057575542,7,0.0,1,93,4,899.4,10,0.0,0.0,0,0.0,0,0.0,0,0.0,0,0.0,0,0
35,0.8239230057575542,8,-0.2588,1,93,4,899.4,10,0.0,0.0,0,0.0,0,0.0,0,0.0,0,0.0,0,0
35,0.8239230057575542,9,-0.5,3,87,11,899.4,10,67.0,0.4341310198272203,32,0.5515952626802516,24,0.5102494208282602,60,0.4341310198272203,63,0.3284273966664973,36,215
35,0.8239230057575542,10,-0.7071,7,81,11,899.4,10,256.0,0.6305692683534321,109,0.7355719129838869,142,0.7071666590881048,192,0.6305692683534321,163,0.5109997188485665,121,727
35,0.8239230057575542,11,-0.866,7,81,11,900.2,10,417.0,0.7813016187824408,170,0.876742146395376,237,0.858266552233917,237,0.7813016187824408,209,0.6510923707669696,168,1021
35,0.8239230057575542,12,-0.9659,10,66,4,899.4,10,521.0,0.8760559278322062,206,0.9654854587567199,237,0.9532519086446057,242,0.8760559278322062,218,0.7391582861256617,187,1090
35,0.8239230057575542,13,-1.0,12,62,4,899.4,10,581.0,0.90837485681154,226,0.9957541489237407,223,0.9856496436308805,234,0.90837485681154,217,0.7691959286394563,195,1095
35,0.8239230057575542,14,-0.9659,13,54,4,898.5,10,575.0,0.8760559278322062,229,0.9654854587567199,189,0.9532519086446057,205,0.8760559278322062,196,0.7391582861256617,182,1001
35,0.8239230057575542,15,-0.866,14,44,6,898.5,10,501.0,0.7813016187824408,214,0.876742146395376,137,0.858266552233917,157,0.7813016187824408,158,0.6510923707669696,156,822
35,0.8239230057575542,16,-0.7071,15,45,6,897.6,10,367.0,0.6305692683534321,173,0.7355719129838869,70,0.7071666590881048,88,0.6305692683534321,98,0.5109997188485665,104,533
35,0.8239230057575542,17,-0.5,15,45,4,897.6,10,206.0,0.4341310198272203,126,0.5515952626802516,29,0.5102494208282602,36,0.4341310198272203,44,0.3284273966664973,56,291
35,0.8239230057575542,18,-0.2588,12,58,7,897.6,10,49.0,0.20537379268390393,31,0.3373498826109879,10,0.28093440074803266,10,0.20537379268390393,10,0.11581738483426138,11,72
35,0.8239230057575542,19,0.0,10,58,6,897.6,10,0.0,0.0,0,0.0,0,0.0,0,0.0,0,0.0,0,0
35,0.8239230057575542,20,0.2588,8,71,7,898.5,10,0.0,0.0,0,0.0,0,0.0,0,0.0,0,0.0,0,0
35,0.8239230057575542,21,0.5,7,76,7,898.5,10,0.0,0.0,0,0.0,0,0.0,0,0.0,0,0.0,0,0
35,0.8239230057575542,22,0.7071,7,76,7,898.5,10,0.0,0.0,0,0.0,0,0.0,0,0.0,0,0.0,0,0
35,0.8239230057575542,23,0.866,6,76,4,898.5,10,0.0,0.0,0,0.0,0,0.0,0,0.0,0,0.0,0,0
35,0.8239230057575542,24,0.9659,7,76,7,898.5,10,0.0,0.0,0,0.0,0,0.0,0,0.0,0,0.0,0,0
36,0.8140460935082178,1,1.0,4,87,2,898.5,10,0.0,0.0,0,0.0,0,0.0,0,0.0,0,0.0,0,0
36,0.8140460935082178,2,0.9659,3,87,2,898.5,10,0.0,0.0,0,0.0,0,0.0,0,0.0,0,0.0,0,0
36,0.8140460935082178,3,0.866,2,87,4,899.4,10,0.0,0.0,0,0.0,0,0.0,0,0.0,0,0.0,0,0
36,0.8140460935082178,4,0.7071,2,93,4,899.4,10,0.0,0.0,0,0.0,0,0.0,0,0.0,0,0.0,0,0
36,0.8140460935082178,5,0.5,4,75,11,899.4,10,0.0,0.0,0,0.0,0,0.0,0,0.0,0,0.0,0,0
36,0.8140460935082178,6,0.2588,4,75,9,900.2,10,0.0,0.0,0,0.0,0,0.0,0,0.0,0,0.0,0,0
36,0.8140460935082178,7,0.0,4,75,6,901.1,10,0.0,0.0,0,0.0,0,0.0,0,0.0,0,0.0,0,0
36,0.8140460935082178,8,-0.2588,6,70,13,901.1,10,0.0,0.0,0,0.0,0,0.0,0,0.0,0,0.0,0,0
36,0.8140460935082178,9,-0.5,6,70,2,902.0,10,80.0,0.4355034465586495,61,0.5504640381415854,24,0.5103742762082619,72,0.4355034465586495,88,0.3309538663627721,42,287
36,0.8140460935082178,10,-0.7071,8,71,4,902.0,10,284.0,0.6322332584727521,139,0.7347137560600894,214,0.7075837889902716,221,0.6322332584727521,186,0.5137971712372869,137,897
36,0.8140460935082178,11,-0.866,11,54,11,902.9,10,448.0,0.7831893333249148,196,0.8760935215660821,259,0.8589079522159209,257,0.7831893333249148,226,0.6540977554764652,181,1119
36,0.8140460935082178,12,-0.9659,12,47,22,902.0,10,558.0,0.8780842814135945,232,0.9649685512870488,260,0.9540342906738363,268,0.8780842814135945,244,0.7422943825510444,208,1212
36,0.8140460935082178,13,-1.0,13,44,20,902.0,10,615.0,0.9104511797479254,249,0.9952821677890474,234,0.9864801120079374,256,0.9104511797479254,238,0.7723766083960111,211,1188
36,0.8140460935082178,14,-0.9659,13,41,17,901.1,10,609.0,0.8780842814135945,249,0.9649685512870488,193,0.9540342906738363,223,0.8780842814135945,215,0.7422943825510444,200,1080
36,0.8140460935082178,15,-0.866,14,38,15,901.1,10,542.0,0.7831893333249148,231,0.8760935215660821,132,0.8589079522159209,183,0.7831893333249148,187,0.6540977554764652,183,916
36,0.8140460935082178,16,-0.7071,14,31,20,901.1,10,422.0,0.6322332584727521,194,0.7347137560600894,50,0.7075837889902716,82,0.6322332584727521,96,0.5137971712372869,108,530
36,0.8140460935082178,17,-0.5,13,36,19,901.1,10,241.0,0.4355034465586495,136,0.5504640381415854,22,0.5103742762082619,22,0.4355034465586495,29,0.3309538663627721,50,259
36,0.8140460935082178,18,-0.2588,11,44,17,902.0,10,49.0,0.20640668658400882,44,0.33590066397051915,10,0.28071889512453296,12,0.20640668658400882,11,0.11802828847802103,11,88
36,0.8140460935082178,19,0.0,7,57,7,902.0,10,0.0,0.0,0,0.0,0,0.0,0,0.0,0,0.0,0,0
36,0.8140460935082178,20,0.2588,5,65,6,902.0,10,0.0,0.0,0,0.0,0,0.0,0,0.0,0,0.0,0,0
36,0.8140460935082178,21,0.5,6,61,9,902.9,10,0.0,0.0,0,0.0,0,0.0,0,0.0,0,0.0,0,0
36,0.8140460935082178,22,0.7071,4,70,4,902.9,10,0.0,0.0,0,0.0,0,0.0,0,0.0,0,0.0,0,0
36,0.8140460935082178,23,0.866,2,81,4,902.9,10,0.0,0.0,0,0.0,0,0.0,0,0.0,0,0.0,0,0
36,0.8140460935082178,24,0.9659,2,81,6,902.9,10,0.0,0.0,0,0.0,0,0.0,0,0.0,0,0.0,0,0
37,0.8039279618328213,1,1.0,2,81,6,902.9,10,0.0,0.0,0,0.0,0,0.0,0,0.0,0,0.0,0,0
37,0.8039279618328213,2,0.9659,3,75,4,902.0,10,0.0,0.0,0,0.0,0,0.0,0,0.0,0,0.0,0,0
37,0.8039279618328213,3,0.866,0,87,4,902.0,10,0.0,0.0,0,0.0,0,0.0,0,0.0,0,0.0,0,0
37,0.8039279618328213,4,0.7071,0,87,7,902.0,10,0.0,0.0,0,0.0,0,0.0,0,0.0,0,0.0,0,0
37,0.8039279618328213,5,0.5,1,81,6,901.1,10,0.0,0.0,0,0.0,0,0.0,0,0.0,0,0.0,0,0
37,0.8039279618328213,6,0.2588,-1,93,4,902.0,10,0.0,0.0,0,0.0,0,0.0,0,0.0,0,0.0,0,0
37,0.8039279618328213,7,0.0,-1,86,4,902.0,10,0.0,0.0,0,0.0,0,0.0,0,0.0,0,0.0,0,0
37,0.8039279618328213,8,-0.2588,-1,93,4,902.0,10,0.0,0.0,0,0.0,0,0.0,0,0.0,0,0.0,0,0
37,0.8039279618328213,9,-0.5,0,93,7,902.0,10,91.0,0.43688805919172113,43,0.9505110546849402,48,0.8380760680714714,66,0.6685276783741534,88,0.4534203087559954,46,291
37,0.8039279618328213,10,-0.7071,3,81,4,902.0,4,280.0,0.633909359283818,117,0.967446912653596,186,0.8987436731708432,207,0.7687926423263625,175,0.5864497534099754,129,814
37,0.8039279618328213,11,-0.866,5,76,7,902.0,10,447.0,0.785089100848743,178,0.9190778620082041,242,0.8951917457101697,243,0.8102999001321152,214,0.6701875549075477,174,1051
37,0.8039279618328213,12,-0.9659,9,57,4,902.0,10,551.0,0.8801246516981387,215,0.8087001682067888,237,0.8276623432671002,243,0.7902208056110759,220,0.6989271302137892,191,1106
37,0.8039279618328213,13,-1.0,10,54,9,901.1,10,592.0,0.9125395070136597,229,0.6438358854146885,210,0.7007574826409222,224,0.709923718758389,211,0.6707099308213246,192,1066
37,0.8039279618328213,14,-0.9659,12,47,4,901.1,10,580.0,0.8801246516981387,226,0.4357201971889191,166,0.5231254840695244,185,0.5748807286376759,182,0.5874589010137032,175,934
37,0.8039279618328213,15,-0.866,13,44,4,900.2,10,477.0,0.785089100848743,197,0.19853584740864633,103,0.30687167593918735,126,0.39429479140384605,134,0.4548474591326478,138,698
37,0.8039279618328213,16,-0.7071,14,44,6,900.2,10,465.0,0.633909359283818,164,1.326794896677558e-06,50,0.06673336562162185,68,0.1804725138748928,82,0.2819128376487292,96,460
37,0.8039279618328213,17,-0.5,15,39,4,899.4,10,226.0,0.4368880591917209,128,1.326794896677558e-06,27,1.326794896677558e-06,28,1.326794896677558e-06,34,0.08044022513595488,50,267
37,0.8039279618328213,18,-0.2588,14,44,4,900.2,10,60.0,0.2074518539700125,53,1.326794896677558e-06,14,1.326794896677558e-06,14,1.326794896677558e-06,13,1.326794896677558e-06,14,108
37,0.8039279618328213,19,0.0,10,58,4,900.2,10,0.0,0.0,0,0.0,0,0.0,0,0.0,0,0.0,0,0
37,0.8039279618328213,20,0.2588,6,70,6,900.2,10,0.0,0.0,0,0.0,0,0.0,0,0.0,0,0.0,0,0
37,0.8039279618328213,21,0.5,6,70,4,900.2,10,0.0,0.0,0,0.0,0,0.0,0,0.0,0,0.0,0,0
37,0.8039279618328213,22,0.7071,5,76,4,900.2,10,0.0,0.0,0,0.0,0,0.0,0,0.0,0,0.0,0,0
37,0.8039279618328213,23,0.866,3,81,4,901.1,10,0.0,0.0,0,0.0,0,0.0,0,0.0,0,0.0,0,0
37,0.8039279618328213,24,0.9659,4,75,4,901.1,10,0.0,0.0,0,0.0,0,0.0,0,0.0,0,0.0,0,0
38,0.7935716089521474,1,1.0,4,75,7,901.1,10,0.0,0.0,0,0.0,0,0.0,0,0.0,0,0.0,0,0
38,0.7935716089521474,2,0.9659,3,75,4,901.1,10,0.0,0.0,0,0.0,0,0.0,0,0.0,0,0.0,0,0
38,0.7935716089521474,3,0.866,2,81,6,901.1,10,0.0,0.0,0,0.0,0,0.0,0,0.0,0,0.0,0,0
38,0.7935716089521474,4,0.7071,2,75,7,900.2,10,0.0,0.0,0,0.0,0,0.0,0,0.0,0,0.0,0,0
38,0.7935716089521474,5,0.5,0,87,4,900.2,10,0.0,0.0,0,0.0,0,0.0,0,0.0,0,0.0,0,0
38,0.7935716089521474,6,0.2588,0,87,7,900.2,10,0.0,0.0,0,0.0,0,0.0,0,0.0,0,0.0,0,0
38,0.7935716089521474,7,0.0,0,80,9,900.2,10,0.0,0.0,0,0.0,0,0.0,0,0.0,0,0.0,0,0
38,0.7935716089521474,8,-0.2588,0,87,7,900.2,10,0.0,0.0,0,0.0,0,0.0,0,0.0,0,0.0,0,0
38,0.7935716089521474,9,-0.5,2,81,9,901.1,10,99.0,0.4382838531791893,44,0.9517377867867798,57,0.8401582806360028,64,0.6713234722858427,95,0.45673915559031886,49,309
38,0.7935716089521474,10,-0.7071,6,70,6,901.1,10,274.0,0.6355962202455805,111,0.9686986647433097,179,0.9009155122630593,193,0.7717365613643763,164,0.5899651294463573,122,769
38,0.7935716089521474,11,-0.866,9,57,4,902.0,10,452.0,0.7869993053225428,177,0.9202581566572435,240,0.8973583374067786,241,0.8133051393728218,211,0.6738266398302795,172,1041
38,0.7935716089521474,12,-0.9659,12,47,4,901.1,10,566.0,0.8821752557602733,215,0.8097173976810604,237,0.8297291712455019,245,0.7931963812648803,222,0.7026086731531636,193,1112
38,0.7935716089521474,13,-1.0,14,38,4,901.1,10,623.0,0.9146379987586832,234,0.6446095545400546,216,0.7026368292709922,230,0.7127806685383535,216,0.674349787454796,197,1093
38,0.7935716089521474,14,-0.9659,16,36,6,900.2,10,592.0,0.8821752557602733,222,0.43618640908094797,163,0.5247424083226754,182,0.5775381744629282,179,0.5909757679003451,174,920
38,0.7935716089521474,15,-0.866,17,37,7,899.4,10,418.0,0.7869993053225428,161,0.19865165772280252,95,0.308169120322536,113,0.3966854509872307,119,0.4581684143476569,124,612
38,0.7935716089521474,16,-0.7071,19,26,13,899.4,10,401.0,0.6355962202455805,169,1.326794896677558e-06,50,0.06767604465013188,70,0.18254728597380937,86,0.2849783103329053,100,475
38,0.7935716089521474,17,-0.5,19,26,7,899.4,10,187.0,0.4382838531791893,86,1.326794896677558e-06,30,1.326794896677558e-06,33,1.326794896677558e-06,35,0.08320805514623301,45,229
38,0.7935716089521474,18,-0.2588,17,26,7,899.4,10,46.0,0.20850869321309912,42,1.326794896677558e-06,10,1.326794896677558e-06,10,1.326794896677558e-06,10,1.326794896677558e-06,11,83
38,0.7935716089521474,19,0.0,14,27,13,899.4,10,0.0,0.0,0,0.0,0,0.0,0,0.0,0,0.0,0,0
38,0.7935716089521474,20,0.2588,12,33,7,900.2,10,0.0,0.0,0,0.0,0,0.0,0,0.0,0,0.0,0,0
38,0.7935716089521474,21,0.5,12,33,13,900.2,10,0.0,0.0,0,0.0,0,0.0,0,0.0,0,0.0,0,0
38,0.7935716089521474,22,0.7071,10,37,6,900.2,10,0.0,0.0,0,0.0,0,0.0,0,0.0,0,0.0,0,0
38,0.7935716089521474,23,0.866,9,43,9,900.2,10,0.0,0.0,0,0.0,0,0.0,0,0.0,0,0.0,0,0
38,0.7935716089521474,24,0.9659,8,46,6,900.2,10,0.0,0.0,0,0.0,0,0.0,0,0.0,0,0.0,0,0
39,0.7829801036770628,1,1.0,5,57,4,900.2,10,0.0,0.0,0,0.0,0,0.0,0,0.0,0,0.0,0,0
39,0.7829801036770628,2,0.9659,3,70,4,900.2,10,0.0,0.0,0,0.0,0,0.0,0,0.0,0,0.0,0,0
39,0.7829801036770628,3,0.866,3,70,13,900.2,10,0.0,0.0,0,0.0,0,0.0,0,0.0,0,0.0,0,0
39,0.7829801036770628,4,0.7071,3,75,11,900.2,10,0.0,0.0,0,0.0,0,0.0,0,0.0,0,0.0,0,0
39,0.7829801036770628,5,0.5,4,81,7,900.2,10,0.0,0.0,0,0.0,0,0.0,0,0.0,0,0.0,0,0
39,0.7829801036770628,6,0.2588,4,81,4,900.2,10,0.0,0.0,0,0.0,0,0.0,0,0.0,0,0.0,0,0
39,0.7829801036770628,7,0.0,3,87,6,900.2,10,0.0,0.0,0,0.0,0,0.0,0,0.0,0,0.0,0,0
39,0.7829801036770628,8,-0.2588,3,87,2,901.1,10,0.0,0.0,0,0.0,0,0.0,0,0.0,0,0.0,0,0
39,0.7829801036770628,9,-0.5,4,87,7,901.1,5,48.0,0.4396898184818634,12,0.9529580092869916,12,0.8422505853045865,12,0.6741452722492353,16,0.4600981501586974,16,68
39,0.7829801036770628,10,-0.7071,5,87,4,901.1,5,46.0,0.6372924853260659,11,0.9699438412837498,10,0.9030972072211397,11,0.7747060960236359,13,0.5935201352002047,14,59
39,0.7829801036770628,11,-0.866,6,81,4,901.1,5,57.0,0.7889183252247881,16,0.9214320641044218,11,0.8995347988003707,15,0.8163358326060969,17,0.6775050283957433,18,77
39,0.7829801036770628,12,-0.9659,7,76,7,901.1,5,96.0,0.8842343051847823,25,0.8107286697603925,20,0.831806131878751,23,0.7961974890989615,26,0.7063294078234905,29,123
39,0.7829801036770628,13,-1.0,8,71,7,901.1,5,136.0,0.9167448096434527,36,0.64537789925649,28,0.7045267953803327,34,0.7156634579841082,37,0.678028943010196,40,175
39,0.7829801036770628,14,-0.9659,9,71,7,900.2,5,107.0,0.8842343051847823,28,0.43664811594905095,22,0.5263706510902867,26,0.5802219910000253,30,0.5945322605748339,32,138
39,0.7829801036770628,15,-0.866,9,71,6,900.2,5,72.0,0.7889183252247881,16,0.19876388660049535,12,0.30947872530832804,15,0.39910318448248666,17,0.46152951173939555,18,78
39,0.7829801036770628,16,-0.7071,10,62,11,899.4,5,86.0,0.6372924853260659,24,1.326794896677558e-06,18,0.06863181937567758,21,0.18464996460768807,23,0.28808459860192626,26,112
39,0.7829801036770628,17,-0.5,10,62,15,899.4,5,92.0,0.4396898184818634,34,1.326794896677558e-06,17,1.326794896677558e-06,20,1.326794896677558e-06,24,0.08601748527803212,27,122
39,0.7829801036770628,18,-0.2588,12,51,20,899.4,5,101.0,0.20957659719132152,63,1.326794896677558e-06,20,1.326794896677558e-06,22,1.326794896677558e-06,22,1.326794896677558e-06,26,153
39,0.7829801036770628,19,0.0,10,50,17,899.4,5,0.0,0.0,0,0.0,0,0.0,0,0.0,0,0.0,0,0
39,0.7829801036770628,20,0.2588,9,57,28,898.5,5,0.0,0.0,0,0.0,0,0.0,0,0.0,0,0.0,0,0
39,0.7829801036770628,21,0.5,9,50,19,898.5,5,0.0,0.0,0,0.0,0,0.0,0,0.0,0,0.0,0,0
39,0.7829801036770628,22,0.7071,7,57,17,899.4,5,0.0,0.0,0,0.0,0,0.0,0,0.0,0,0.0,0,0
39,0.7829801036770628,23,0.866,7,49,17,899.4,7,0.0,0.0,0,0.0,0,0.0,0,0.0,0,0.0,0,0
39,0.7829801036770628,24,0.9659,5,57,4,899.4,7,0.0,0.0,0,0.0,0,0.0,0,0.0,0,0.0,0,0
40,0.7721565844991642,1,1.0,5,70,24,898.5,7,0.0,0.0,0,0.0,0,0.0,0,0.0,0,0.0,0,0
40,0.7721565844991642,2,0.9659,6,61,6,899.4,10,0.0,0.0,0,0.0,0,0.0,0,0.0,0,0.0,0,0
40,0.7721565844991642,3,0.866,4,70,13,899.4,10,0.0,0.0,0,0.0,0,0.0,0,0.0,0,0.0,0,0
40,0.7721565844991642,4,0.7071,4,70,13,899.4,10,0.0,0.0,0,0.0,0,0.0,0,0.0,0,0.0,0,0
40,0.7721565844991642,5,0.5,6,70,26,898.5,10,0.0,0.0,0,0.0,0,0.0,0,0.0,0,0.0,0,0
40,0.7721565844991642,6,0.2588,6,66,22,899.4,10,0.0,0.0,0,0.0,0,0.0,0,0.0,0,0.0,0,0
40,0.7721565844991642,7,0.0,6,66,9,899.4,10,0.0,0.0,0,0.0,0,0.0,0,0.0,0,0.0,0,0
40,0.7721565844991642,8,-0.2588,3,75,9,900.2,7,0.0,0.0,0,0.0,0,0.0,0,0.0,0,0.0,0,0
40,0.7721565844991642,9,-0.5,5,76,4,901.1,7,91.0,0.4411049405378224,39,0.9541701137062922,55,0.8443512328179116,64,0.6769913074339767,84,0.46349562073874917,49,291
40,0.7721565844991642,10,-0.7071,8,62,11,901.1,7,299.0,0.63899679438626,119,0.9711808040899886,196,0.9052869023742718,208,0.7776992996081966,176,0.5971128656144029,132,831
40,0.7721565844991642,11,-0.866,11,58,17,901.1,10,456.0,0.7908445352458835,179,0.9225980310045513,241,0.9017192804502446,240,0.8193899603319172,212,0.6812206686700366,174,1046
40,0.7721565844991642,12,-0.9659,14,41,19,901.1,10,566.0,0.8863000079688924,236,0.8117326247030452,254,0.8338914941732997,265,0.7992221448321962,241,0.7100872318814174,209,1205
40,0.7721565844991642,13,-1.0,15,39,19,901.1,7,618.0,0.9188580908092594,216,0.6461398670092375,197,0.7064258872756316,209,0.7185702540564313,197,0.681745350020877,180,999
40,0.7721565844991642,14,-0.9659,16,36,17,900.2,7,600.0,0.8863000079688924,237,0.43710461226170155,172,0.5280090155391077,193,0.5829305716761527,190,0.5981264722100016,183,975
40,0.7721565844991642,15,-0.866,17,34,19,899.4,10,536.0,0.7908445352458835,222,0.19887224453374253,112,0.3107996733744072,140,0.4015467020660667,148,0.4649290770822486,154,776
40,0.7721565844991642,16,-0.7071,18,28,15,899.4,10,422.0,0.63899679438626,193,1.326794896677558e-06,48,0.06960029348087779,71,0.18677963499908887,91,0.2912303315589158,109,512
40,0.7721565844991642,17,-0.5,17,27,17,899.4,10,255.0,0.4411049405378224,147,1.326794896677558e-06,25,1.326794896677558e-06,25,1.326794896677558e-06,33,0.08886749801908972,53,283
40,0.7721565844991642,18,-0.2588,15,42,20,899.4,10,60.0,0.2106549537759178,67,1.326794896677558e-06,15,1.326794896677558e-06,13,1.326794896677558e-06,11,1.326794896677558e-06,13,119
40,0.7721565844991642,19,0.0,13,44,17,899.4,10,0.0,0.0,0,0.0,0,0.0,0,0.0,0,0.0,0,0
40,0.7721565844991642,20,0.2588,12,47,19,899.4,10,0.0,0.0,0,0.0,0,0.0,0,0.0,0,0.0,0,0
40,0.7721565844991642,21,0.5,11,50,13,899.4,10,0.0,0.0,0,0.0,0,0.0,0,0.0,0,0.0,0,0
40,0.7721565844991642,22,0.7071,8,57,11,899.4,10,0.0,0.0,0,0.0,0,0.0,0,0.0,0,0.0,0,0
40,0.7721565844991642,23,0.866,6,66,6,900.2,10,0.0,0.0,0,0.0,0,0.0,0,0.0,0,0.0,0,0
40,0.7721565844991642,24,0.9659,5,65,6,900.2,10,0.0,0.0,0,0.0,0,0.0,0,0.0,0,0.0,0,0
41,0.7611042586607747,1,1.0,7,61,17,899.4,10,0.0,0.0,0,0.0,0,0.0,0,0.0,0,0.0,0,0
41,0.7611042586607747,2,0.9659,6,57,13,899.4,10,0.0,0.0,0,0.0,0,0.0,0,0.0,0,0.0,0,0
41,0.7611042586607747,3,0.866,4,61,11,898.5,10,0.0,0.0,0,0.0,0,0.0,0,0.0,0,0.0,0,0
41,0.7611042586607747,4,0.7071,3,65,2,898.5,10,0.0,0.0,0,0.0,0,0.0,0,0.0,0,0.0,0,0
41,0.7611042586607747,5,0.5,1,75,6,897.6,10,0.0,0.0,0,0.0,0,0.0,0,0.0,0,0.0,0,0
41,0.7611042586607747,6,0.2588,2,70,9,898.5,10,0.0,0.0,0,0.0,0,0.0,0,0.0,0,0.0,0,0
41,0.7611042586607747,7,0.0,1,65,9,897.6,10,0.0,0.0,0,0.0,0,0.0,0,0.0,0,0.0,0,0
41,0.7611042586607747,8,-0.2588,1,70,6,898.5,7,0.0,0.0,0,0.0,0,0.0,0,0.0,0,0.0,0,0
41,0.7611042586607747,9,-0.5,4,61,7,898.5,7,70.0,0.4425282012428631,37,0.9553724968547417,57,0.8464584713960205,59,0.6798597968508507,75,0.4669298785033222,47,275
41,0.7611042586607747,10,-0.7071,7,53,9,899.4,7,290.0,0.6407077845770824,99,0.9724079203379803,169,0.9074827397872555,168,0.7807142156867699,145,0.6007413990889836,109,690
41,0.7611042586607747,11,-0.866,9,43,9,899.4,7,404.0,0.7927763080047487,145,0.9237545091690155,187,0.9039099306363088,190,0.8224654934902431,170,0.6849714925301137,144,836
41,0.7611042586607747,12,-0.9659,12,38,15,899.4,7,592.0,0.8883705704397751,215,0.8127279074576174,231,0.8359835245709661,240,0.8022683545386312,221,0.7138800269158451,195,1102
41,0.7611042586607747,13,-1.0,13,41,17,898.5,7,657.0,0.9209759918642597,240,0.6468943822002184,218,0.7083325860870567,233,0.721499198122118,223,0.6854969367529351,206,1120
41,0.7611042586607747,14,-0.9659,13,36,20,898.5,5,306.0,0.8883705704397751,91,0.4375551956022514,74,0.5296563009848946,84,0.5856622993640693,84,0.6017564794400898,85,418
41,0.7611042586607747,15,-0.866,13,38,26,898.5,7,404.0,0.7927763080047487,168,0.19897644412757817,87,0.3121311422341688,108,0.40401470259720124,118,0.4683654190518594,125,606
41,0.7611042586607747,16,-0.7071,14,36,19,898.5,7,313.0,0.6407077845770824,130,1.326794896677558e-06,43,0.0705810648695623,59,0.18893537015016576,72,0.2944141204777813,83,387
41,0.7611042586607747,17,-0.5,14,36,7,898.5,5,135.0,0.4425282012428629,43,1.326794896677558e-06,21,1.326794896677558e-06,25,1.326794896677558e-06,29,0.09175705717690305,33,151
41,0.7611042586607747,18,-0.2588,13,38,11,899.4,7,72.0,0.21174314632671043,48,1.326794896677558e-06,15,1.326794896677558e-06,15,1.326794896677558e-06,15,1.326794896677558e-06,18,111
41,0.7611042586607747,19,0.0,11,47,11,899.4,10,0.0,0.0,0,0.0,0,0.0,0,0.0,0,0.0,0,0
41,0.7611042586607747,20,0.2588,9,54,9,900.2,10,0.0,0.0,0,0.0,0,0.0,0,0.0,0,0.0,0,0
41,0.7611042586607747,21,0.5,8,57,7,900.2,10,0.0,0.0,0,0.0,0,0.0,0,0.0,0,0.0,0,0
41,0.7611042586607747,22,0.7071,6,61,4,900.2,10,0.0,0.0,0,0.0,0,0.0,0,0.0,0,0.0,0,0
41,0.7611042586607747,23,0.866,4,70,6,900.2,10,0.0,0.0,0,0.0,0,0.0,0,0.0,0,0.0,0,0
41,0.7611042586607747,24,0.9659,3,75,4,901.1,10,0.0,0.0,0,0.0,0,0.0,0,0.0,0,0.0,0,0
42,0.7498264012045686,1,1.0,2,81,4,900.2,10,0.0,0.0,0,0.0,0,0.0,0,0.0,0,0.0,0,0
42,0.7498264012045686,2,0.9659,0,80,6,900.2,10,0.0,0.0,0,0.0,0,0.0,0,0.0,0,0.0,0,0
42,0.7498264012045686,3,0.866,1,87,6,900.2,10,0.0,0.0,0,0.0,0,0.0,0,0.0,0,0.0,0,0
42,0.7498264012045686,4,0.7071,0,80,4,900.2,10,0.0,0.0,0,0.0,0,0.0,0,0.0,0,0.0,0,0
42,0.7498264012045686,5,0.5,-1,93,2,900.2,10,0.0,0.0,0,0.0,0,0.0,0,0.0,0,0.0,0,0
42,0.7498264012045686,6,0.2588,-2,86,6,900.2,10,0.0,0.0,0,0.0,0,0.0,0,0.0,0,0.0,0,0
42,0.7498264012045686,7,0.0,-3,93,9,900.2,10,0.0,0.0,0,0.0,0,0.0,0,0.0,0,0.0,0,0
42,0.7498264012045686,8,-0.2588,-2,93,7,900.2,10,0.0,0.0,0,0.0,0,0.0,0,0.0,0,0.0,0,0
42,0.7498264012045686,9,-0.5,1,81,2,900.2,10,100.0,0.44395857994115007,43,0.5429665617680122,57,0.5108699955910858,15,0.44395857994115007,14,0.34679221175253766,12,141
42,0.7498264012045686,10,-0.7071,4,70,4,900.2,10,310.0,0.6424240917478894,127,0.7288418729414193,151,0.7098194417904109,135,0.6424240917478894,113,0.5312486979318455,68,594
42,0.7498264012045686,11,-0.866,7,61,4,900.2,10,467.0,0.7947120157779517,183,0.8714689996789062,205,0.8624787025888391,210,0.7947120157779517,193,0.6727871196603977,168,959
42,0.7498264012045686,12,-0.9659,11,50,4,900.2,10,580.0,0.8904441991852355,220,0.9611281533185714,238,0.9584443183540328,247,0.8904441991852355,229,0.7617618838831425,202,1136
42,0.7498264012045686,13,-1.0,14,33,13,898.5,10,632.0,0.9230966628829094,260,0.9917092198655029,279,0.9911764015298391,290,0.9230966628829094,267,0.7921095178135616,237,1333
42,0.7498264012045686,14,-0.9659,16,31,11,897.6,10,620.0,0.8904441991852355,221,0.9611281533185714,235,0.9584443183540328,245,0.8904441991852355,225,0.7617618838831425,199,1125
42,0.7498264012045686,15,-0.866,17,34,20,896.7,10,531.0,0.7947120157779517,214,0.8714689996789062,230,0.8624787025888391,239,0.7947120157779517,217,0.6727871196603977,191,1091
42,0.7498264012045686,16,-0.7071,17,30,17,895.8,10,428.0,0.6424240917478894,188,0.7288418729414193,202,0.7098194417904109,208,0.6424240917478894,187,0.5312486979318455,161,946
42,0.7498264012045686,17,-0.5,18,26,22,895.8,10,265.0,0.4439585799411503,135,0.5429665617680123,147,0.510869995591086,149,0.4439585799411503,132,0.34679221175253766,111,674
42,0.7498264012045686,18,-0.2588,16,31,22,894.9,10,83.0,0.21284055419614947,45,0.3265101433590215,47,0.27918841844038367,47,0.21284055419614947,44,0.13198804433914305,36,219
42,0.7498264012045686,19,0.0,13,41,13,895.8,10,0.0,0.0,0,0.0,0,0.0,0,0.0,0,0.0,0,0
42,0.7498264012045686,20,0.2588,11,47,15,895.8,10,0.0,0.0,0,0.0,0,0.0,0,0.0,0,0.0,0,0
42,0.7498264012045686,21,0.5,11,33,19,895.8,10,0.0,0.0,0,0.0,0,0.0,0,0.0,0,0.0,0,0
42,0.7498264012045686,22,0.7071,10,32,22,895.8,10,0.0,0.0,0,0.0,0,0.0,0,0.0,0,0.0,0,0
42,0.7498264012045686,23,0.866,9,40,19,895.8,10,0.0,0.0,0,0.0,0,0.0,0,0.0,0,0.0,0,0
42,0.7498264012045686,24,0.9659,9,40,9,896.7,10,0.0,0.0,0,0.0,0,0.0,0,0.0,0,0.0,0,0
43,0.7383263540031065,1,1.0,7,53,7,896.7,10,0.0,0.0,0,0.0,0,0.0,0,0.0,0,0.0,0,0
43,0.7383263540031065,2,0.9659,5,61,17,895.8,10,0.0,0.0,0,0.0,0,0.0,0,0.0,0,0.0,0,0
43,0.7383263540031065,3,0.866,7,53,19,895.8,10,0.0,0.0,0,0.0,0,0.0,0,0.0,0,0.0,0,0
43,0.7383263540031065,4,0.7071,8,50,19,895.8,10,0.0,0.0,0,0.0,0,0.0,0,0.0,0,0.0,0,0
43,0.7383263540031065,5,0.5,4,61,13,895.8,10,0.0,0.0,0,0.0,0,0.0,0,0.0,0,0.0,0,0
43,0.7383263540031065,6,0.2588,3,70,13,894.9,10,0.0,0.0,0,0.0,0,0.0,0,0.0,0,0.0,0,0
43,0.7383263540031065,7,0.0,4,70,13,894.9,10,0.0,0.0,0,0.0,0,0.0,0,0.0,0,0.0,0,0
43,0.7383263540031065,8,-0.2588,3,75,9,894.9,10,0.0,0.0,0,0.0,0,0.0,0,0.0,0,0.0,0,0
43,0.7383263540031065,9,-0.5,5,70,17,895.8,7,107.0,0.44539505442498906,43,0.5415959282354526,51,0.5109040773178909,23,0.44539505442498906,24,0.3495331858603175,22,163
43,0.7383263540031065,10,-0.7071,9,54,20,895.8,7,134.0,0.6441443518648952,45,0.727737022719554,45,0.7101380013447455,45,0.6441443518648952,46,0.534253425960088,42,223
43,0.7383263540031065,11,-0.866,10,50,19,895.8,5,473.0,0.7966500322393681,167,0.8705680921058084,182,0.8630155496085696,188,0.7966500322393681,176,0.6759942331819954,157,870
43,0.7383263540031065,12,-0.9659,12,44,20,894.9,5,591.0,0.8925191029953106,229,0.9603554494317266,247,0.9591183865922869,257,0.8925191029953106,239,0.7650962222407637,211,1183
43,0.7383263540031065,13,-1.0,13,38,22,894.1,5,338.0,0.9252182564164418,96,0.9909802438649464,96,0.9918972733672816,106,0.9252182564164418,99,0.7954872501928246,94,491
43,0.7383263540031065,14,-0.9659,13,44,22,894.1,5,518.0,0.8925191029953106,217,0.9603554494317266,228,0.9591183865922869,255,0.8925191029953106,232,0.7650962222407637,209,1141
43,0.7383263540031065,15,-0.866,14,38,20,894.1,5,635.0,0.7966500322393681,225,0.8705680921058084,239,0.8630155496085696,263,0.7966500322393681,240,0.6759942331819954,215,1182
43,0.7383263540031065,16,-0.7071,13,36,26,894.1,5,317.0,0.6441443518648952,143,0.727737022719554,152,0.7101380013447455,159,0.6441443518648952,144,0.534253425960088,127,725
43,0.7383263540031065,17,-0.5,13,36,22,894.1,5,167.0,0.44539505442498906,71,0.5415959282354526,70,0.5109040773178909,74,0.44539505442498906,71,0.3495331858603175,64,350
43,0.7383263540031065,18,-0.2588,12,38,20,894.9,5,59.0,0.21394655324156758,21,0.32482999846983096,18,0.2788912186059395,20,0.21394655324156758,21,0.1344218704885199,19,99
43,0.7383263540031065,19,0.0,10,50,11,895.8,7,0.0,0.0,0,0.0,0,0.0,0,0.0,0,0.0,0,0
43,0.7383263540031065,20,0.2588,9,54,13,896.7,5,0.0,0.0,0,0.0,0,0.0,0,0.0,0,0.0,0,0
43,0.7383263540031065,21,0.5,5,65,28,896.7,7,0.0,0.0,0,0.0,0,0.0,0,0.0,0,0.0,0,0
43,0.7383263540031065,22,0.7071,3,70,9,897.6,7,0.0,0.0,0,0.0,0,0.0,0,0.0,0,0.0,0,0
43,0.7383263540031065,23,0.866,2,75,20,898.5,7,0.0,0.0,0,0.0,0,0.0,0,0.0,0,0.0,0,0
43,0.7383263540031065,24,0.9659,1,70,26,898.5,7,0.0,0.0,0,0.0,0,0.0,0,0.0,0,0.0,0,0
44,0.7266075247685656,1,1.0,0,69,22,899.4,7,0.0,0.0,0,0.0,0,0.0,0,0.0,0,0.0,0,0
44,0.7266075247685656,2,0.9659,0,69,22,899.4,7,0.0,0.0,0,0.0,0,0.0,0,0.0,0,0.0,0,0
44,0.7266075247685656,3,0.866,-1,75,9,900.2,7,0.0,0.0,0,0.0,0,0.0,0,0.0,0,0.0,0,0
44,0.7266075247685656,4,0.7071,-2,80,4,900.2,7,0.0,0.0,0,0.0,0,0.0,0,0.0,0,0.0,0,0
44,0.7266075247685656,5,0.5,-2,80,4,900.2,7,0.0,0.0,0,0.0,0,0.0,0,0.0,0,0.0,0,0
44,0.7266075247685656,6,0.2588,-2,80,6,900.2,7,0.0,0.0,0,0.0,0,0.0,0,0.0,0,0.0,0,0
44,0.7266075247685656,7,0.0,-3,86,0,901.1,7,0.0,0.0,0,0.0,0,0.0,0,0.0,0,0.0,0,0
44,0.7266075247685656,8,-0.2588,-4,86,4,901.1,7,0.0,0.0,0,0.0,0,0.0,0,0.0,0,0.0,0,0
44,0.7266075247685656,9,-0.5,0,80,2,901.1,7,108.0,0.4468366019425986,52,0.5401900429380747,62,0.5109225373850803,19,0.4468366019425986,19,0.3522995819757872,16,168
44,0.7266075247685656,10,-0.7071,2,70,9,901.1,7,288.0,0.6458672024378302,116,0.7265945956505468,135,0.7104384506115252,121,0.6458672024378302,105,0.5372812686521308,70,547
44,0.7266075247685656,11,-0.866,4,61,9,902.0,7,438.0,0.7985887342082656,175,0.8696278235869671,193,0.8635323767495353,199,0.7985887342082656,185,0.6792226908809337,161,913
44,0.7266075247685656,12,-0.9659,6,53,9,902.0,7,563.0,0.8945934948124096,220,0.9595422630678139,237,0.9597712345326285,245,0.8945934948124096,228,0.7684507918016982,202,1132
44,0.7266075247685656,13,-1.0,8,43,9,901.1,7,634.0,0.9273389295119258,241,0.9902104028538654,257,0.9925965154662081,268,0.9273389295119258,249,0.7988848341607326,222,1237
44,0.7266075247685656,14,-0.9659,8,43,6,901.1,7,621.0,0.8945934948124096,241,0.9595422630678139,257,0.9597712345326285,269,0.8945934948124096,247,0.7684507918016982,220,1234
44,0.7266075247685656,15,-0.866,8,40,7,900.2,7,552.0,0.7985887342082656,227,0.8696278235869671,242,0.8635323767495353,251,0.7985887342082656,230,0.6792226908809337,202,1152
44,0.7266075247685656,16,-0.7071,9,34,7,900.2,7,435.0,0.6458672024378302,212,0.7265945956505468,228,0.7104384506115252,235,0.6458672024378302,211,0.5372812686521308,181,1067
44,0.7266075247685656,17,-0.5,9,34,7,899.4,7,267.0,0.44683660194259883,131,0.540190042938075,146,0.5109225373850803,147,0.44683660194259883,130,0.3522995819757872,107,661
44,0.7266075247685656,18,-0.2588,8,37,9,899.4,7,71.0,0.21506051634514184,67,0.32311730943097644,75,0.27858129518082464,71,0.21506051634514184,64,0.13688380560633537,48,325
44,0.7266075247685656,19,0.0,5,45,11,899.4,10,0.0,0.0,0,0.0,0,0.0,0,0.0,0,0.0,0,0
44,0.7266075247685656,20,0.2588,4,49,11,900.2,10,0.0,0.0,0,0.0,0,0.0,0,0.0,0,0.0,0,0
44,0.7266075247685656,21,0.5,3,52,6,900.2,10,0.0,0.0,0,0.0,0,0.0,0,0.0,0,0.0,0,0
44,0.7266075247685656,22,0.7071,2,56,9,900.2,10,0.0,0.0,0,0.0,0,0.0,0,0.0,0,0.0,0,0
44,0.7266075247685656,23,0.866,1,60,7,900.2,10,0.0,0.0,0,0.0,0,0.0,0,0.0,0,0.0,0,0
44,0.7266075247685656,24,0.9659,1,60,11,900.2,10,0.0,0.0,0,0.0,0,0.0,0,0.0,0,0.0,0,0
45,0.7146733860429609,1,1.0,2,52,9,899.4,10,0.0,0.0,0,0.0,0,0.0,0,0.0,0,0.0,0,0
45,0.7146733860429609,2,0.9659,3,48,13,899.4,10,0.0,0.0,0,0.0,0,0.0,0,0.0,0,0.0,0,0
45,0.7146733860429609,3,0.866,2,52,2,899.4,10,0.0,0.0,0,0.0,0,0.0,0,0.0,0,0.0,0,0
45,0.7146733860429609,4,0.7071,1,60,6,898.5,10,0.0,0.0,0,0.0,0,0.0,0,0.0,0,0.0,0,0
45,0.7146733860429609,5,0.5,0,69,7,898.5,10,0.0,0.0,0,0.0,0,0.0,0,0.0,0,0.0,0,0
45,0.7146733860429609,6,0.2588,-1,69,4,897.6,10,0.0,0.0,0,0.0,0,0.0,0,0.0,0,0.0,0,0
45,0.7146733860429609,7,0.0,-2,74,2,897.6,10,0.0,0.0,0,0.0,0,0.0,0,0.0,0,0.0,0,0
45,0.7146733860429609,8,-0.2588,-3,80,11,897.6,10,0.0,0.0,0,0.0,0,0.0,0,0.0,0,0.0,0,0
45,0.7146733860429609,9,-0.5,0,69,6,897.6,10,115.0,0.4482822002127145,51,0.5387487007893563,64,0.5109247404604305,12,0.4482822002127145,12,0.35509006053520087,11,150
45,0.7146733860429609,10,-0.7071,3,56,4,897.6,10,328.0,0.6475912839531203,130,0.725414070808713,152,0.7107198162038523,132,0.6475912839531203,112,0.5403305730161173,68,594
45,0.7146733860429609,11,-0.866,7,46,4,897.6,10,489.0,0.8005265034036646,188,0.8686474308448298,209,0.8640279512264116,215,0.8005265034036646,200,0.6824705992635426,175,987
45,0.7146733860429609,12,-0.9659,8,53,11,897.6,10,597.0,0.8966655936875805,229,0.9586876786005465,247,0.9604014663250865,257,0.8966655936875805,237,0.7718235478865302,210,1180
45,0.7146733860429609,13,-1.0,10,43,13,896.7,10,642.0,0.9294568457373945,247,0.9893987292426596,262,0.9932726763583354,273,0.9294568457373945,253,0.8023001734712296,225,1260
45,0.7146733860429609,14,-0.9659,12,38,13,895.8,10,635.0,0.8966655936875805,244,0.9586876786005465,258,0.9604014663250865,270,0.8966655936875805,248,0.7718235478865302,221,1241
45,0.7146733860429609,15,-0.866,14,33,17,894.9,10,577.0,0.8005265034036646,233,0.8686474308448298,249,0.8640279512264116,259,0.8005265034036646,235,0.6824705992635426,207,1183
45,0.7146733860429609,16,-0.7071,15,29,15,894.1,10,433.0,0.6475912839531203,163,0.725414070808713,172,0.7107198162038523,178,0.6475912839531203,163,0.5403305730161173,143,819
45,0.7146733860429609,17,-0.5,15,25,20,894.1,10,291.0,0.4482822002127145,153,0.5387487007893563,168,0.5109247404604305,171,0.4482822002127145,151,0.35509006053520087,126,769
45,0.7146733860429609,18,-0.2588,14,31,13,894.1,10,93.0,0.21618181394105554,75,0.3213722389585317,77,0.2782584065059389,80,0.21618181394105554,71,0.13937287512368562,55,358
45,0.7146733860429609,19,0.0,11,44,17,894.1,10,0.0,0.0,0,0.0,0,0.0,0,0.0,0,0.0,0,0
45,0.7146733860429609,20,0.2588,9,50,15,894.1,10,0.0,0.0,0,0.0,0,0.0,0,0.0,0,0.0,0,0
45,0.7146733860429609,21,0.5,9,50,19,894.1,10,0.0,0.0,0,0.0,0,0.0,0,0.0,0,0.0,0,0
45,0.7146733860429609,22,0.7071,9,50,22,894.9,10,0.0,0.0,0,0.0,0,0.0,0,0.0,0,0.0,0,0
45,0.7146733860429609,23,0.866,8,53,26,894.1,10,0.0,0.0,0,0.0,0,0.0,0,0.0,0,0.0,0,0
45,0.7146733860429609,24,0.9659,7,57,17,894.9,10,0.0,0.0,0,0.0,0,0.0,0,0.0,0,0.0,0,0
46,0.7025274741691571,1,1.0,3,65,4,894.9,10,0.0,0.0,0,0.0,0,0.0,0,0.0,0,0.0,0,0
46,0.7025274741691571,2,0.9659,2,70,6,894.9,10,0.0,0.0,0,0.0,0,0.0,0,0.0,0,0.0,0,0
46,0.7025274741691571,3,0.866,0,75,4,894.9,10,0.0,0.0,0,0.0,0,0.0,0,0.0,0,0.0,0,0
46,0.7025274741691571,4,0.7071,2,75,4,894.1,7,0.0,0.0,0,0.0,0,0.0,0,0.0,0,0.0,0,0
46,0.7025274741691571,5,0.5,2,75,7,894.1,7,0.0,0.0,0,0.0,0,0.0,0,0.0,0,0.0,0,0
46,0.7025274741691571,6,0.2588,-1,80,4,893.2,7,0.0,0.0,0,0.0,0,0.0,0,0.0,0,0.0,0,0
46,0.7025274741691571,7,0.0,-2,86,7,893.2,7,0.0,0.0,0,0.0,0,0.0,0,0.0,0,0.0,0,0
46,0.7025274741691571,8,-0.2588,-1,86,15,893.2,7,0.0,0.0,0,0.0,0,0.0,0,0.0,0,0.0,0,0
46,0.7025274741691571,9,-0.5,3,75,11,893.2,7,122.0,0.4497308284448102,49,0.5372717182263901,57,0.5109100631248237,19,0.4497308284448102,20,0.35790327294159463,18,163
46,0.7025274741691571,10,-0.7071,3,70,24,893.2,7,253.0,0.6493152413117974,98,0.7241949515303612,103,0.7109811395789266,99,0.6493152413117974,96,0.5433996797444564,84,480
46,0.7025274741691571,11,-0.866,4,65,24,893.2,5,206.0,0.8024617282027526,65,0.8676261769650698,58,0.8645010573470049,64,0.8024617282027526,66,0.6857360606056152,65,318
46,0.7025274741691571,12,-0.9659,5,61,22,893.2,5,303.0,0.8987336267403985,94,0.957790808087752,84,0.9610077046266187,94,0.8987336267403985,97,0.7752124428961155,96,465
46,0.7025274741691571,13,-1.0,5,61,26,892.3,5,263.0,0.9315701772104581,79,0.9885442835763736,68,0.9939243235645304,77,0.9315701772104581,81,0.8057311694056238,82,387
46,0.7025274741691571,14,-0.9659,3,70,22,891.4,5,137.0,0.8987336267403985,39,0.957790808087752,29,0.9610077046266187,34,0.8987336267403985,39,0.7752124428961155,43,184
46,0.7025274741691571,15,-0.866,2,70,26,891.4,5,115.0,0.8024617282027526,31,0.8676261769650698,23,0.8645010573470049,28,0.8024617282027526,32,0.6857360606056152,35,149
46,0.7025274741691571,16,-0.7071,2,70,33,891.4,4,198.0,0.6493152413117974,79,0.7241949515303612,75,0.7109811395789266,80,0.6493152413117974,79,0.5433996797444564,75,388
46,0.7025274741691571,17,-0.5,1,70,28,891.4,5,68.0,0.4497308284448102,19,0.5372717182263901,14,0.5109100631248237,17,0.4497308284448102,20,0.35790327294159463,22,92
46,0.7025274741691571,18,-0.2588,-1,80,33,891.4,4,25.0,0.2173098145493184,10,0.3195949681032787,10,0.2779223194220741,10,0.2173098145493184,10,0.14188809227387297,10,50
46,0.7025274741691571,19,0.0,-1,80,33,891.4,4,0.0,0.0,0,0.0,0,0.0,0,0.0,0,0.0,0,0
46,0.7025274741691571,20,0.2588,-2,80,37,892.3,4,0.0,0.0,0,0.0,0,0.0,0,0.0,0,0.0,0,0
46,0.7025274741691571,21,0.5,-2,80,35,892.3,4,0.0,0.0,0,0.0,0,0.0,0,0.0,0,0.0,0,0
46,0.7025274741691571,22,0.7071,-3,86,37,892.3,2,0.0,0.0,0,0.0,0,0.0,0,0.0,0,0.0,0,0
46,0.7025274741691571,23,0.866,-3,86,30,892.3,3,0.0,0.0,0,0.0,0,0.0,0,0.0,0,0.0,0,0
46,0.7025274741691571,24,0.9659,-3,86,31,891.4,3,0.0,0.0,0,0.0,0,0.0,0,0.0,0,0.0,0,0
47,0.6901733882429719,1,1.0,-4,86,30,891.4,3,0.0,0.0,0,0.0,0,0.0,0,0.0,0,0.0,0,0
47,0.6901733882429719,2,0.9659,-4,86,26,891.4,3,0.0,0.0,0,0.0,0,0.0,0,0.0,0,0.0,0,0
47,0.6901733882429719,3,0.866,-4,80,28,891.4,3,0.0,0.0,0,0.0,0,0.0,0,0.0,0,0.0,0,0
47,0.6901733882429719,4,0.7071,-5,86,30,890.5,3,0.0,0.0,0,0.0,0,0.0,0,0.0,0,0.0,0,0
47,0.6901733882429719,5,0.5,-5,80,31,889.6,3,0.0,0.0,0,0.0,0,0.0,0,0.0,0,0.0,0,0
47,0.6901733882429719,6,0.2588,-5,80,31,890.5,3,0.0,0.0,0,0.0,0,0.0,0,0.0,0,0.0,0,0
47,0.6901733882429719,7,0.0,-5,80,30,890.5,3,0.0,0.0,0,0.0,0,0.0,0,0.0,0,0.0,0,0
47,0.6901733882429719,8,-0.2588,-5,74,37,890.5,4,0.0,0.0,0,0.0,0,0.0,0,0.0,0,0.0,0,0
47,0.6901733882429719,9,-0.5,-5,74,31,890.5,5,48.0,0.451181468363696,14,0.5357589340981185,11,0.5108778948624016,12,0.451181468363696,16,0.3607378625540028,17,70
47,0.6901733882429719,10,-0.7071,-5,74,28,891.4,5,120.0,0.6510377252703192,36,0.722936766691849,29,0.7112214784454413,32,0.6510377252703192,36,0.5464869245898812,38,171
47,0.6901733882429719,11,-0.866,-5,74,31,890.5,3,218.0,0.8043928054010843,65,0.8665633529737585,54,0.8649504982398007,60,0.8043928054010843,66,0.6890171746253019,69,314
47,0.6901733882429719,12,-0.9659,-4,69,33,891.4,4,289.0,0.9007958311199373,86,0.9568507930365789,73,0.9615885925299213,81,0.9007958311199373,87,0.7786154281710748,91,418
47,0.6901733882429719,13,-1.0,-4,74,35,890.5,2,360.0,0.9336771066277518,106,0.9876461563640394,89,0.994550045592266,98,0.9336771066277518,106,0.8091757226957259,111,510
47,0.6901733882429719,14,-0.9659,-4,74,31,890.5,3,296.0,0.9007958311199373,81,0.9568507930365789,65,0.9615885925299213,73,0.9007958311199373,82,0.7786154281710748,87,388
47,0.6901733882429719,15,-0.866,-4,80,31,890.5,3,245.0,0.8043928054010843,74,0.8665633529737585,59,0.8649504982398007,67,0.8043928054010843,74,0.6890171746253019,79,353
47,0.6901733882429719,16,-0.7071,-4,80,28,890.5,3,182.0,0.6510377252703192,53,0.722936766691849,43,0.7112214784454413,49,0.6510377252703192,54,0.5464869245898812,57,256
47,0.6901733882429719,17,-0.5,-4,86,24,889.6,3,80.0,0.451181468363696,23,0.5357589340981185,18,0.5108778948624016,21,0.451181468363696,24,0.3607378625540028,26,112
47,0.6901733882429719,18,-0.2588,-5,86,26,889.6,2,22.0,0.21844388531565584,10,0.31778569668498613,10,0.27757280977418386,10,0.21844388531565584,10,0.14442845863113044,10,50
47,0.6901733882429719,19,0.0,-5,86,28,890.5,2,0.0,0.0,0,0.0,0,0.0,0,0.0,0,0.0,0,0
47,0.6901733882429719,20,0.2588,-6,93,26,890.5,3,0.0,0.0,0,0.0,0,0.0,0,0.0,0,0.0,0,0
47,0.6901733882429719,21,0.5,-6,93,28,890.5,3,0.0,0.0,0,0.0,0,0.0,0,0.0,0,0.0,0,0
47,0.6901733882429719,22,0.7071,-6,93,30,890.5,3,0.0,0.0,0,0.0,0,0.0,0,0.0,0,0.0,0,0
47,0.6901733882429719,23,0.866,-6,86,30,890.5,3,0.0,0.0,0,0.0,0,0.0,0,0.0,0,0.0,0,0
47,0.6901733882429719,24,0.9659,-6,86,31,890.5,3,0.0,0.0,0,0.0,0,0.0,0,0.0,0,0.0,0,0
48,0.6776147890466889,1,1.0,-7,86,35,889.6,2,0.0,0.0,0,0.0,0,0.0,0,0.0,0,0.0,0,0
48,0.6776147890466889,2,0.9659,-7,86,37,889.6,2,0.0,0.0,0,0.0,0,0.0,0,0.0,0,0.0,0,0
48,0.6776147890466889,3,0.866,-7,86,33,889.6,1,0.0,0.0,0,0.0,0,0.0,0,0.0,0,0.0,0,0
48,0.6776147890466889,4,0.7071,-7,86,33,889.6,1,0.0,0.0,0,0.0,0,0.0,0,0.0,0,0.0,0,0
48,0.6776147890466889,5,0.5,-7,86,35,889.6,1,0.0,0.0,0,0.0,0,0.0,0,0.0,0,0.0,0,0
48,0.6776147890466889,6,0.2588,-7,86,35,889.6,2,0.0,0.0,0,0.0,0,0.0,0,0.0,0,0.0,0,0
48,0.6776147890466889,7,0.0,-8,86,43,889.6,1,0.0,0.0,0,0.0,0,0.0,0,0.0,0,0.0,0,0
48,0.6776147890466889,8,-0.2588,-8,86,39,889.6,2,0.0,0.0,0,0.0,0,0.0,0,0.0,0,0.0,0,0
48,0.6776147890466889,9,-0.5,-8,86,35,890.5,2,45.0,0.45263310523719613,13,0.5342102105274146,16,0.5108276390387777,10,0.45263310523719613,15,0.3635924656945692,16,70
48,0.6776147890466889,10,-0.7071,-8,86,37,891.4,2,199.0,0.6527573938824199,63,0.7216390719595576,62,0.711439908156973,38,0.6527573938824199,65,0.5495906397574978,67,295
48,0.6776147890466889,11,-0.866,-7,80,41,891.4,2,344.0,0.806318141972237,115,0.8654582793849878,149,0.8653750975659391,78,0.806318141972237,115,0.6923120401705298,116,573
48,0.6776147890466889,12,-0.9659,-7,80,37,892.3,2,490.0,0.9028504559642072,180,0.9558668061382288,220,0.962142795475674,169,0.9028504559642072,181,0.7820304558648944,173,923
48,0.6776147890466889,13,-1.0,-6,74,43,892.3,2,660.0,0.9357758292925161,246,0.9867034698772256,251,0.9951484539161711,280,0.9357758292925161,255,0.8126317354602821,234,1266
48,0.6776147890466889,14,-0.9659,-6,80,41,892.3,2,729.0,0.9028504559642072,244,0.9558668061382288,219,0.962142795475674,281,0.9028504559642072,251,0.7820304558648944,234,1229
48,0.6776147890466889,15,-0.866,-5,74,33,893.2,2,461.0,0.806318141972237,189,0.8654582793849878,183,0.8653750975659391,218,0.806318141972237,197,0.6923120401705298,177,964
48,0.6776147890466889,16,-0.7071,-5,80,22,893.2,3,350.0,0.6527573938824199,110,0.7216390719595576,52,0.711439908156973,111,0.6527573938824199,112,0.5495906397574978,111,496
48,0.6776147890466889,17,-0.5,-5,68,24,894.1,3,192.0,0.45263310523719635,60,0.5342102105274146,85,0.5108276390387777,59,0.45263310523719635,62,0.36359246569456943,63,329
48,0.6776147890466889,18,-0.2588,-5,63,24,894.1,5,114.0,0.21958339255687312,73,0.3159446437027717,31,0.277209662906101,93,0.21958339255687312,81,0.14699296466946238,62,340
48,0.6776147890466889,19,0.0,-6,68,20,894.9,5,0.0,0.0,0,0.0,0,0.0,0,0.0,0,0.0,0,0
48,0.6776147890466889,20,0.2588,-7,68,22,895.8,7,0.0,0.0,0,0.0,0,0.0,0,0.0,0,0.0,0,0
48,0.6776147890466889,21,0.5,-8,73,11,895.8,7,0.0,0.0,0,0.0,0,0.0,0,0.0,0,0.0,0,0
48,0.6776147890466889,22,0.7071,-8,73,20,896.7,7,0.0,0.0,0,0.0,0,0.0,0,0.0,0,0.0,0,0
48,0.6776147890466889,23,0.866,-8,73,11,896.7,7,0.0,0.0,0,0.0,0,0.0,0,0.0,0,0.0,0,0
48,0.6776147890466889,24,0.9659,-8,68,17,896.7,7,0.0,0.0,0,0.0,0,0.0,0,0.0,0,0.0,0,0
49,0.6648553979642865,1,1.0,-8,73,15,896.7,7,0.0,0.0,0,0.0,0,0.0,0,0.0,0,0.0,0,0
49,0.6648553979642865,2,0.9659,-10,73,9,896.7,7,0.0,0.0,0,0.0,0,0.0,0,0.0,0,0.0,0,0
49,0.6648553979642865,3,0.866,-13,85,7,896.7,10,0.0,0.0,0,0.0,0,0.0,0,0.0,0,0.0,0,0
49,0.6648553979642865,4,0.7071,-12,85,2,896.7,10,0.0,0.0,0,0.0,0,0.0,0,0.0,0,0.0,0,0
49,0.6648553979642865,5,0.5,-13,92,2,896.7,10,0.0,0.0,0,0.0,0,0.0,0,0.0,0,0.0,0,0
49,0.6648553979642865,6,0.2588,-13,85,4,896.7,10,0.0,0.0,0,0.0,0,0.0,0,0.0,0,0.0,0,0
49,0.6648553979642865,7,0.0,-13,92,6,897.6,10,0.0,0.0,0,0.0,0,0.0,0,0.0,0,0.0,0,0
49,0.6648553979642865,8,-0.2588,-14,85,4,897.6,10,0.0,0.0,0,0.0,0,0.0,0,0.0,0,0.0,0,0
49,0.6648553979642865,9,-0.5,-11,85,2,898.5,10,138.0,0.45408472890558854,86,0.5326254337453707,74,0.5107587138657717,15,0.45408472890558854,15,0.36646571267253275,13,203
49,0.6648553979642865,10,-0.7071,-7,63,4,898.5,10,354.0,0.6544729139400796,160,0.7203014510096075,154,0.7116355230892542,71,0.6544729139400796,51,0.5527091553112529,34,470
49,0.6648553979642865,11,-0.866,-7,68,7,899.4,10,521.0,0.8082361568245574,215,0.864310307716329,217,0.865773701213032,212,0.8082361568245574,201,0.6956187569189617,178,1023
49,0.6648553979642865,12,-0.9659,-6,74,9,898.5,7,627.0,0.9048957643554064,246,0.9548380529693257,254,0.9626690031453443,258,0.9048957643554064,242,0.7854554808283762,220,1220
49,0.6648553979642865,13,-1.0,-5,74,17,898.5,7,648.0,0.9378645551375541,248,0.9857153799148198,260,0.9957181849387101,272,0.9378645551375541,253,0.8160971131523512,227,1260
49,0.6648553979642865,14,-0.9659,-4,69,17,898.5,7,658.0,0.9048957643554064,249,0.9548380529693257,267,0.9626690031453443,289,0.9048957643554064,265,0.7854554808283762,237,1307
49,0.6648553979642865,15,-0.866,-3,64,13,898.5,7,598.0,0.8082361568245574,231,0.864310307716329,256,0.865773701213032,282,0.8082361568245574,256,0.6956187569189617,223,1248
49,0.6648553979642865,16,-0.7071,-3,59,11,898.5,7,463.0,0.6544729139400796,207,0.7203014510096075,241,0.7116355230892542,245,0.6544729139400796,220,0.5527091553112529,188,1101
49,0.6648553979642865,17,-0.5,-3,64,11,898.5,7,286.0,0.45408472890558854,111,0.5326254337453707,138,0.5107587138657717,181,0.45408472890558854,157,0.36646571267253275,128,715
49,0.6648553979642865,18,-0.2588,-4,64,11,898.5,5,63.0,0.22072770231106076,17,0.31407204772055786,18,0.2768326741448724,30,0.22072770231106076,29,0.14958059034122606,25,119
49,0.6648553979642865,19,0.0,-5,74,9,898.5,5,0.0,0.0,0,0.0,0,0.0,0,0.0,0,0.0,0,0
49,0.6648553979642865,20,0.2588,-6,80,9,899.4,5,0.0,0.0,0,0.0,0,0.0,0,0.0,0,0.0,0,0
49,0.6648553979642865,21,0.5,-6,74,11,899.4,5,0.0,0.0,0,0.0,0,0.0,0,0.0,0,0.0,0,0
49,0.6648553979642865,22,0.7071,-6,74,7,900.2,5,0.0,0.0,0,0.0,0,0.0,0,0.0,0,0.0,0,0
49,0.6648553979642865,23,0.866,-6,74,6,900.2,5,0.0,0.0,0,0.0,0,0.0,0,0.0,0,0.0,0,0
49,0.6648553979642865,24,0.9659,-6,68,7,900.2,5,0.0,0.0,0,0.0,0,0.0,0,0.0,0,0.0,0,0
50,0.6518989958787126,1,1.0,-6,74,4,901.1,5,0.0,0.0,0,0.0,0,0.0,0,0.0,0,0.0,0,0
50,0.6518989958787126,2,0.9659,-6,80,4,901.1,3,0.0,0.0,0,0.0,0,0.0,0,0.0,0,0.0,0,0
50,0.6518989958787126,3,0.866,-7,86,6,901.1,3,0.0,0.0,0,0.0,0,0.0,0,0.0,0,0.0,0,0
50,0.6518989958787126,4,0.7071,-6,86,4,901.1,5,0.0,0.0,0,0.0,0,0.0,0,0.0,0,0.0,0,0
50,0.6518989958787126,5,0.5,-6,86,4,901.1,3,0.0,0.0,0,0.0,0,0.0,0,0.0,0,0.0,0,0
50,0.6518989958787126,6,0.2588,-6,86,6,901.1,5,0.0,0.0,0,0.0,0,0.0,0,0.0,0,0.0,0,0
50,0.6518989958787126,7,0.0,-6,86,4,901.1,5,0.0,0.0,0,0.0,0,0.0,0,0.0,0,0.0,0,0
50,0.6518989958787126,8,-0.2588,-6,86,2,902.0,3,0.0,0.0,0,0.0,0,0.0,0,0.0,0,0.0,0,0
50,0.6518989958787126,9,-0.5,-6,93,4,902.9,3,36.0,0.45553533481144487,10,0.5310045148962101,10,0.5106705533511495,10,0.45553533481144487,10,0.36935622882399183,10,50
50,0.6518989958787126,10,-0.7071,-5,86,6,903.8,3,119.0,0.6561829624116496,18,0.7189235167151534,24,0.7118074379991898,21,0.6561829624116496,19,0.5558408005931627,17,99
50,0.6518989958787126,11,-0.866,-3,80,4,903.8,5,465.0,0.8101452825525769,150,0.8631188219695421,157,0.8661451789682325,164,0.8101452825525769,152,0.6989354270883968,137,760
50,0.6518989958787126,12,-0.9659,0,69,15,903.8,5,512.0,0.9069300352682756,143,0.9537637736570729,134,0.9631659313316803,156,0.9069300352682756,144,0.7888884625030793,139,716
50,0.6518989958787126,13,-1.0,0,69,19,903.8,3,251.0,0.9399415107407596,78,0.9846810775310971,71,0.99625790192801,77,0.9399415107407596,79,0.819569766515178,80,385
50,0.6518989958787126,14,-0.9659,0,64,20,903.8,3,355.0,0.9069300352682756,119,0.9537637736570729,110,0.9631659313316803,123,0.9069300352682756,121,0.7888884625030793,119,592
50,0.6518989958787126,15,-0.866,1,52,19,903.8,5,660.0,0.8101452825525769,216,0.8631188219695421,224,0.8661451789682325,265,0.8101452825525769,232,0.6989354270883968,211,1148
50,0.6518989958787126,16,-0.7071,0,64,24,903.8,5,271.0,0.6561829624116496,117,0.7189235167151534,127,0.7118074379991898,130,0.6561829624116496,121,0.5558408005931627,108,603
50,0.6518989958787126,17,-0.5,1,56,15,903.8,7,172.0,0.45553533481144487,53,0.5310045148962101,58,0.5106705533511495,59,0.45553533481144487,56,0.36935622882399183,51,277
50,0.6518989958787126,18,-0.2588,0,51,19,904.7,7,81.0,0.2218761808919767,46,0.31216816722668805,55,0.27644164927387804,59,0.2218761808919767,52,0.1521903056749953,40,252
50,0.6518989958787126,19,0.0,-1,60,15,904.7,7,0.0,0.0,0,0.0,0,0.0,0,0.0,0,0.0,0,0
50,0.6518989958787126,20,0.2588,-2,69,7,905.5,7,0.0,0.0,0,0.0,0,0.0,0,0.0,0,0.0,0,0
50,0.6518989958787126,21,0.5,-2,69,19,905.5,10,0.0,0.0,0,0.0,0,0.0,0,0.0,0,0.0,0,0
50,0.6518989958787126,22,0.7071,-3,69,15,905.5,10,0.0,0.0,0,0.0,0,0.0,0,0.0,0,0.0,0,0
50,0.6518989958787126,23,0.866,-4,69,15,905.5,10,0.0,0.0,0,0.0,0,0.0,0,0.0,0,0.0,0,0
50,0.6518989958787126,24,0.9659,-4,69,19,905.5,10,0.0,0.0,0,0.0,0,0.0,0,0.0,0,0.0,0,0
51,0.6387494220515272,1,1.0,-4,69,17,905.5,10,0.0,0.0,0,0.0,0,0.0,0,0.0,0,0.0,0,0
51,0.6387494220515272,2,0.9659,-6,74,7,905.5,10,0.0,0.0,0,0.0,0,0.0,0,0.0,0,0.0,0,0
51,0.6387494220515272,3,0.866,-6,74,11,904.7,10,0.0,0.0,0,0.0,0,0.0,0,0.0,0,0.0,0,0
51,0.6387494220515272,4,0.7071,-7,80,7,904.7,10,0.0,0.0,0,0.0,0,0.0,0,0.0,0,0.0,0,0
51,0.6387494220515272,5,0.5,-7,74,9,904.7,10,0.0,0.0,0,0.0,0,0.0,0,0.0,0,0.0,0,0
51,0.6387494220515272,6,0.2588,-7,74,11,904.7,10,0.0,0.0,0,0.0,0,0.0,0,0.0,0,0.0,0,0
51,0.6387494220515272,7,0.0,-8,79,7,905.5,10,0.0,0.0,0,0.0,0,0.0,0,0.0,0,0.0,0,0
51,0.6387494220515272,8,-0.2588,-9,79,6,905.5,10,0.0,0.0,0,0.0,0,0.0,0,0.0,0,0.0,0,0
51,0.6387494220515272,9,-0.5,-6,74,4,905.5,10,147.0,0.45698392502848667,59,0.5293473908112649,73,0.5105626082318363,16,0.45698392502848667,16,0.372262635566284,14,178
51,0.6387494220515272,10,-0.7071,-3,69,4,905.5,4,362.0,0.6578862278751467,143,0.7175049122991445,151,0.7119547893634984,72,0.6578862278751467,53,0.5589839056535836,37,456
51,0.6387494220515272,11,-0.866,-2,64,6,905.5,10,533.0,0.8120439671806384,203,0.8618832400739846,212,0.8664884261679681,209,0.8120439671806384,200,0.702260157155472,180,1004
51,0.6387494220515272,12,-0.9659,-1,60,6,906.4,7,659.0,0.9089515655088156,238,0.9526432445053744,246,0.9636323237840047,255,0.9089515655088156,240,0.7923273668213372,220,1199
51,0.6387494220515272,13,-1.0,-1,64,9,906.4,7,681.0,0.9420049413303758,245,0.9835997907241594,277,0.9967662969298589,271,0.9420049413303758,253,0.823047613544053,230,1276
51,0.6387494220515272,14,-0.9659,1,52,6,905.5,7,625.0,0.9089515655088156,234,0.9526432445053744,222,0.9636323237840047,256,0.9089515655088156,239,0.7923273668213372,217,1168
51,0.6387494220515272,15,-0.866,0,55,9,905.5,7,566.0,0.8120439671806384,219,0.8618832400739846,231,0.8664884261679681,246,0.8120439671806384,227,0.702260157155472,204,1127
51,0.6387494220515272,16,-0.7071,1,52,11,905.5,7,448.0,0.6578862278751467,189,0.7175049122991445,204,0.7119547893634984,219,0.6578862278751467,198,0.5589839056535836,172,982
51,0.6387494220515272,17,-0.5,0,55,7,905.5,7,271.0,0.45698392502848667,128,0.5293473908112649,131,0.5105626082318364,152,0.45698392502848667,137,0.372262635566284,115,663
51,0.6387494220515272,18,-0.2588,0,60,11,905.5,7,82.0,0.22302819544692046,45,0.31023328096680314,38,0.27603640499391996,56,0.22302819544692046,49,0.15482107139220846,39,227
51,0.6387494220515272,19,0.0,-2,69,6,905.5,7,0.0,0.0,0,0.0,0,0.0,0,0.0,0,0.0,0,0
51,0.6387494220515272,20,0.2588,-3,74,7,905.5,10,0.0,0.0,0,0.0,0,0.0,0,0.0,0,0.0,0,0
51,0.6387494220515272,21,0.5,-5,86,7,906.4,10,0.0,0.0,0,0.0,0,0.0,0,0.0,0,0.0,0,0
51,0.6387494220515272,22,0.7071,-5,80,4,906.4,10,0.0,0.0,0,0.0,0,0.0,0,0.0,0,0.0,0,0
51,0.6387494220515272,23,0.866,-5,80,2,906.4,10,0.0,0.0,0,0.0,0,0.0,0,0.0,0,0.0,0,0
51,0.6387494220515272,24,0.9659,-6,86,4,906.4,10,0.0,0.0,0,0.0,0,0.0,0,0.0,0,0.0,0,0
52,0.6254105729852463,1,1.0,-5,80,6,906.4,10,0.0,0.0,0,0.0,0,0.0,0,0.0,0,0.0,0,0
52,0.6254105729852463,2,0.9659,-7,86,4,906.4,10,0.0,0.0,0,0.0,0,0.0,0,0.0,0,0.0,0,0
52,0.6254105729852463,3,0.866,-7,86,2,907.3,10,0.0,0.0,0,0.0,0,0.0,0,0.0,0,0.0,0,0
52,0.6254105729852463,4,0.7071,-8,93,4,906.4,10,0.0,0.0,0,0.0,0,0.0,0,0.0,0,0.0,0,0
52,0.6254105729852463,5,0.5,-8,93,6,906.4,10,0.0,0.0,0,0.0,0,0.0,0,0.0,0,0.0,0,0
52,0.6254105729852463,6,0.2588,-8,93,4,906.4,10,0.0,0.0,0,0.0,0,0.0,0,0.0,0,0.0,0,0
52,0.6254105729852463,7,0.0,-9,86,4,907.3,10,0.0,0.0,0,0.0,0,0.0,0,0.0,0,0.0,0,0
52,0.6254105729852463,8,-0.2588,-8,86,4,907.3,10,0.0,0.0,0,0.0,0,0.0,0,0.0,0,0.0,0,0
52,0.6254105729852463,9,-0.5,-7,93,2,907.3,10,138.0,0.458429509288036,49,0.6494051576685459,44,0.6098437327543296,60,0.5287225637964914,42,0.41156991700770723,21,216
52,0.6254105729852463,10,-0.7071,-3,80,2,907.3,10,362.0,0.6595814119446893,141,0.8127083726877701,187,0.7910017955427937,187,0.7153898586750006,172,0.5910253827810928,134,821
52,0.6254105729852463,11,-0.866,-1,64,4,907.3,10,529.0,0.813930675896257,200,0.9254530875255101,240,0.9197522275656571,245,0.8513718839434217,225,0.7249720564896714,196,1106
52,0.6254105729852463,12,-0.9659,0,51,6,908.2,10,653.0,0.9109586716405796,241,0.9799559479360717,268,0.9873209139800265,280,0.9274017049541879,258,0.8042817090956464,230,1277
52,0.6254105729852463,13,-1.0,1,41,6,907.3,10,710.0,0.9440531127770928,250,0.9725026814796477,265,0.9891031693973762,294,0.9382980247810694,271,0.8235495284827894,245,1325
52,0.6254105729852463,14,-0.9659,1,41,7,907.3,10,702.0,0.9109586716405796,252,0.9036012101853399,263,0.9249775321912211,289,0.8833182756149871,267,0.7814624453340058,241,1312
52,0.6254105729852463,15,-0.866,2,38,9,906.4,10,630.0,0.813930675896257,251,0.777947053201848,254,0.7993140554705347,268,0.7662092330498058,249,0.6808886214520286,225,1247
52,0.6254105729852463,16,-0.7071,2,38,11,906.4,10,502.0,0.6595814119446893,226,0.6041033189216268,218,0.6206764821301165,229,0.5949516703444868,212,0.5286819846377983,189,1074
52,0.6254105729852463,17,-0.5,2,41,9,906.4,10,327.0,0.458429509288036,170,0.3939171528441965,155,0.4012386478053445,161,0.3812164876620656,148,0.33521514814555803,130,764
52,0.6254105729852463,18,-0.2588,1,41,11,906.4,10,102.0,0.2241831145173945,92,0.16171237422308163,74,0.1559548542274919,75,0.13956935986692412,68,0.11367253495655887,56,365
52,0.6254105729852463,19,0.0,-1,55,7,907.3,10,0.0,0.0,0,0.0,0,0.0,0,0.0,0,0.0,0,0
52,0.6254105729852463,20,0.2588,-4,74,4,908.2,10,0.0,0.0,0,0.0,0,0.0,0,0.0,0,0.0,0,0
52,0.6254105729852463,21,0.5,-4,74,0,908.2,10,0.0,0.0,0,0.0,0,0.0,0,0.0,0,0.0,0,0
52,0.6254105729852463,22,0.7071,-4,74,6,908.2,10,0.0,0.0,0,0.0,0,0.0,0,0.0,0,0.0,0,0
52,0.6254105729852463,23,0.866,-4,69,2,908.2,10,0.0,0.0,0,0.0,0,0.0,0,0.0,0,0.0,0,0
52,0.6254105729852463,24,0.9659,-6,74,4,908.2,10,0.0,0.0,0,0.0,0,0.0,0,0.0,0,0.0,0,0
53,0.6118864012687243,1,1.0,-7,74,2,909.1,10,0.0,0.0,0,0.0,0,0.0,0,0.0,0,0.0,0,0
53,0.6118864012687243,2,0.9659,-7,80,4,909.1,10,0.0,0.0,0,0.0,0,0.0,0,0.0,0,0.0,0,0
53,0.6118864012687243,3,0.866,-9,79,9,908.2,10,0.0,0.0,0,0.0,0,0.0,0,0.0,0,0.0,0,0
53,0.6118864012687243,4,0.7071,-9,93,7,908.2,10,0.0,0.0,0,0.0,0,0.0,0,0.0,0,0.0,0,0
53,0.6118864012687243,5,0.5,-9,79,4,908.2,10,0.0,0.0,0,0.0,0,0.0,0,0.0,0,0.0,0,0
53,0.6118864012687243,6,0.2588,-8,73,6,908.2,10,0.0,0.0,0,0.0,0,0.0,0,0.0,0,0.0,0,0
53,0.6118864012687243,7,0.0,-9,79,4,909.1,10,0.0,0.0,0,0.0,0,0.0,0,0.0,0,0.0,0,0
53,0.6118864012687243,8,-0.2588,-8,79,4,909.1,10,0.0,0.0,0,0.0,0,0.0,0,0.0,0,0.0,0,0
53,0.6118864012687243,9,-0.5,-5,74,0,909.1,10,85.0,0.4598711060016233,34,0.6478890186062192,92,0.6098689465262802,47,0.5302874122632919,39,0.41456775861657347,17,229
53,0.6118864012687243,10,-0.7071,-3,74,4,909.1,10,370.0,0.6612672306880277,140,0.8113905032544663,190,0.7912469566745255,187,0.717181343151893,170,0.5942411041663542,133,820
53,0.6118864012687243,11,-0.866,0,51,2,909.1,10,539.0,0.815803892770682,200,0.9242721036355337,247,0.9201537069679951,245,0.8533284665636411,225,0.7283504047127837,196,1113
53,0.6118864012687243,12,-0.9659,2,48,6,909.1,10,654.0,0.9129496918957356,237,0.978841137019819,266,0.9878044297650089,275,0.9294505967035283,253,0.807756348466337,226,1257
53,0.6118864012687243,13,-1.0,3,41,9,909.1,10,711.0,0.9460843135700868,251,0.9713788197092341,265,0.989588847663434,291,0.9403601449605965,269,0.8270475607211059,244,1320
53,0.6118864012687243,14,-0.9659,4,36,7,908.2,10,702.0,0.9129496918957356,253,0.9023936955087971,267,0.9253853557319244,286,0.8853136449053903,266,0.784909379462519,242,1314
53,0.6118864012687243,15,-0.866,5,31,6,908.2,10,627.0,0.815803892770682,231,0.7765869793735657,221,0.7995693086704428,246,0.768062418213436,227,0.6842134472570918,205,1130
53,0.6118864012687243,16,-0.7071,5,31,7,908.2,10,506.0,0.6612672306880277,219,0.6025321780029124,198,0.6207148481444857,222,0.5965969287215661,206,0.5318220138936718,184,1029
53,0.6118864012687243,17,-0.5,5,33,7,908.2,10,330.0,0.4598711060016233,169,0.39209082070136175,134,0.4010105902429744,159,0.3826022464365546,146,0.3381202862089174,130,738
53,0.6118864012687243,18,-0.2588,4,36,11,908.2,10,105.0,0.22534030860181192,94,0.15960411748701206,53,0.1554289929533931,76,0.14066173066209348,69,0.11630869464114567,56,348
53,0.6118864012687243,19,0.0,1,52,11,908.2,10,0.0,0.0,0,0.0,0,0.0,0,0.0,0,0.0,0,0
53,0.6118864012687243,20,0.2588,2,48,6,909.1,10,0.0,0.0,0,0.0,0,0.0,0,0.0,0,0.0,0,0
53,0.6118864012687243,21,0.5,-2,64,4,909.1,10,0.0,0.0,0,0.0,0,0.0,0,0.0,0,0.0,0,0
53,0.6118864012687243,22,0.7071,-2,64,6,909.1,10,0.0,0.0,0,0.0,0,0.0,0,0.0,0,0.0,0,0
53,0.6118864012687243,23,0.866,-4,74,6,909.1,10,0.0,0.0,0,0.0,0,0.0,0,0.0,0,0.0,0,0
53,0.6118864012687243,24,0.9659,-4,74,6,909.1,10,0.0,0.0,0,0.0,0,0.0,0,0.0,0,0.0,0,0
54,0.5981809144059164,1,1.0,-4,74,2,909.1,10,0.0,0.0,0,0.0,0,0.0,0,0.0,0,0.0,0,0
54,0.5981809144059164,2,0.9659,-6,74,13,909.1,10,0.0,0.0,0,0.0,0,0.0,0,0.0,0,0.0,0,0
54,0.5981809144059164,3,0.866,-5,74,9,909.1,10,0.0,0.0,0,0.0,0,0.0,0,0.0,0,0.0,0,0
54,0.5981809144059164,4,0.7071,-6,74,9,909.1,10,0.0,0.0,0,0.0,0,0.0,0,0.0,0,0.0,0,0
54,0.5981809144059164,5,0.5,-6,80,2,909.1,10,0.0,0.0,0,0.0,0,0.0,0,0.0,0,0.0,0,0
54,0.5981809144059164,6,0.2588,-7,80,4,909.1,10,0.0,0.0,0,0.0,0,0.0,0,0.0,0,0.0,0,0
54,0.5981809144059164,7,0.0,-6,80,0,909.1,10,0.0,0.0,0,0.0,0,0.0,0,0.0,0,0.0,0,0
54,0.5981809144059164,8,-0.2588,-6,80,2,909.1,10,0.0,0.0,0,0.0,0,0.0,0,0.0,0,0.0,0,0
54,0.5981809144059164,9,-0.5,-2,74,6,910.0,10,162.0,0.4613077432782828,52,0.6463338033027836,42,0.609870516139367,61,0.5318456599609237,41,0.41757649267585495,15,211
54,0.5981809144059164,10,-0.7071,1,56,6,910.0,10,374.0,0.6629424160330935,138,0.810028951234076,185,0.7914633636616074,185,0.7189609614707627,168,0.5974626560376494,131,807
54,0.5981809144059164,11,-0.866,3,48,6,910.0,10,537.0,0.8176621224641302,197,0.9230442569321675,234,0.9205228005194723,240,0.8552693473341947,221,0.7317308051407732,192,1084
54,0.5981809144059164,12,-0.9659,5,39,9,910.0,10,647.0,0.914922988068058,235,0.9776779259105024,261,0.9882536537667691,272,0.9314816420040483,250,0.81123080292667,225,1243
54,0.5981809144059164,13,-1.0,6,36,13,909.1,10,701.0,0.9480968567740508,251,0.9702067696802625,265,0.990040185259869,286,0.9424041123153298,267,0.8305448650623392,240,1309
54,0.5981809144059164,14,-0.9659,8,29,11,908.2,10,695.0,0.914922988068058,255,0.9011399344017773,260,0.9257606460298647,281,0.8872924112233285,263,0.7883567723516539,238,1297
54,0.5981809144059164,15,-0.866,9,32,15,908.2,10,626.0,0.8176621224641302,248,0.7751842034818603,246,0.7997955732590215,260,0.7699023037394869,244,0.6875415687440214,221,1219
54,0.5981809144059164,16,-0.7071,10,30,17,908.2,10,498.0,0.6629424160330935,219,0.6009232386864964,208,0.6207292644370181,220,0.5982337181821326,205,0.5349696321779723,184,1036
54,0.5981809144059164,17,-0.5,10,30,19,908.2,10,327.0,0.4613077432782824,166,0.39023261894874894,147,0.4007647727150441,154,0.38398556519714494,144,0.3410384704891879,126,737
54,0.5981809144059164,18,-0.2588,9,32,11,908.2,10,108.0,0.22649915071949733,90,0.15747054101433408,69,0.15489229051605113,72,0.14175847766924166,65,0.11896414967624057,55,351
54,0.5981809144059164,19,0.0,6,42,7,908.2,10,0.0,0.0,0,0.0,0,0.0,0,0.0,0,0.0,0,0
54,0.5981809144059164,20,0.2588,5,45,7,908.2,10,0.0,0.0,0,0.0,0,0.0,0,0.0,0,0.0,0,0
54,0.5981809144059164,21,0.5,3,56,4,909.1,10,0.0,0.0,0,0.0,0,0.0,0,0.0,0,0.0,0,0
54,0.5981809144059164,22,0.7071,1,60,0,909.1,10,0.0,0.0,0,0.0,0,0.0,0,0.0,0,0.0,0,0
54,0.5981809144059164,23,0.866,0,64,2,909.1,10,0.0,0.0,0,0.0,0,0.0,0,0.0,0,0.0,0,0
54,0.5981809144059164,24,0.9659,1,65,4,909.1,10,0.0,0.0,0,0.0,0,0.0,0,0.0,0,0.0,0,0
55,0.5842981736283684,1,1.0,-1,75,4,908.2,10,0.0,0.0,0,0.0,0,0.0,0,0.0,0,0.0,0,0
55,0.5842981736283684,2,0.9659,0,69,4,908.2,10,0.0,0.0,0,0.0,0,0.0,0,0.0,0,0.0,0,0
55,0.5842981736283684,3,0.866,-2,80,7,908.2,10,0.0,0.0,0,0.0,0,0.0,0,0.0,0,0.0,0,0
55,0.5842981736283684,4,0.7071,-3,86,11,907.3,10,0.0,0.0,0,0.0,0,0.0,0,0.0,0,0.0,0,0
55,0.5842981736283684,5,0.5,-3,86,2,907.3,10,0.0,0.0,0,0.0,0,0.0,0,0.0,0,0.0,0,0
55,0.5842981736283684,6,0.2588,-2,80,4,907.3,10,0.0,0.0,0,0.0,0,0.0,0,0.0,0,0.0,0,0
55,0.5842981736283684,7,0.0,-2,80,4,907.3,10,0.0,0.0,0,0.0,0,0.0,0,0.0,0,0.0,0,0
55,0.5842981736283684,8,-0.2588,-3,86,4,907.3,10,0.0,0.0,0,0.0,0,0.0,0,0.0,0,0.0,0,0
55,0.5842981736283684,9,-0.5,2,75,4,907.3,10,162.0,0.46273845993505447,48,0.6447393607619811,79,0.6098478068192164,58,0.5333962315955582,43,0.4205946766515545,20,248
55,0.5842981736283684,10,-0.7071,5,57,4,907.3,10,370.0,0.6646057171614728,147,0.8086233304925087,191,0.7916501208829632,195,0.7207273695584933,177,0.600688337465982,140,850
55,0.5842981736283684,11,-0.866,7,49,6,907.3,10,532.0,0.8195038919131266,178,0.9217689989419212,238,0.9208584272132617,215,0.8571929863836041,198,0.7351113639770114,174,1003
55,0.5842981736283684,12,-0.9659,11,35,28,906.4,10,648.0,0.9168769473850003,236,0.9764656876567939,262,0.9886674076873785,273,0.9334931915101377,255,0.8147030644833392,227,1253
55,0.5842981736283684,13,-1.0,12,33,24,906.4,10,708.0,0.950089081964279,253,0.9689859134754738,262,0.9904559999362829,289,0.9444282608300105,270,0.8340394052623703,244,1318
55,0.5842981736283684,14,-0.9659,12,33,28,905.5,10,701.0,0.9168769473850003,255,0.8998394098549749,259,0.9261023145543795,285,0.8892529886982209,268,0.79180264886519,242,1309
55,0.5842981736283684,15,-0.866,12,35,26,905.5,10,626.0,0.8195038919131266,250,0.7737383894449391,236,0.7999919416465003,260,0.7717274723808304,245,0.6908711555912095,222,1213
55,0.5842981736283684,16,-0.7071,13,31,26,904.7,10,501.0,0.6646057171614728,215,0.5992764152055589,189,0.6207190806354311,215,0.5998608680701116,202,0.5381232283289463,181,1002
55,0.5842981736283684,17,-0.5,13,31,24,904.7,10,327.0,0.46273845993505464,162,0.38834276446347465,125,0.40050086081445996,150,0.38536558104168667,140,0.34396836839435796,124,701
55,0.5842981736283684,18,-0.2588,11,33,17,904.7,10,112.0,0.22765901697521007,85,0.15531219603044547,46,0.15434476568882927,69,0.1428590859301481,62,0.12163788646542234,54,316
55,0.5842981736283684,19,0.0,8,43,7,905.5,10,0.0,0.0,0,0.0,0,0.0,0,0.0,0,0.0,0,0
55,0.5842981736283684,20,0.2588,6,46,7,905.5,10,0.0,0.0,0,0.0,0,0.0,0,0.0,0,0.0,0,0
55,0.5842981736283684,21,0.5,5,53,9,904.7,10,0.0,0.0,0,0.0,0,0.0,0,0.0,0,0.0,0,0
55,0.5842981736283684,22,0.7071,5,49,9,904.7,10,0.0,0.0,0,0.0,0,0.0,0,0.0,0,0.0,0,0
55,0.5842981736283684,23,0.866,5,45,4,905.5,10,0.0,0.0,0,0.0,0,0.0,0,0.0,0,0.0,0,0
55,0.5842981736283684,24,0.9659,3,60,15,905.5,10,0.0,0.0,0,0.0,0,0.0,0,0.0,0,0.0,0,0
56,0.5702422926917871,1,1.0,5,57,20,905.5,10,0.0,0.0,0,0.0,0,0.0,0,0.0,0,0.0,0,0
56,0.5702422926917871,2,0.9659,3,65,19,906.4,10,0.0,0.0,0,0.0,0,0.0,0,0.0,0,0.0,0,0
56,0.5702422926917871,3,0.866,2,70,11,906.4,10,0.0,0.0,0,0.0,0,0.0,0,0.0,0,0.0,0,0
56,0.5702422926917871,4,0.7071,0,80,11,905.5,10,0.0,0.0,0,0.0,0,0.0,0,0.0,0,0.0,0,0
56,0.5702422926917871,5,0.5,1,75,17,905.5,10,0.0,0.0,0,0.0,0,0.0,0,0.0,0,0.0,0,0
56,0.5702422926917871,6,0.2588,1,75,20,906.4,10,0.0,0.0,0,0.0,0,0.0,0,0.0,0,0.0,0,0
56,0.5702422926917871,7,0.0,1,75,22,906.4,10,0.0,0.0,0,0.0,0,0.0,0,0.0,0,0.0,0,0
56,0.5702422926917871,8,-0.2588,1,70,13,907.3,7,0.0,0.0,0,0.0,0,0.0,0,0.0,0,0.0,0,0
56,0.5702422926917871,9,-0.5,3,65,15,908.2,5,115.0,0.46416230649919166,51,0.6431055729180234,56,0.6098002080611251,60,0.534938065828303,42,0.42362087069887583,35,244
56,0.5702422926917871,10,-0.7071,3,70,26,908.2,5,293.0,0.666255901886704,115,0.8071732934454845,136,0.7918063632209243,140,0.7224792437202203,113,0.6039164563867117,96,600
56,0.5702422926917871,11,-0.866,5,61,28,908.2,5,431.0,0.821327751997383,176,0.9204458236207133,193,0.9211595409763076,200,0.8590978688978521,171,0.7384902008983973,155,895
56,0.5702422926917871,12,-0.9659,5,61,24,908.2,7,609.0,0.9188099843559852,228,0.9752038396122459,246,0.9890445504877536,258,0.9354836235498724,238,0.8181711413456526,212,1182
56,0.5702422926917871,13,-1.0,7,53,26,908.2,5,599.0,0.9520593571368298,166,0.9677156817997029,162,0.9908351504968486,180,0.9464309551786307,203,0.8375291633095922,187,898
56,0.5702422926917871,14,-0.9659,6,57,19,907.3,5,506.0,0.9188099843559852,205,0.8984916465365607,200,0.926409307888385,224,0.89119381761624,183,0.7952450492842994,172,984
56,0.5702422926917871,15,-0.866,7,53,22,907.3,7,531.0,0.821327751997383,148,0.7722492385346644,138,0.8001575370325444,151,0.7735365290173101,188,0.6942003894336412,175,800
56,0.5702422926917871,16,-0.7071,8,50,33,906.4,6,276.0,0.666255901886704,109,0.5975916531648918,99,0.6206836710098724,106,0.6014772239633436,102,0.5412811979039275,97,513
56,0.5702422926917871,17,-0.5,7,49,33,907.3,6,199.0,0.46416230649919166,107,0.3864214982616581,90,0.4002185372255926,95,0.3867414399472074,88,0.3469086473942096,82,462
56,0.5702422926917871,18,-0.2588,6,57,31,907.3,7,132.0,0.2288192871233826,60,0.1531296499094719,45,0.15378644589621734,48,0.143963041050566,66,0.12432888385066279,58,277
56,0.5702422926917871,19,0.0,5,61,19,907.3,10,0.0,0.0,0,0.0,0,0.0,0,0.0,0,0.0,0,0
56,0.5702422926917871,20,0.2588,3,70,17,908.2,10,0.0,0.0,0,0.0,0,0.0,0,0.0,0,0.0,0,0
56,0.5702422926917871,21,0.5,3,70,20,908.2,10,0.0,0.0,0,0.0,0,0.0,0,0.0,0,0.0,0,0
56,0.5702422926917871,22,0.7071,2,75,19,908.2,10,0.0,0.0,0,0.0,0,0.0,0,0.0,0,0.0,0,0
56,0.5702422926917871,23,0.866,1,75,13,908.2,10,0.0,0.0,0,0.0,0,0.0,0,0.0,0,0.0,0,0
56,0.5702422926917871,24,0.9659,1,75,13,908.2,10,0.0,0.0,0,0.0,0,0.0,0,0.0,0,0.0,0,0
57,0.5560174366570446,1,1.0,1,75,17,908.2,10,0.0,0.0,0,0.0,0,0.0,0,0.0,0,0.0,0,0
57,0.5560174366570446,2,0.9659,0,80,7,908.2,10,0.0,0.0,0,0.0,0,0.0,0,0.0,0,0.0,0,0
57,0.5560174366570446,3,0.866,0,80,13,908.2,10,0.0,0.0,0,0.0,0,0.0,0,0.0,0,0.0,0,0
57,0.5560174366570446,4,0.7071,0,80,7,907.3,10,0.0,0.0,0,0.0,0,0.0,0,0.0,0,0.0,0,0
57,0.5560174366570446,5,0.5,-2,86,7,907.3,10,0.0,0.0,0,0.0,0,0.0,0,0.0,0,0.0,0,0
57,0.5560174366570446,6,0.2588,-2,86,7,907.3,10,0.0,0.0,0,0.0,0,0.0,0,0.0,0,0.0,0,0
57,0.5560174366570446,7,0.0,-2,86,9,907.3,10,0.0,0.0,0,0.0,0,0.0,0,0.0,0,0.0,0,0
57,0.5560174366570446,8,-0.2588,-2,86,7,907.3,10,0.0,0.0,0,0.0,0,0.0,0,0.0,0,0.0,0,0
57,0.5560174366570446,9,-0.5,3,65,2,907.3,10,177.0,0.46557834620056193,51,0.7491026560878143,15,0.6976395695258549,93,0.5986335991882787,123,0.4588318285507448,46,328
57,0.5560174366570446,10,-0.7071,4,70,11,907.3,10,385.0,0.6678917580152792,141,0.8855703725760714,178,0.8571626727952041,205,0.7703408605897728,200,0.6310216895908733,154,878
57,0.5560174366570446,11,-0.866,6,53,19,907.3,10,548.0,0.8231322791836396,200,0.9654000771584429,248,0.9592499965265531,255,0.8877287259317392,245,0.7557103136885037,204,1152
57,0.5560174366570446,12,-0.9659,6,53,17,907.3,10,662.0,0.9207205425940436,241,0.9831515159254325,268,0.9969444697973149,283,0.9427974196988723,268,0.8244003914140887,237,1297
57,0.5560174366570446,13,-1.0,7,49,17,906.4,10,717.0,0.9540060805908109,254,0.9376149595649607,263,0.9676772807922873,288,0.931794107755024,271,0.8324108153448613,246,1322
57,0.5560174366570446,14,-0.9659,8,46,15,905.5,10,712.0,0.9207205425940436,260,0.8318936442602567,254,0.8734429367795489,278,0.8554686463588511,258,0.7791956892446583,242,1292
57,0.5560174366570446,15,-0.866,9,40,11,905.5,10,644.0,0.8231322791836396,249,0.6731922916726091,228,0.7206633419722996,246,0.7190224807846818,227,0.6683815299257486,219,1169
57,0.5560174366570446,16,-0.7071,9,40,15,904.7,10,517.0,0.6678917580152792,218,0.47232612001374,179,0.5197501561330783,196,0.5317541760172766,176,0.5075201265506694,178,947
57,0.5560174366570446,17,-0.5,9,37,19,904.7,10,344.0,0.46557834620056193,167,0.24298380628095564,113,0.2843952584196859,127,0.30642573597720807,107,0.30757389958208403,120,634
57,0.5560174366570446,18,-0.2588,9,37,19,903.8,10,120.0,0.22997934513128013,93,0.0007946275814635569,41,0.030637670136820082,48,0.05839289550176904,33,0.08216883127633143,48,263
57,0.5560174366570446,19,0.0,5,49,13,903.8,10,0.0,0.0,0,0.0,0,0.0,0,0.0,0,0.0,0,0
57,0.5560174366570446,20,0.2588,3,56,9,904.7,10,0.0,0.0,0,0.0,0,0.0,0,0.0,0,0.0,0,0
57,0.5560174366570446,21,0.5,3,56,11,903.8,10,0.0,0.0,0,0.0,0,0.0,0,0.0,0,0.0,0,0
57,0.5560174366570446,22,0.7071,4,52,11,903.8,10,0.0,0.0,0,0.0,0,0.0,0,0.0,0,0.0,0,0
57,0.5560174366570446,23,0.866,2,65,9,903.8,10,0.0,0.0,0,0.0,0,0.0,0,0.0,0,0.0,0,0
57,0.5560174366570446,24,0.9659,2,60,9,903.8,10,0.0,0.0,0,0.0,0,0.0,0,0.0,0,0.0,0,0
58,0.5416278206559814,1,1.0,2,60,9,902.9,10,0.0,0.0,0,0.0,0,0.0,0,0.0,0,0.0,0,0
58,0.5416278206559814,2,0.9659,1,65,9,902.9,10,0.0,0.0,0,0.0,0,0.0,0,0.0,0,0.0,0,0
58,0.5416278206559814,3,0.866,1,65,11,902.9,10,0.0,0.0,0,0.0,0,0.0,0,0.0,0,0.0,0,0
58,0.5416278206559814,4,0.7071,-1,75,4,902.0,10,0.0,0.0,0,0.0,0,0.0,0,0.0,0,0.0,0,0
58,0.5416278206559814,5,0.5,-2,80,4,902.0,10,0.0,0.0,0,0.0,0,0.0,0,0.0,0,0.0,0,0
58,0.5416278206559814,6,0.2588,-3,80,2,901.1,10,0.0,0.0,0,0.0,0,0.0,0,0.0,0,0.0,0,0
58,0.5416278206559814,7,0.0,-2,80,4,901.1,10,0.0,0.0,0,0.0,0,0.0,0,0.0,0,0.0,0,0
58,0.5416278206559814,8,-0.2588,-3,80,2,902.0,10,0.0,0.0,0,0.0,0,0.0,0,0.0,0,0.0,0,0
58,0.5416278206559814,9,-0.5,1,70,2,902.0,10,182.0,0.4669856559527181,52,0.747705375425389,18,0.6977979986737708,92,0.6003369416287622,84,0.46196400464024656,47,293
58,0.5416278206559814,10,-0.7071,5,57,4,902.0,10,394.0,0.669512094688235,138,0.8843167865507484,176,0.8574890727520589,202,0.7722250030349614,182,0.6343351736271939,151,849
58,0.5416278206559814,11,-0.866,7,49,4,901.1,10,555.0,0.8249160771438885,196,0.9642305483692691,241,0.95968388993647,247,0.8897364725092987,226,0.7591550890892274,198,1108
58,0.5416278206559814,12,-0.9659,9,43,7,901.1,10,669.0,0.9226070966079405,232,0.9820006786348179,260,0.9974180538252189,271,0.9448631511300872,252,0.8279174943012477,226,1241
58,0.5416278206559814,13,-1.0,10,37,7,901.1,10,712.0,0.9559276827798174,249,0.9364161774778451,262,0.9681200503997247,276,0.9338482550603395,257,0.8359363538053949,234,1278
58,0.5416278206559814,14,-0.9659,11,38,6,900.2,10,710.0,0.9226070966079405,253,0.830583538950923,250,0.8737864791372779,265,0.8574424245261528,249,0.7826651936631311,230,1247
58,0.5416278206559814,15,-0.866,11,38,9,899.4,10,635.0,0.8249160771438885,237,0.6717150806501875,217,0.7208460141405187,234,0.7208525872891469,223,0.6717343521475064,207,1118
58,0.5416278206559814,16,-0.7071,12,33,9,899.4,10,506.0,0.669512094688235,206,0.4706374054780298,171,0.5197212755359059,187,0.5333870974418953,179,0.5107035691588788,168,911
58,0.5416278206559814,17,-0.5,12,33,9,898.5,10,334.0,0.4669856559527181,157,0.24105360396591438,107,0.2841185594014045,120,0.3078213967253728,119,0.310546808111641,113,616
58,0.5416278206559814,18,-0.2588,11,38,9,898.5,10,121.0,0.2311385797402364,85,1.326794896677558e-06,38,0.03009377538594467,45,0.05952738888042268,46,0.08490439883433444,46,260
58,0.5416278206559814,19,0.0,8,43,7,898.5,10,0.0,0.0,0,0.0,0,0.0,0,0.0,0,0.0,0,0
58,0.5416278206559814,20,0.2588,7,46,7,898.5,10,0.0,0.0,0,0.0,0,0.0,0,0.0,0,0.0,0,0
58,0.5416278206559814,21,0.5,5,53,7,899.4,10,0.0,0.0,0,0.0,0,0.0,0,0.0,0,0.0,0,0
58,0.5416278206559814,22,0.7071,4,56,7,899.4,10,0.0,0.0,0,0.0,0,0.0,0,0.0,0,0.0,0,0
58,0.5416278206559814,23,0.866,4,56,9,899.4,10,0.0,0.0,0,0.0,0,0.0,0,0.0,0,0.0,0,0
58,0.5416278206559814,24,0.9659,3,60,7,899.4,10,0.0,0.0,0,0.0,0,0.0,0,0.0,0,0.0,0,0
59,0.5270777086423722,1,1.0,2,65,6,899.4,10,0.0,0.0,0,0.0,0,0.0,0,0.0,0,0.0,0,0
59,0.5270777086423722,2,0.9659,0,69,4,899.4,10,0.0,0.0,0,0.0,0,0.0,0,0.0,0,0.0,0,0
59,0.5270777086423722,3,0.866,0,75,4,899.4,10,0.0,0.0,0,0.0,0,0.0,0,0.0,0,0.0,0,0
59,0.5270777086423722,4,0.7071,-2,86,6,898.5,10,0.0,0.0,0,0.0,0,0.0,0,0.0,0,0.0,0,0
59,0.5270777086423722,5,0.5,-2,86,6,898.5,10,0.0,0.0,0,0.0,0,0.0,0,0.0,0,0.0,0,0
59,0.5270777086423722,6,0.2588,-2,86,6,898.5,10,0.0,0.0,0,0.0,0,0.0,0,0.0,0,0.0,0,0
59,0.5270777086423722,7,0.0,-2,80,2,898.5,10,0.0,0.0,0,0.0,0,0.0,0,0.0,0,0.0,0,0
59,0.5270777086423722,8,-0.2588,-2,80,4,899.4,10,0.0,0.0,0,0.0,0,0.0,0,0.0,0,0.0,0,0
59,0.5270777086423722,9,-0.5,3,65,2,899.4,10,178.0,0.46838332732111515,51,0.7462662994772357,23,0.6979279834561294,90,0.6020271290574306,82,0.46509921156228357,49,295
59,0.5270777086423722,10,-0.7071,5,61,6,899.4,10,379.0,0.6711157437012115,136,0.8830166502507657,177,0.8577814700264301,197,0.7740900076130286,179,0.6376456888238056,148,837
59,0.5270777086423722,11,-0.866,10,43,19,899.4,10,537.0,0.8266777783454139,197,0.9630116877731225,243,0.9600802236011798,250,0.8917209910341226,232,0.7625925510807992,201,1123
59,0.5270777086423722,12,-0.9659,10,43,30,899.4,10,650.0,0.9244681535619309,239,0.9807998910180862,265,0.9978527647068083,280,0.9469037357312597,262,0.831424890386916,233,1279
59,0.5270777086423722,13,-1.0,11,44,33,899.4,9,703.0,0.9578226281295769,254,0.9351690252459505,262,0.9685249613497051,288,0.9358776351959591,271,0.8394519044227221,245,1320
59,0.5270777086423722,14,-0.9659,11,44,31,899.4,10,692.0,0.9244681535619309,260,0.8292287536425952,253,0.8740954515538417,273,0.8593940986897071,261,0.7861265663633107,238,1285
59,0.5270777086423722,15,-0.866,11,44,31,899.4,10,621.0,0.8266777783454139,247,0.6701987193114874,223,0.7209994397181511,241,0.722665344030441,231,0.6750829037875089,214,1156
59,0.5270777086423722,16,-0.7071,10,43,31,899.4,7,494.0,0.6711157437012115,211,0.46891653947115935,173,0.519670148833866,188,0.5350091941576375,183,0.5138883461359589,171,926
59,0.5270777086423722,17,-0.5,10,47,26,899.4,5,343.0,0.46838332732111515,157,0.23909924122810447,110,0.28382781482873526,122,0.30921408396238853,123,0.3135280178079278,117,629
59,0.5270777086423722,18,-0.2588,9,54,31,899.4,5,178.0,0.23229638502413846,85,1.326794896677558e-06,47,0.029544676843457164,55,0.060667551044883174,57,0.08765612143018021,57,301
59,0.5270777086423722,19,0.0,6,61,28,900.2,5,0.0,0.0,0,0.0,0,0.0,0,0.0,0,0.0,0,0
59,0.5270777086423722,20,0.2588,4,61,26,900.2,5,0.0,0.0,0,0.0,0,0.0,0,0.0,0,0.0,0,0
59,0.5270777086423722,21,0.5,3,65,26,901.1,5,0.0,0.0,0,0.0,0,0.0,0,0.0,0,0.0,0,0
59,0.5270777086423722,22,0.7071,2,65,43,901.1,4,0.0,0.0,0,0.0,0,0.0,0,0.0,0,0.0,0,0
59,0.5270777086423722,23,0.866,1,65,37,902.0,4,0.0,0.0,0,0.0,0,0.0,0,0.0,0,0.0,0,0
59,0.5270777086423722,24,0.9659,1,65,39,902.0,4,0.0,0.0,0,0.0,0,0.0,0,0.0,0,0.0,0,0
60,0.5123714121284237,1,1.0,0,60,33,902.0,4,0.0,0.0,0,0.0,0,0.0,0,0.0,0,0.0,0,0
60,0.5123714121284237,2,0.9659,0,60,28,902.9,5,0.0,0.0,0,0.0,0,0.0,0,0.0,0,0.0,0,0
60,0.5123714121284237,3,0.866,0,60,17,902.0,5,0.0,0.0,0,0.0,0,0.0,0,0.0,0,0.0,0,0
60,0.5123714121284237,4,0.7071,-1,64,28,902.0,5,0.0,0.0,0,0.0,0,0.0,0,0.0,0,0.0,0,0
60,0.5123714121284237,5,0.5,-1,64,28,902.0,5,0.0,0.0,0,0.0,0,0.0,0,0.0,0,0.0,0,0
60,0.5123714121284237,6,0.2588,-1,64,30,902.0,5,0.0,0.0,0,0.0,0,0.0,0,0.0,0,0.0,0,0
60,0.5123714121284237,7,0.0,-2,64,28,902.0,5,0.0,0.0,0,0.0,0,0.0,0,0.0,0,0.0,0,0
60,0.5123714121284237,8,-0.2588,-2,64,24,902.9,7,0.0,0.0,0,0.0,0,0.0,0,0.0,0,0.0,0,0
60,0.5123714121284237,9,-0.5,-1,64,22,902.9,7,199.0,0.4697704674769395,54,0.9743440430697989,194,0.8854628348965098,107,0.7362388993582129,117,0.5368415839956919,87,559
60,0.5123714121284237,10,-0.7071,1,52,20,902.9,10,413.0,0.6727015608008726,151,0.9917879043129282,277,0.9479502076126094,266,0.8395113799243131,230,0.673861335781449,179,1103
60,0.5123714121284237,11,-0.866,2,48,19,902.9,10,577.0,0.8284160456100907,213,0.9419679891011691,283,0.944291737581745,291,0.8822636765365975,263,0.7601109088719434,221,1271
60,0.5123714121284237,12,-0.9659,3,48,17,902.9,10,693.0,0.9263022550003092,246,0.8282794366657424,264,0.8747367430698972,290,0.8615822957334885,270,0.7897125470807339,240,1310
60,0.5123714121284237,13,-1.0,4,42,19,902.9,10,746.0,0.9596894168188619,269,0.6584699350713916,236,0.7440252854397668,268,0.778876645151044,260,0.7606489551985289,243,1276
60,0.5123714121284237,14,-0.9659,5,39,22,902.0,10,736.0,0.9263022550003092,276,0.44411166093744525,178,0.5610650859679446,226,0.6397829450222465,231,0.6749007534441882,228,1139
60,0.5123714121284237,15,-0.866,6,36,13,901.1,10,665.0,0.8284160456100907,261,0.19981279322693676,103,0.3383245923521951,162,0.4537802089191155,182,0.5383115426991519,194,902
60,0.5123714121284237,16,-0.7071,6,34,17,901.1,10,539.0,0.6727015608008726,228,1.326794896677558e-06,38,0.090983164057711,81,0.23354418658285708,115,0.3601896325074092,143,605
60,0.5123714121284237,17,-0.5,6,36,17,901.1,10,362.0,0.4697704674769395,173,1.326794896677558e-06,27,1.326794896677558e-06,27,1.326794896677558e-06,43,0.15267371698866733,77,347
60,0.5123714121284237,18,-0.2588,5,42,15,901.1,10,134.0,0.23345216094430452,97,1.326794896677558e-06,17,1.326794896677558e-06,18,1.326794896677558e-06,14,1.326794896677558e-06,20,166
60,0.5123714121284237,19,0.0,2,48,13,901.1,10,0.0,0.0,0,0.0,0,0.0,0,0.0,0,0.0,0,0
60,0.5123714121284237,20,0.2588,1,52,11,902.0,10,0.0,0.0,0,0.0,0,0.0,0,0.0,0,0.0,0,0
60,0.5123714121284237,21,0.5,0,55,13,902.0,10,0.0,0.0,0,0.0,0,0.0,0,0.0,0,0.0,0,0
60,0.5123714121284237,22,0.7071,0,64,11,902.0,10,0.0,0.0,0,0.0,0,0.0,0,0.0,0,0.0,0,0
60,0.5123714121284237,23,0.866,0,60,17,902.9,10,0.0,0.0,0,0.0,0,0.0,0,0.0,0,0.0,0,0
60,0.5123714121284237,24,0.9659,0,60,17,902.9,10,0.0,0.0,0,0.0,0,0.0,0,0.0,0,0.0,0,0
61,0.49751328890718066,1,1.0,-1,64,13,902.9,10,0.0,0.0,0,0.0,0,0.0,0,0.0,0,0.0,0,0
61,0.49751328890718066,2,0.9659,-1,64,9,902.9,10,0.0,0.0,0,0.0,0,0.0,0,0.0,0,0.0,0,0
61,0.49751328890718066,3,0.866,-2,64,15,902.9,10,0.0,0.0,0,0.0,0,0.0,0,0.0,0,0.0,0,0
61,0.49751328890718066,4,0.7071,-2,64,9,902.9,10,0.0,0.0,0,0.0,0,0.0,0,0.0,0,0.0,0,0
61,0.49751328890718066,5,0.5,-3,69,0,902.0,10,0.0,0.0,0,0.0,0,0.0,0,0.0,0,0.0,0,0
61,0.49751328890718066,6,0.2588,-3,69,9,902.9,10,0.0,0.0,0,0.0,0,0.0,0,0.0,0,0.0,0,0
61,0.49751328890718066,7,0.0,-2,64,6,902.9,10,0.0,0.0,0,0.0,0,0.0,0,0.0,0,0.0,0,0
61,0.49751328890718066,8,-0.2588,-2,69,19,902.9,10,0.0,0.0,0,0.0,0,0.0,0,0.0,0,0.0,0,0
61,0.49751328890718066,9,-0.5,0,64,20,902.9,10,197.0,0.47114620013503017,68,0.9750409842708484,199,0.8873466689928634,137,0.7391812464109222,139,0.5406419282808277,103,646
61,0.49751328890718066,10,-0.7071,2,52,19,903.8,7,428.0,0.6742684269555881,142,0.9925012752717365,266,0.9498928963159526,234,0.8425509955269491,206,0.6777907338046887,164,1012
61,0.49751328890718066,11,-0.866,3,45,15,902.9,7,574.0,0.8301295736404027,199,0.942634436438465,241,0.9462309805038445,259,0.885343558956606,235,0.7641215421293936,204,1138
61,0.49751328890718066,12,-0.9659,3,45,17,902.9,7,706.0,0.9281079785339396,234,0.828838804761149,247,0.8766104746465303,272,0.8646426991206488,252,0.7937510610117688,224,1229
61,0.49751328890718066,13,-1.0,4,42,19,902.9,7,730.0,0.9615265865207675,262,0.6588693595898012,230,0.745775899718109,258,0.7818591476734794,249,0.7646600934340096,234,1233
61,0.49751328890718066,14,-0.9659,4,42,15,902.0,5,637.0,0.9281079785339396,221,0.444309194900841,147,0.5626433815129719,188,0.6426344437674687,191,0.6788311304558372,188,935
61,0.49751328890718066,15,-0.866,6,34,11,901.1,5,669.0,0.8301295736404027,228,0.1997802306217031,109,0.3396930966652844,156,0.45645651856751585,170,0.5421132714828171,177,840
61,0.49751328890718066,16,-0.7071,6,34,13,901.1,5,429.0,0.6742684269555879,146,1.326794896677558e-06,51,0.09211870642438824,80,0.23601306411920836,94,0.3638235950258797,107,478
61,0.49751328890718066,17,-0.5,5,39,17,901.1,5,162.0,0.47114620013503017,45,1.326794896677558e-06,31,1.326794896677558e-06,41,1.326794896677558e-06,45,0.15611222823213175,46,208
61,0.49751328890718066,18,-0.2588,5,42,15,900.2,5,72.0,0.23460531389989595,19,1.326794896677558e-06,10,1.326794896677558e-06,17,1.326794896677558e-06,19,1.326794896677558e-06,21,86
61,0.49751328890718066,19,0.0,4,49,15,901.1,5,0.0,0.0,0,0.0,0,0.0,0,0.0,0,0.0,0,0
61,0.49751328890718066,20,0.2588,2,70,7,901.1,2,0.0,0.0,0,0.0,0,0.0,0,0.0,0,0.0,0,0
61,0.49751328890718066,21,0.5,0,93,7,901.1,2,0.0,0.0,0,0.0,0,0.0,0,0.0,0,0.0,0,0
61,0.49751328890718066,22,0.7071,0,93,13,901.1,3,0.0,0.0,0,0.0,0,0.0,0,0.0,0,0.0,0,0
61,0.49751328890718066,23,0.866,0,10,13,901.1,3,0.0,0.0,0,0.0,0,0.0,0,0.0,0,0.0,0,0
61,0.49751328890718066,24,0.9659,0,10,13,901.1,3,0.0,0.0,0,0.0,0,0.0,0,0.0,0,0.0,0,0
62,0.48250774176121847,1,1.0,0,10,22,900.2,3,0.0,0.0,0,0.0,0,0.0,0,0.0,0,0.0,0,0
62,0.48250774176121847,2,0.9659,0,93,20,900.2,3,0.0,0.0,0,0.0,0,0.0,0,0.0,0,0.0,0,0
62,0.48250774176121847,3,0.866,1,81,24,900.2,3,0.0,0.0,0,0.0,0,0.0,0,0.0,0,0.0,0,0
62,0.48250774176121847,4,0.7071,1,75,24,900.2,3,0.0,0.0,0,0.0,0,0.0,0,0.0,0,0.0,0,0
62,0.48250774176121847,5,0.5,1,70,28,900.2,3,0.0,0.0,0,0.0,0,0.0,0,0.0,0,0.0,0,0
62,0.48250774176121847,6,0.2588,1,70,19,900.2,3,0.0,0.0,0,0.0,0,0.0,0,0.0,0,0.0,0,0
62,0.48250774176121847,7,0.0,0,75,26,901.1,3,0.0,0.0,0,0.0,0,0.0,0,0.0,0,0.0,0,0
62,0.48250774176121847,8,-0.2588,0,69,26,901.1,3,0.0,0.0,0,0.0,0,0.0,0,0.0,0,0.0,0,0
62,0.48250774176121847,9,-0.5,1,70,22,901.1,5,51.0,0.4725096664743651,10,0.9756992273657901,11,0.8892030222940916,10,0.7421092027489776,10,0.5444419526355598,10,51
62,0.48250774176121847,10,-0.7071,1,70,22,902.0,5,116.0,0.6758152495982914,10,0.9931752796007449,25,0.9518057094393026,23,0.8455722625687683,10,0.6817145607098412,10,78
62,0.48250774176121847,11,-0.866,1,70,26,902.0,5,170.0,0.8318170905096645,39,0.9432634264591169,38,0.9481404880542554,44,0.8884034543637424,20,0.7681232988134188,10,151
62,0.48250774176121847,12,-0.9659,2,65,24,902.0,5,200.0,0.9298839394859785,53,0.8293650725736769,46,0.878457136498012,52,0.867683908094479,54,0.7977795639070631,18,223
62,0.48250774176121847,13,-1.0,3,65,17,902.0,5,218.0,0.9633327141014724,88,0.6592421975722321,49,0.7475044585279158,58,0.7848256288353999,64,0.7686623362441588,58,317
62,0.48250774176121847,14,-0.9659,7,53,22,902.0,5,395.0,0.9298839394859785,146,0.44448835154211264,102,0.5642066285806765,117,0.6454752484057295,126,0.6827558965144337,130,621
62,0.48250774176121847,15,-0.866,9,46,22,901.1,7,537.0,0.8318170905096645,213,0.19973865327854445,108,0.34105508887652897,134,0.4591292625356343,149,0.5459146240009208,158,762
62,0.48250774176121847,16,-0.7071,10,40,26,901.1,5,524.0,0.6758152495982914,224,1.326794896677558e-06,60,0.09325721588031143,89,0.23848681637029845,119,0.36746400767907206,143,635
62,0.48250774176121847,17,-0.5,10,35,24,900.2,7,359.0,0.47250966647436493,146,1.326794896677558e-06,37,1.326794896677558e-06,37,1.326794896677558e-06,52,0.15956514251699458,82,354
62,0.48250774176121847,18,-0.2588,9,40,22,900.2,7,126.0,0.23575525727299024,55,1.326794896677558e-06,18,1.326794896677558e-06,17,1.326794896677558e-06,15,1.326794896677558e-06,21,126
62,0.48250774176121847,19,0.0,7,43,20,901.1,10,0.0,0.0,0,0.0,0,0.0,0,0.0,0,0.0,0,0
62,0.48250774176121847,20,0.2588,7,39,30,901.1,10,0.0,0.0,0,0.0,0,0.0,0,0.0,0,0.0,0,0
62,0.48250774176121847,21,0.5,6,39,28,901.1,7,0.0,0.0,0,0.0,0,0.0,0,0.0,0,0.0,0,0
62,0.48250774176121847,22,0.7071,5,45,26,902.0,7,0.0,0.0,0,0.0,0,0.0,0,0.0,0,0.0,0,0
62,0.48250774176121847,23,0.866,4,45,26,902.0,10,0.0,0.0,0,0.0,0,0.0,0,0.0,0,0.0,0,0
62,0.48250774176121847,24,0.9659,3,56,19,902.0,10,0.0,0.0,0,0.0,0,0.0,0,0.0,0,0.0,0,0
63,0.4673592171580022,1,1.0,3,56,28,902.0,10,0.0,0.0,0,0.0,0,0.0,0,0.0,0,0.0,0,0
63,0.4673592171580022,2,0.9659,2,60,15,902.9,10,0.0,0.0,0,0.0,0,0.0,0,0.0,0,0.0,0,0
63,0.4673592171580022,3,0.866,1,65,15,902.9,10,0.0,0.0,0,0.0,0,0.0,0,0.0,0,0.0,0,0
63,0.4673592171580022,4,0.7071,1,65,22,902.0,10,0.0,0.0,0,0.0,0,0.0,0,0.0,0,0.0,0,0
63,0.4673592171580022,5,0.5,0,75,22,902.0,10,0.0,0.0,0,0.0,0,0.0,0,0.0,0,0.0,0,0
63,0.4673592171580022,6,0.2588,-1,75,15,902.9,10,0.0,0.0,0,0.0,0,0.0,0,0.0,0,0.0,0,0
63,0.4673592171580022,7,0.0,-2,80,11,902.9,10,0.0,0.0,0,0.0,0,0.0,0,0.0,0,0.0,0,0
63,0.4673592171580022,8,-0.2588,-1,75,11,902.9,10,0.0,0.0,0,0.0,0,0.0,0,0.0,0,0.0,0,0
63,0.4673592171580022,9,-0.5,2,60,17,902.9,10,212.0,0.4738600260396057,56,0.9763177706757706,194,0.891030554519881,117,0.7450211808283544,169,0.5482399304404817,88,624
63,0.4673592171580022,10,-0.7071,3,56,17,902.9,10,423.0,0.6773409638394611,147,0.993808896328841,264,0.9536872375936597,257,0.8485734792902947,233,0.685630938338895,177,1078
63,0.4673592171580022,11,-0.866,4,52,15,902.9,10,588.0,0.8334773591139759,206,0.9438539932909795,270,0.9500188548901081,277,0.8914416137161093,255,0.7721142053772748,214,1222
63,0.4673592171580022,12,-0.9659,5,49,15,902.9,10,703.0,0.9316287924940532,245,0.8298573999664846,257,0.880275400206684,277,0.8707041964859069,257,0.801796049481591,233,1269
63,0.4673592171580022,13,-1.0,6,49,11,902.9,10,755.0,0.9651064172736569,259,0.6595877828403631,223,0.7492097667095299,255,0.7877744459439413,243,0.7726537053496363,232,1212
63,0.4673592171580022,14,-0.9659,7,43,9,902.0,10,745.0,0.9316287924940532,262,0.4446487155997051,170,0.5657538456624761,217,0.6483038780696342,211,0.6866731723124105,219,1079
63,0.4673592171580022,15,-0.866,8,40,6,901.1,10,671.0,0.8334773591139759,245,0.19968791612143205,99,0.34240983381998313,156,0.4617971656680499,160,0.549713872008338,187,847
63,0.4673592171580022,16,-0.7071,9,37,7,900.2,10,543.0,0.6773409638394611,218,1.326794896677558e-06,39,0.09439823080989922,80,0.24096441175338432,95,0.37110933921786354,139,571
63,0.4673592171580022,17,-0.5,9,37,7,900.2,10,368.0,0.4738600260396053,166,1.326794896677558e-06,27,1.326794896677558e-06,28,0.0008549785701480769,31,0.16303115809874832,77,329
63,0.4673592171580022,18,-0.2588,9,37,7,900.2,10,143.0,0.23690141196745543,92,1.326794896677558e-06,18,1.326794896677558e-06,20,1.326794896677558e-06,14,1.326794896677558e-06,22,166
63,0.4673592171580022,19,0.0,6,42,7,900.2,10,0.0,0.0,0,0.0,0,0.0,0,0.0,0,0.0,0,0
63,0.4673592171580022,20,0.2588,4,49,4,901.1,10,0.0,0.0,0,0.0,0,0.0,0,0.0,0,0.0,0,0
63,0.4673592171580022,21,0.5,5,49,2,901.1,10,0.0,0.0,0,0.0,0,0.0,0,0.0,0,0.0,0,0
63,0.4673592171580022,22,0.7071,1,65,7,901.1,10,0.0,0.0,0,0.0,0,0.0,0,0.0,0,0.0,0,0
63,0.4673592171580022,23,0.866,0,69,7,901.1,10,0.0,0.0,0,0.0,0,0.0,0,0.0,0,0.0,0,0
63,0.4673592171580022,24,0.9659,-1,80,7,901.1,10,0.0,0.0,0,0.0,0,0.0,0,0.0,0,0.0,0,0
64,0.45207220393230435,1,1.0,-2,86,7,901.1,10,0.0,0.0,0,0.0,0,0.0,0,0.0,0,0.0,0,0
64,0.45207220393230435,2,0.9659,-2,74,6,901.1,10,0.0,0.0,0,0.0,0,0.0,0,0.0,0,0.0,0,0
64,0.45207220393230435,3,0.866,-4,74,7,901.1,10,0.0,0.0,0,0.0,0,0.0,0,0.0,0,0.0,0,0
64,0.45207220393230435,4,0.7071,-3,74,11,901.1,10,0.0,0.0,0,0.0,0,0.0,0,0.0,0,0.0,0,0
64,0.45207220393230435,5,0.5,-4,80,6,901.1,10,0.0,0.0,0,0.0,0,0.0,0,0.0,0,0.0,0,0
64,0.45207220393230435,6,0.2588,-4,80,6,901.1,10,0.0,0.0,0,0.0,0,0.0,0,0.0,0,0.0,0,0
64,0.45207220393230435,7,0.0,-5,86,2,902.0,10,0.0,0.0,0,0.0,0,0.0,0,0.0,0,0.0,0,0
64,0.45207220393230435,8,-0.2588,-5,86,2,902.0,10,0.0,0.0,0,0.0,0,0.0,0,0.0,0,0.0,0,0
64,0.45207220393230435,9,-0.5,-1,80,4,902.9,10,225.0,0.475196457622201,56,0.9768956593821726,195,0.8928279639507513,121,0.7479156207386024,123,0.552034149899321,92,587
64,0.45207220393230435,10,-0.7071,2,70,6,902.9,4,436.0,0.678844533648187,144,0.9944011521713747,255,0.9555361129105686,250,0.8515529764571249,218,0.6895380098469108,174,1041
64,0.45207220393230435,11,-0.866,5,57,7,902.9,10,598.0,0.8351091785834592,205,0.944405216388654,266,0.951864717015795,271,0.8944563225218436,246,0.7760923136724983,212,1200
64,0.45207220393230435,12,-0.9659,7,49,9,902.9,10,700.0,0.9333412330661885,238,0.8303149867446227,247,0.8820639754076796,268,0.8737018716963199,251,0.805798538250688,227,1231
64,0.45207220393230435,13,-1.0,9,43,11,902.0,10,741.0,0.9668463562017797,251,0.6599055187413159,213,0.7508906916869066,244,0.7907040076830584,236,0.7766322591398864,223,1167
64,0.45207220393230435,14,-0.9659,12,30,13,902.0,10,723.0,0.9333412330661885,253,0.44478989355786414,164,0.5672840744455327,206,0.6511188749567295,211,0.6905810999045037,209,1043
64,0.45207220393230435,15,-0.866,13,31,15,901.1,10,663.0,0.8351091785834592,242,0.19962788424892725,99,0.3437566089753485,152,0.46445896706426837,170,0.5535093021527036,182,845
64,0.45207220393230435,16,-0.7071,14,27,15,901.1,10,514.0,0.678844533648187,215,1.326794896677558e-06,38,0.09554129052790045,79,0.24344482250917904,110,0.37475806484915297,138,580
64,0.45207220393230435,17,-0.5,14,25,19,901.1,10,373.0,0.4751964576222006,165,1.326794896677558e-06,27,1.326794896677558e-06,28,0.0031381650388430395,42,0.1665089698599198,75,337
64,0.45207220393230435,18,-0.2588,13,25,19,901.1,10,148.0,0.23804320694073478,91,1.326794896677558e-06,17,1.326794896677558e-06,18,1.326794896677558e-06,15,1.326794896677558e-06,22,163
64,0.45207220393230435,19,0.0,11,30,9,901.1,10,0.0,0.0,0,0.0,0,0.0,0,0.0,0,0.0,0,0
64,0.45207220393230435,20,0.2588,7,39,7,902.0,10,0.0,0.0,0,0.0,0,0.0,0,0.0,0,0.0,0,0
64,0.45207220393230435,21,0.5,5,45,7,902.0,10,0.0,0.0,0,0.0,0,0.0,0,0.0,0,0.0,0,0
64,0.45207220393230435,22,0.7071,4,52,4,902.0,10,0.0,0.0,0,0.0,0,0.0,0,0.0,0,0.0,0,0
64,0.45207220393230435,23,0.866,2,56,9,902.9,10,0.0,0.0,0,0.0,0,0.0,0,0.0,0,0.0,0,0
64,0.45207220393230435,24,0.9659,1,65,0,902.9,10,0.0,0.0,0,0.0,0,0.0,0,0.0,0,0.0,0,0
65,0.43665123195606403,1,1.0,1,70,0,902.9,10,0.0,0.0,0,0.0,0,0.0,0,0.0,0,0.0,0,0
65,0.43665123195606403,2,0.9659,-1,80,4,902.9,10,0.0,0.0,0,0.0,0,0.0,0,0.0,0,0.0,0,0
65,0.43665123195606403,3,0.866,-1,80,6,902.9,10,0.0,0.0,0,0.0,0,0.0,0,0.0,0,0.0,0,0
65,0.43665123195606403,4,0.7071,-1,80,7,902.0,10,0.0,0.0,0,0.0,0,0.0,0,0.0,0,0.0,0,0
65,0.43665123195606403,5,0.5,-2,86,6,902.0,10,0.0,0.0,0,0.0,0,0.0,0,0.0,0,0.0,0,0
65,0.43665123195606403,6,0.2588,0,80,7,902.0,10,0.0,0.0,0,0.0,0,0.0,0,0.0,0,0.0,0,0
65,0.43665123195606403,7,0.0,0,80,7,902.9,10,0.0,0.0,0,0.0,0,0.0,0,0.0,0,0.0,0,0
65,0.43665123195606403,8,-0.2588,1,75,2,902.9,5,0.0,0.0,0,0.0,0,0.0,0,0.0,0,0.0,0,0
65,0.43665123195606403,9,-0.5,2,75,4,902.9,5,49.0,0.47651816011957066,14,0.9515850688016533,10,0.8734900676741778,13,0.7358682645711749,15,0.5480983424488257,17,69
65,0.43665123195606403,10,-0.7071,4,65,6,902.9,5,172.0,0.680324952999327,50,0.9984593545875581,46,0.960215469850426,51,0.8565345976976166,55,0.6944824063652075,55,257
65,0.43665123195606403,11,-0.866,6,61,4,902.9,5,287.0,0.8367113856503859,83,0.9782778426157587,78,0.980916402560247,86,0.9167072439148387,89,0.7900261074184252,89,425
65,0.43665123195606403,12,-0.9659,9,50,4,902.9,5,607.0,0.9350199990878431,190,0.8924158673001302,190,0.9341821338225479,204,0.9122855437102658,199,0.828218310957511,188,971
65,0.43665123195606403,13,-1.0,12,35,7,902.0,5,645.0,0.9685512350564943,182,0.7467247776097388,164,0.8231975271102097,180,0.8435708321333009,178,0.8064562877756478,174,878
65,0.43665123195606403,14,-0.9659,13,31,6,901.1,5,249.0,0.9350199990878431,63,0.5511331438834571,53,0.6555259706765186,61,0.7152458836477129,65,0.7262230752877549,68,310
65,0.43665123195606403,15,-0.866,13,33,4,901.1,5,139.0,0.8367113856503859,37,0.3189702111177761,29,0.442594001337279,34,0.5360558284569957,37,0.5929864314149292,41,178
65,0.43665123195606403,16,-0.7071,13,25,9,901.1,5,96.0,0.6803249529993269,27,0.06605746681559602,19,0.19891255085203244,23,0.3182121482327976,26,0.4158261963460594,29,124
65,0.43665123195606403,17,-0.5,12,38,7,900.2,5,84.0,0.47651816011957066,22,1.326794896677558e-06,16,1.326794896677558e-06,20,0.07656050495696146,23,0.20681552778402412,24,105
65,0.43665123195606403,18,-0.2588,12,38,2,900.2,5,50.0,0.23918007972768282,13,1.326794896677558e-06,10,1.326794896677558e-06,12,1.326794896677558e-06,13,1.326794896677558e-06,15,63
65,0.43665123195606403,19,0.0,11,38,11,900.2,5,0.0,0.0,0,0.0,0,0.0,0,0.0,0,0.0,0,0
65,0.43665123195606403,20,0.2588,10,54,24,900.2,5,0.0,0.0,0,0.0,0,0.0,0,0.0,0,0.0,0,0
65,0.43665123195606403,21,0.5,9,54,22,901.1,7,0.0,0.0,0,0.0,0,0.0,0,0.0,0,0.0,0,0
65,0.43665123195606403,22,0.7071,8,62,6,901.1,7,0.0,0.0,0,0.0,0,0.0,0,0.0,0,0.0,0,0
65,0.43665123195606403,23,0.866,8,57,13,901.1,7,0.0,0.0,0,0.0,0,0.0,0,0.0,0,0.0,0,0
65,0.43665123195606403,24,0.9659,8,57,19,901.1,10,0.0,0.0,0,0.0,0,0.0,0,0.0,0,0.0,0,0
66,0.4211008707960896,1,1.0,5,65,22,901.1,10,0.0,0.0,0,0.0,0,0.0,0,0.0,0,0.0,0,0
66,0.4211008707960896,2,0.9659,5,65,15,900.2,10,0.0,0.0,0,0.0,0,0.0,0,0.0,0,0.0,0,0
66,0.4211008707960896,3,0.866,4,70,6,900.2,10,0.0,0.0,0,0.0,0,0.0,0,0.0,0,0.0,0,0
66,0.4211008707960896,4,0.7071,1,75,7,900.2,10,0.0,0.0,0,0.0,0,0.0,0,0.0,0,0.0,0,0
66,0.4211008707960896,5,0.5,0,80,7,900.2,10,0.0,0.0,0,0.0,0,0.0,0,0.0,0,0.0,0,0
66,0.4211008707960896,6,0.2588,0,87,7,900.2,10,0.0,0.0,0,0.0,0,0.0,0,0.0,0,0.0,0,0
66,0.4211008707960896,7,0.0,0,87,6,900.2,10,0.0,0.0,0,0.0,0,0.0,0,0.0,0,0.0,0,0
66,0.4211008707960896,8,-0.2588,-2,93,7,900.2,7,0.0,0.0,0,0.0,0,0.0,0,0.0,0,0.0,0,0
66,0.4211008707960896,9,-0.5,5,70,4,901.1,10,195.0,0.4778243533709135,56,0.951393866986368,113,0.8746640971811718,105,0.7383275174532362,104,0.5516752250625783,81,459
66,0.4211008707960896,10,-0.7071,7,61,4,901.1,10,394.0,0.6817812469847969,130,0.9983026750542221,213,0.9614533713807455,214,0.8590827195077465,190,0.6981670984755592,155,902
66,0.4211008707960896,11,-0.866,8,57,7,900.2,10,561.0,0.8382828559718477,182,0.9781062996700273,232,0.9821695500326431,240,0.9192996819713616,221,0.7937811659355873,193,1068
66,0.4211008707960896,12,-0.9659,9,57,15,900.2,7,610.0,0.9366638722774603,205,0.8921810881610305,216,0.93540086217171,231,0.9148747252512109,218,0.8320014974244155,202,1072
66,0.4211008707960896,13,-1.0,8,62,20,899.4,5,479.0,0.9702198035155217,102,0.7463827039030859,93,0.8243345209399796,103,0.8461094091984718,106,0.810223448345772,104,508
66,0.4211008707960896,14,-0.9659,7,71,22,899.4,4,181.0,0.9366638722774603,48,0.5506470145514069,42,0.6565394727312794,48,0.7176899484592619,51,0.729931143891555,54,243
66,0.4211008707960896,15,-0.866,7,71,22,898.5,5,191.0,0.8382828559718477,61,0.3183130968138959,44,0.44345068203045157,52,0.5383679225258943,58,0.5965963733771849,62,277
66,0.4211008707960896,16,-0.7071,8,66,31,898.5,5,317.0,0.6817812469847969,118,0.06521408549339466,67,0.19958976362860228,79,0.32036380379210155,89,0.419305662692144,96,449
66,0.4211008707960896,17,-0.5,6,76,28,897.6,5,138.0,0.47782435337091367,44,1.326794896677558e-06,27,1.326794896677558e-06,32,0.07853418787867741,37,0.21014106127235466,40,180
66,0.4211008707960896,18,-0.2588,5,76,22,897.6,5,107.0,0.24031147695556435,27,1.326794896677558e-06,17,1.326794896677558e-06,21,1.326794896677558e-06,23,1.326794896677558e-06,27,115
66,0.4211008707960896,19,0.0,5,76,19,897.6,5,0.0,0.0,0,0.0,0,0.0,0,0.0,0,0.0,0,0
66,0.4211008707960896,20,0.2588,4,81,24,898.5,5,0.0,0.0,0,0.0,0,0.0,0,0.0,0,0.0,0,0
66,0.4211008707960896,21,0.5,3,81,19,898.5,7,0.0,0.0,0,0.0,0,0.0,0,0.0,0,0.0,0,0
66,0.4211008707960896,22,0.7071,2,81,17,898.5,7,0.0,0.0,0,0.0,0,0.0,0,0.0,0,0.0,0,0
66,0.4211008707960896,23,0.866,3,70,11,898.5,7,0.0,0.0,0,0.0,0,0.0,0,0.0,0,0.0,0,0
66,0.4211008707960896,24,0.9659,3,65,22,898.5,5,0.0,0.0,0,0.0,0,0.0,0,0.0,0,0.0,0,0
67,0.40542572835999735,1,1.0,2,70,22,898.5,7,0.0,0.0,0,0.0,0,0.0,0,0.0,0,0.0,0,0
67,0.40542572835999735,2,0.9659,1,75,19,898.5,7,0.0,0.0,0,0.0,0,0.0,0,0.0,0,0.0,0,0
67,0.40542572835999735,3,0.866,0,75,17,897.6,7,0.0,0.0,0,0.0,0,0.0,0,0.0,0,0.0,0,0
67,0.40542572835999735,4,0.7071,0,75,17,897.6,7,0.0,0.0,0,0.0,0,0.0,0,0.0,0,0.0,0,0
67,0.40542572835999735,5,0.5,-1,80,13,896.7,7,0.0,0.0,0,0.0,0,0.0,0,0.0,0,0.0,0,0
67,0.40542572835999735,6,0.2588,-2,86,11,896.7,10,0.0,0.0,0,0.0,0,0.0,0,0.0,0,0.0,0,0
67,0.40542572835999735,7,0.0,-1,80,15,896.7,10,0.0,0.0,0,0.0,0,0.0,0,0.0,0,0.0,0,0
67,0.40542572835999735,8,-0.2588,-2,80,7,897.6,10,35.0,0.241436854849359,10,0.8402635393781624,14,0.728753164077683,10,0.5675795571828656,10,0.3677264163320595,10,54
67,0.40542572835999735,9,-0.5,1,70,9,897.6,10,225.0,0.47911427896820286,64,0.9511575521956782,186,0.8758028029284676,123,0.7407636430447515,122,0.5552427529405178,95,590
67,0.40542572835999735,10,-0.7071,3,65,6,897.6,10,438.0,0.6832124728870695,149,0.9980988585024381,253,0.9626522043270085,250,0.8616025036246008,221,0.7018361149486203,179,1052
67,0.40542572835999735,11,-0.866,4,61,9,897.6,7,574.0,0.8398225054046861,174,0.9778884911484336,197,0.983382735049591,234,0.9218611840646328,209,0.7975164232141129,182,996
67,0.40542572835999735,12,-0.9659,6,53,11,896.7,7,525.0,0.9382716795880219,185,0.8919037509870416,217,0.9365816460627077,219,0.9174331617590282,199,0.8357632335036475,184,1004
67,0.40542572835999735,13,-1.0,7,49,13,896.7,7,737.0,0.9718508582083939,247,0.7460043580737686,230,0.8254383585192236,250,0.848620205424974,240,0.8139700967043009,225,1192
67,0.40542572835999735,14,-0.9659,8,50,13,895.8,7,697.0,0.9382716795880219,246,0.5501330638561793,188,0.6575270627705088,221,0.7201117764599034,222,0.7336221662878796,217,1094
67,0.40542572835999735,15,-0.866,9,46,7,895.8,7,759.0,0.8398225054046861,240,0.3176381860001494,130,0.44429064516452144,184,0.5406655172562508,194,0.6001950223243727,201,949
67,0.40542572835999735,16,-0.7071,9,43,9,894.9,7,514.0,0.6832124728870695,191,0.06436382849803732,64,0.20026078107429193,102,0.32251036655965265,120,0.42278148584804787,135,612
67,0.40542572835999735,17,-0.5,9,46,11,894.9,10,337.0,0.4791142789682027,142,1.326794896677558e-06,31,1.326794896677558e-06,43,0.08051321259137559,60,0.21347197670644463,81,357
67,0.40542572835999735,18,-0.2588,9,40,11,894.9,10,143.0,0.24143685484935945,75,1.326794896677558e-06,16,1.326794896677558e-06,21,1.326794896677558e-06,21,1.326794896677558e-06,29,162
67,0.40542572835999735,19,0.0,7,49,7,894.9,7,0.0,0.0,0,0.0,0,0.0,0,0.0,0,0.0,0,0
67,0.40542572835999735,20,0.2588,5,53,4,895.8,10,0.0,0.0,0,0.0,0,0.0,0,0.0,0,0.0,0,0
67,0.40542572835999735,21,0.5,4,56,6,896.7,10,0.0,0.0,0,0.0,0,0.0,0,0.0,0,0.0,0,0
67,0.40542572835999735,22,0.7071,2,65,4,895.8,10,0.0,0.0,0,0.0,0,0.0,0,0.0,0,0.0,0,0
67,0.40542572835999735,23,0.866,3,60,7,895.8,7,0.0,0.0,0,0.0,0,0.0,0,0.0,0,0.0,0,0
67,0.40542572835999735,24,0.9659,1,70,2,896.7,7,0.0,0.0,0,0.0,0,0.0,0,0.0,0,0.0,0,0
68,0.38963044953078796,1,1.0,1,70,9,895.8,7,0.0,0.0,0,0.0,0,0.0,0,0.0,0,0.0,0,0
68,0.38963044953078796,2,0.9659,1,70,4,895.8,5,0.0,0.0,0,0.0,0,0.0,0,0.0,0,0.0,0,0
68,0.38963044953078796,3,0.866,0,75,6,895.8,5,0.0,0.0,0,0.0,0,0.0,0,0.0,0,0.0,0,0
68,0.38963044953078796,4,0.7071,1,70,6,895.8,5,0.0,0.0,0,0.0,0,0.0,0,0.0,0,0.0,0,0
68,0.38963044953078796,5,0.5,1,70,9,895.8,5,0.0,0.0,0,0.0,0,0.0,0,0.0,0,0.0,0,0
68,0.38963044953078796,6,0.2588,0,75,6,896.7,5,0.0,0.0,0,0.0,0,0.0,0,0.0,0,0.0,0,0
68,0.38963044953078796,7,0.0,0,64,4,897.6,5,0.0,0.0,0,0.0,0,0.0,0,0.0,0,0.0,0,0
68,0.38963044953078796,8,-0.2588,-1,75,4,897.6,5,35.0,0.24255567972650255,10,0.8399097112269187,10,0.7297602795425843,10,0.569878983297481,11,0.37116145145374324,10,51
68,0.38963044953078796,9,-0.5,3,60,4,898.5,7,221.0,0.480387201040971,55,0.9508756218695766,101,0.8769052574910156,97,0.7431753522579843,94,0.5587993631812402,75,422
68,0.38963044953078796,10,-0.7071,7,31,11,898.5,5,383.0,0.6846177212130278,115,0.9978473624400586,164,0.9638109673829408,168,0.8640925581650383,155,0.7054877681787619,134,736
68,0.38963044953078796,11,-0.866,8,34,22,898.5,7,481.0,0.8413292912304572,170,0.9776238917514327,211,0.9845549386697262,219,0.9243903070505557,202,0.8012301102549229,178,980
68,0.38963044953078796,12,-0.9659,9,30,15,898.5,7,576.0,0.9398422945521503,190,0.8915834036243192,199,0.9377235063670215,211,0.919959413856458,201,0.83950171766028,185,986
68,0.38963044953078796,13,-1.0,10,28,6,898.5,7,661.0,0.9734432441025328,241,0.7455894054174973,220,0.8265081498254864,240,0.8511018361257238,234,0.817694447863583,222,1157
68,0.38963044953078796,14,-0.9659,11,28,9,897.6,5,660.0,0.9398422945521503,208,0.5495911303822564,159,0.658487999052412,181,0.7225100961300652,183,0.7372944278313008,180,911
68,0.38963044953078796,15,-0.866,11,26,7,896.7,5,660.0,0.8413292912304572,229,0.3169455150403721,141,0.44511333039409745,169,0.5429474937801326,179,0.6037807771150364,184,902
68,0.38963044953078796,16,-0.7071,11,28,9,896.7,7,579.0,0.6846177212130278,190,0.06350694764952242,89,0.2009252504355652,115,0.32465090324809265,132,0.4262522155946723,148,674
68,0.38963044953078796,17,-0.5,11,30,15,896.7,5,337.0,0.480387201040971,127,1.326794896677558e-06,43,1.326794896677558e-06,50,0.08249685167020994,62,0.21680700192282393,80,362
68,0.38963044953078796,18,-0.2588,11,30,11,896.7,5,160.0,0.24255567972650274,62,1.326794896677558e-06,24,1.326794896677558e-06,25,1.326794896677558e-06,26,1.326794896677558e-06,32,169
68,0.38963044953078796,19,0.0,10,32,9,896.7,7,0.0,0.0,0,0.0,0,0.0,0,0.0,0,0.0,0,0
68,0.38963044953078796,20,0.2588,8,43,9,897.6,5,0.0,0.0,0,0.0,0,0.0,0,0.0,0,0.0,0,0
68,0.38963044953078796,21,0.5,9,43,9,897.6,5,0.0,0.0,0,0.0,0,0.0,0,0.0,0,0.0,0,0
68,0.38963044953078796,22,0.7071,7,49,6,897.6,5,0.0,0.0,0,0.0,0,0.0,0,0.0,0,0.0,0,0
68,0.38963044953078796,23,0.866,7,49,6,897.6,7,0.0,0.0,0,0.0,0,0.0,0,0.0,0,0.0,0,0
68,0.38963044953078796,24,0.9659,6,49,13,897.6,7,0.0,0.0,0,0.0,0,0.0,0,0.0,0,0.0,0,0
69,0.37371971479046906,1,1.0,5,57,7,897.6,7,0.0,0.0,0,0.0,0,0.0,0,0.0,0,0.0,0,0
69,0.37371971479046906,2,0.9659,3,65,7,897.6,10,0.0,0.0,0,0.0,0,0.0,0,0.0,0,0.0,0,0
69,0.37371971479046906,3,0.866,3,65,2,897.6,10,0.0,0.0,0,0.0,0,0.0,0,0.0,0,0.0,0,0
69,0.37371971479046906,4,0.7071,1,70,6,897.6,10,0.0,0.0,0,0.0,0,0.0,0,0.0,0,0.0,0,0
69,0.37371971479046906,5,0.5,2,65,2,896.7,10,0.0,0.0,0,0.0,0,0.0,0,0.0,0,0.0,0,0
69,0.37371971479046906,6,0.2588,-1,80,2,897.6,10,0.0,0.0,0,0.0,0,0.0,0,0.0,0,0.0,0,0
69,0.37371971479046906,7,0.0,0,75,6,897.6,10,0.0,0.0,0,0.0,0,0.0,0,0.0,0,0.0,0,0
69,0.37371971479046906,8,-0.2588,1,81,6,896.7,10,0.0,0.0,0,0.0,0,0.0,0,0.0,0,0.0,0,0
69,0.37371971479046906,9,-0.5,3,75,2,896.7,5,124.0,0.481642407013513,36,0.950547626537034,41,0.8779705790086154,44,0.7455613909407522,45,0.5623435148088035,42,208
69,0.37371971479046906,10,-0.7071,6,57,4,896.7,5,247.0,0.6859961166863466,73,0.9975476999759122,79,0.9649287094547413,85,0.8665515326479959,85,0.7091204003305583,82,404
69,0.37371971479046906,11,-0.866,9,50,6,896.7,5,421.0,0.8428022133282791,133,0.9773120306989264,150,0.9856851932735238,157,0.926885652411771,151,0.8049204929493412,139,730
69,0.37371971479046906,12,-0.9659,11,47,7,895.8,5,508.0,0.9413746385684005,157,0.8912196438371139,157,0.9388255127734768,169,0.9224520865560195,165,0.843215185296514,158,806
69,0.37371971479046906,13,-1.0,12,44,7,894.9,5,584.0,0.9749958558282366,180,0.7451375835481292,163,0.8275430723704248,179,0.8535529747613836,178,0.8213947616346782,174,874
69,0.37371971479046906,14,-0.9659,13,41,7,894.1,5,318.0,0.9413746385684005,86,0.54902108434283,74,0.6594215737193201,83,0.724883669780573,87,0.7409462453475795,89,419
69,0.37371971479046906,15,-0.866,16,36,6,893.2,5,449.0,0.8428022133282791,159,0.31623513948547227,100,0.4459181998468628,119,0.5452127574571886,129,0.6073520609387424,135,642
69,0.37371971479046906,16,-0.7071,15,39,13,892.3,5,533.0,0.685996116686347,197,0.06264370040129541,76,0.20158282837303843,105,0.3267844931233733,125,0.42971641654989995,142,645
69,0.37371971479046906,17,-0.5,16,36,2,891.4,5,326.0,0.481642407013513,118,1.326794896677558e-06,37,1.326794896677558e-06,45,0.08448437729349696,58,0.2201448683940936,76,334
69,0.37371971479046906,18,-0.2588,16,36,7,891.4,5,79.0,0.24366742848021403,23,1.326794896677558e-06,14,1.326794896677558e-06,16,1.326794896677558e-06,17,1.326794896677558e-06,20,90
69,0.37371971479046906,19,0.0,12,44,9,891.4,5,0.0,0.0,0,0.0,0,0.0,0,0.0,0,0.0,0,0
69,0.37371971479046906,20,0.2588,11,50,7,891.4,5,0.0,0.0,0,0.0,0,0.0,0,0.0,0,0.0,0,0
69,0.37371971479046906,21,0.5,10,50,13,891.4,7,0.0,0.0,0,0.0,0,0.0,0,0.0,0,0.0,0,0
69,0.37371971479046906,22,0.7071,8,57,4,891.4,7,0.0,0.0,0,0.0,0,0.0,0,0.0,0,0.0,0,0
69,0.37371971479046906,23,0.866,6,66,6,891.4,7,0.0,0.0,0,0.0,0,0.0,0,0.0,0,0.0,0,0
69,0.37371971479046906,24,0.9659,7,66,6,891.4,10,0.0,0.0,0,0.0,0,0.0,0,0.0,0,0.0,0,0
70,0.35769823883312546,1,1.0,7,61,7,891.4,10,0.0,0.0,0,0.0,0,0.0,0,0.0,0,0.0,0,0
70,0.35769823883312546,2,0.9659,5,70,4,890.5,10,0.0,0.0,0,0.0,0,0.0,0,0.0,0,0.0,0,0
70,0.35769823883312546,3,0.866,5,70,4,890.5,10,0.0,0.0,0,0.0,0,0.0,0,0.0,0,0.0,0,0
70,0.35769823883312546,4,0.7071,3,75,2,890.5,10,0.0,0.0,0,0.0,0,0.0,0,0.0,0,0.0,0,0
70,0.35769823883312546,5,0.5,3,81,4,889.6,7,0.0,0.0,0,0.0,0,0.0,0,0.0,0,0.0,0,0
70,0.35769823883312546,6,0.2588,4,75,6,889.6,7,0.0,0.0,0,0.0,0,0.0,0,0.0,0,0.0,0,0
70,0.35769823883312546,7,0.0,4,70,6,889.6,7,0.0,0.0,0,0.0,0,0.0,0,0.0,0,0.0,0,0
70,0.35769823883312546,8,-0.2588,3,81,0,888.7,7,0.0,0.0,0,0.0,0,0.0,0,0.0,0,0.0,0,0
70,0.35769823883312546,9,-0.5,6,70,6,888.7,7,130.0,0.48287920833317577,40,0.9501731706494606,51,0.878997932250279,54,0.7479205410991565,53,0.5658736900704965,48,246
70,0.35769823883312546,10,-0.7071,9,62,6,888.7,7,339.0,0.6873468191966656,101,0.9971994407040669,136,0.9660045308194363,140,0.8689781193479925,132,0.7127323847952004,118,627
70,0.35769823883312546,11,-0.866,12,51,7,888.7,7,504.0,0.8442403152934876,133,0.9769524925926536,153,0.9867725837440864,162,0.9293458676763727,154,0.8085858736390531,141,743
70,0.35769823883312546,12,-0.9659,15,39,17,887.9,5,466.0,0.9428676821264593,138,0.8908121200771051,143,0.9398867849183818,155,0.9249098306739333,148,0.8469019103530285,139,723
70,0.35769823883312546,13,-1.0,14,38,9,887.0,5,184.0,0.9765076389402175,60,0.7446486441160381,51,0.8285423241236763,58,0.8559723202778851,60,0.825069326604431,62,291
70,0.35769823883312546,14,-0.9659,15,36,15,886.1,4,385.0,0.9428676821264593,113,0.5484228279792712,92,0.6603271136258325,105,0.7272312947530306,107,0.7445759686244797,110,527
70,0.35769823883312546,15,-0.866,15,34,20,884.3,7,743.0,0.8442403152934876,247,0.31550713422128424,184,0.4467047387209489,214,0.5474602388808258,218,0.6109073226624911,217,1080
70,0.35769823883312546,16,-0.7071,14,36,24,884.3,5,310.0,0.6873468191966656,105,0.0617743497139988,68,0.20223318129475867,82,0.32891022877484105,90,0.43317266932300785,96,441
70,0.35769823883312546,17,-0.5,11,54,24,884.3,5,98.0,0.48287920833317577,26,1.326794896677558e-06,16,1.326794896677558e-06,21,0.08647506175090688,23,0.22348431215682135,27,113
70,0.35769823883312546,18,-0.2588,4,87,35,886.1,3,0.0,0.0,0,0.0,0,0.0,0,0.0,0,0.0,0,0
70,0.35769823883312546,19,0.0,3,81,43,886.1,4,0.0,0.0,0,0.0,0,0.0,0,0.0,0,0.0,0,0
70,0.35769823883312546,20,0.2588,3,81,31,887.9,5,0.0,0.0,0,0.0,0,0.0,0,0.0,0,0.0,0,0
70,0.35769823883312546,21,0.5,2,87,35,888.7,3,0.0,0.0,0,0.0,0,0.0,0,0.0,0,0.0,0,0
70,0.35769823883312546,22,0.7071,2,81,41,888.7,2,0.0,0.0,0,0.0,0,0.0,0,0.0,0,0.0,0,0
70,0.35769823883312546,23,0.866,2,70,48,889.6,4,0.0,0.0,0,0.0,0,0.0,0,0.0,0,0.0,0,0
70,0.35769823883312546,24,0.9659,1,70,52,891.4,4,0.0,0.0,0,0.0,0,0.0,0,0.0,0,0.0,0,0
71,0.3415707691678556,1,1.0,1,70,52,891.4,6,0.0,0.0,0,0.0,0,0.0,0,0.0,0,0.0,0,0
71,0.3415707691678556,2,0.9659,0,75,48,893.2,6,0.0,0.0,0,0.0,0,0.0,0,0.0,0,0.0,0,0
71,0.3415707691678556,3,0.866,0,69,44,894.1,6,0.0,0.0,0,0.0,0,0.0,0,0.0,0,0.0,0,0
71,0.3415707691678556,4,0.7071,-1,75,41,894.9,6,0.0,0.0,0,0.0,0,0.0,0,0.0,0,0.0,0,0
71,0.3415707691678556,5,0.5,-1,75,30,896.7,7,0.0,0.0,0,0.0,0,0.0,0,0.0,0,0.0,0,0
71,0.3415707691678556,6,0.2588,-2,80,30,896.7,7,0.0,0.0,0,0.0,0,0.0,0,0.0,0,0.0,0,0
71,0.3415707691678556,7,0.0,-2,80,28,898.5,7,0.0,0.0,0,0.0,0,0.0,0,0.0,0,0.0,0,0
71,0.3415707691678556,8,-0.2588,-2,80,26,899.4,7,0.0,0.0,0,0.0,0,0.0,0,0.0,0,0.0,0,0
71,0.3415707691678556,9,-0.5,-1,75,20,899.4,7,203.0,0.4840969411684409,73,0.9497519133416433,118,0.8799865296179027,121,0.7502516220755946,112,0.5693883957089091,93,517
71,0.3415707691678556,10,-0.7071,0,64,22,900.2,7,482.0,0.6886690247038495,152,0.9968022115121857,240,0.9670375842162868,241,0.8713710545952105,218,0.716322127610656,181,1032
71,0.3415707691678556,11,-0.866,0,60,19,899.4,7,649.0,0.8456426855001061,223,0.976544918204131,281,0.9878162485794929,299,0.9317696477788662,271,0.8122245926329228,237,1311
71,0.3415707691678556,12,-0.9659,1,56,13,899.4,7,736.0,0.9443204459690691,228,0.89036053218448,243,0.9409064934505994,289,0.927331344186606,246,0.850560206864434,225,1231
71,0.3415707691678556,13,-1.0,1,56,13,900.2,7,756.0,0.9779775911134476,254,0.7441223671750231,247,0.8295051357440988,287,0.858358606368465,259,0.8287164657971053,242,1289
71,0.3415707691678556,14,-0.9659,3,45,15,899.4,7,791.0,0.9443204459690691,274,0.5477962959169508,232,0.6612039811219874,261,0.7295518045769698,258,0.7481819818640385,248,1273
71,0.3415707691678556,15,-0.866,3,45,13,899.4,10,718.0,0.8456426855001061,265,0.3147615935895241,180,0.44747245585269435,213,0.5496888948540861,222,0.6144450381482044,222,1102
71,0.3415707691678556,16,-0.7071,4,49,15,899.4,7,581.0,0.6886690247038495,229,0.06089916392057899,106,0.20287598567744877,139,0.33102721687073305,159,0.4366195716529322,173,806
71,0.3415707691678556,17,-0.5,5,49,11,899.4,7,416.0,0.4840969411684409,174,1.326794896677558e-06,46,1.326794896677558e-06,66,0.08846817795449674,90,0.22682407473835858,112,488
71,0.3415707691678556,18,-0.2588,4,52,13,899.4,7,188.0,0.24586766088246018,94,1.326794896677558e-06,25,1.326794896677558e-06,25,1.326794896677558e-06,28,1.326794896677558e-06,41,213
71,0.3415707691678556,19,0.0,3,52,7,899.4,10,0.0,0.0,0,0.0,0,0.0,0,0.0,0,0.0,0,0
71,0.3415707691678556,20,0.2588,2,60,4,899.4,10,0.0,0.0,0,0.0,0,0.0,0,0.0,0,0.0,0,0
71,0.3415707691678556,21,0.5,0,69,2,899.4,10,0.0,0.0,0,0.0,0,0.0,0,0.0,0,0.0,0,0
71,0.3415707691678556,22,0.7071,0,69,7,899.4,10,0.0,0.0,0,0.0,0,0.0,0,0.0,0,0.0,0,0
71,0.3415707691678556,23,0.866,1,65,9,899.4,10,0.0,0.0,0,0.0,0,0.0,0,0.0,0,0.0,0,0
71,0.3415707691678556,24,0.9659,0,69,11,899.4,10,0.0,0.0,0,0.0,0,0.0,0,0.0,0,0.0,0,0
72,0.3253420847119801,1,1.0,0,69,9,899.4,10,0.0,0.0,0,0.0,0,0.0,0,0.0,0,0.0,0,0
72,0.3253420847119801,2,0.9659,-1,75,4,899.4,10,0.0,0.0,0,0.0,0,0.0,0,0.0,0,0.0,0,0
72,0.3253420847119801,3,0.866,-2,80,0,899.4,10,0.0,0.0,0,0.0,0,0.0,0,0.0,0,0.0,0,0
72,0.3253420847119801,4,0.7071,-3,80,7,898.5,10,0.0,0.0,0,0.0,0,0.0,0,0.0,0,0.0,0,0
72,0.3253420847119801,5,0.5,-3,86,6,898.5,10,0.0,0.0,0,0.0,0,0.0,0,0.0,0,0.0,0,0
72,0.3253420847119801,6,0.2588,-3,80,2,899.4,10,0.0,0.0,0,0.0,0,0.0,0,0.0,0,0.0,0,0
72,0.3253420847119801,7,0.0,-3,86,4,899.4,10,0.0,0.0,0,0.0,0,0.0,0,0.0,0,0.0,0,0
72,0.3253420847119801,8,-0.2588,-1,75,4,899.4,10,0.0,0.0,0,0.0,0,0.0,0,0.0,0,0.0,0,0
72,0.3253420847119801,9,-0.5,1,70,2,899.4,10,265.0,0.4852949670755568,71,0.9492835691187628,197,0.8809356320874454,144,0.7525534916799544,136,0.5728861642060588,108,656
72,0.3253420847119801,10,-0.7071,3,65,6,900.2,10,470.0,0.6899619660957256,151,0.9963556973124981,246,0.9680270758692863,242,0.8737291200198403,217,0.7198880688430566,182,1038
72,0.3253420847119801,11,-0.866,5,57,11,899.4,10,611.0,0.8470084581052223,220,0.9760890051866989,257,0.9888153809347087,285,0.9341557363609305,263,0.815835029677969,233,1258
72,0.3253420847119801,12,-0.9659,7,49,11,899.4,10,719.0,0.9457320021885846,217,0.8898646320194704,259,0.9418838610296342,249,0.9297153735272484,234,0.8541884304660615,214,1173
72,0.3253420847119801,13,-1.0,9,37,11,898.5,10,786.0,0.9794047632711591,257,0.7435586258691327,242,0.830430823886253,268,0.8607106397670574,258,0.8323345573450612,242,1267
72,0.3253420847119801,14,-0.9659,11,33,11,898.5,10,774.0,0.9457320021885846,255,0.5471414554767599,204,0.6620515747900566,240,0.7318440700817074,236,0.7517627050937149,228,1163
72,0.3253420847119801,15,-0.866,12,30,13,897.6,10,703.0,0.8470084581052223,241,0.31399863148161966,150,0.4482208842537799,195,0.5518977093334788,200,0.6179637115389385,202,988
72,0.3253420847119801,16,-0.7071,13,31,13,896.7,10,565.0,0.6899619660957255,208,0.06001841658295378,80,0.20351092837514212,128,0.3331345788977455,145,0.4400557395283606,157,718
72,0.3253420847119801,17,-0.5,13,31,9,896.7,10,386.0,0.4852949670755568,156,1.326794896677558e-06,31,1.326794896677558e-06,57,0.09046299995168283,78,0.2301629040809528,97,419
72,0.3253420847119801,18,-0.2588,13,31,6,896.7,10,155.0,0.24695515536972693,66,1.326794896677558e-06,15,1.326794896677558e-06,20,1.326794896677558e-06,24,0.002589032876806264,34,159
72,0.3253420847119801,19,0.0,10,47,9,896.7,10,0.0,0.0,0,0.0,0,0.0,0,0.0,0,0.0,0,0
72,0.3253420847119801,20,0.2588,8,57,6,897.6,10,0.0,0.0,0,0.0,0,0.0,0,0.0,0,0.0,0,0
72,0.3253420847119801,21,0.5,8,53,7,897.6,10,0.0,0.0,0,0.0,0,0.0,0,0.0,0,0.0,0,0
72,0.3253420847119801,22,0.7071,7,61,7,897.6,10,0.0,0.0,0,0.0,0,0.0,0,0.0,0,0.0,0,0
72,0.3253420847119801,23,0.866,6,61,4,897.6,10,0.0,0.0,0,0.0,0,0.0,0,0.0,0,0.0,0,0
72,0.3253420847119801,24,0.9659,6,61,6,897.6,10,0.0,0.0,0,0.0,0,0.0,0,0.0,0,0.0,0,0
73,0.30901699437494745,1,1.0,4,70,9,897.6,10,0.0,0.0,0,0.0,0,0.0,0,0.0,0,0.0,0,0
73,0.30901699437494745,2,0.9659,5,65,7,897.6,10,0.0,0.0,0,0.0,0,0.0,0,0.0,0,0.0,0,0
73,0.30901699437494745,3,0.866,4,70,6,897.6,10,0.0,0.0,0,0.0,0,0.0,0,0.0,0,0.0,0,0
73,0.30901699437494745,4,0.7071,4,70,4,897.6,10,0.0,0.0,0,0.0,0,0.0,0,0.0,0,0.0,0,0
73,0.30901699437494745,5,0.5,4,70,6,896.7,10,0.0,0.0,0,0.0,0,0.0,0,0.0,0,0.0,0,0
73,0.30901699437494745,6,0.2588,4,70,4,896.7,5,0.0,0.0,0,0.0,0,0.0,0,0.0,0,0.0,0,0
73,0.30901699437494745,7,0.0,3,75,0,896.7,5,0.0,0.0,0,0.0,0,0.0,0,0.0,0,0.0,0,0
73,0.30901699437494745,8,-0.2588,4,75,6,897.6,5,0.0,0.0,0,0.0,0,0.0,0,0.0,0,0.0,0,0
73,0.30901699437494745,9,-0.5,5,70,7,897.6,5,100.0,0.48647267363252145,35,0.9487679084682359,30,0.881844550085907,35,0.7548250472719685,38,0.5763655549973561,39,177
73,0.30901699437494745,10,-0.7071,7,66,7,897.6,5,234.0,0.6912249139977522,60,0.9958596416940485,57,0.9689722664388992,62,0.8760511437384467,66,0.7234286839268472,65,310
73,0.30901699437494745,11,-0.866,9,57,6,897.6,5,356.0,0.8483368139934652,106,0.9755845087103752,98,0.9897692295911674,107,0.93650292700966,111,0.819415605381877,111,533
73,0.30901699437494745,12,-0.9659,12,47,6,896.7,5,562.0,0.9471014752561956,159,0.8893242240231898,155,0.9428181632549288,169,0.9320607148203023,167,0.8577849798493946,163,813
73,0.30901699437494745,13,-1.0,13,38,6,895.8,5,472.0,0.9807882606429678,137,0.7429572736991217,120,0.8313186996321015,132,0.8630272360854597,136,0.8359220021039743,137,662
73,0.30901699437494745,14,-0.9659,13,38,11,895.8,5,404.0,0.9471014752561956,77,0.5464583069417563,59,0.662869330133638,68,0.734107000460922,107,0.7553165955339011,112,423
73,0.30901699437494745,15,-0.866,14,38,6,894.9,5,275.0,0.8483368139934652,76,0.31321838140522257,52,0.44894958161676657,61,0.5540856943390932,73,0.6214618765115443,77,339
73,0.30901699437494745,16,-0.7071,14,41,9,894.9,5,266.0,0.6912249139977522,42,0.05913238634051886,33,0.20413770691466593,39,0.335231451883355,70,0.4434798082876776,76,260
73,0.30901699437494745,17,-0.5,14,41,9,894.9,5,162.0,0.48647267363252145,14,1.326794896677558e-06,10,1.326794896677558e-06,13,0.0924588034392596,42,0.2334995554615202,46,125
73,0.30901699437494745,18,-0.2588,13,44,7,894.9,5,0.0,0.0,0,0.0,0,0.0,0,0.0,0,0.0,0,0
73,0.30901699437494745,19,0.0,12,54,11,894.9,4,0.0,0.0,0,0.0,0,0.0,0,0.0,0,0.0,0,0
73,0.30901699437494745,20,0.2588,10,71,7,894.9,4,0.0,0.0,0,0.0,0,0.0,0,0.0,0,0.0,0,0
73,0.30901699437494745,21,0.5,9,82,11,894.9,4,0.0,0.0,0,0.0,0,0.0,0,0.0,0,0.0,0,0
73,0.30901699437494745,22,0.7071,9,82,9,894.9,5,0.0,0.0,0,0.0,0,0.0,0,0.0,0,0.0,0,0
73,0.30901699437494745,23,0.866,8,81,11,894.9,5,0.0,0.0,0,0.0,0,0.0,0,0.0,0,0.0,0,0
73,0.30901699437494745,24,0.9659,7,87,6,894.1,5,0.0,0.0,0,0.0,0,0.0,0,0.0,0,0.0,0,0
74,0.29260033563334836,1,1.0,7,93,2,894.1,4,0.0,0.0,0,0.0,0,0.0,0,0.0,0,0.0,0,0
74,0.29260033563334836,2,0.9659,7,93,7,893.2,4,0.0,0.0,0,0.0,0,0.0,0,0.0,0,0.0,0,0
74,0.29260033563334836,3,0.866,7,93,7,893.2,4,0.0,0.0,0,0.0,0,0.0,0,0.0,0,0.0,0,0
74,0.29260033563334836,4,0.7071,7,93,9,892.3,4,0.0,0.0,0,0.0,0,0.0,0,0.0,0,0.0,0,0
74,0.29260033563334836,5,0.5,7,93,6,892.3,5,0.0,0.0,0,0.0,0,0.0,0,0.0,0,0.0,0,0
74,0.29260033563334836,6,0.2588,7,93,2,892.3,5,0.0,0.0,0,0.0,0,0.0,0,0.0,0,0.0,0,0
74,0.29260033563334836,7,0.0,7,93,6,892.3,4,0.0,0.0,0,0.0,0,0.0,0,0.0,0,0.0,0,0
74,0.29260033563334836,8,-0.2588,6,10,7,891.4,5,0.0,0.0,0,0.0,0,0.0,0,0.0,0,0.0,0,0
74,0.29260033563334836,9,-0.5,7,93,7,892.3,5,59.0,0.48762947503926296,22,0.8928502118688588,16,0.8375158446798159,14,0.7251062608596458,22,0.5632819755765053,22,96
74,0.29260033563334836,10,-0.7071,7,93,7,892.3,5,122.0,0.6924571775331441,33,0.9705055076730057,26,0.9496165469893354,30,0.864012898863176,33,0.7195283007736372,33,155
74,0.29260033563334836,11,-0.866,9,82,9,892.3,4,158.0,0.8496269816598611,43,0.982741546800581,34,0.9969725372914748,39,0.9432616110698024,43,0.825269072848261,43,202
74,0.29260033563334836,12,-0.9659,9,82,11,892.3,4,110.0,0.9484280429819335,26,0.9287244647832563,19,0.9763565885259361,26,0.9574517377311987,26,0.873298244595005,26,123
74,0.29260033563334836,13,-1.0,9,82,15,891.4,4,169.0,0.9821272437511989,60,0.8121354380884503,45,0.8891736474371807,44,0.905616251211975,60,0.8603427149439027,60,269
74,0.29260033563334836,14,-0.9659,10,76,13,891.4,5,198.0,0.9484280429819335,53,0.6409197806231477,39,0.7413650590394061,47,0.7912876353647148,53,0.7872853736716273,53,245
74,0.29260033563334836,15,-0.866,10,76,13,890.5,5,208.0,0.8496269816598611,48,0.4267455598327152,39,0.5430037358204148,51,0.6222571963982105,48,0.6591049564940906,48,234
74,0.29260033563334836,16,-0.7071,11,71,15,889.6,5,168.0,0.6924571775331442,47,0.18420836345002548,38,0.3076076451889665,43,0.4100440557536255,47,0.4845367306175846,47,222
74,0.29260033563334836,17,-0.5,11,71,15,889.6,5,187.0,0.48762947503926257,69,1.326794896677558e-06,30,0.051218614782781335,41,0.16911016422210037,69,0.2754772131444719,69,278
74,0.29260033563334836,18,-0.2588,11,71,13,888.7,5,101.0,0.24910252019115883,22,1.326794896677558e-06,12,1.326794896677558e-06,19,1.326794896677558e-06,22,0.04617344240107346,22,97
74,0.29260033563334836,19,0.0,10,76,15,888.7,5,0.0,0.0,0,0.0,0,0.0,0,0.0,0,0.0,0,0
74,0.29260033563334836,20,0.2588,9,82,17,888.7,5,0.0,0.0,0,0.0,0,0.0,0,0.0,0,0.0,0,0
74,0.29260033563334836,21,0.5,9,76,22,888.7,5,0.0,0.0,0,0.0,0,0.0,0,0.0,0,0.0,0,0
74,0.29260033563334836,22,0.7071,8,81,19,888.7,5,0.0,0.0,0,0.0,0,0.0,0,0.0,0,0.0,0,0
74,0.29260033563334836,23,0.866,8,81,11,887.9,5,0.0,0.0,0,0.0,0,0.0,0,0.0,0,0.0,0,0
74,0.29260033563334836,24,0.9659,9,71,22,887.0,5,0.0,0.0,0,0.0,0,0.0,0,0.0,0,0.0,0,0
75,0.27609697309746883,1,1.0,8,81,33,886.1,4,0.0,0.0,0,0.0,0,0.0,0,0.0,0,0.0,0,0
75,0.27609697309746883,2,0.9659,7,81,24,886.1,5,0.0,0.0,0,0.0,0,0.0,0,0.0,0,0.0,0,0
75,0.27609697309746883,3,0.866,6,81,13,885.2,5,0.0,0.0,0,0.0,0,0.0,0,0.0,0,0.0,0,0
75,0.27609697309746883,4,0.7071,7,76,15,885.2,4,0.0,0.0,0,0.0,0,0.0,0,0.0,0,0.0,0,0
75,0.27609697309746883,5,0.5,7,71,19,885.2,4,0.0,0.0,0,0.0,0,0.0,0,0.0,0,0.0,0,0
75,0.27609697309746883,6,0.2588,6,81,26,885.2,4,0.0,0.0,0,0.0,0,0.0,0,0.0,0,0.0,0,0
75,0.27609697309746883,7,0.0,6,81,24,885.2,5,0.0,0.0,0,0.0,0,0.0,0,0.0,0,0.0,0,0
75,0.27609697309746883,8,-0.2588,6,76,26,885.2,7,0.0,0.0,0,0.0,0,0.0,0,0.0,0,0.0,0,0
75,0.27609697309746883,9,-0.5,7,61,22,886.1,7,265.0,0.4887648126829344,61,0.8916323506540914,116,0.8378468271040861,116,0.7269635311926955,113,0.5665389642651253,95,501
75,0.27609697309746883,10,-0.7071,7,57,26,887.0,5,263.0,0.693658105032079,85,0.969312513332442,123,0.9499834263352497,126,0.8659146497844864,118,0.7228353223749543,101,553
75,0.27609697309746883,11,-0.866,7,57,24,887.0,5,325.0,0.8508782380294657,125,0.9815524706991563,138,0.9973545809870716,154,0.945188738964285,143,0.8286099545857154,132,692
75,0.27609697309746883,12,-0.9659,8,57,30,887.0,5,583.0,0.9497109374037214,166,0.9275180912662928,182,0.9767320305761352,207,0.9593834095795322,183,0.8766545061593503,169,907
75,0.27609697309746883,13,-1.0,8,53,24,887.9,5,497.0,0.9834209293236097,192,0.8108917319310994,187,0.8895211730828195,215,0.907531325282511,197,0.8636948284001889,187,978
75,0.27609697309746883,14,-0.9659,9,54,17,887.0,5,562.0,0.9497109374037214,164,0.6396212459066036,137,0.7416652520286554,156,0.7931660982506077,154,0.7906140923297722,152,763
75,0.27609697309746883,15,-0.866,10,50,26,887.0,5,564.0,0.8508782380294657,208,0.4253784419131513,145,0.5432404094816519,173,0.6240815324826052,180,0.6623926294381807,183,889
75,0.27609697309746883,16,-0.7071,9,50,20,887.9,5,385.0,0.6936581050320786,125,0.18276357981788816,69,0.307768940231418,86,0.41180043713570996,96,0.487768503662913,103,479
75,0.27609697309746883,17,-0.5,9,50,33,887.9,4,380.0,0.4887648126829344,153,1.326794896677558e-06,40,0.05129780882951809,57,0.1707893940279366,79,0.2786420416351651,100,429
75,0.27609697309746883,18,-0.2588,9,50,24,887.9,5,152.0,0.25016147684400575,65,1.326794896677558e-06,15,1.326794896677558e-06,16,1.326794896677558e-06,21,0.04926484390945573,33,150
75,0.27609697309746883,19,0.0,7,57,19,888.7,5,0.0,0.0,0,0.0,0,0.0,0,0.0,0,0.0,0,0
75,0.27609697309746883,20,0.2588,7,57,19,889.6,5,0.0,0.0,0,0.0,0,0.0,0,0.0,0,0.0,0,0
75,0.27609697309746883,21,0.5,6,61,24,889.6,7,0.0,0.0,0,0.0,0,0.0,0,0.0,0,0.0,0,0
75,0.27609697309746883,22,0.7071,6,61,17,889.6,7,0.0,0.0,0,0.0,0,0.0,0,0.0,0,0.0,0,0
75,0.27609697309746883,23,0.866,5,65,22,888.7,7,0.0,0.0,0,0.0,0,0.0,0,0.0,0,0.0,0,0
75,0.27609697309746883,24,0.9659,5,65,19,888.7,5,0.0,0.0,0,0.0,0,0.0,0,0.0,0,0.0,0,0
76,0.2595117970697999,1,1.0,5,65,20,888.7,7,0.0,0.0,0,0.0,0,0.0,0,0.0,0,0.0,0,0
76,0.2595117970697999,2,0.9659,5,70,6,887.9,5,0.0,0.0,0,0.0,0,0.0,0,0.0,0,0.0,0,0
76,0.2595117970697999,3,0.866,5,70,22,887.9,4,0.0,0.0,0,0.0,0,0.0,0,0.0,0,0.0,0,0
76,0.2595117970697999,4,0.7071,4,81,17,887.0,4,0.0,0.0,0,0.0,0,0.0,0,0.0,0,0.0,0,0
76,0.2595117970697999,5,0.5,3,87,15,887.0,4,0.0,0.0,0,0.0,0,0.0,0,0.0,0,0.0,0,0
76,0.2595117970697999,6,0.2588,1,10,7,886.1,4,0.0,0.0,0,0.0,0,0.0,0,0.0,0,0.0,0,0
76,0.2595117970697999,7,0.0,2,93,7,886.1,5,0.0,0.0,0,0.0,0,0.0,0,0.0,0,0.0,0,0
76,0.2595117970697999,8,-0.2588,3,87,11,886.1,4,0.0,0.0,0,0.0,0,0.0,0,0.0,0,0.0,0,0
76,0.2595117970697999,9,-0.5,2,93,7,885.2,4,85.0,0.4898781556672798,12,0.8903684915507101,15,0.8381372212787247,12,0.7287883889333324,10,0.569773924879916,16,65
76,0.2595117970697999,10,-0.7071,3,93,6,886.1,4,93.0,0.6948270846886766,23,0.9680697476037745,17,0.9503042701279623,17,0.8677772382300759,17,0.7261127234324302,24,98
76,0.2595117970697999,11,-0.866,3,93,7,886.1,4,89.0,0.8520899092122656,23,0.9803130286244612,18,0.9976882879623494,22,0.9470728534544588,24,0.8319160775233714,30,117
76,0.2595117970697999,12,-0.9659,3,93,15,886.1,4,64.0,0.95094944560383,27,0.9262639766251218,14,0.9770601376957136,18,0.9612713784834711,20,0.8799736750448428,22,101
76,0.2595117970697999,13,-1.0,4,87,13,886.1,5,156.0,0.9846685911308454,139,0.8096059390851049,85,0.8898255913180485,99,0.9094052089150194,64,0.8670104754469334,69,456
76,0.2595117970697999,14,-0.9659,6,81,6,886.1,5,584.0,0.95094944560383,254,0.6382889553434077,184,0.7419295290185126,213,0.795008932595834,195,0.7939098979280642,193,1039
76,0.2595117970697999,15,-0.866,9,50,20,886.1,5,785.0,0.8520899092122656,246,0.42398797550410683,162,0.5434508061056759,197,0.6258784537142259,226,0.6656536179869894,227,1058
76,0.2595117970697999,16,-0.7071,9,46,17,886.1,7,614.0,0.6948270846886766,218,0.18130723329527124,90,0.3079153968286272,126,0.41353971572861736,160,0.4909820750983851,175,769
76,0.2595117970697999,17,-0.5,9,40,22,886.1,5,530.0,0.4898781556672798,135,1.326794896677558e-06,56,0.05137462313413079,71,0.1724632287358454,113,0.28179882733586736,134,509
76,0.2595117970697999,18,-0.2588,8,46,9,887.0,7,227.0,0.25121002956804983,61,1.326794896677558e-06,18,1.326794896677558e-06,17,1.326794896677558e-06,27,0.05235934517713463,45,168
76,0.2595117970697999,19,0.0,7,49,6,887.9,7,0.0,0.0,0,0.0,0,0.0,0,0.0,0,0.0,0,0
76,0.2595117970697999,20,0.2588,6,53,9,887.9,7,0.0,0.0,0,0.0,0,0.0,0,0.0,0,0.0,0,0
76,0.2595117970697999,21,0.5,5,57,6,889.6,7,0.0,0.0,0,0.0,0,0.0,0,0.0,0,0.0,0,0
76,0.2595117970697999,22,0.7071,3,65,7,889.6,7,0.0,0.0,0,0.0,0,0.0,0,0.0,0,0.0,0,0
76,0.2595117970697999,23,0.866,2,70,6,889.6,7,0.0,0.0,0,0.0,0,0.0,0,0.0,0,0.0,0,0
76,0.2595117970697999,24,0.9659,2,70,9,890.5,10,0.0,0.0,0,0.0,0,0.0,0,0.0,0,0.0,0,0
77,0.2428497220959356,1,1.0,1,81,9,890.5,10,0.0,0.0,0,0.0,0,0.0,0,0.0,0,0.0,0,0
77,0.2428497220959356,2,0.9659,1,75,9,890.5,7,0.0,0.0,0,0.0,0,0.0,0,0.0,0,0.0,0,0
77,0.2428497220959356,3,0.866,1,75,7,890.5,7,0.0,0.0,0,0.0,0,0.0,0,0.0,0,0.0,0,0
77,0.2428497220959356,4,0.7071,-1,93,4,890.5,7,0.0,0.0,0,0.0,0,0.0,0,0.0,0,0.0,0,0
77,0.2428497220959356,5,0.5,0,93,7,890.5,7,0.0,0.0,0,0.0,0,0.0,0,0.0,0,0.0,0,0
77,0.2428497220959356,6,0.2588,0,87,7,891.4,5,0.0,0.0,0,0.0,0,0.0,0,0.0,0,0.0,0,0
77,0.2428497220959356,7,0.0,0,87,6,891.4,5,0.0,0.0,0,0.0,0,0.0,0,0.0,0,0.0,0,0
77,0.2428497220959356,8,-0.2588,1,87,4,891.4,2,0.0,0.0,0,0.0,0,0.0,0,0.0,0,0.0,0,0
77,0.2428497220959356,9,-0.5,1,87,9,892.3,2,48.0,0.4909690013051024,13,0.8890588563036803,10,0.8383867247420201,15,0.7305800280253449,14,0.572985602701413,15,67
77,0.2428497220959356,10,-0.7071,1,93,7,893.2,5,251.0,0.6959635451645476,68,0.9667774062045389,123,0.950578738333437,165,0.8695998115870315,101,0.7293591968583099,91,548
77,0.2428497220959356,11,-0.866,3,93,11,893.2,4,490.0,0.8532613711919614,143,0.9790234121929248,163,0.9979733023111634,191,0.9489130753659812,165,0.8351860991328666,153,815
77,0.2428497220959356,12,-0.9659,3,87,13,893.2,5,633.0,0.9521429104512428,202,0.9249623305808728,212,0.977340560888288,252,0.9631147605126338,215,0.88325439262542,203,1084
77,0.2428497220959356,13,-1.0,7,66,15,892.3,5,885.0,0.9858695607470758,240,0.8082783378047044,246,0.8900866064182799,257,0.9112370525592438,251,0.8702883106036107,236,1230
77,0.2428497220959356,14,-0.9659,7,57,7,892.3,7,582.0,0.9521429104512428,188,0.6369232151171035,157,0.7421576197737233,201,0.796815310162474,176,0.797171460668948,173,895
77,0.2428497220959356,15,-0.866,8,34,19,892.3,7,472.0,0.8532613711919614,185,0.4225745385731255,130,0.5436347219411755,137,0.6276471885083073,159,0.6688866353045507,160,771
77,0.2428497220959356,16,-0.7071,8,37,20,892.3,5,585.0,0.6959635451645475,187,0.1798397831400777,102,0.3080468901260219,113,0.4152611910740698,145,0.49417621659717387,156,703
77,0.2428497220959356,17,-0.5,9,30,24,892.3,7,465.0,0.4909690013051024,182,1.326794896677558e-06,46,0.05144901877492049,47,0.17413104864021367,93,0.2849464119891261,117,485
77,0.2428497220959356,18,-0.2588,8,34,24,892.3,7,195.0,0.2522477556221075,95,1.326794896677558e-06,24,1.326794896677558e-06,19,1.326794896677558e-06,25,0.05545586480112113,40,203
77,0.2428497220959356,19,0.0,6,42,15,893.2,7,0.0,0.0,0,0.0,0,0.0,0,0.0,0,0.0,0,0
77,0.2428497220959356,20,0.2588,5,53,11,894.1,7,0.0,0.0,0,0.0,0,0.0,0,0.0,0,0.0,0,0
77,0.2428497220959356,21,0.5,4,56,11,894.1,7,0.0,0.0,0,0.0,0,0.0,0,0.0,0,0.0,0,0
77,0.2428497220959356,22,0.7071,4,61,7,894.9,7,0.0,0.0,0,0.0,0,0.0,0,0.0,0,0.0,0,0
77,0.2428497220959356,23,0.866,5,53,13,894.9,5,0.0,0.0,0,0.0,0,0.0,0,0.0,0,0.0,0,0
77,0.2428497220959356,24,0.9659,4,56,6,894.9,5,0.0,0.0,0,0.0,0,0.0,0,0.0,0,0.0,0,0
78,0.22611568550828828,1,1.0,2,75,4,895.8,5,0.0,0.0,0,0.0,0,0.0,0,0.0,0,0.0,0,0
78,0.22611568550828828,2,0.9659,2,75,4,895.8,10,0.0,0.0,0,0.0,0,0.0,0,0.0,0,0.0,0,0
78,0.22611568550828828,3,0.866,1,81,2,895.8,10,0.0,0.0,0,0.0,0,0.0,0,0.0,0,0.0,0,0
78,0.22611568550828828,4,0.7071,-1,86,4,895.8,10,0.0,0.0,0,0.0,0,0.0,0,0.0,0,0.0,0,0
78,0.22611568550828828,5,0.5,-1,93,0,896.7,10,0.0,0.0,0,0.0,0,0.0,0,0.0,0,0.0,0,0
78,0.22611568550828828,6,0.2588,-3,93,4,896.7,10,0.0,0.0,0,0.0,0,0.0,0,0.0,0,0.0,0,0
78,0.22611568550828828,7,0.0,-1,86,6,897.6,10,0.0,0.0,0,0.0,0,0.0,0,0.0,0,0.0,0,0
78,0.22611568550828828,8,-0.2588,0,93,6,897.6,10,89.0,0.25327424654360187,22,0.7497851049199196,14,0.6692219531638116,15,0.5430525266647331,17,0.37987505080890366,17,85
78,0.22611568550828828,9,-0.5,2,87,11,897.6,10,284.0,0.49203687557292536,96,0.8877037216469408,128,0.8385950854934676,129,0.7323376849071179,122,0.5761727746422063,103,578
78,0.22611568550828828,10,-0.7071,4,65,13,897.6,10,501.0,0.6970669561377948,151,0.9654357445244874,233,0.950806548139426,237,0.871381568114234,215,0.7325734766198141,182,1018
78,0.22611568550828828,11,-0.866,5,65,17,897.6,5,569.0,0.8543920504473611,195,0.9776838734311255,224,0.9982093282051062,238,0.9507085811756437,220,0.8384187243178393,202,1079
78,0.22611568550828828,12,-0.9659,7,57,17,897.6,7,660.0,0.9532907312685563,220,0.923613420007155,201,0.9775730099919032,221,0.96491272824355,205,0.8864953506035685,189,1036
78,0.22611568550828828,13,-1.0,9,54,19,896.7,7,818.0,0.9870232282324193,263,0.8069091976092503,251,0.8903039281797128,273,0.9130260260651578,263,0.8735270203472769,248,1298
78,0.22611568550828828,14,-0.9659,10,47,15,895.8,7,814.0,0.9532907312685563,249,0.6355243712067632,221,0.7423492987215694,248,0.7985844491984793,246,0.800397495896146,240,1204
78,0.22611568550828828,15,-0.866,11,44,20,894.9,7,538.0,0.8543920504473611,106,0.42113853596683415,97,0.5437919859365766,114,0.6293870015720476,119,0.6720904319658564,121,557
78,0.22611568550828828,16,-0.7071,13,31,22,894.1,7,169.0,0.6970669561377948,104,0.17836170086233058,41,0.30816331377246986,49,0.41696418620757797,54,0.4973497267155308,59,307
78,0.22611568550828828,17,-0.5,12,35,20,894.1,7,357.0,0.49203687557292536,104,1.326794896677558e-06,47,0.05152095987128089,63,0.17579224299894106,80,0.2880836516125792,98,392
78,0.22611568550828828,18,-0.2588,13,36,22,894.9,7,176.0,0.25327424654360164,79,1.326794896677558e-06,24,1.326794896677558e-06,23,1.326794896677558e-06,24,0.05855332182463584,36,186
78,0.22611568550828828,19,0.0,11,38,19,895.8,7,0.0,0.0,0,0.0,0,0.0,0,0.0,0,0.0,0,0
78,0.22611568550828828,20,0.2588,10,40,20,895.8,7,0.0,0.0,0,0.0,0,0.0,0,0.0,0,0.0,0,0
78,0.22611568550828828,21,0.5,9,46,17,896.7,10,0.0,0.0,0,0.0,0,0.0,0,0.0,0,0.0,0,0
78,0.22611568550828828,22,0.7071,7,57,20,896.7,10,0.0,0.0,0,0.0,0,0.0,0,0.0,0,0.0,0,0
78,0.22611568550828828,23,0.866,8,53,19,897.6,10,0.0,0.0,0,0.0,0,0.0,0,0.0,0,0.0,0,0
78,0.22611568550828828,24,0.9659,7,57,28,897.6,10,0.0,0.0,0,0.0,0,0.0,0,0.0,0,0.0,0,0
79,0.20931464596304847,1,1.0,7,57,15,897.6,10,0.0,0.0,0,0.0,0,0.0,0,0.0,0,0.0,0,0
79,0.20931464596304847,2,0.9659,6,61,17,897.6,10,0.0,0.0,0,0.0,0,0.0,0,0.0,0,0.0,0,0
79,0.20931464596304847,3,0.866,6,61,17,898.5,10,0.0,0.0,0,0.0,0,0.0,0,0.0,0,0.0,0,0
79,0.20931464596304847,4,0.7071,7,57,15,897.6,10,0.0,0.0,0,0.0,0,0.0,0,0.0,0,0.0,0,0
79,0.20931464596304847,5,0.5,5,65,7,897.6,10,0.0,0.0,0,0.0,0,0.0,0,0.0,0,0.0,0,0
79,0.20931464596304847,6,0.2588,4,75,9,897.6,10,0.0,0.0,0,0.0,0,0.0,0,0.0,0,0.0,0,0
79,0.20931464596304847,7,0.0,4,75,6,898.5,5,0.0,0.0,0,0.0,0,0.0,0,0.0,0,0.0,0,0
79,0.20931464596304847,8,-0.2588,3,81,6,898.5,5,0.0,0.0,0,0.0,0,0.0,0,0.0,0,0.0,0,0
79,0.20931464596304847,9,-0.5,5,76,2,898.5,5,78.0,0.4930813335269948,21,0.8863034192851316,17,0.8387621023252217,20,0.7340606391702234,22,0.5793342501877864,24,104
79,0.20931464596304847,10,-0.7071,6,70,7,899.4,5,223.0,0.6981368287964481,67,0.9640450776366742,63,0.9509874743292991,69,0.873121757653458,73,0.7357543387390497,73,345
79,0.20931464596304847,11,-0.866,8,62,6,898.5,5,323.0,0.8554814245052267,107,0.9762947247915011,99,0.998396130285241,110,0.9524586037524294,114,0.8416127064538133,114,544
79,0.20931464596304847,12,-0.9659,10,58,19,898.5,5,489.0,0.9543923644221755,124,0.9222175689253497,114,0.9777572540629726,126,0.966664511506087,129,0.8896952920683648,128,621
79,0.20931464596304847,13,-1.0,11,54,17,897.6,5,583.0,0.9881290427358779,191,0.805498884359374,172,0.8904773581044692,192,0.9147713801037028,189,0.8767253555831929,186,930
79,0.20931464596304847,14,-0.9659,12,47,17,896.7,5,602.0,0.9543923644221755,186,0.6340928092734743,152,0.7425043852469715,172,0.8003156151212801,175,0.8035867651201803,176,861
79,0.20931464596304847,15,-0.866,13,41,22,895.8,5,549.0,0.8554814245052267,183,0.41968039921646955,135,0.5439224599601605,157,0.631097194524319,162,0.6752637969339244,165,802
79,0.20931464596304847,16,-0.7071,12,47,17,895.8,5,279.0,0.6981368287964481,85,0.1768734699380165,63,0.30826458005141505,73,0.4186480481979306,78,0.500501431803863,82,381
79,0.20931464596304847,17,-0.5,13,47,24,894.9,5,388.0,0.4930813335269952,131,1.326794896677558e-06,43,0.051590413617918794,59,0.177446210481857,75,0.29120941733100614,93,401
79,0.20931464596304847,18,-0.2588,14,44,17,894.9,5,154.0,0.25428910847439556,72,1.326794896677558e-06,22,1.326794896677558e-06,23,1.326794896677558e-06,25,0.061650636482478906,35,177
79,0.20931464596304847,19,0.0,12,51,11,894.9,7,53.0,0.0,23,1.326794896677558e-06,10,1.326794896677558e-06,11,1.326794896677558e-06,11,1.326794896677558e-06,12,67
79,0.20931464596304847,20,0.2588,11,54,11,894.9,7,0.0,0.0,0,0.0,0,0.0,0,0.0,0,0.0,0,0
79,0.20931464596304847,21,0.5,8,66,7,895.8,7,0.0,0.0,0,0.0,0,0.0,0,0.0,0,0.0,0,0
79,0.20931464596304847,22,0.7071,9,62,9,895.8,10,0.0,0.0,0,0.0,0,0.0,0,0.0,0,0.0,0,0
79,0.20931464596304847,23,0.866,8,66,11,894.9,10,0.0,0.0,0,0.0,0,0.0,0,0.0,0,0.0,0,0
79,0.20931464596304847,24,0.9659,5,81,7,895.8,10,0.0,0.0,0,0.0,0,0.0,0,0.0,0,0.0,0,0
80,0.19245158197082998,1,1.0,7,71,7,895.8,10,0.0,0.0,0,0.0,0,0.0,0,0.0,0,0.0,0,0
80,0.19245158197082998,2,0.9659,4,81,9,895.8,10,0.0,0.0,0,0.0,0,0.0,0,0.0,0,0.0,0,0
80,0.19245158197082998,3,0.866,3,87,7,895.8,10,0.0,0.0,0,0.0,0,0.0,0,0.0,0,0.0,0,0
80,0.19245158197082998,4,0.7071,2,87,7,895.8,10,0.0,0.0,0,0.0,0,0.0,0,0.0,0,0.0,0,0
80,0.19245158197082998,5,0.5,2,87,7,894.9,10,0.0,0.0,0,0.0,0,0.0,0,0.0,0,0.0,0,0
80,0.19245158197082998,6,0.2588,1,93,7,894.9,10,0.0,0.0,0,0.0,0,0.0,0,0.0,0,0.0,0,0
80,0.19245158197082998,7,0.0,1,93,4,895.8,10,0.0,0.0,0,0.0,0,0.0,0,0.0,0,0.0,0,0
80,0.19245158197082998,8,-0.2588,2,93,6,895.8,10,45.0,0.2552919624670687,12,0.7469123568589542,12,0.6694808904939514,13,0.5464255036981406,16,0.38613220554531785,16,69
80,0.19245158197082998,9,-0.5,6,87,6,895.8,7,174.0,0.4941019596798611,56,0.8848583357991654,75,0.8388876250838854,79,0.7357482141595861,76,0.5824688722941881,68,354
80,0.19245158197082998,10,-0.7071,9,71,4,895.8,7,418.0,0.6991727162754151,121,0.9626057802259136,179,0.9511213495768742,182,0.8748196822704809,166,0.7389006022367064,144,792
80,0.19245158197082998,11,-0.866,11,62,6,894.9,7,634.0,0.8565290224235523,193,0.9748563390844135,238,0.9985335339708877,249,0.9541624330219798,231,0.8447668483630594,206,1117
80,0.19245158197082998,12,-0.9659,14,48,13,894.9,7,741.0,0.9554473238347123,229,0.9207751584207534,246,0.977893121678988,262,0.9683693980520957,248,0.8928530124844939,229,1214
80,0.19245158197082998,13,-1.0,15,45,17,894.1,7,776.0,0.9891865130176661,243,0.8040477841319917,230,0.890606727618341,249,0.9164724029376312,242,0.8798821099147556,230,1194
80,0.19245158197082998,14,-0.9659,17,39,17,893.2,7,763.0,0.9554473238347123,241,0.6326289544916595,199,0.74262274392594,225,0.8020081211374587,223,0.8067380769820423,218,1106
80,0.19245158197082998,15,-0.866,19,35,19,892.3,7,673.0,0.8565290224235523,219,0.41820058630606954,149,0.5440260389750506,176,0.6327771064655214,182,0.6784055584856872,185,911
80,0.19245158197082998,16,-0.7071,19,30,4,891.4,7,547.0,0.6991727162754151,180,0.17537558550578689,93,0.30835061998647667,118,0.42031214865449695,133,0.5036301868811669,147,671
80,0.19245158197082998,17,-0.5,20,28,17,890.5,7,428.0,0.4941019596798611,148,1.326794896677558e-06,52,0.05165735031488008,68,0.17909235960700573,85,0.2943225961891415,102,455
80,0.19245158197082998,18,-0.2588,19,26,17,890.5,7,192.0,0.2552919624670687,75,1.326794896677558e-06,25,1.326794896677558e-06,27,1.326794896677558e-06,30,0.06474673094625609,42,199
80,0.19245158197082998,19,0.0,17,30,22,891.4,10,45.0,0.0,15,1.326794896677558e-06,10,1.326794896677558e-06,10,1.326794896677558e-06,10,1.326794896677558e-06,11,56
80,0.19245158197082998,20,0.2588,15,36,13,891.4,10,0.0,0.0,0,0.0,0,0.0,0,0.0,0,0.0,0,0
80,0.19245158197082998,21,0.5,14,38,11,892.3,10,0.0,0.0,0,0.0,0,0.0,0,0.0,0,0.0,0,0
80,0.19245158197082998,22,0.7071,12,41,9,892.3,10,0.0,0.0,0,0.0,0,0.0,0,0.0,0,0.0,0,0
80,0.19245158197082998,23,0.866,9,54,11,892.3,10,0.0,0.0,0,0.0,0,0.0,0,0.0,0,0.0,0,0
80,0.19245158197082998,24,0.9659,9,50,9,891.4,10,0.0,0.0,0,0.0,0,0.0,0,0.0,0,0.0,0,0
81,0.1755314904214282,1,1.0,9,54,9,891.4,10,0.0,0.0,0,0.0,0,0.0,0,0.0,0,0.0,0,0
81,0.1755314904214282,2,0.9659,6,66,6,890.5,10,0.0,0.0,0,0.0,0,0.0,0,0.0,0,0.0,0,0
81,0.1755314904214282,3,0.866,5,70,4,889.6,10,0.0,0.0,0,0.0,0,0.0,0,0.0,0,0.0,0,0
81,0.1755314904214282,4,0.7071,4,75,4,888.7,10,0.0,0.0,0,0.0,0,0.0,0,0.0,0,0.0,0,0
81,0.1755314904214282,5,0.5,5,70,4,887.9,10,0.0,0.0,0,0.0,0,0.0,0,0.0,0,0.0,0,0
81,0.1755314904214282,6,0.2588,4,81,6,887.9,5,0.0,0.0,0,0.0,0,0.0,0,0.0,0,0.0,0,0
81,0.1755314904214282,7,0.0,7,71,11,888.7,4,0.0,0.0,0,0.0,0,0.0,0,0.0,0,0.0,0,0
81,0.1755314904214282,8,-0.2588,7,76,4,888.7,4,0.0,0.0,0,0.0,0,0.0,0,0.0,0,0.0,0,0
81,0.1755314904214282,9,-0.5,9,82,7,888.7,4,48.0,0.49509836833682175,16,0.8833689124758176,11,0.8389715548621428,14,0.737399777514101,16,0.5855755182407478,18,75
81,0.1755314904214282,10,-0.7071,11,82,13,888.7,5,177.0,0.7001742140361302,52,0.9611182864347497,47,0.9512080646616945,53,0.8764746968249976,57,0.7420111300177699,58,267
81,0.1755314904214282,11,-0.866,12,72,13,888.7,5,384.0,0.857534425204362,120,0.9733691493267009,128,0.9986214256848913,137,0.9558194165532261,135,0.8478800032226139,129,649
81,0.1755314904214282,12,-0.9659,16,63,15,887.9,7,664.0,0.9564551814186254,201,0.9192866264797362,211,0.9779805011594384,229,0.9700267341450367,217,0.8959673606103971,202,1060
81,0.1755314904214282,13,-1.0,19,49,17,886.1,7,798.0,0.9901952078899606,245,0.8025563535486289,233,0.8906919395192624,254,0.918128450165482,245,0.8829961356559776,232,1209
81,0.1755314904214282,14,-0.9659,21,28,43,885.2,6,786.0,0.9564551814186254,248,0.6311332713255235,205,0.7427042846969248,231,0.8036613287973241,231,0.8098502881531965,225,1140
81,0.1755314904214282,15,-0.866,21,28,35,885.2,6,699.0,0.857534425204362,234,0.41669958140374563,158,0.5441026511687205,189,0.6344261144965024,196,0.6815145850849604,200,977
81,0.1755314904214282,16,-0.7071,20,33,37,886.1,6,585.0,0.7001742140361302,208,0.17386855404707666,99,0.3084213834213125,129,0.42195588420138913,147,0.5067348764711781,160,743
81,0.1755314904214282,17,-0.5,20,33,35,886.1,9,388.0,0.49509836833682175,148,1.326794896677558e-06,42,0.05172174339333588,58,0.18073010916399176,77,0.29742209194372693,97,422
81,0.1755314904214282,18,-0.2588,18,34,28,887.0,10,199.0,0.2562824447710524,89,1.326794896677558e-06,24,1.326794896677558e-06,25,1.326794896677558e-06,27,0.06784053006806845,41,206
81,0.1755314904214282,19,0.0,17,34,17,887.0,10,36.0,0.0,10,1.326794896677558e-06,10,1.326794896677558e-06,10,1.326794896677558e-06,10,1.326794896677558e-06,10,50
81,0.1755314904214282,20,0.2588,15,39,15,888.7,10,0.0,0.0,0,0.0,0,0.0,0,0.0,0,0.0,0,0
81,0.1755314904214282,21,0.5,14,51,9,888.7,7,0.0,0.0,0,0.0,0,0.0,0,0.0,0,0.0,0,0
81,0.1755314904214282,22,0.7071,14,51,20,889.6,5,0.0,0.0,0,0.0,0,0.0,0,0.0,0,0.0,0,0
81,0.1755314904214282,23,0.866,13,54,20,889.6,5,0.0,0.0,0,0.0,0,0.0,0,0.0,0,0.0,0,0
81,0.1755314904214282,24,0.9659,13,51,15,890.5,5,0.0,0.0,0,0.0,0,0.0,0,0.0,0,0.0,0,0
82,0.15855938510313478,1,1.0,13,51,7,889.6,5,0.0,0.0,0,0.0,0,0.0,0,0.0,0,0.0,0,0
82,0.15855938510313478,2,0.9659,12,51,9,889.6,5,0.0,0.0,0,0.0,0,0.0,0,0.0,0,0.0,0,0
82,0.15855938510313478,3,0.866,12,54,6,888.7,5,0.0,0.0,0,0.0,0,0.0,0,0.0,0,0.0,0,0
82,0.15855938510313478,4,0.7071,12,51,15,887.9,5,0.0,0.0,0,0.0,0,0.0,0,0.0,0,0.0,0,0
82,0.15855938510313478,5,0.5,13,41,19,887.0,5,0.0,0.0,0,0.0,0,0.0,0,0.0,0,0.0,0,0
82,0.15855938510313478,6,0.2588,12,51,22,886.1,5,0.0,0.0,0,0.0,0,0.0,0,0.0,0,0.0,0,0
82,0.15855938510313478,7,0.0,11,58,30,886.1,5,0.0,0.0,0,0.0,0,0.0,0,0.0,0,0.0,0,0
82,0.15855938510313478,8,-0.2588,10,71,22,886.1,4,29.0,0.25726020709808306,10,0.6377740675597618,10,0.5829640824063111,10,0.4884261546468319,18,0.3606028793387042,19,67
82,0.15855938510313478,9,-0.5,9,87,13,885.2,5,56.0,0.49607020389160555,16,0.8009382478366323,14,0.7729613944103441,16,0.6923086037735627,45,0.5644762220286764,47,138
82,0.15855938510313478,10,-0.7071,9,87,4,884.3,4,137.0,0.7011409601881909,42,0.9093841651748487,36,0.9102603183335503,42,0.8491038456918829,28,0.7300824530539782,31,179
82,0.15855938510313478,11,-0.866,9,93,7,882.6,4,93.0,0.8584972661352644,28,0.955721421712836,21,0.9855041751188925,25,0.9481265615301526,80,0.846135799290685,82,236
82,0.15855938510313478,12,-0.9659,10,87,7,881.7,4,220.0,0.9574155674302911,77,0.9367922152107722,64,0.9935652288833496,74,0.9826285280744773,37,0.9047274296199332,41,293
82,0.15855938510313478,13,-1.0,10,87,9,880.8,2,129.0,0.9911547565752411,37,0.8538865445008278,28,0.9338941386277965,33,0.950258501176144,32,0.9018644297166931,33,163
82,0.15855938510313478,14,-0.9659,11,88,4,879.9,5,108.0,0.9574155674302911,30,0.7126542647025338,26,0.8105573673803856,30,0.8532224294520354,12,0.8377419020007415,13,111
82,0.15855938510313478,15,-0.866,11,88,15,879.0,4,37.0,0.8584972661352644,11,0.522720126444437,10,0.6319601144974532,10,0.6981331613768653,0,0.7167296897278156,0,31
82,0.15855938510313478,16,-0.7071,7,81,31,879.9,4,8.0,0.7011409601881909,10,0.2970277993471422,10,0.41027346161052025,10,0.495559752776722,0,0.5470745599726353,0,30
82,0.15855938510313478,17,-0.5,6,81,22,880.8,4,5.0,0.49607020389160555,10,0.05095781759244286,10,0.16060496239701755,10,0.25930722381846044,0,0.340338211205497,0,30
82,0.15855938510313478,18,-0.2588,6,87,17,879.9,4,2.0,0.25726020709808306,10,1.326794896677558e-06,10,1.326794896677558e-06,10,0.0054757674216237,0,0.11060936217731165,0,30
82,0.15855938510313478,19,0.0,6,87,6,880.8,4,0.0,0.0,0,0.0,0,0.0,0,0.0,0,0.0,0,0
82,0.15855938510313478,20,0.2588,6,87,11,879.9,4,0.0,0.0,0,0.0,0,0.0,0,0.0,0,0.0,0,0
82,0.15855938510313478,21,0.5,5,93,11,879.9,5,0.0,0.0,0,0.0,0,0.0,0,0.0,0,0.0,0,0
82,0.15855938510313478,22,0.7071,4,93,17,880.8,5,0.0,0.0,0,0.0,0,0.0,0,0.0,0,0.0,0,0
82,0.15855938510313478,23,0.866,4,93,26,879.9,2,0.0,0.0,0,0.0,0,0.0,0,0.0,0,0.0,0,0
82,0.15855938510313478,24,0.9659,1,93,22,881.7,2,0.0,0.0,0,0.0,0,0.0,0,0.0,0,0.0,0,0
83,0.141540295217043,1,1.0,0,10,19,881.7,2,0.0,0.0,0,0.0,0,0.0,0,0.0,0,0.0,0,0
83,0.141540295217043,2,0.9659,0,93,22,881.7,3,0.0,0.0,0,0.0,0,0.0,0,0.0,0,0.0,0,0
83,0.141540295217043,3,0.866,0,93,7,881.7,5,0.0,0.0,0,0.0,0,0.0,0,0.0,0,0.0,0,0
83,0.141540295217043,4,0.7071,1,75,6,882.6,5,0.0,0.0,0,0.0,0,0.0,0,0.0,0,0.0,0,0
83,0.141540295217043,5,0.5,0,80,24,882.6,5,0.0,0.0,0,0.0,0,0.0,0,0.0,0,0.0,0,0
83,0.141540295217043,6,0.2588,-1,93,19,882.6,5,0.0,0.0,0,0.0,0,0.0,0,0.0,0,0.0,0,0
83,0.141540295217043,7,0.0,-1,93,24,883.4,5,0.0,0.0,0,0.0,0,0.0,0,0.0,0,0.0,0,0
83,0.141540295217043,8,-0.2588,-1,93,24,884.3,5,0.0,0.0,0,0.0,0,0.0,0,0.0,0,0.0,0,0
83,0.141540295217043,9,-0.5,-1,93,24,884.3,3,130.0,0.497017141080737,10,0.7988873472674991,10,0.7725747509530005,23,0.6936125666462866,36,0.5673819286038218,12,91
83,0.141540295217043,10,-0.7071,0,80,22,884.3,3,297.0,0.7020726357523791,19,0.9073251941363306,23,0.9098634570456097,78,0.8503961396406454,94,0.7329758347771737,28,242
83,0.141540295217043,11,-0.866,0,87,20,885.2,3,415.0,0.8594172310591143,33,0.9536590022853804,56,0.9851017141577855,119,0.949411486075559,128,0.8490205440418176,88,424
83,0.141540295217043,12,-0.9659,1,87,24,885.2,3,578.0,0.958328170743844,139,0.9347312044829181,152,0.9931621680158732,173,0.983910884938439,177,0.9076078138459203,178,819
83,0.141540295217043,13,-1.0,0,87,20,885.2,3,328.0,0.992064848981554,92,0.8518317034956036,67,0.9334955184524267,79,0.9515432670240019,91,0.9047450269951572,100,429
83,0.141540295217043,14,-0.9659,1,81,19,884.3,5,208.0,0.958328170743844,59,0.710609934158532,44,0.8101679260187156,52,0.8545144168901629,58,0.8406272714455304,62,275
83,0.141540295217043,15,-0.866,1,81,20,884.3,5,167.0,0.8594172310591143,47,0.5206899306247569,35,0.6315839643988027,41,0.6994366907774783,47,0.7196240651972737,51,221
83,0.141540295217043,16,-0.7071,1,81,19,883.4,5,143.0,0.7020726357523791,38,0.29501439928401835,29,0.4099138094946005,34,0.49687835800244706,39,0.549981561627953,42,182
83,0.141540295217043,17,-0.5,1,81,19,883.4,5,76.0,0.497017141080737,20,0.04896272965988473,14,0.16026389066802435,18,0.2606434113710019,20,0.34326059880267956,23,95
83,0.141540295217043,18,-0.2588,0,87,22,883.4,2,27.0,0.2582249168664903,10,1.326794896677558e-06,10,1.326794896677558e-06,10,0.006830845644999076,10,0.11354884701926538,10,50
83,0.141540295217043,19,0.0,-1,10,20,883.4,2,0.0,0.0,0,0.0,0,0.0,0,0.0,0,0.0,0,0
83,0.141540295217043,20,0.2588,0,80,26,883.4,3,0.0,0.0,0,0.0,0,0.0,0,0.0,0,0.0,0,0
83,0.141540295217043,21,0.5,0,75,41,883.4,2,0.0,0.0,0,0.0,0,0.0,0,0.0,0,0.0,0,0
83,0.141540295217043,22,0.7071,-1,80,33,883.4,2,0.0,0.0,0,0.0,0,0.0,0,0.0,0,0.0,0,0
83,0.141540295217043,23,0.866,-1,80,35,883.4,2,0.0,0.0,0,0.0,0,0.0,0,0.0,0,0.0,0,0
83,0.141540295217043,24,0.9659,-2,80,43,884.3,2,0.0,0.0,0,0.0,0,0.0,0,0.0,0,0.0,0,0
84,0.12447926388678915,1,1.0,-1,75,37,885.2,2,0.0,0.0,0,0.0,0,0.0,0,0.0,0,0.0,0,0
84,0.12447926388678915,2,0.9659,-1,69,26,886.1,3,0.0,0.0,0,0.0,0,0.0,0,0.0,0,0.0,0,0
84,0.12447926388678915,3,0.866,-2,74,20,887.0,3,0.0,0.0,0,0.0,0,0.0,0,0.0,0,0.0,0,0
84,0.12447926388678915,4,0.7071,-2,74,30,887.0,5,0.0,0.0,0,0.0,0,0.0,0,0.0,0,0.0,0,0
84,0.12447926388678915,5,0.5,-2,74,31,887.9,3,0.0,0.0,0,0.0,0,0.0,0,0.0,0,0.0,0,0
84,0.12447926388678915,6,0.2588,-2,74,17,888.7,3,0.0,0.0,0,0.0,0,0.0,0,0.0,0,0.0,0,0
84,0.12447926388678915,7,0.0,-2,74,15,889.6,3,0.0,0.0,0,0.0,0,0.0,0,0.0,0,0.0,0,0
84,0.12447926388678915,8,-0.2588,-3,86,11,890.5,3,39.0,0.2591762574238383,11,0.6336662533335711,10,0.5821904227781376,10,0.49103937359006955,13,0.36642489098162057,14,58
84,0.12447926388678915,9,-0.5,-2,74,4,891.4,3,162.0,0.49793888519609714,49,0.7967980700029976,36,0.7721500483984535,49,0.6948813816796697,53,0.5702577938597196,54,241
84,0.12447926388678915,10,-0.7071,-1,75,17,892.3,5,482.0,0.7029689648645684,153,0.9052224770735783,204,0.9094217387734814,211,0.8516455225696175,195,0.7358311757550985,172,935
84,0.12447926388678915,11,-0.866,0,69,19,892.3,5,725.0,0.8602940585712784,231,0.9515505426028831,265,0.9846506707701803,290,0.9506485968300369,263,0.8518615020633955,238,1287
84,0.12447926388678915,12,-0.9659,1,65,26,893.2,5,585.0,0.9591927390442633,177,0.932625090714951,172,0.9927101256063858,204,0.9851437197646136,183,0.9104415103783318,176,912
84,0.12447926388678915,13,-1.0,0,69,22,893.2,5,432.0,0.9929252358941765,147,0.8497358575434917,128,0.9330508656764871,151,0.9527801096583707,149,0.907579076330051,151,726
84,0.12447926388678915,14,-0.9659,0,69,19,894.1,3,362.0,0.9591927390442633,105,0.7085315979988941,82,0.8097385641237019,95,0.8557632893909071,105,0.8434692697558599,111,498
84,0.12447926388678915,15,-0.866,0,69,11,893.2,3,296.0,0.8602940585712784,85,0.5186351331296516,65,0.631176736399738,75,0.7007047839556838,84,0.7224810610378501,90,399
84,0.12447926388678915,16,-0.7071,0,69,15,893.2,5,363.0,0.7029689648645684,126,0.2929875719312408,83,0.40953405553651934,97,0.4981715567362129,106,0.5528595835478097,111,523
84,0.12447926388678915,17,-0.5,0,64,15,893.2,5,235.0,0.49793888519609697,79,0.046966397755256656,48,0.15991507858245038,58,0.2619658896697626,65,0.3461642425080178,69,319
84,0.12447926388678915,18,-0.2588,0,60,15,893.2,5,169.0,0.25917625742383854,62,1.326794896677558e-06,30,1.326794896677558e-06,34,0.00818478221546267,40,0.11648096220886071,48,214
84,0.12447926388678915,19,0.0,-1,80,15,894.1,5,39.0,0.002952333095899428,11,1.326794896677558e-06,10,1.326794896677558e-06,10,1.326794896677558e-06,10,1.326794896677558e-06,11,52
84,0.12447926388678915,20,0.2588,-1,80,13,894.1,5,0.0,0.0,0,0.0,0,0.0,0,0.0,0,0.0,0,0
84,0.12447926388678915,21,0.5,-1,80,11,894.9,5,0.0,0.0,0,0.0,0,0.0,0,0.0,0,0.0,0,0
84,0.12447926388678915,22,0.7071,-1,75,17,894.9,5,0.0,0.0,0,0.0,0,0.0,0,0.0,0,0.0,0,0
84,0.12447926388678915,23,0.866,-2,86,19,894.9,3,0.0,0.0,0,0.0,0,0.0,0,0.0,0,0.0,0,0
84,0.12447926388678915,24,0.9659,-2,86,22,894.9,3,0.0,0.0,0,0.0,0,0.0,0,0.0,0,0.0,0,0
85,0.10738134666416309,1,1.0,-2,86,20,894.9,3,0.0,0.0,0,0.0,0,0.0,0,0.0,0,0.0,0,0
85,0.10738134666416309,2,0.9659,-3,93,19,894.9,3,0.0,0.0,0,0.0,0,0.0,0,0.0,0,0.0,0,0
85,0.10738134666416309,3,0.866,-3,86,22,894.9,3,0.0,0.0,0,0.0,0,0.0,0,0.0,0,0.0,0,0
85,0.10738134666416309,4,0.7071,-3,86,26,894.9,3,0.0,0.0,0,0.0,0,0.0,0,0.0,0,0.0,0,0
85,0.10738134666416309,5,0.5,-3,86,24,895.8,3,0.0,0.0,0,0.0,0,0.0,0,0.0,0,0.0,0,0
85,0.10738134666416309,6,0.2588,-3,86,30,895.8,3,0.0,0.0,0,0.0,0,0.0,0,0.0,0,0.0,0,0
85,0.10738134666416309,7,0.0,-4,86,35,895.8,4,0.0,0.0,0,0.0,0,0.0,0,0.0,0,0.0,0,0
85,0.10738134666416309,8,-0.2588,-3,74,35,896.7,6,92.0,0.2601139282475163,11,0.6315676844565347,13,0.5817608178175792,10,0.49230800958094173,12,0.3693053128102074,14,60
85,0.10738134666416309,9,-0.5,-2,74,30,897.6,7,345.0,0.4988351722552917,85,0.7946712265124158,171,0.7716875187152614,153,0.6961146865332338,139,0.5731028858396618,118,666
85,0.10738134666416309,10,-0.7071,-1,69,28,898.5,7,555.0,0.7038297149201327,175,0.9030768410490433,252,0.9089354164937051,257,0.8528516561294851,237,0.7386475693704577,205,1126
85,0.10738134666416309,11,-0.866,0,64,28,898.5,7,723.0,0.8611275401441273,233,0.949396876817797,272,0.9841513094456086,294,0.9518375705956867,270,0.8546577844954372,244,1313
85,0.10738134666416309,12,-0.9659,1,60,22,899.4,7,840.0,0.96000907893935,254,0.9304747051629916,260,0.992209367377834,309,0.9863267146342292,267,0.9132276393222831,246,1336
85,0.10738134666416309,13,-1.0,2,60,26,899.4,7,763.0,0.9937357290833211,221,0.8475998386737109,209,0.9325604478814288,257,0.9539687139777592,223,0.9103657014105747,212,1122
85,0.10738134666416309,14,-0.9659,2,56,24,899.4,7,912.0,0.96000907893935,255,0.7064200531846991,222,0.8092695194164289,264,0.8569687092351375,244,0.8462670067873992,236,1221
85,0.10738134666416309,15,-0.866,3,52,20,899.4,5,631.0,0.8611275401441273,232,0.5165565018586518,172,0.6307386408943434,198,0.7019370794622165,205,0.7252997685891435,203,1010
85,0.10738134666416309,16,-0.7071,2,52,24,899.4,5,555.0,0.7038297149201327,205,0.2909480506555134,126,0.40913437621029464,152,0.49943895653307957,165,0.5557076911128678,173,821
85,0.10738134666416309,17,-0.5,2,56,24,899.4,7,417.0,0.4988351722552917,143,0.04496951759453741,61,0.1595586644127729,83,0.26327423012087003,98,0.3490481760694011,110,495
85,0.10738134666416309,18,-0.2588,2,60,22,899.4,7,167.0,0.26011392824751667,74,1.326794896677558e-06,21,1.326794896677558e-06,24,0.009537109700406035,32,0.11940470634305315,42,193
85,0.10738134666416309,19,0.0,0,69,15,900.2,7,0.0,0.0,0,0.0,0,0.0,0,0.0,0,0.0,0,0
85,0.10738134666416309,20,0.2588,0,64,15,900.2,7,0.0,0.0,0,0.0,0,0.0,0,0.0,0,0.0,0,0
85,0.10738134666416309,21,0.5,-1,69,22,901.1,7,0.0,0.0,0,0.0,0,0.0,0,0.0,0,0.0,0,0
85,0.10738134666416309,22,0.7071,-1,69,24,902.0,7,0.0,0.0,0,0.0,0,0.0,0,0.0,0,0.0,0,0
85,0.10738134666416309,23,0.866,-1,69,13,902.0,7,0.0,0.0,0,0.0,0,0.0,0,0.0,0,0.0,0,0
85,0.10738134666416309,24,0.9659,-1,69,24,902.0,7,0.0,0.0,0,0.0,0,0.0,0,0.0,0,0.0,0,0
86,0.09025161003104117,1,1.0,-1,69,20,902.0,7,0.0,0.0,0,0.0,0,0.0,0,0.0,0,0.0,0,0
86,0.09025161003104117,2,0.9659,-1,69,9,902.0,7,0.0,0.0,0,0.0,0,0.0,0,0.0,0,0.0,0,0
86,0.09025161003104117,3,0.866,-2,74,11,902.0,7,0.0,0.0,0,0.0,0,0.0,0,0.0,0,0.0,0,0
86,0.09025161003104117,4,0.7071,-1,69,9,902.0,7,0.0,0.0,0,0.0,0,0.0,0,0.0,0,0.0,0,0
86,0.09025161003104117,5,0.5,-1,69,9,902.0,7,0.0,0.0,0,0.0,0,0.0,0,0.0,0,0.0,0,0
86,0.09025161003104117,6,0.2588,-2,80,4,902.9,7,0.0,0.0,0,0.0,0,0.0,0,0.0,0,0.0,0,0
86,0.09025161003104117,7,0.0,-2,80,7,902.9,7,0.0,0.0,0,0.0,0,0.0,0,0.0,0,0.0,0,0
86,0.09025161003104117,8,-0.2588,-1,75,9,903.8,5,57.0,0.2610376451228908,22,0.6294404259617337,13,0.5813030019161743,14,0.4935508358319427,17,0.3721640849856588,17,83
86,0.09025161003104117,9,-0.5,-1,80,13,904.7,5,185.0,0.49970576912948794,71,0.7925076747563199,63,0.7711874407382597,69,0.6973121619139218,71,0.5759163088819031,69,343
86,0.09025161003104117,10,-0.7071,0,69,13,905.5,5,383.0,0.7046546966585833,117,0.9008891672217441,105,0.9084047984117825,114,0.8540142545685363,117,0.7414241553877626,114,567
86,0.09025161003104117,11,-0.866,2,60,6,906.4,5,427.0,0.8619175201785227,128,0.9471988960014811,118,0.9836039544855634,131,0.9529781428035459,135,0.8574085559284138,134,646
86,0.09025161003104117,12,-0.9659,2,65,19,906.4,5,384.0,0.9607770559903691,122,0.9282809348491137,111,0.9916602193561125,125,0.9874596123589169,125,0.915965377802077,125,608
86,0.09025161003104117,13,-1.0,3,60,15,906.4,7,447.0,0.9944962013276727,190,0.845424509412932,136,0.9320245728085633,157,0.9551088119661181,155,0.9131040767281652,154,792
86,0.09025161003104117,14,-0.9659,5,53,11,906.4,7,750.0,0.9607770559903691,221,0.7042761387910488,208,0.8087610787741747,241,0.8581303915521807,228,0.8490196453350091,217,1115
86,0.09025161003104117,15,-0.866,5,53,19,906.4,5,719.0,0.8619175201785227,285,0.5144548352566881,195,0.6302699265547875,228,0.7031332592499978,226,0.728079324759261,222,1156
86,0.09025161003104117,16,-0.7071,5,49,19,906.4,5,536.0,0.7046546966585832,95,0.28889658562233017,119,0.4087149727654014,141,0.50068019601183,152,0.5585249849388404,158,665
86,0.09025161003104117,17,-0.5,5,53,19,906.4,7,141.0,0.49970576912948794,86,0.04297278670471158,34,0.15919479599996153,42,0.26456802080436115,47,0.3519114558777475,52,261
86,0.09025161003104117,18,-0.2588,5,49,15,906.4,7,286.0,0.2610376451228908,73,1.326794896677558e-06,33,1.326794896677558e-06,38,0.010887361880605684,52,0.12231908666936712,68,264
86,0.09025161003104117,19,0.0,4,52,11,906.4,7,0.0,0.0,0,0.0,0,0.0,0,0.0,0,0.0,0,0
86,0.09025161003104117,20,0.2588,3,60,7,907.3,7,0.0,0.0,0,0.0,0,0.0,0,0.0,0,0.0,0,0
86,0.09025161003104117,21,0.5,3,65,4,907.3,7,0.0,0.0,0,0.0,0,0.0,0,0.0,0,0.0,0,0
86,0.09025161003104117,22,0.7071,3,60,0,908.2,7,0.0,0.0,0,0.0,0,0.0,0,0.0,0,0.0,0,0
86,0.09025161003104117,23,0.866,3,65,2,908.2,7,0.0,0.0,0,0.0,0,0.0,0,0.0,0,0.0,0,0
86,0.09025161003104117,24,0.9659,3,70,4,908.2,7,0.0,0.0,0,0.0,0,0.0,0,0.0,0,0.0,0,0
87,0.07309512989807777,1,1.0,2,75,6,908.2,5,0.0,0.0,0,0.0,0,0.0,0,0.0,0,0.0,0,0
87,0.07309512989807777,2,0.9659,2,75,0,907.3,5,0.0,0.0,0,0.0,0,0.0,0,0.0,0,0.0,0,0
87,0.07309512989807777,3,0.866,0,87,9,907.3,7,0.0,0.0,0,0.0,0,0.0,0,0.0,0,0.0,0,0
87,0.07309512989807777,4,0.7071,0,87,9,907.3,7,0.0,0.0,0,0.0,0,0.0,0,0.0,0,0.0,0,0
87,0.07309512989807777,5,0.5,-1,86,7,907.3,10,0.0,0.0,0,0.0,0,0.0,0,0.0,0,0.0,0,0
87,0.07309512989807777,6,0.2588,-2,93,2,907.3,10,0.0,0.0,0,0.0,0,0.0,0,0.0,0,0.0,0,0
87,0.07309512989807777,7,0.0,-2,93,6,908.2,10,0.0,0.0,0,0.0,0,0.0,0,0.0,0,0.0,0,0
87,0.07309512989807777,8,-0.2588,1,87,2,908.2,10,128.0,0.2619471402986824,20,0.6272853378037524,21,0.5808172483098429,24,0.4947675202396982,25,0.37500029269749524,23,113
87,0.07309512989807777,9,-0.5,4,65,6,908.2,10,355.0,0.5005504736284914,100,0.7903083194829869,181,0.7706501398636898,184,0.6984735316907006,171,0.5786972041459254,130,766
87,0.07309512989807777,10,-0.7071,5,57,11,908.2,10,564.0,0.7054437641882703,155,0.898660390111774,210,0.9078302476168868,218,0.8551330848011012,205,0.7441601204308405,181,969
87,0.07309512989807777,11,-0.866,5,49,13,909.1,7,799.0,0.8626638959821926,210,0.9449575473950643,235,0.9830089896360555,258,0.9540701075528774,236,0.860113034846593,219,1158
87,0.07309512989807777,12,-0.9659,7,46,9,909.1,7,663.0,0.9614965946613073,184,0.9260447218177833,187,0.991063067500248,221,0.9885422165098423,193,0.9186539603872976,184,969
87,0.07309512989807777,13,-1.0,7,49,15,908.2,7,448.0,0.995206586353711,214,0.8432107943588835,207,0.9314436143737372,249,0.9562002013757347,216,0.9157934376543976,209,1095
87,0.07309512989807777,14,-0.9659,8,46,11,908.2,7,640.0,0.9614965946613073,196,0.7021007353294918,168,0.8082135779144732,196,0.8592481043870506,186,0.8517264015785583,185,931
87,0.07309512989807777,15,-0.866,8,46,11,907.3,7,647.0,0.8626638959821926,214,0.5123309616924306,162,0.6297708800679649,189,0.7042930487870248,193,0.7308189125062593,193,951
87,0.07309512989807777,16,-0.7071,8,46,13,907.3,7,614.0,0.7054437641882703,165,0.286833943240765,105,0.40827607102867847,127,0.5018949450274951,138,0.5613106014078805,145,680
87,0.07309512989807777,17,-0.5,8,46,15,907.3,10,423.0,0.5005504736284916,105,0.040976903940999364,60,0.15882363062888788,74,0.2658468667162596,83,0.3547531615592557,91,413
87,0.07309512989807777,18,-0.2588,8,46,13,907.3,7,171.0,0.2619471402986824,73,1.326794896677558e-06,30,1.326794896677558e-06,34,0.012235074067026196,41,0.1252231197457723,51,229
87,0.07309512989807777,19,0.0,7,49,11,907.3,10,0.0,0.0,0,0.0,0,0.0,0,0.0,0,0.0,0,0
87,0.07309512989807777,20,0.2588,5,61,7,907.3,10,0.0,0.0,0,0.0,0,0.0,0,0.0,0,0.0,0,0
87,0.07309512989807777,21,0.5,2,75,6,907.3,10,0.0,0.0,0,0.0,0,0.0,0,0.0,0,0.0,0,0
87,0.07309512989807777,22,0.7071,2,75,7,908.2,10,0.0,0.0,0,0.0,0,0.0,0,0.0,0,0.0,0,0
87,0.07309512989807777,23,0.866,1,81,6,907.3,10,0.0,0.0,0,0.0,0,0.0,0,0.0,0,0.0,0,0
87,0.07309512989807777,24,0.9659,2,75,6,907.3,10,0.0,0.0,0,0.0,0,0.0,0,0.0,0,0.0,0,0
88,0.055916990100603484,1,1.0,1,81,4,908.2,10,0.0,0.0,0,0.0,0,0.0,0,0.0,0,0.0,0,0
88,0.055916990100603484,2,0.9659,0,80,7,907.3,10,0.0,0.0,0,0.0,0,0.0,0,0.0,0,0.0,0,0
88,0.055916990100603484,3,0.866,0,80,2,907.3,10,0.0,0.0,0,0.0,0,0.0,0,0.0,0,0.0,0,0
88,0.055916990100603484,4,0.7071,-1,80,6,907.3,10,0.0,0.0,0,0.0,0,0.0,0,0.0,0,0.0,0,0
88,0.055916990100603484,5,0.5,-1,86,2,907.3,10,0.0,0.0,0,0.0,0,0.0,0,0.0,0,0.0,0,0
88,0.055916990100603484,6,0.2588,-2,93,4,907.3,10,0.0,0.0,0,0.0,0,0.0,0,0.0,0,0.0,0,0
88,0.055916990100603484,7,0.0,-1,86,6,907.3,10,0.0,0.0,0,0.0,0,0.0,0,0.0,0,0.0,0,0
88,0.055916990100603484,8,-0.2588,1,87,2,907.3,10,124.0,0.26284216261928195,23,0.6251033161296202,12,0.5803038649825093,48,0.4959577616363835,18,0.37781304615013217,15,116
88,0.055916990100603484,9,-0.5,5,65,6,907.3,10,361.0,0.501369114542887,109,0.7880741114616008,171,0.7700759876805946,190,0.6995985629492778,157,0.581444750086746,115,742
88,0.055916990100603484,10,-0.7071,8,53,6,907.3,10,569.0,0.7061968149510978,177,0.8963914967925496,221,0.9072121816614181,241,0.8562079664030677,216,0.7468546983946169,191,1046
88,0.055916990100603484,11,-0.866,9,50,11,907.3,10,731.0,0.8633666176750332,245,0.9426738335841988,251,0.9823668576387592,296,0.9551133175692968,254,0.862770493996003,231,1277
88,0.055916990100603484,12,-0.9659,10,35,11,906.4,10,838.0,0.9621676781868251,234,0.9237670623177581,260,0.9904183572505021,260,0.989574391362807,265,0.9212926794386515,249,1268
88,0.055916990100603484,13,-1.0,11,38,9,906.4,10,882.0,0.9958668786909244,266,0.8409596513271183,252,0.9308179893218185,276,0.957242729480391,265,0.9184330724000156,252,1311
88,0.055916990100603484,14,-0.9659,11,38,13,905.5,7,865.0,0.9621676781868251,268,0.699894764014555,231,0.8076274010123164,253,0.8603216686944106,259,0.8543865454540558,251,1262
88,0.055916990100603484,15,-0.866,13,36,19,904.7,10,784.0,0.8633666176750332,246,0.5101857387965321,188,0.6292418258201283,207,0.7054162171088858,229,0.7335177612549674,228,1098
88,0.055916990100603484,16,-0.7071,12,33,13,904.7,10,647.0,0.7061968149510978,213,0.2847609055869213,127,0.407817921172663,144,0.5030829048003572,176,0.5640637131494606,185,845
88,0.055916990100603484,17,-0.5,13,33,13,903.8,10,467.0,0.501369114542887,157,0.03898256900321843,59,0.15844533489092572,67,0.2671103899867798,108,0.3575723965343416,127,518
88,0.055916990100603484,18,-0.2588,12,35,11,903.8,10,242.0,0.2628421626192824,78,1.326794896677558e-06,22,1.326794896677558e-06,20,0.01357978341486912,37,0.128115832086366,54,211
88,0.055916990100603484,19,0.0,10,40,7,902.9,10,0.0,0.0,0,0.0,0,0.0,0,0.0,0,0.0,0,0
88,0.055916990100603484,20,0.2588,8,46,9,902.9,10,0.0,0.0,0,0.0,0,0.0,0,0.0,0,0.0,0,0
88,0.055916990100603484,21,0.5,7,53,13,902.9,10,0.0,0.0,0,0.0,0,0.0,0,0.0,0,0.0,0,0
88,0.055916990100603484,22,0.7071,5,61,6,902.9,10,0.0,0.0,0,0.0,0,0.0,0,0.0,0,0.0,0,0
88,0.055916990100603484,23,0.866,6,61,19,902.9,7,0.0,0.0,0,0.0,0,0.0,0,0.0,0,0.0,0,0
88,0.055916990100603484,24,0.9659,5,76,20,902.9,10,0.0,0.0,0,0.0,0,0.0,0,0.0,0,0.0,0,0
89,0.03872228089217446,1,1.0,4,81,20,902.9,7,0.0,0.0,0,0.0,0,0.0,0,0.0,0,0.0,0,0
89,0.03872228089217446,2,0.9659,3,87,19,902.9,7,0.0,0.0,0,0.0,0,0.0,0,0.0,0,0.0,0,0
89,0.03872228089217446,3,0.866,3,87,24,902.0,7,0.0,0.0,0,0.0,0,0.0,0,0.0,0,0.0,0,0
89,0.03872228089217446,4,0.7071,2,93,20,902.0,10,0.0,0.0,0,0.0,0,0.0,0,0.0,0,0.0,0,0
89,0.03872228089217446,5,0.5,1,93,19,902.0,7,0.0,0.0,0,0.0,0,0.0,0,0.0,0,0.0,0,0
89,0.03872228089217446,6,0.2588,1,87,22,902.0,7,0.0,0.0,0,0.0,0,0.0,0,0.0,0,0.0,0,0
89,0.03872228089217446,7,0.0,1,87,20,902.0,10,0.0,0.0,0,0.0,0,0.0,0,0.0,0,0.0,0,0
89,0.03872228089217446,8,-0.2588,2,87,17,902.0,5,56.0,0.26372247763374757,13,0.6228952925252556,11,0.5797631943218569,13,0.4971212898782502,16,0.3806014810781468,16,69
89,0.03872228089217446,9,-0.5,1,87,20,902.0,10,83.0,0.5021615516431779,23,0.7858060466536326,16,0.7694654015391691,20,0.7006870659868366,23,0.5841581628763987,26,108
89,0.03872228089217446,10,-0.7071,2,81,20,902.0,5,114.0,0.7069137896273164,31,0.8940835260123018,23,0.9065510720661898,27,0.8572387715344841,32,0.7495071707904046,35,148
89,0.03872228089217446,11,-0.866,2,81,22,902.0,5,177.0,0.8640256880215107,49,0.9403488115992351,37,0.9816780597015828,44,0.9561076840818191,50,0.8653802606763317,54,234
89,0.03872228089217446,12,-0.9659,3,70,26,902.0,5,199.0,0.9627903483591499,52,0.9214490059109696,38,0.989726592995232,46,0.9905560617594202,53,0.923880885372912,58,247
89,0.03872228089217446,13,-1.0,4,70,20,901.1,5,183.0,0.9964771334431821,51,0.8386720973257783,40,0.9301481786257668,46,0.9582363084404325,52,0.9210223302988898,56,245
89,0.03872228089217446,14,-0.9659,5,65,15,901.1,5,457.0,0.9627903483591499,131,0.6976591859757358,105,0.8070029802512068,120,0.8613509582592772,129,0.8569994009494123,135,620
89,0.03872228089217446,15,-0.866,5,70,20,900.2,5,459.0,0.8640256880215107,161,0.5080200527610015,125,0.6286831255301073,144,0.7065025768108182,153,0.7361751472484197,158,741
89,0.03872228089217446,16,-0.7071,6,66,11,899.4,5,356.0,0.7069137896273165,92,0.28267826980714117,66,0.4073407974507942,76,0.5042438080011987,85,0.5667835294698543,91,410
89,0.03872228089217446,17,-0.5,6,61,15,898.5,5,166.0,0.5021615516431779,44,0.036990481952197354,32,0.1580600845340193,39,0.26835823007426646,44,0.3603682885422323,47,206
89,0.03872228089217446,18,-0.2588,5,65,13,898.5,5,91.0,0.26372247763374734,23,1.326794896677558e-06,16,1.326794896677558e-06,20,0.014921029234280786,23,0.13099626079164847,26,108
89,0.03872228089217446,19,0.0,5,65,11,898.5,5,0.0,0.0,0,0.0,0,0.0,0,0.0,0,0.0,0,0
89,0.03872228089217446,20,0.2588,5,65,9,898.5,5,0.0,0.0,0,0.0,0,0.0,0,0.0,0,0.0,0,0
89,0.03872228089217446,21,0.5,5,70,7,898.5,5,0.0,0.0,0,0.0,0,0.0,0,0.0,0,0.0,0,0
89,0.03872228089217446,22,0.7071,5,70,9,898.5,5,0.0,0.0,0,0.0,0,0.0,0,0.0,0,0.0,0,0
89,0.03872228089217446,23,0.866,4,75,11,897.6,5,0.0,0.0,0,0.0,0,0.0,0,0.0,0,0.0,0,0
89,0.03872228089217446,24,0.9659,4,75,11,897.6,4,0.0,0.0,0,0.0,0,0.0,0,0.0,0,0.0,0,0
90,0.021516097436222254,1,1.0,3,75,15,897.6,5,0.0,0.0,0,0.0,0,0.0,0,0.0,0,0.0,0,0
90,0.021516097436222254,2,0.9659,3,75,9,896.7,5,0.0,0.0,0,0.0,0,0.0,0,0.0,0,0.0,0,0
90,0.021516097436222254,3,0.866,3,81,13,896.7,5,0.0,0.0,0,0.0,0,0.0,0,0.0,0,0.0,0,0
90,0.021516097436222254,4,0.7071,3,81,15,895.8,5,0.0,0.0,0,0.0,0,0.0,0,0.0,0,0.0,0,0
90,0.021516097436222254,5,0.5,3,87,17,895.8,5,0.0,0.0,0,0.0,0,0.0,0,0.0,0,0.0,0,0
90,0.021516097436222254,6,0.2588,3,87,17,895.8,5,0.0,0.0,0,0.0,0,0.0,0,0.0,0,0.0,0,0
90,0.021516097436222254,7,0.0,3,87,19,896.7,5,0.0,0.0,0,0.0,0,0.0,0,0.0,0,0.0,0,0
90,0.021516097436222254,8,-0.2588,3,87,22,895.8,5,31.0,0.26458786768128467,10,0.6206622332149575,10,0.5791956127283459,10,0.49825786589081583,10,0.38336475922455765,11,51
90,0.021516097436222254,9,-0.5,3,87,26,896.7,5,133.0,0.5029276756359061,38,0.7835051653239518,30,0.7688188440568614,35,0.7017388942467858,40,0.5868366967717759,42,185
90,0.021516097436222254,10,-0.7071,4,81,26,896.7,5,174.0,0.7075946719805684,52,0.8917375672464454,39,0.9058474437521593,46,0.8582254247893775,52,0.7521168670240498,55,244
90,0.021516097436222254,11,-0.866,5,76,24,896.7,5,301.0,0.8646411621904684,91,0.9379835919424903,75,0.9809431548896418,85,0.9570531766190403,93,0.8679417169562083,97,441
90,0.021516097436222254,12,-0.9659,6,76,22,896.7,5,309.0,0.9633647052343052,90,0.9190916545100475,73,0.988988337457499,83,0.9914872128845945,92,0.9264179868464641,97,435
90,0.021516097436222254,13,-1.0,7,71,24,896.7,5,276.0,0.9970374659766875,76,0.8363492071173416,60,0.929434726480428,70,0.9591809147971788,76,0.923560621837504,81,363
90,0.021516097436222254,14,-0.9659,7,71,22,895.8,5,422.0,0.9633647052343052,129,0.6953950014164347,104,0.8063407953088931,119,0.8623358995446095,128,0.8595643463242671,132,612
90,0.021516097436222254,15,-0.866,9,66,19,895.8,5,336.0,0.8646411621904684,97,0.5058348176010148,77,0.628095177831783,88,0.7075519839793003,95,0.7387903938332324,99,456
90,0.021516097436222254,16,-0.7071,10,62,20,894.9,5,312.0,0.7075946719805684,84,0.28058684750206514,68,0.4068449978999731,77,0.505377418792626,83,0.5694692967294118,86,398
90,0.021516097436222254,17,-0.5,11,62,22,894.1,5,369.0,0.5029276756359061,121,0.03500134272711909,68,0.15766806430047312,83,0.2695900439344862,95,0.36313999013021964,104,471
90,0.021516097436222254,18,-0.2588,9,66,20,894.1,5,224.0,0.26458786768128467,72,1.326794896677558e-06,41,1.326794896677558e-06,47,0.016258353297140697,54,0.1338634541622178,62,276
90,0.021516097436222254,19,0.0,8,71,20,893.2,5,69.0,0.008817685484416346,20,1.326794896677558e-06,12,1.326794896677558e-06,14,1.326794896677558e-06,16,1.326794896677558e-06,18,80
90,0.021516097436222254,20,0.2588,7,76,20,894.1,5,0.0,0.0,0,0.0,0,0.0,0,0.0,0,0.0,0,0
90,0.021516097436222254,21,0.5,5,93,19,894.9,4,0.0,0.0,0,0.0,0,0.0,0,0.0,0,0.0,0,0
90,0.021516097436222254,22,0.7071,5,87,22,894.9,5,0.0,0.0,0,0.0,0,0.0,0,0.0,0,0.0,0,0
90,0.021516097436222254,23,0.866,5,87,9,894.9,4,0.0,0.0,0,0.0,0,0.0,0,0.0,0,0.0,0,0
90,0.021516097436222254,24,0.9659,4,93,15,894.1,5,0.0,0.0,0,0.0,0,0.0,0,0.0,0,0.0,0,0
91,0.004303538296244289,1,1.0,3,93,4,894.1,7,0.0,0.0,0,0.0,0,0.0,0,0.0,0,0.0,0,0
91,0.004303538296244289,2,0.9659,2,93,7,894.1,7,0.0,0.0,0,0.0,0,0.0,0,0.0,0,0.0,0,0
91,0.004303538296244289,3,0.866,3,93,7,893.2,7,0.0,0.0,0,0.0,0,0.0,0,0.0,0,0.0,0,0
91,0.004303538296244289,4,0.7071,2,93,9,893.2,7,0.0,0.0,0,0.0,0,0.0,0,0.0,0,0.0,0,0
91,0.004303538296244289,5,0.5,2,93,11,893.2,5,0.0,0.0,0,0.0,0,0.0,0,0.0,0,0.0,0,0
91,0.004303538296244289,6,0.2588,2,93,4,893.2,7,0.0,0.0,0,0.0,0,0.0,0,0.0,0,0.0,0,0
91,0.004303538296244289,7,0.0,2,93,4,893.2,4,0.0,0.0,0,0.0,0,0.0,0,0.0,0,0.0,0,0
91,0.004303538296244289,8,-0.2588,3,93,2,893.2,5,23.0,0.26543813195305027,10,0.2132279759584347,10,0.24777576234650894,10,0.26543813195305027,10,0.26501142439174924,10,50
91,0.004303538296244289,9,-0.5,3,93,7,893.2,5,50.0,0.5036674080768504,16,0.43634455620559487,11,0.486585947816124,14,0.5036674080768504,17,0.4864248650769324,19,77
91,0.004303538296244289,10,-0.7071,4,93,11,894.1,4,79.0,0.708239488643467,21,0.627939073257632,16,0.6916568658364675,19,0.708239488643467,22,0.6765568649577214,24,102
91,0.004303538296244289,11,-0.866,4,93,13,894.1,5,138.0,0.86521314744279,38,0.7749546987072937,29,0.8490132957412274,35,0.86521314744279,40,0.8224502624330127,43,185
91,0.004303538296244289,12,-0.9659,6,76,7,894.1,5,179.0,0.9638909067582144,45,0.8673725771032479,34,0.9479316749096273,41,0.9638909067582144,46,0.9141626791730706,49,215
91,0.004303538296244289,13,-1.0,7,76,6,894.1,5,283.0,0.9975480515250859,74,0.8988945931522216,60,0.981670890607955,69,0.9975480515250859,75,0.9454440754427654,79,357
91,0.004303538296244289,14,-0.9659,8,71,7,894.1,5,343.0,0.9638909067582144,119,0.8673725771032479,108,0.9479316749096273,122,0.9638909067582144,121,0.9141626791730706,119,589
91,0.004303538296244289,15,-0.866,9,62,6,893.2,5,313.0,0.86521314744279,101,0.7749546987072937,90,0.8490132957412274,99,0.86521314744279,101,0.8224502624330127,99,490
91,0.004303538296244289,16,-0.7071,9,62,15,893.2,5,409.0,0.7082394886434669,124,0.6279390732576318,112,0.6916568658364675,123,0.7082394886434669,123,0.6765568649577213,120,602
91,0.004303538296244289,17,-0.5,9,57,13,893.2,5,314.0,0.5036674080768504,91,0.43634455620559487,77,0.48658594781612363,88,0.5036674080768504,90,0.4864248650769322,90,436
91,0.004303538296244289,18,-0.2588,8,66,13,893.2,5,108.0,0.26543813195305027,26,0.2132279759584347,21,0.24777576234650894,24,0.26543813195305027,26,0.26501142439174924,28,125
91,0.004303538296244289,19,0.0,8,66,15,893.2,1,40.0,0.009786565134954626,10,1.326794896677558e-06,10,1.326794896677558e-06,10,0.009786565134954626,10,0.02740548047900218,11,51
91,0.004303538296244289,20,0.2588,7,76,11,894.1,2,0.0,0.0,0,0.0,0,0.0,0,0.0,0,0.0,0,0
91,0.004303538296244289,21,0.5,4,87,24,894.9,2,0.0,0.0,0,0.0,0,0.0,0,0.0,0,0.0,0,0
91,0.004303538296244289,22,0.7071,2,10,15,895.8,4,0.0,0.0,0,0.0,0,0.0,0,0.0,0,0.0,0,0
91,0.004303538296244289,23,0.866,1,93,6,895.8,4,0.0,0.0,0,0.0,0,0.0,0,0.0,0,0.0,0,0
91,0.004303538296244289,24,0.9659,2,10,19,894.9,4,0.0,0.0,0,0.0,0,0.0,0,0.0,0,0.0,0,0
92,-0.01291029607500882,1,1.0,3,87,15,894.9,5,0.0,0.0,0,0.0,0,0.0,0,0.0,0,0.0,0,0
92,-0.01291029607500882,2,0.9659,3,93,11,894.9,5,0.0,0.0,0,0.0,0,0.0,0,0.0,0,0.0,0,0
92,-0.01291029607500882,3,0.866,2,93,13,894.1,5,0.0,0.0,0,0.0,0,0.0,0,0.0,0,0.0,0,0
92,-0.01291029607500882,4,0.7071,2,93,11,894.1,5,0.0,0.0,0,0.0,0,0.0,0,0.0,0,0.0,0,0
92,-0.01291029607500882,5,0.5,2,93,11,894.1,5,0.0,0.0,0,0.0,0,0.0,0,0.0,0,0.0,0,0
92,-0.01291029607500882,6,0.2588,2,93,13,894.9,5,0.0,0.0,0,0.0,0,0.0,0,0.0,0,0.0,0,0
92,-0.01291029607500882,7,0.0,1,10,7,894.9,5,0.0,0.0,0,0.0,0,0.0,0,0.0,0,0.0,0,0
92,-0.01291029607500882,8,-0.2588,4,87,7,894.9,7,114.0,0.26627308653016807,32,0.21051984565855236,27,0.24680613530149356,21,0.26627308653016807,21,0.2675940597973533,21,122
92,-0.01291029607500882,9,-0.5,5,87,15,894.9,5,337.0,0.5043807012414504,90,0.43352248313214337,79,0.48549436307840044,46,0.5043807012414504,34,0.48889442641010633,31,280
92,-0.01291029607500882,10,-0.7071,6,76,24,895.8,5,289.0,0.708848308844112,148,0.6250191552574555,133,0.6904605536579541,150,0.708848308844112,121,0.678929327482964,114,666
92,-0.01291029607500882,11,-0.866,7,71,19,895.8,5,625.0,0.8657418027474836,231,0.7719597016324022,215,0.847736623374125,239,0.8657418027474836,231,0.8247482184704279,228,1144
92,-0.01291029607500882,12,-0.9659,7,66,15,895.8,5,671.0,0.9643691683133708,210,0.8643303833413025,201,0.9466044860175934,225,0.9643691683133708,237,0.91641379849209,230,1103
92,-0.01291029607500882,13,-1.0,9,66,7,895.8,5,535.0,0.9980091247124584,199,0.8958363014780789,185,0.9803264714702777,216,0.9980091247124584,194,0.9476792196322048,191,985
92,-0.01291029607500882,14,-0.9659,10,54,7,894.9,5,592.0,0.9643691683133708,181,0.8643303833413025,171,0.9466044860175934,192,0.9643691683133708,202,0.91641379849209,197,943
92,-0.01291029607500882,15,-0.866,10,47,11,894.9,5,788.0,0.8657418027474836,206,0.7719597016324022,197,0.847736623374125,222,0.8657418027474836,201,0.8247482184704279,194,1020
92,-0.01291029607500882,16,-0.7071,10,54,9,894.9,5,634.0,0.708848308844112,204,0.6250191552574555,185,0.6904605536579541,207,0.708848308844112,205,0.678929327482964,200,1001
92,-0.01291029607500882,17,-0.5,10,50,9,894.9,5,502.0,0.5043807012414504,157,0.43352248313214337,139,0.48549436307840044,155,0.5043807012414504,156,0.48889442641010633,152,759
92,-0.01291029607500882,18,-0.2588,10,50,9,894.9,5,267.0,0.2662730865301677,70,0.21051984565855195,58,0.24680613530149312,65,0.2662730865301677,86,0.2675940597973533,83,362
92,-0.01291029607500882,19,0.0,10,58,15,895.8,7,77.0,0.010752078607949599,13,1.326794896677558e-06,10,1.326794896677558e-06,12,0.010752078607949599,25,0.03010945950840045,25,85
92,-0.01291029607500882,20,0.2588,9,66,4,895.8,7,0.0,0.0,0,0.0,0,0.0,0,0.0,0,0.0,0,0
92,-0.01291029607500882,21,0.5,7,66,6,896.7,10,0.0,0.0,0,0.0,0,0.0,0,0.0,0,0.0,0,0
92,-0.01291029607500882,22,0.7071,7,66,0,896.7,10,0.0,0.0,0,0.0,0,0.0,0,0.0,0,0.0,0,0
92,-0.01291029607500882,23,0.866,7,71,4,897.6,7,0.0,0.0,0,0.0,0,0.0,0,0.0,0,0.0,0,0
92,-0.01291029607500882,24,0.9659,5,76,7,897.6,10,0.0,0.0,0,0.0,0,0.0,0,0.0,0,0.0,0,0
93,-0.030120304846908114,1,1.0,4,75,4,897.6,10,0.0,0.0,0,0.0,0,0.0,0,0.0,0,0.0,0,0
93,-0.030120304846908114,2,0.9659,5,70,11,897.6,10,0.0,0.0,0,0.0,0,0.0,0,0.0,0,0.0,0,0
93,-0.030120304846908114,3,0.866,6,61,9,897.6,10,0.0,0.0,0,0.0,0,0.0,0,0.0,0,0.0,0,0
93,-0.030120304846908114,4,0.7071,3,81,6,897.6,10,0.0,0.0,0,0.0,0,0.0,0,0.0,0,0.0,0,0
93,-0.030120304846908114,5,0.5,4,75,11,897.6,10,0.0,0.0,0,0.0,0,0.0,0,0.0,0,0.0,0,0
93,-0.030120304846908114,6,0.2588,1,87,11,897.6,10,0.0,0.0,0,0.0,0,0.0,0,0.0,0,0.0,0,0
93,-0.030120304846908114,7,0.0,1,87,7,897.6,10,0.0,0.0,0,0.0,0,0.0,0,0.0,0,0.0,0,0
93,-0.030120304846908114,8,-0.2588,2,87,6,898.5,4,147.0,0.267092564397889,15,0.2078105733921664,13,0.24582790580004438,14,0.267092564397889,16,0.27015539894646734,15,73
93,-0.030120304846908114,9,-0.5,6,76,4,898.5,10,377.0,0.5050675379527076,91,0.430688984874729,78,0.48438316936505266,29,0.5050675379527076,28,0.49133248677002556,25,251
93,-0.030120304846908114,10,-0.7071,9,57,4,899.4,10,573.0,0.7094212440740474,159,0.6220789816768915,144,0.6892351809943672,147,0.7094212440740474,158,0.6812615260477131,138,746
93,-0.030120304846908114,11,-0.866,10,47,7,899.4,10,733.0,0.8662273383269111,212,0.7689376731769512,196,0.8464236381250994,218,0.8662273383269111,219,0.826999186471666,214,1059
93,-0.030120304846908114,12,-0.9659,12,44,11,899.4,10,837.0,0.9647997621869133,242,0.861256898753254,228,0.9452364251969324,252,0.9647997621869133,250,0.9186137028446184,242,1214
93,-0.030120304846908114,13,-1.0,13,38,6,899.4,10,865.0,0.9984209789950819,273,0.8927452661603631,259,0.9789396253981328,287,0.9984209789950819,280,0.9498617071280008,269,1368
93,-0.030120304846908114,14,-0.9659,14,36,13,898.5,10,859.0,0.9647997621869133,233,0.861256898753254,220,0.9452364251969324,242,0.9647997621869133,236,0.9186137028446184,227,1158
93,-0.030120304846908114,15,-0.866,15,36,9,898.5,7,776.0,0.8662273383269111,237,0.7689376731769512,222,0.8464236381250994,245,0.8662273383269111,239,0.826999186471666,229,1172
93,-0.030120304846908114,16,-0.7071,15,36,13,897.6,7,571.0,0.7094212440740474,185,0.6220789816768915,171,0.6892351809943672,189,0.7094212440740474,183,0.6812615260477131,175,903
93,-0.030120304846908114,17,-0.5,15,34,9,897.6,7,408.0,0.5050675379527076,137,0.4306889848747288,121,0.48438316936505266,135,0.5050675379527076,134,0.49133248677002556,130,657
93,-0.030120304846908114,18,-0.2588,16,31,9,897.6,5,228.0,0.267092564397889,82,0.20781057339216663,68,0.2458279058000446,77,0.267092564397889,77,0.27015539894646734,75,379
93,-0.030120304846908114,19,0.0,14,41,11,897.6,5,83.0,0.011713898092828684,32,1.326794896677558e-06,24,1.326794896677558e-06,28,0.011713898092828684,29,0.03280309329419223,29,142
93,-0.030120304846908114,20,0.2588,11,54,6,897.6,7,0.0,0.0,0,0.0,0,0.0,0,0.0,0,0.0,0,0
93,-0.030120304846908114,21,0.5,11,54,11,898.5,10,0.0,0.0,0,0.0,0,0.0,0,0.0,0,0.0,0,0
93,-0.030120304846908114,22,0.7071,11,50,11,898.5,10,0.0,0.0,0,0.0,0,0.0,0,0.0,0,0.0,0,0
93,-0.030120304846908114,23,0.866,8,57,2,898.5,10,0.0,0.0,0,0.0,0,0.0,0,0.0,0,0.0,0,0
93,-0.030120304846908114,24,0.9659,7,61,6,898.5,10,0.0,0.0,0,0.0,0,0.0,0,0.0,0,0.0,0,0
94,-0.04732138832243185,1,1.0,4,75,6,899.4,10,0.0,0.0,0,0.0,0,0.0,0,0.0,0,0.0,0,0
94,-0.04732138832243185,2,0.9659,5,70,2,898.5,10,0.0,0.0,0,0.0,0,0.0,0,0.0,0,0.0,0,0
94,-0.04732138832243185,3,0.866,3,75,9,898.5,10,0.0,0.0,0,0.0,0,0.0,0,0.0,0,0.0,0,0
94,-0.04732138832243185,4,0.7071,2,87,11,899.4,10,0.0,0.0,0,0.0,0,0.0,0,0.0,0,0.0,0,0
94,-0.04732138832243185,5,0.5,2,87,6,899.4,10,0.0,0.0,0,0.0,0,0.0,0,0.0,0,0.0,0,0
94,-0.04732138832243185,6,0.2588,1,87,9,899.4,10,0.0,0.0,0,0.0,0,0.0,0,0.0,0,0.0,0,0
94,-0.04732138832243185,7,0.0,1,87,6,899.4,10,0.0,0.0,0,0.0,0,0.0,0,0.0,0,0.0,0,0
94,-0.04732138832243185,8,-0.2588,4,81,9,900.2,10,156.0,0.2678964154358763,15,0.20510119458637702,13,0.24484153211061163,13,0.2678964154358763,20,0.27269469356051357,14,75
94,-0.04732138832243185,9,-0.5,7,71,7,900.2,10,351.0,0.5057279313668821,83,0.42784524977885313,69,0.48325298861910354,52,0.5057279313668821,67,0.4937384496296711,55,326
94,-0.04732138832243185,10,-0.7071,11,50,9,900.2,5,453.0,0.7099584476982677,132,0.6191198721754504,117,0.6879815103392447,131,0.7099584476982677,173,0.6835529944368995,137,690
94,-0.04732138832243185,11,-0.866,13,41,19,900.2,5,767.0,0.8666700151319869,209,0.7658900337612353,191,0.8450752103358766,214,0.8666700151319869,208,0.8292028002135009,214,1036
94,-0.04732138832243185,12,-0.9659,13,44,26,899.4,5,466.0,0.9651830169610819,142,0.8581536071002704,127,0.9438284305855686,144,0.9651830169610819,124,0.9207620888649168,145,682
94,-0.04732138832243185,13,-1.0,15,42,30,899.4,5,401.0,0.9987839660229808,119,0.8896229925646351,103,0.9775113136534638,116,0.9987839660229808,146,0.9519912560039306,121,605
94,-0.04732138832243185,14,-0.9659,16,39,28,899.4,5,455.0,0.9651830169610819,166,0.8581536071002704,150,0.9438284305855686,174,0.9651830169610819,169,0.9207620888649168,167,826
94,-0.04732138832243185,15,-0.866,16,39,35,898.5,4,425.0,0.8666700151319869,193,0.7658900337612353,179,0.8450752103358766,204,0.8666700151319869,204,0.8292028002135009,189,969
94,-0.04732138832243185,16,-0.7071,15,45,26,899.4,5,646.0,0.7099584476982678,196,0.6191198721754506,177,0.6879815103392448,197,0.7099584476982678,166,0.6835529944368995,191,927
94,-0.04732138832243185,17,-0.5,16,45,28,899.4,5,483.0,0.505727931366882,160,0.4278452497788527,139,0.4832529886191034,156,0.505727931366882,133,0.4937384496296711,153,741
94,-0.04732138832243185,18,-0.2588,15,48,28,899.4,5,161.0,0.2678964154358765,48,0.20510119458637743,41,0.24484153211061227,47,0.2678964154358765,41,0.2726946935605138,47,224
94,-0.04732138832243185,19,0.0,13,54,37,898.5,4,63.0,0.012671698251773778,16,1.326794896677558e-06,13,1.326794896677558e-06,16,0.012671698251773778,10,0.03548547070818152,19,74
94,-0.04732138832243185,20,0.2588,13,54,24,900.2,5,0.0,0.0,0,0.0,0,0.0,0,0.0,0,0.0,0,0
94,-0.04732138832243185,21,0.5,12,58,13,900.2,5,0.0,0.0,0,0.0,0,0.0,0,0.0,0,0.0,0,0
94,-0.04732138832243185,22,0.7071,12,58,11,899.4,5,0.0,0.0,0,0.0,0,0.0,0,0.0,0,0.0,0,0
94,-0.04732138832243185,23,0.866,11,62,13,899.4,5,0.0,0.0,0,0.0,0,0.0,0,0.0,0,0.0,0,0
94,-0.04732138832243185,24,0.9659,11,62,13,899.4,5,0.0,0.0,0,0.0,0,0.0,0,0.0,0,0.0,0,0
95,-0.06450844944931623,1,1.0,11,58,9,899.4,5,0.0,0.0,0,0.0,0,0.0,0,0.0,0,0.0,0,0
95,-0.06450844944931623,2,0.9659,11,58,4,899.4,5,0.0,0.0,0,0.0,0,0.0,0,0.0,0,0.0,0,0
95,-0.06450844944931623,3,0.866,12,51,19,898.5,5,0.0,0.0,0,0.0,0,0.0,0,0.0,0,0.0,0,0
95,-0.06450844944931623,4,0.7071,12,51,20,897.6,5,0.0,0.0,0,0.0,0,0.0,0,0.0,0,0.0,0,0
95,-0.06450844944931623,5,0.5,10,58,11,897.6,5,0.0,0.0,0,0.0,0,0.0,0,0.0,0,0.0,0,0
95,-0.06450844944931623,6,0.2588,8,62,7,897.6,10,0.0,0.0,0,0.0,0,0.0,0,0.0,0,0.0,0,0
95,-0.06450844944931623,7,0.0,9,62,19,896.7,5,0.0,0.0,0,0.0,0,0.0,0,0.0,0,0.0,0,0
95,-0.06450844944931623,8,-0.2588,11,50,26,896.7,5,39.0,0.2686845063846457,10,0.34588248216723244,10,0.36100635623773336,10,0.35152833851761023,11,0.3180943396334879,13,54
95,-0.06450844944931623,9,-0.5,13,41,24,896.7,3,104.0,0.5063619247173826,28,0.5515848377975806,21,0.5854666876760375,26,0.5794500506967395,29,0.5339449501948365,31,135
95,-0.06450844944931623,10,-0.7071,14,41,20,896.7,3,208.0,0.7104601145080058,56,0.7172799846131666,45,0.7692781960424856,51,0.7688514755350178,57,0.7160289033445579,61,270
95,-0.06450844944931623,11,-0.866,16,36,13,897.6,5,408.0,0.8670701442483235,116,0.8316760908713269,97,0.8999144518977813,111,0.9068252401413677,118,0.8519374975644252,122,564
95,-0.06450844944931623,12,-0.9659,18,28,22,896.7,5,713.0,0.9655193168271825,185,0.886977263927558,166,0.968472825280331,186,0.9839686759829447,190,0.9324088011818548,191,918
95,-0.06450844944931623,13,-1.0,19,24,30,896.7,5,639.0,0.9990984949224493,199,0.879414828197309,183,0.9702811855950724,204,0.9950245950648385,203,0.951958836968841,201,990
95,-0.06450844944931623,14,-0.9659,19,24,30,896.7,5,667.0,0.9655193168271825,182,0.8095041453372184,161,0.9052162922138103,181,0.939239553141859,182,0.9092553029073264,183,889
95,-0.06450844944931623,15,-0.866,19,24,20,896.7,5,364.0,0.8670701442483235,96,0.6820095099100435,78,0.7777122066999674,90,0.8204152052219528,96,0.8072083711740765,101,461
95,-0.06450844944931623,16,-0.7071,20,26,13,896.7,5,443.0,0.7104601145080058,131,0.5056194545038204,105,0.5964581057542507,119,0.6466492198973032,125,0.6527723601162474,130,610
95,-0.06450844944931623,17,-0.5,19,28,11,896.7,5,270.0,0.5063619247173826,74,0.2923546500261624,58,0.3738061360202614,68,0.4297834424152519,72,0.4564718123686009,76,348
95,-0.06450844944931623,18,-0.2588,17,32,15,897.6,5,156.0,0.26868450638464547,42,0.05674871663487106,33,0.12492963572900537,37,0.18459689294392698,41,0.23168426560136035,43,196
95,-0.06450844944931623,19,0.0,15,36,17,898.5,5,45.0,0.013625156424975941,10,1.326794896677558e-06,10,1.326794896677558e-06,11,1.326794896677558e-06,11,1.326794896677558e-06,13,55
95,-0.06450844944931623,20,0.2588,14,41,13,898.5,5,0.0,0.0,0,0.0,0,0.0,0,0.0,0,0.0,0,0
95,-0.06450844944931623,21,0.5,13,44,15,898.5,5,0.0,0.0,0,0.0,0,0.0,0,0.0,0,0.0,0,0
95,-0.06450844944931623,22,0.7071,12,47,7,898.5,5,0.0,0.0,0,0.0,0,0.0,0,0.0,0,0.0,0,0
95,-0.06450844944931623,23,0.866,13,44,9,899.4,5,0.0,0.0,0,0.0,0,0.0,0,0.0,0,0.0,0,0
95,-0.06450844944931623,24,0.9659,11,50,6,899.4,5,0.0,0.0,0,0.0,0,0.0,0,0.0,0,0.0,0,0
96,-0.08167639533042241,1,1.0,11,50,9,898.5,5,0.0,0.0,0,0.0,0,0.0,0,0.0,0,0.0,0,0
96,-0.08167639533042241,2,0.9659,8,62,13,897.6,5,0.0,0.0,0,0.0,0,0.0,0,0.0,0,0.0,0,0
96,-0.08167639533042241,3,0.866,8,57,9,897.6,5,0.0,0.0,0,0.0,0,0.0,0,0.0,0,0.0,0,0
96,-0.08167639533042241,4,0.7071,9,54,11,897.6,5,0.0,0.0,0,0.0,0,0.0,0,0.0,0,0.0,0,0
96,-0.08167639533042241,5,0.5,6,70,11,897.6,5,0.0,0.0,0,0.0,0,0.0,0,0.0,0,0.0,0,0
96,-0.08167639533042241,6,0.2588,6,70,9,897.6,5,0.0,0.0,0,0.0,0,0.0,0,0.0,0,0.0,0,0
96,-0.08167639533042241,7,0.0,6,76,4,897.6,5,0.0,0.0,0,0.0,0,0.0,0,0.0,0,0.0,0,0
96,-0.08167639533042241,8,-0.2588,7,71,7,898.5,5,33.0,0.2694567207882259,10,0.34314777038449523,10,0.3599820500088154,10,0.3522842425854725,10,0.32057894046766644,11,51
96,-0.08167639533042241,9,-0.5,9,66,11,897.6,5,63.0,0.5069695910173292,18,0.548707715396745,15,0.5842869840958426,17,0.5800481607133011,19,0.536280113682981,20,89
96,-0.08167639533042241,10,-0.7071,10,58,6,898.5,5,183.0,0.7109264802171154,51,0.7142881491060642,40,0.7679712369122409,46,0.7693184597811942,51,0.7182380068384139,54,242
96,-0.08167639533042241,11,-0.866,12,51,4,898.5,5,329.0,0.867428086234408,90,0.8286050572972877,74,0.8985170512644118,84,0.9071967028608028,91,0.8540525091290061,96,435
96,-0.08167639533042241,12,-0.9659,15,45,6,898.5,5,408.0,0.9658091008243079,111,0.8838679445533342,95,0.9670279606224763,107,0.9842867310263583,112,0.9344681010476923,115,540
96,-0.08167639533042241,13,-1.0,17,34,11,897.6,5,387.0,0.9993650315008518,106,0.8763107443895,88,0.9688350689673557,100,0.9953349959030534,107,0.9540046019971189,112,513
96,-0.08167639533042241,14,-0.9659,20,30,11,896.7,5,611.0,0.9658091008243079,161,0.8064484617203372,138,0.9038152210342352,156,0.9395885748961255,161,0.9113306323464193,163,779
96,-0.08167639533042241,15,-0.866,22,17,17,894.9,5,648.0,0.867428086234408,187,0.6790420926565466,159,0.7763994085735902,178,0.8208464910410757,181,0.809354349503035,182,887
96,-0.08167639533042241,16,-0.7071,23,19,28,894.1,5,641.0,0.7109264802171154,195,0.5027741545858572,158,0.5952707926454724,181,0.6472008068033178,182,0.6550252572457678,181,897
96,-0.08167639533042241,17,-0.5,22,19,31,893.2,5,454.0,0.5069695910173292,144,0.2896569962996008,105,0.372772968306542,122,0.4304851691466211,126,0.4588606119219062,128,625
96,-0.08167639533042241,18,-0.2588,21,21,31,893.2,5,185.0,0.26945672078822575,49,0.054214176073765476,35,0.12406876904474269,41,0.18546836651186857,42,0.23422868975305594,45,212
96,-0.08167639533042241,19,0.0,20,23,33,892.3,6,65.0,0.01457395283096021,18,1.326794896677558e-06,12,1.326794896677558e-06,14,1.326794896677558e-06,15,1.326794896677558e-06,17,76
96,-0.08167639533042241,20,0.2588,19,24,24,892.3,7,0.0,0.0,0,0.0,0,0.0,0,0.0,0,0.0,0,0
96,-0.08167639533042241,21,0.5,18,24,26,893.2,7,0.0,0.0,0,0.0,0,0.0,0,0.0,0,0.0,0,0
96,-0.08167639533042241,22,0.7071,13,44,19,894.1,7,0.0,0.0,0,0.0,0,0.0,0,0.0,0,0.0,0,0
96,-0.08167639533042241,23,0.866,14,41,13,893.2,7,0.0,0.0,0,0.0,0,0.0,0,0.0,0,0.0,0,0
96,-0.08167639533042241,24,0.9659,12,44,7,894.1,10,0.0,0.0,0,0.0,0,0.0,0,0.0,0,0.0,0,0
97,-0.09882013873287143,1,1.0,9,54,9,893.2,10,0.0,0.0,0,0.0,0,0.0,0,0.0,0,0.0,0,0
97,-0.09882013873287143,2,0.9659,11,44,7,892.3,10,0.0,0.0,0,0.0,0,0.0,0,0.0,0,0.0,0,0
97,-0.09882013873287143,3,0.866,11,41,13,892.3,10,0.0,0.0,0,0.0,0,0.0,0,0.0,0,0.0,0,0
97,-0.09882013873287143,4,0.7071,10,43,20,892.3,10,0.0,0.0,0,0.0,0,0.0,0,0.0,0,0.0,0,0
97,-0.09882013873287143,5,0.5,8,50,15,892.3,10,0.0,0.0,0,0.0,0,0.0,0,0.0,0,0.0,0,0
97,-0.09882013873287143,6,0.2588,11,41,19,891.4,10,0.0,0.0,0,0.0,0,0.0,0,0.0,0,0.0,0,0
97,-0.09882013873287143,7,0.0,9,46,13,892.3,10,0.0,0.0,0,0.0,0,0.0,0,0.0,0,0.0,0,0
97,-0.09882013873287143,8,-0.2588,12,41,9,893.2,10,156.0,0.27021295891316854,33,0.34040957904957153,23,0.35894572628535054,19,0.3530204101831191,19,0.3230374308574182,22,116
97,-0.09882013873287143,9,-0.5,17,22,15,893.2,10,394.0,0.5075510327213396,111,0.545818243844071,117,0.5830855846046126,72,0.5806167065950929,67,0.5385798595537046,80,447
97,-0.09882013873287143,10,-0.7071,19,24,37,892.3,9,603.0,0.7113578209029778,174,0.7112768199034142,186,0.7666346561758046,190,0.7697477131693441,187,0.7204038415124095,190,927
97,-0.09882013873287143,11,-0.866,21,16,30,893.2,10,757.0,0.867744250393023,217,0.8255095974273857,220,0.8970843961725262,233,0.9075244854876184,229,0.8561183916874694,227,1126
97,-0.09882013873287143,12,-0.9659,22,17,26,893.2,10,863.0,0.966052862004216,244,0.8807318143739811,239,0.9655448853651867,259,0.9845577796608139,254,0.9364748020986894,247,1243
97,-0.09882013873287143,13,-1.0,22,13,26,893.2,10,914.0,0.9995840973751605,257,0.8731801741952581,244,0.9673506624084455,271,0.995597912656541,263,0.9559969247436949,252,1287
97,-0.09882013873287143,14,-0.9659,23,13,26,893.2,10,892.0,0.966052862004216,253,0.8033693078308991,230,0.9023786667882226,262,0.9398925188982279,256,0.9133543613167476,245,1246
97,-0.09882013873287143,15,-0.866,23,14,24,893.2,10,812.0,0.867744250393023,250,0.676056702521151,213,0.7750566251782914,236,0.8212378226466811,234,0.8114531274825058,236,1169
97,-0.09882013873287143,16,-0.7071,23,12,24,892.3,10,675.0,0.7113578209029777,183,0.49991848747939743,141,0.5940613096910669,194,0.6477199320407803,195,0.6572376130880674,166,879
97,-0.09882013873287143,17,-0.5,22,15,22,892.3,10,491.0,0.5075510327213398,148,0.28695817106677163,93,0.37172723118958684,134,0.4311637851573584,139,0.4612173343898971,126,640
97,-0.09882013873287143,18,-0.2588,22,16,24,893.2,10,272.0,0.27021295891316854,78,0.05168862300895855,32,0.1232060641665427,59,0.18632730146001245,67,0.2367507293404955,58,294
97,-0.09882013873287143,19,0.0,20,26,15,893.2,10,61.0,0.015517770761626757,15,1.326794896677558e-06,10,1.326794896677558e-06,14,1.326794896677558e-06,15,1.326794896677558e-06,10,64
97,-0.09882013873287143,20,0.2588,17,30,13,894.1,10,0.0,0.0,0,0.0,0,0.0,0,0.0,0,0.0,0,0
97,-0.09882013873287143,21,0.5,16,31,15,894.9,10,0.0,0.0,0,0.0,0,0.0,0,0.0,0,0.0,0,0
97,-0.09882013873287143,22,0.7071,14,36,7,895.8,10,0.0,0.0,0,0.0,0,0.0,0,0.0,0,0.0,0,0
97,-0.09882013873287143,23,0.866,13,36,4,895.8,10,0.0,0.0,0,0.0,0,0.0,0,0.0,0,0.0,0,0
97,-0.09882013873287143,24,0.9659,10,43,9,895.8,10,0.0,0.0,0,0.0,0,0.0,0,0.0,0,0.0,0,0
98,-0.11593459959550041,1,1.0,8,43,9,894.9,10,0.0,0.0,0,0.0,0,0.0,0,0.0,0,0.0,0,0
98,-0.11593459959550041,2,0.9659,9,40,6,894.9,10,0.0,0.0,0,0.0,0,0.0,0,0.0,0,0.0,0,0
98,-0.11593459959550041,3,0.866,5,57,7,894.9,10,0.0,0.0,0,0.0,0,0.0,0,0.0,0,0.0,0,0
98,-0.11593459959550041,4,0.7071,3,65,13,894.9,10,0.0,0.0,0,0.0,0,0.0,0,0.0,0,0.0,0,0
98,-0.11593459959550041,5,0.5,3,60,7,894.1,10,0.0,0.0,0,0.0,0,0.0,0,0.0,0,0.0,0,0
98,-0.11593459959550041,6,0.2588,3,60,7,894.9,10,0.0,0.0,0,0.0,0,0.0,0,0.0,0,0.0,0,0
98,-0.11593459959550041,7,0.0,3,65,4,894.9,10,0.0,0.0,0,0.0,0,0.0,0,0.0,0,0.0,0,0
98,-0.11593459959550041,8,-0.2588,5,61,6,894.9,10,88.0,0.27095313764406176,22,0.33766906876550695,17,0.35789797431878995,20,0.35373681905397675,24,0.3254691785549569,25,108
98,-0.11593459959550041,9,-0.5,7,53,9,894.9,10,134.0,0.5081063813471688,39,0.5429177695006181,32,0.5818632811512069,37,0.581155871908864,41,0.5408437504819242,44,193
98,-0.11593459959550041,10,-0.7071,9,46,7,894.9,10,284.0,0.7117544523929594,76,0.7082474929960837,65,0.7652694117717892,73,0.7701395903039988,78,0.7225261344713314,80,372
98,-0.11593459959550041,11,-0.866,12,35,4,894.9,10,477.0,0.8680190939772388,131,0.8223913105570699,118,0.8956175625309302,132,0.9078090672226862,136,0.8581349950760586,139,656
98,-0.11593459959550041,12,-0.9659,15,25,2,894.1,10,518.0,0.9662511465238807,147,0.8775705226242769,133,0.9640247373284455,148,0.984782370751075,152,0.9384288268402221,153,733
98,-0.11593459959550041,13,-1.0,17,19,11,894.1,10,797.0,0.9997562690258122,225,0.8700247633645164,209,0.9658291081020097,232,0.9958139061049082,229,0.9579357463679776,224,1119
98,-0.11593459959550041,14,-0.9659,20,17,7,893.2,10,676.0,0.9662511465238807,196,0.8002682629421366,175,0.9009077101723695,197,0.9401518936205794,194,0.915326391415059,191,953
98,-0.11593459959550041,15,-0.866,20,12,9,892.3,10,723.0,0.8680190939772388,222,0.6730548036439747,193,0.7736848220689596,217,0.8215896012076025,216,0.8135045145563594,212,1060
98,-0.11593459959550041,16,-0.7071,21,9,19,891.4,10,695.0,0.7117544523929594,212,0.4970537580367962,171,0.5928304587656219,197,0.6482068398602354,197,0.6594090976244785,195,972
98,-0.11593459959550041,17,-0.5,19,23,28,891.4,10,470.0,0.5081063813471686,160,0.28425928659280403,101,0.37066952547960164,124,0.4318193388586922,133,0.46354147248580735,139,657
98,-0.11593459959550041,18,-0.2588,18,24,28,891.4,10,276.0,0.27095313764406176,99,0.04917295694339811,26,0.12234189715832729,38,0.18717352478532132,51,0.23924967408373202,67,281
98,-0.11593459959550041,19,0.0,16,31,26,892.3,10,74.0,0.01645629677166918,30,1.326794896677558e-06,13,1.326794896677558e-06,14,1.326794896677558e-06,14,0.001818795930674318,18,89
98,-0.11593459959550041,20,0.2588,15,36,19,892.3,7,0.0,0.0,0,0.0,0,0.0,0,0.0,0,0.0,0,0
98,-0.11593459959550041,21,0.5,14,44,22,893.2,7,0.0,0.0,0,0.0,0,0.0,0,0.0,0,0.0,0,0
98,-0.11593459959550041,22,0.7071,13,51,15,893.2,7,0.0,0.0,0,0.0,0,0.0,0,0.0,0,0.0,0,0
98,-0.11593459959550041,23,0.866,9,76,26,894.1,7,0.0,0.0,0,0.0,0,0.0,0,0.0,0,0.0,0,0
98,-0.11593459959550041,24,0.9659,8,81,24,894.1,7,0.0,0.0,0,0.0,0,0.0,0,0.0,0,0.0,0,0
99,-0.1330147065341959,1,1.0,8,76,15,894.1,5,0.0,0.0,0,0.0,0,0.0,0,0.0,0,0.0,0,0
99,-0.1330147065341959,2,0.9659,6,81,20,894.1,5,0.0,0.0,0,0.0,0,0.0,0,0.0,0,0.0,0,0
99,-0.1330147065341959,3,0.866,5,81,26,894.1,7,0.0,0.0,0,0.0,0,0.0,0,0.0,0,0.0,0,0
99,-0.1330147065341959,4,0.7071,4,81,30,894.1,5,0.0,0.0,0,0.0,0,0.0,0,0.0,0,0.0,0,0
99,-0.1330147065341959,5,0.5,3,81,28,894.1,5,0.0,0.0,0,0.0,0,0.0,0,0.0,0,0.0,0,0
99,-0.1330147065341959,6,0.2588,2,87,31,894.9,4,0.0,0.0,0,0.0,0,0.0,0,0.0,0,0.0,0,0
99,-0.1330147065341959,7,0.0,1,87,28,895.8,2,0.0,0.0,0,0.0,0,0.0,0,0.0,0,0.0,0,0
99,-0.1330147065341959,8,-0.2588,1,87,26,895.8,2,28.0,0.2716771903557632,10,0.4723270747636444,10,0.46902575463408386,10,0.43376120146717617,10,0.3689366335727281,10,50
99,-0.1330147065341959,9,-0.5,1,87,31,896.7,3,69.0,0.5086357970578975,19,0.6571935022283117,14,0.6763027310010948,17,0.6493231495535501,21,0.5780933692074056,23,94
99,-0.1330147065341959,10,-0.7071,1,87,33,896.7,2,122.0,0.712116729597533,34,0.7944487663522476,25,0.8367464258789014,29,0.8220213077194992,34,0.7512769027817292,38,160
99,-0.1330147065341959,11,-0.866,1,87,33,897.6,2,182.0,0.8682531213324247,51,0.8747391633741622,38,0.9394228850110995,45,0.940086601094197,52,0.8766850805435208,55,241
99,-0.1330147065341959,12,-0.9659,2,81,31,897.6,3,215.0,0.9664045526673593,58,0.8925930445969089,44,0.9773348891652051,52,0.9954730882388394,59,0.945771555599665,64,277
99,-0.1330147065341959,13,-1.0,2,75,30,897.6,2,264.0,0.9998821767775998,75,0.8467937040914559,56,0.9478988059579472,66,0.9844062804029783,75,0.9538282075261435,80,352
99,-0.1330147065341959,14,-0.9659,3,70,26,897.6,3,293.0,0.9664045526673593,81,0.7404622727088528,63,0.8531206415930895,73,0.907640353343129,82,0.9003059856959135,88,387
99,-0.1330147065341959,15,-0.866,3,70,31,897.6,3,283.0,0.8682531213324247,77,0.5808450629155484,60,0.6994593713186233,70,0.7704067772035973,78,0.7888523393631471,84,369
99,-0.1330147065341959,16,-0.7071,4,65,30,896.7,3,229.0,0.7121167295975328,63,0.37881970104876056,48,0.4973867354417927,56,0.5820577754769619,63,0.6270626372401439,68,298
99,-0.1330147065341959,17,-0.5,3,70,31,896.7,3,171.0,0.5086357970578977,45,0.14815385869800193,34,0.2606736269753368,40,0.35542900046395476,46,0.4259625633707684,49,214
99,-0.1330147065341959,18,-0.2588,3,75,26,896.7,3,86.0,0.27167719035576277,22,1.326794896677558e-06,17,0.005451625914744267,21,0.10596480376444886,23,0.19925673519059697,25,108
99,-0.1330147065341959,19,0.0,2,87,20,896.7,3,31.0,0.017389220862061735,10,1.326794896677558e-06,10,1.326794896677558e-06,10,1.326794896677558e-06,10,1.326794896677558e-06,10,50
99,-0.1330147065341959,20,0.2588,1,93,19,896.7,3,0.0,0.0,0,0.0,0,0.0,0,0.0,0,0.0,0,0
99,-0.1330147065341959,21,0.5,1,93,22,896.7,3,0.0,0.0,0,0.0,0,0.0,0,0.0,0,0.0,0,0
99,-0.1330147065341959,22,0.7071,1,87,28,896.7,3,0.0,0.0,0,0.0,0,0.0,0,0.0,0,0.0,0,0
99,-0.1330147065341959,23,0.866,1,87,30,896.7,3,0.0,0.0,0,0.0,0,0.0,0,0.0,0,0.0,0,0
99,-0.1330147065341959,24,0.9659,0,93,33,895.8,2,0.0,0.0,0,0.0,0,0.0,0,0.0,0,0.0,0,0
100,-0.1500553983446526,1,1.0,0,93,33,895.8,2,0.0,0.0,0,0.0,0,0.0,0,0.0,0,0.0,0,0
100,-0.1500553983446526,2,0.9659,-1,93,35,895.8,1,0.0,0.0,0,0.0,0,0.0,0,0.0,0,0.0,0,0
100,-0.1500553983446526,3,0.866,-2,10,41,895.8,1,0.0,0.0,0,0.0,0,0.0,0,0.0,0,0.0,0,0
100,-0.1500553983446526,4,0.7071,-2,93,35,895.8,1,0.0,0.0,0,0.0,0,0.0,0,0.0,0,0.0,0,0
100,-0.1500553983446526,5,0.5,-2,93,43,895.8,1,0.0,0.0,0,0.0,0,0.0,0,0.0,0,0.0,0,0
100,-0.1500553983446526,6,0.2588,-2,86,48,894.9,1,0.0,0.0,0,0.0,0,0.0,0,0.0,0,0.0,0,0
100,-0.1500553983446526,7,0.0,-2,86,46,894.9,1,0.0,0.0,0,0.0,0,0.0,0,0.0,0,0.0,0,0
100,-0.1500553983446526,8,-0.2588,-2,80,48,895.8,2,110.0,0.2723850667626014,39,0.46967457704578225,15,0.46802975040320827,24,0.4344895667918639,33,0.3713397317217975,35,146
100,-0.1500553983446526,9,-0.5,-2,86,41,895.8,2,246.0,0.5091394682054432,78,0.65438169152772,50,0.6751281007104889,64,0.6498657487566818,78,0.5803162208010998,80,350
100,-0.1500553983446526,10,-0.7071,-2,80,52,895.8,2,377.0,0.7124450457912838,134,0.79151867268697,103,0.8354335292671439,115,0.8224150798191353,120,0.7533505087798245,121,593
100,-0.1500553983446526,11,-0.866,-1,80,43,896.7,2,513.0,0.8684468829758228,157,0.8717398775570353,136,0.9380215044219243,148,0.940378627386773,154,0.8786506126806153,158,753
100,-0.1500553983446526,12,-0.9659,0,80,43,896.7,2,500.0,0.9665137297987485,126,0.8895783727740649,122,0.9759008369690346,135,0.9957173838027734,142,0.9476775506226642,149,674
100,-0.1500553983446526,13,-1.0,1,75,39,895.8,2,384.0,0.9999625037094393,109,0.8438184995774684,92,0.9464901199247261,103,0.9846601122882195,111,0.9557272591085164,117,532
100,-0.1500553983446526,14,-0.9659,1,75,33,896.7,2,381.0,0.9665137297987485,131,0.7375787031809309,96,0.8517936340960761,108,0.9079603410243812,116,0.9022511618867827,121,572
100,-0.1500553983446526,15,-0.866,2,70,35,895.8,2,475.0,0.8684468829758228,142,0.5780990472784493,113,0.6982647852206546,128,0.770845029457128,137,0.7908935637185541,145,665
100,-0.1500553983446526,16,-0.7071,3,75,43,895.8,2,481.0,0.7124450457912838,117,0.376247785490949,108,0.4963662904343859,122,0.5826583423624863,129,0.6292432882369325,133,609
100,-0.1500553983446526,17,-0.5,3,65,33,895.8,4,235.0,0.5091394682054432,59,0.14578072475698217,54,0.2598571753433897,62,0.35622487061596486,68,0.42831651785010055,71,314
100,-0.1500553983446526,18,-0.2588,1,87,30,895.8,3,128.0,0.2723850667626014,29,1.326794896677558e-06,23,0.004855118157833868,27,0.10697565629250166,31,0.20180605973364626,35,145
100,-0.1500553983446526,19,0.0,2,75,22,895.8,5,53.0,0.018316236657314192,10,1.326794896677558e-06,11,1.326794896677558e-06,13,1.326794896677558e-06,15,1.326794896677558e-06,16,65
100,-0.1500553983446526,20,0.2588,2,75,17,896.7,5,0.0,0.0,0,0.0,0,0.0,0,0.0,0,0.0,0,0
100,-0.1500553983446526,21,0.5,1,81,15,896.7,5,0.0,0.0,0,0.0,0,0.0,0,0.0,0,0.0,0,0
100,-0.1500553983446526,22,0.7071,2,70,19,897.6,5,0.0,0.0,0,0.0,0,0.0,0,0.0,0,0.0,0,0
100,-0.1500553983446526,23,0.866,1,70,30,897.6,5,0.0,0.0,0,0.0,0,0.0,0,0.0,0,0.0,0,0
100,-0.1500553983446526,24,0.9659,1,65,39,897.6,2,0.0,0.0,0,0.0,0,0.0,0,0.0,0,0.0,0,0
101,-0.16705162550211924,1,1.0,0,75,33,897.6,2,0.0,0.0,0,0.0,0,0.0,0,0.0,0,0.0,0,0
101,-0.16705162550211924,2,0.9659,0,69,33,897.6,2,0.0,0.0,0,0.0,0,0.0,0,0.0,0,0.0,0,0
101,-0.16705162550211924,3,0.866,0,69,26,897.6,5,0.0,0.0,0,0.0,0,0.0,0,0.0,0,0.0,0,0
101,-0.16705162550211924,4,0.7071,-1,75,30,897.6,5,0.0,0.0,0,0.0,0,0.0,0,0.0,0,0.0,0,0
101,-0.16705162550211924,5,0.5,-1,75,31,896.7,5,0.0,0.0,0,0.0,0,0.0,0,0.0,0,0.0,0,0
101,-0.16705162550211924,6,0.2588,-1,75,30,896.7,5,0.0,0.0,0,0.0,0,0.0,0,0.0,0,0.0,0,0
101,-0.16705162550211924,7,0.0,-1,75,22,897.6,5,0.0,0.0,0,0.0,0,0.0,0,0.0,0,0.0,0,0
101,-0.16705162550211924,8,-0.2588,0,69,28,897.6,3,62.0,0.2730767327448483,18,0.46701668078354064,16,0.467018774790175,17,0.4351944081663062,20,0.37371235646454076,21,92
101,-0.16705162550211924,9,-0.5,0,69,26,897.6,3,144.0,0.5096176108362225,41,0.651557212646262,42,0.6739303481362265,45,0.6503763473141054,47,0.5825003741723652,46,221
101,-0.16705162550211924,10,-0.7071,0,75,30,898.5,3,211.0,0.7127398318430934,60,0.7885705134530612,48,0.8340912011294953,55,0.8227700601411359,61,0.7553786063385863,66,290
101,-0.16705162550211924,11,-0.866,1,75,30,899.4,3,222.0,0.868600974615352,63,0.8687193688542203,48,0.9365866546871503,56,0.9406272191367254,63,0.8805657048650828,70,300
101,-0.16705162550211924,12,-0.9659,3,70,28,898.5,3,187.0,0.966579377248103,45,0.8865417759845273,36,0.9744318247864883,41,0.995916066822128,47,0.9495303889573551,50,219
101,-0.16705162550211924,13,-1.0,3,70,22,899.4,3,174.0,0.9999979844949635,55,0.8408231692925944,46,0.9450476299677778,52,0.9848687657749001,54,0.9575728366459155,55,262
101,-0.16705162550211924,14,-0.9659,3,70,17,899.4,3,254.0,0.966579377248103,79,0.7346791910341725,64,0.8504365511781885,72,0.9082381700697364,79,0.9041449692636846,83,377
101,-0.16705162550211924,15,-0.866,4,65,22,898.5,5,377.0,0.868600974615352,120,0.5753433657653951,95,0.6970461662338668,108,0.7712465196077208,116,0.7928878020295144,123,562
101,-0.16705162550211924,16,-0.7071,4,65,22,898.5,5,341.0,0.7127398318430934,102,0.3736741484472981,79,0.4953297587855432,92,0.5832295537262935,100,0.6313833153586117,106,479
101,-0.16705162550211924,17,-0.5,5,65,20,898.5,5,334.0,0.5096176108362225,106,0.14341493997224092,71,0.2590339455106972,84,0.3570002971305922,92,0.43063775645273794,97,450
101,-0.16705162550211924,18,-0.2588,2,87,22,899.4,5,112.0,0.27307673274484806,32,1.326794896677558e-06,24,0.004261868481552597,28,0.10797587504187676,31,0.20433158331110576,33,148
101,-0.16705162550211924,19,0.0,4,65,20,899.4,5,52.0,0.019237041576206673,13,1.326794896677558e-06,10,1.326794896677558e-06,11,1.326794896677558e-06,14,1.326794896677558e-06,15,63
101,-0.16705162550211924,20,0.2588,3,81,24,899.4,4,0.0,0.0,0,0.0,0,0.0,0,0.0,0,0.0,0,0
101,-0.16705162550211924,21,0.5,2,81,15,900.2,5,0.0,0.0,0,0.0,0,0.0,0,0.0,0,0.0,0,0
101,-0.16705162550211924,22,0.7071,2,75,26,900.2,5,0.0,0.0,0,0.0,0,0.0,0,0.0,0,0.0,0,0
101,-0.16705162550211924,23,0.866,2,75,26,900.2,5,0.0,0.0,0,0.0,0,0.0,0,0.0,0,0.0,0,0
101,-0.16705162550211924,24,0.9659,1,81,20,900.2,5,0.0,0.0,0,0.0,0,0.0,0,0.0,0,0.0,0,0
102,-0.18399835165768005,1,1.0,1,87,19,900.2,3,0.0,0.0,0,0.0,0,0.0,0,0.0,0,0.0,0,0
102,-0.18399835165768005,2,0.9659,1,81,17,900.2,3,0.0,0.0,0,0.0,0,0.0,0,0.0,0,0.0,0,0
102,-0.18399835165768005,3,0.866,0,93,7,900.2,3,0.0,0.0,0,0.0,0,0.0,0,0.0,0,0.0,0,0
102,-0.18399835165768005,4,0.7071,0,93,19,900.2,5,0.0,0.0,0,0.0,0,0.0,0,0.0,0,0.0,0,0
102,-0.18399835165768005,5,0.5,0,87,24,900.2,3,0.0,0.0,0,0.0,0,0.0,0,0.0,0,0.0,0,0
102,-0.18399835165768005,6,0.2588,0,87,17,900.2,5,0.0,0.0,0,0.0,0,0.0,0,0.0,0,0.0,0,0
102,-0.18399835165768005,7,0.0,0,87,20,900.2,5,0.0,0.0,0,0.0,0,0.0,0,0.0,0,0.0,0,0
102,-0.18399835165768005,8,-0.2588,1,87,15,900.2,7,187.0,0.2737521701527962,24,0.4643546644878301,42,0.4659935447753393,18,0.43587583217934994,18,0.3760539967344803,16,118
102,-0.18399835165768005,9,-0.5,3,70,9,901.1,7,446.0,0.51007046815988,106,0.6487215479976317,157,0.6727104188798011,146,0.6508552895740265,125,0.5846455489493988,93,627
102,-0.18399835165768005,10,-0.7071,4,65,24,901.1,7,634.0,0.7130015553968909,177,0.7856059224531478,213,0.8327205640326819,230,0.8230867835153682,223,0.7573611061033032,207,1050
102,-0.18399835165768005,11,-0.866,5,57,26,901.1,7,805.0,0.8687160361093875,236,0.8656793596265326,253,0.9351195716229704,277,0.9408330413969189,264,0.882430406064268,248,1278
102,-0.18399835165768005,12,-0.9659,6,57,26,901.1,5,564.0,0.9666022431323097,222,0.8834849962814715,218,0.9729291302497146,264,0.9960698634396439,228,0.9513301957717173,217,1149
102,-0.18399835165768005,13,-1.0,5,57,15,901.1,5,472.0,0.9999894041760197,186,0.8378094097469536,170,0.9435725853119705,200,0.9850329576701764,188,0.9593650756786506,184,928
102,-0.18399835165768005,14,-0.9659,6,49,9,901.1,5,501.0,0.9666022431323097,141,0.7317653105255271,117,0.8490505334664876,134,0.9084744697446794,141,0.9059874828472254,144,677
102,-0.18399835165768005,15,-0.866,7,49,13,901.1,5,779.0,0.8687160361093875,151,0.5725794165797681,122,0.6958044855009281,140,0.7716117255557349,145,0.7948350063860763,149,707
102,-0.18399835165768005,16,-0.7071,7,49,17,901.1,5,381.0,0.7130015553968909,119,0.37109996529255734,90,0.49427788875704715,104,0.583771679724591,112,0.6334824922452541,117,542
102,-0.18399835165768005,17,-0.5,7,46,15,901.1,5,395.0,0.51007046815988,150,0.1410574253002165,86,0.2582044246505959,108,0.35775530019824286,122,0.43292583101039167,133,599
102,-0.18399835165768005,18,-0.2588,6,49,20,901.1,5,269.0,0.2737521701527962,88,1.326794896677558e-06,40,0.0036720825559161817,49,0.1089652050502152,60,0.2068326077037478,70,307
102,-0.18399835165768005,19,0.0,5,53,17,901.1,5,86.0,0.020151336995743816,27,1.326794896677558e-06,16,1.326794896677558e-06,18,1.326794896677558e-06,19,1.326794896677558e-06,22,102
102,-0.18399835165768005,20,0.2588,4,61,11,901.1,7,0.0,0.0,0,0.0,0,0.0,0,0.0,0,0.0,0,0
102,-0.18399835165768005,21,0.5,4,61,9,902.0,7,0.0,0.0,0,0.0,0,0.0,0,0.0,0,0.0,0,0
102,-0.18399835165768005,22,0.7071,4,61,4,902.0,7,0.0,0.0,0,0.0,0,0.0,0,0.0,0,0.0,0,0
102,-0.18399835165768005,23,0.866,4,61,0,902.0,5,0.0,0.0,0,0.0,0,0.0,0,0.0,0,0.0,0,0
102,-0.18399835165768005,24,0.9659,4,65,4,901.1,5,0.0,0.0,0,0.0,0,0.0,0,0.0,0,0.0,0,0
103,-0.20089055513063506,1,1.0,3,75,6,901.1,5,0.0,0.0,0,0.0,0,0.0,0,0.0,0,0.0,0,0
103,-0.20089055513063506,2,0.9659,4,70,4,901.1,5,0.0,0.0,0,0.0,0,0.0,0,0.0,0,0.0,0,0
103,-0.20089055513063506,3,0.866,4,70,2,901.1,5,0.0,0.0,0,0.0,0,0.0,0,0.0,0,0.0,0,0
103,-0.20089055513063506,4,0.7071,4,65,6,901.1,5,0.0,0.0,0,0.0,0,0.0,0,0.0,0,0.0,0,0
103,-0.20089055513063506,5,0.5,3,81,4,900.2,5,0.0,0.0,0,0.0,0,0.0,0,0.0,0,0.0,0,0
103,-0.20089055513063506,6,0.2588,3,81,4,900.2,5,0.0,0.0,0,0.0,0,0.0,0,0.0,0,0.0,0,0
103,-0.20089055513063506,7,0.0,3,87,11,901.1,5,0.0,0.0,0,0.0,0,0.0,0,0.0,0,0.0,0,0
103,-0.20089055513063506,8,-0.2588,3,87,11,901.1,5,33.0,0.27441137658882114,10,0.5898511414833165,10,0.5695980778950702,10,0.5105279454654003,10,0.41666627097329395,11,51
103,-0.20089055513063506,9,-0.5,4,75,4,901.1,5,93.0,0.5104983099820359,26,0.7511548277344285,19,0.757428924293637,23,0.7120855969963805,26,0.6182149140901021,29,123
103,-0.20089055513063506,10,-0.7071,5,70,4,902.0,5,192.0,0.7132307200044409,56,0.8583641806717907,47,0.8931622818890568,53,0.8670929601603325,58,0.7819327938372812,60,274
103,-0.20089055513063506,11,-0.866,7,61,6,902.0,5,425.0,0.8687927503693788,123,0.9041730723961784,109,0.9675481621895199,122,0.9649865563959703,128,0.8966628239270005,131,613
103,-0.20089055513063506,12,-0.9659,8,53,6,902.0,7,580.0,0.9665831231130146,151,0.8854597079089341,142,0.9755172988877813,160,0.9990951097368832,157,0.9545863543098216,156,766
103,-0.20089055513063506,13,-1.0,10,50,7,901.1,7,486.0,0.9999375968712432,152,0.8034993754013178,138,0.9165266138728606,159,0.9670941855890625,153,0.9517559998166872,152,754
103,-0.20089055513063506,14,-0.9659,10,47,7,901.1,7,496.0,0.9665831231130146,182,0.6638775105950552,156,0.7945962049784401,182,0.8711645812222892,175,0.8883646393305706,176,871
103,-0.20089055513063506,15,-0.866,10,50,6,901.1,7,646.0,0.8687927503693788,215,0.47610911284766805,155,0.6180354272467218,185,0.7178437392941548,191,0.7687322874759556,196,942
103,-0.20089055513063506,16,-0.7071,11,47,15,900.2,7,518.0,0.7132307200044408,171,0.2529902610987577,108,0.39887658124721886,133,0.5175802017492951,145,0.6010116772990762,154,711
103,-0.20089055513063506,17,-0.5,11,47,7,900.2,7,471.0,0.5104983099820359,153,0.00972611075409646,61,0.15205495513358958,84,0.28402157586299875,105,0.3966326741860033,123,526
103,-0.20089055513063506,18,-0.2588,11,47,11,900.2,7,249.0,0.27441137658882114,78,1.326794896677558e-06,29,1.326794896677558e-06,33,0.033084470979516216,42,0.16952334946674824,56,238
103,-0.20089055513063506,19,0.0,10,54,11,900.2,7,68.0,0.02105882840808527,18,1.326794896677558e-06,11,1.326794896677558e-06,14,1.326794896677558e-06,15,1.326794896677558e-06,18,76
103,-0.20089055513063506,20,0.2588,9,57,6,901.1,5,0.0,0.0,0,0.0,0,0.0,0,0.0,0,0.0,0,0
103,-0.20089055513063506,21,0.5,7,66,4,901.1,5,0.0,0.0,0,0.0,0,0.0,0,0.0,0,0.0,0,0
103,-0.20089055513063506,22,0.7071,8,62,6,901.1,5,0.0,0.0,0,0.0,0,0.0,0,0.0,0,0.0,0,0
103,-0.20089055513063506,23,0.866,7,66,9,901.1,5,0.0,0.0,0,0.0,0,0.0,0,0.0,0,0.0,0,0
103,-0.20089055513063506,24,0.9659,7,66,7,901.1,5,0.0,0.0,0,0.0,0,0.0,0,0.0,0,0.0,0,0
104,-0.21772323039653177,1,1.0,7,61,9,901.1,5,0.0,0.0,0,0.0,0,0.0,0,0.0,0,0.0,0,0
104,-0.21772323039653177,2,0.9659,3,81,2,901.1,5,0.0,0.0,0,0.0,0,0.0,0,0.0,0,0.0,0,0
104,-0.21772323039653177,3,0.866,4,81,2,900.2,5,0.0,0.0,0,0.0,0,0.0,0,0.0,0,0.0,0,0
104,-0.21772323039653177,4,0.7071,3,87,6,900.2,5,0.0,0.0,0,0.0,0,0.0,0,0.0,0,0.0,0,0
104,-0.21772323039653177,5,0.5,4,81,4,900.2,5,0.0,0.0,0,0.0,0,0.0,0,0.0,0,0.0,0,0
104,-0.21772323039653177,6,0.2588,3,87,7,900.2,5,0.0,0.0,0,0.0,0,0.0,0,0.0,0,0.0,0,0
104,-0.21772323039653177,7,0.0,3,87,0,900.2,5,0.0,0.0,0,0.0,0,0.0,0,0.0,0,0.0,0,0
104,-0.21772323039653177,8,-0.2588,6,70,2,900.2,5,194.0,0.275054365167861,36,0.5873861694273322,57,0.5687110049899688,52,0.511279224333539,47,0.4190047034204566,37,229
104,-0.21772323039653177,9,-0.5,7,71,7,901.1,7,372.0,0.5109014321020877,88,0.7485259700370729,140,0.7563510137668304,146,0.7126320914652362,137,0.6203485710313518,113,624
104,-0.21772323039653177,10,-0.7071,11,58,7,901.1,7,607.0,0.713427864211708,159,0.8556263975354337,204,0.8919464652042243,216,0.8674819657715679,206,0.7839001117780651,189,974
104,-0.21772323039653177,11,-0.866,13,54,9,900.2,7,596.0,0.8688318422072412,152,0.9013887471094831,168,0.9662567688668884,181,0.9652761012538759,175,0.8985135750366066,165,841
104,-0.21772323039653177,12,-0.9659,15,48,11,900.2,7,596.0,0.9665228590937897,176,0.8826943955299043,170,0.9742178088598064,188,0.9993500000066894,185,0.9563782545535319,182,901
104,-0.21772323039653177,13,-1.0,17,39,11,899.4,7,492.0,0.9998434444219877,165,0.8008173298108118,145,0.9152870543739925,168,0.9673815859169276,165,0.9535507740918636,166,809
104,-0.21772323039653177,14,-0.9659,18,40,9,898.5,7,472.0,0.9665228590937897,218,0.6613373272469202,184,0.7934805322020654,213,0.8715494500306326,207,0.8902238214761667,208,1030
104,-0.21772323039653177,15,-0.866,19,35,15,897.6,5,706.0,0.8688318422072412,210,0.4737597034556236,153,0.6170991416118429,182,0.7183843834389163,189,0.7707130172613653,194,928
104,-0.21772323039653177,16,-0.7071,19,32,17,897.6,5,544.0,0.713427864211708,150,0.2508675419256972,87,0.3981629627369889,111,0.5183243154603886,122,0.6031628129034455,132,602
104,-0.21772323039653177,17,-0.5,20,30,26,896.7,7,520.0,0.5109014321020877,168,0.007850549491265848,64,0.15159210937194093,89,0.28500298731803114,112,0.3989914609799726,133,566
104,-0.21772323039653177,18,-0.2588,18,34,26,897.6,7,320.0,0.275054365167861,25,1.326794896677558e-06,15,1.326794896677558e-06,18,0.03432083699529887,51,0.17211288182943318,69,178
104,-0.21772323039653177,19,0.0,16,39,20,897.6,5,0.0,0.0,0,0.0,0,0.0,0,0.0,0,0.0,0,0
104,-0.21772323039653177,20,0.2588,15,45,13,898.5,7,0.0,0.0,0,0.0,0,0.0,0,0.0,0,0.0,0,0
104,-0.21772323039653177,21,0.5,14,51,19,898.5,7,0.0,0.0,0,0.0,0,0.0,0,0.0,0,0.0,0,0
104,-0.21772323039653177,22,0.7071,12,58,7,899.4,7,0.0,0.0,0,0.0,0,0.0,0,0.0,0,0.0,0,0
104,-0.21772323039653177,23,0.866,12,54,20,899.4,7,0.0,0.0,0,0.0,0,0.0,0,0.0,0,0.0,0,0
104,-0.21772323039653177,24,0.9659,12,51,20,898.5,7,0.0,0.0,0,0.0,0,0.0,0,0.0,0,0.0,0,0
105,-0.23449138957040985,1,1.0,12,51,22,899.4,5,0.0,0.0,0,0.0,0,0.0,0,0.0,0,0.0,0,0
105,-0.23449138957040985,2,0.9659,12,51,15,899.4,7,0.0,0.0,0,0.0,0,0.0,0,0.0,0,0.0,0,0
105,-0.23449138957040985,3,0.866,11,50,13,899.4,5,0.0,0.0,0,0.0,0,0.0,0,0.0,0,0.0,0,0
105,-0.23449138957040985,4,0.7071,10,54,4,898.5,5,0.0,0.0,0,0.0,0,0.0,0,0.0,0,0.0,0,0
105,-0.23449138957040985,5,0.5,11,47,11,899.4,5,0.0,0.0,0,0.0,0,0.0,0,0.0,0,0.0,0,0
105,-0.23449138957040985,6,0.2588,11,44,15,899.4,5,0.0,0.0,0,0.0,0,0.0,0,0.0,0,0.0,0,0
105,-0.23449138957040985,7,0.0,12,41,9,899.4,7,0.0,0.0,0,0.0,0,0.0,0,0.0,0,0.0,0,0
105,-0.23449138957040985,8,-0.2588,9,66,11,899.4,7,68.0,0.2756811642567574,18,0.5849141426343147,15,0.5678063502983496,18,0.5120035925304751,20,0.42130873022328946,21,92
105,-0.23449138957040985,9,-0.5,10,66,9,900.2,5,213.0,0.5112801556771448,59,0.7458844488582212,56,0.7552489903256359,62,0.7131446668377442,66,0.6224408142190175,67,310
105,-0.23449138957040985,10,-0.7071,12,54,9,900.2,5,391.0,0.713593560600418,107,0.8528722231055336,116,0.890701815976246,126,0.867831662476306,125,0.785820323280778,121,595
105,-0.23449138957040985,11,-0.866,14,41,6,900.2,5,581.0,0.8688340771295536,149,0.8985864376930952,152,0.9649339565055344,166,0.9655229333160735,165,0.9003132303950762,159,791
105,-0.23449138957040985,12,-0.9659,16,34,7,900.2,5,788.0,0.9664223378588299,220,0.8799117497097739,221,0.9728866226956739,244,0.999560991481494,232,0.9581170449692422,223,1140
105,-0.23449138957040985,13,-1.0,18,24,13,899.4,7,736.0,0.9997078749779817,228,0.798120812309148,208,0.9140178594435765,235,0.9676262068959619,227,0.9552925404388631,224,1122
105,-0.23449138957040985,14,-0.9659,19,24,13,898.5,5,417.0,0.9664223378588299,207,0.6587875151660348,170,0.7923394541556684,198,0.8718948683568541,194,0.8920321964093505,194,963
105,-0.23449138957040985,15,-0.866,21,21,20,897.6,7,676.0,0.8688340771295536,195,0.47140719428901573,138,0.6161435899594621,167,0.7188909082691373,175,0.7726470996075558,181,856
105,-0.23449138957040985,16,-0.7071,20,21,28,897.6,7,610.0,0.713593560600418,177,0.24874948111999623,95,0.39743769865379047,126,0.5190412732840319,142,0.6052731329332302,155,695
105,-0.23449138957040985,17,-0.5,20,23,24,897.6,7,542.0,0.5112801556771448,162,0.005988105219008434,49,0.15112620035476676,76,0.2859653640271055,102,0.40131653872388545,127,516
105,-0.23449138957040985,18,-0.2588,19,24,24,897.6,7,247.0,0.27568116425675787,71,1.326794896677558e-06,21,1.326794896677558e-06,24,0.03554689367976642,31,0.17467660202889795,46,193
105,-0.23449138957040985,19,0.0,18,30,15,897.6,7,55.0,0.022852242646147217,18,1.326794896677558e-06,10,1.326794896677558e-06,12,1.326794896677558e-06,11,1.326794896677558e-06,13,64
105,-0.23449138957040985,20,0.2588,17,32,9,897.6,7,0.0,0.0,0,0.0,0,0.0,0,0.0,0,0.0,0,0
105,-0.23449138957040985,21,0.5,15,39,15,898.5,10,0.0,0.0,0,0.0,0,0.0,0,0.0,0,0.0,0,0
105,-0.23449138957040985,22,0.7071,14,41,17,898.5,10,0.0,0.0,0,0.0,0,0.0,0,0.0,0,0.0,0,0
105,-0.23449138957040985,23,0.866,13,44,17,898.5,10,0.0,0.0,0,0.0,0,0.0,0,0.0,0,0.0,0,0
105,-0.23449138957040985,24,0.9659,13,44,13,898.5,10,0.0,0.0,0,0.0,0,0.0,0,0.0,0,0.0,0,0
106,-0.25119006388481935,1,1.0,12,47,13,898.5,10,0.0,0.0,0,0.0,0,0.0,0,0.0,0,0.0,0,0
106,-0.25119006388481935,2,0.9659,12,47,13,897.6,10,0.0,0.0,0,0.0,0,0.0,0,0.0,0,0.0,0,0
106,-0.25119006388481935,3,0.866,12,47,13,897.6,10,0.0,0.0,0,0.0,0,0.0,0,0.0,0,0.0,0,0
106,-0.25119006388481935,4,0.7071,11,47,13,897.6,10,0.0,0.0,0,0.0,0,0.0,0,0.0,0,0.0,0,0
106,-0.25119006388481935,5,0.5,7,66,7,897.6,10,0.0,0.0,0,0.0,0,0.0,0,0.0,0,0.0,0,0
106,-0.25119006388481935,6,0.2588,6,70,7,897.6,10,0.0,0.0,0,0.0,0,0.0,0,0.0,0,0.0,0,0
106,-0.25119006388481935,7,0.0,6,70,6,898.5,10,0.0,0.0,0,0.0,0,0.0,0,0.0,0,0.0,0,0
106,-0.25119006388481935,8,-0.2588,10,58,7,898.5,10,250.0,0.27629181719297397,41,0.5824364408469388,63,0.5668849467940781,87,0.5127012794955365,53,0.4235779616506928,59,303
106,-0.25119006388481935,9,-0.5,13,51,4,898.5,10,440.0,0.5116348265532321,91,0.7432318506258891,126,0.7541239276197333,144,0.7136238108178851,130,0.624491512175196,134,625
106,-0.25119006388481935,10,-0.7071,15,42,4,899.4,10,610.0,0.713728414786503,150,0.8501033811820532,179,0.8894295817758353,191,0.8681427365962379,187,0.7876935066464517,176,883
106,-0.25119006388481935,11,-0.866,17,32,11,899.4,5,750.0,0.8688002600806645,173,0.8957679266438776,184,0.96358106799002,196,0.9657278643395901,196,0.9020620153120711,190,939
106,-0.25119006388481935,12,-0.9659,18,32,7,898.5,5,541.0,0.9662824896555494,143,0.8771135289671689,132,0.9715250934911465,172,0.9997289396231009,150,0.9598030250865769,170,767
106,-0.25119006388481935,13,-1.0,19,30,13,898.5,5,717.0,0.9995318615251785,194,0.7954114523750512,174,0.9127202869773141,171,0.9678288491154876,195,0.9569815875818911,171,905
106,-0.25119006388481935,14,-0.9659,21,28,11,897.6,5,507.0,0.9662824896555494,177,0.6562295489482399,147,0.791174092112977,171,0.8722015277397908,168,0.8937899788069552,174,837
106,-0.25119006388481935,15,-0.866,22,23,7,897.6,5,403.0,0.8688002600806645,127,0.469052819347972,97,0.6151696673283248,92,0.7193638088669582,118,0.7745345959011684,99,533
106,-0.25119006388481935,16,-0.7071,22,23,26,896.7,5,222.0,0.713728414786503,64,0.24663702679001112,48,0.3967014032186113,52,0.5197313136959176,59,0.6073424838672602,61,284
106,-0.25119006388481935,17,-0.5,22,23,15,897.6,7,442.0,0.5116348265532321,133,0.004139414340866331,65,0.1506575260397346,87,0.2869086451969611,100,0.4036074920167047,131,516
106,-0.25119006388481935,18,-0.2588,21,25,24,897.6,7,276.0,0.2762918171929735,73,1.326794896677558e-06,35,1.326794896677558e-06,32,0.036762258702802,52,0.17721380365880002,39,231
106,-0.25119006388481935,19,0.0,20,26,22,897.6,7,74.0,0.02373759834150528,21,1.326794896677558e-06,14,1.326794896677558e-06,12,1.326794896677558e-06,17,1.326794896677558e-06,14,78
106,-0.25119006388481935,20,0.2588,18,30,19,897.6,10,0.0,0.0,0,0.0,0,0.0,0,0.0,0,0.0,0,0
106,-0.25119006388481935,21,0.5,16,34,9,898.5,10,0.0,0.0,0,0.0,0,0.0,0,0.0,0,0.0,0,0
106,-0.25119006388481935,22,0.7071,16,34,6,899.4,10,0.0,0.0,0,0.0,0,0.0,0,0.0,0,0.0,0,0
106,-0.25119006388481935,23,0.866,13,44,7,899.4,10,0.0,0.0,0,0.0,0,0.0,0,0.0,0,0.0,0,0
106,-0.25119006388481935,24,0.9659,14,38,7,899.4,10,0.0,0.0,0,0.0,0,0.0,0,0.0,0,0.0,0,0
107,-0.2678143051621742,1,1.0,12,47,7,900.2,10,0.0,0.0,0,0.0,0,0.0,0,0.0,0,0.0,0,0
107,-0.2678143051621742,2,0.9659,10,62,6,900.2,10,0.0,0.0,0,0.0,0,0.0,0,0.0,0,0.0,0,0
107,-0.2678143051621742,3,0.866,11,58,7,899.4,10,0.0,0.0,0,0.0,0,0.0,0,0.0,0,0.0,0,0
107,-0.2678143051621742,4,0.7071,10,62,9,899.4,10,0.0,0.0,0,0.0,0,0.0,0,0.0,0,0.0,0,0
107,-0.2678143051621742,5,0.5,10,62,2,899.4,5,0.0,0.0,0,0.0,0,0.0,0,0.0,0,0.0,0,0
107,-0.2678143051621742,6,0.2588,10,62,2,899.4,5,0.0,0.0,0,0.0,0,0.0,0,0.0,0,0.0,0,0
107,-0.2678143051621742,7,0.0,10,62,6,900.2,5,0.0,0.0,0,0.0,0,0.0,0,0.0,0,0.0,0,0
107,-0.2678143051621742,8,-0.2588,11,58,7,901.1,5,38.0,0.2768863819832068,10,0.6959568297855332,10,0.6606631891928801,10,0.5803465444365787,11,0.46048033449245496,13,54
107,-0.2678143051621742,9,-0.5,12,58,4,902.0,5,78.0,0.511965814564955,21,0.8317478958606768,16,0.8274235445893022,20,0.7667117537067255,23,0.653749925023344,24,104
107,-0.2678143051621742,10,-0.7071,14,48,7,902.0,5,242.0,0.7138330643771745,65,0.9082808142614024,56,0.937904015410144,63,0.9036107200360941,68,0.8077379557268004,71,323
107,-0.2678143051621742,11,-0.866,17,39,6,902.0,5,456.0,0.8687312341368894,118,0.9203400019033929,114,0.984575552686854,126,0.9817140199870997,129,0.9119504122022901,130,617
107,-0.2678143051621742,12,-0.9659,18,37,6,901.1,5,383.0,0.9661042867235243,99,0.8671036464684267,82,0.9642575735839053,94,0.9956990512800588,101,0.9592853984040104,106,482
107,-0.2678143051621742,13,-1.0,18,40,6,901.1,4,196.0,0.9993164203583351,50,0.7521997153409213,40,0.8783347156591598,46,0.9446127609158613,50,0.9465171192878833,53,239
107,-0.2678143051621742,14,-0.9659,19,40,7,900.2,5,245.0,0.9661042867235243,66,0.5834586969097213,52,0.7326624606434164,60,0.831936582999113,65,0.8745157072567744,69,312
107,-0.2678143051621742,15,-0.866,20,40,9,899.4,5,335.0,0.8687312341368894,101,0.3723800046179835,72,0.5371681247464577,85,0.66534920712911,93,0.7481879355488967,101,452
107,-0.2678143051621742,16,-0.7071,23,36,19,898.5,5,640.0,0.7138330643771745,180,0.13334827425747858,91,0.30517429860472,119,0.45620326742638523,139,0.5761428190671816,158,687
107,-0.2678143051621742,17,-0.5,24,29,24,898.5,5,402.0,0.5119658145649552,110,1.326794896677558e-06,53,0.05249095195342234,65,0.2187516918091746,79,0.3701049311831968,94,401
107,-0.2678143051621742,18,-0.2588,23,33,28,898.5,5,143.0,0.27688638198320664,36,1.326794896677558e-06,26,1.326794896677558e-06,32,1.326794896677558e-06,34,0.1441153940726419,37,165
107,-0.2678143051621742,19,0.0,23,22,22,899.4,5,72.0,0.024615016030251208,17,1.326794896677558e-06,12,1.326794896677558e-06,15,1.326794896677558e-06,16,1.326794896677558e-06,19,79
107,-0.2678143051621742,20,0.2588,21,27,24,899.4,5,0.0,0.0,0,0.0,0,0.0,0,0.0,0,0.0,0,0
107,-0.2678143051621742,21,0.5,21,25,35,899.4,4,0.0,0.0,0,0.0,0,0.0,0,0.0,0,0.0,0,0
107,-0.2678143051621742,22,0.7071,21,23,39,899.4,4,0.0,0.0,0,0.0,0,0.0,0,0.0,0,0.0,0,0
107,-0.2678143051621742,23,0.866,19,28,17,900.2,5,0.0,0.0,0,0.0,0,0.0,0,0.0,0,0.0,0,0
107,-0.2678143051621742,24,0.9659,18,34,17,900.2,5,0.0,0.0,0,0.0,0,0.0,0,0.0,0,0.0,0,0
108,-0.2843591872810034,1,1.0,16,39,6,901.1,5,0.0,0.0,0,0.0,0,0.0,0,0.0,0,0.0,0,0
108,-0.2843591872810034,2,0.9659,20,33,19,900.2,5,0.0,0.0,0,0.0,0,0.0,0,0.0,0,0.0,0,0
108,-0.2843591872810034,3,0.866,20,35,17,900.2,5,0.0,0.0,0,0.0,0,0.0,0,0.0,0,0.0,0,0
108,-0.2843591872810034,4,0.7071,20,37,11,900.2,5,0.0,0.0,0,0.0,0,0.0,0,0.0,0,0.0,0,0
108,-0.2843591872810034,5,0.5,18,45,13,901.1,5,0.0,0.0,0,0.0,0,0.0,0,0.0,0,0.0,0,0
108,-0.2843591872810034,6,0.2588,16,52,7,902.0,5,0.0,0.0,0,0.0,0,0.0,0,0.0,0,0.0,0,0
108,-0.2843591872810034,7,0.0,16,52,6,902.0,5,0.0,0.0,0,0.0,0,0.0,0,0.0,0,0.0,0,0
108,-0.2843591872810034,8,-0.2588,15,63,9,902.0,5,65.0,0.27746493098248093,17,0.6937765538254038,13,0.6599595557949055,20,0.5811675051539584,19,0.46276994246397357,20,89
108,-0.2843591872810034,9,-0.5,15,67,4,902.0,5,136.0,0.5122735128048574,35,0.8294111661725196,28,0.8265277755704507,33,0.7673179905640587,36,0.6558168539091256,39,171
108,-0.2843591872810034,10,-0.7071,16,55,7,902.9,5,155.0,0.7139081778884379,43,0.9058559060131791,34,0.9368809545485689,56,0.9040592264336637,43,0.8096274645447965,46,222
108,-0.2843591872810034,11,-0.866,19,46,11,902.9,5,348.0,0.8686278791540443,94,0.9179011994795195,79,0.9834987184677578,109,0.9820725383538703,96,0.9137198507930847,99,477
108,-0.2843591872810034,12,-0.9659,20,49,7,902.0,5,535.0,0.9658887417723133,141,0.864726181117359,127,0.9632041490490515,139,0.9960414565583005,146,0.9610002991571513,148,701
108,-0.2843591872810034,13,-1.0,22,43,7,901.1,5,784.0,0.9990626095009443,202,0.7499546420818576,178,0.8773802916142868,213,0.9450140283102662,204,0.948246732371171,205,1002
108,-0.2843591872810034,14,-0.9659,24,34,13,901.1,5,818.0,0.9658887417723133,212,0.5814080373688374,164,0.7318758721275034,171,0.8324676699638787,197,0.8763282769040108,202,946
108,-0.2843591872810034,15,-0.866,24,34,15,900.2,5,487.0,0.8686278791540443,134,0.3705725425619876,99,0.536606778177647,113,0.6660722305712831,125,0.7501460559845444,133,604
108,-0.2843591872810034,16,-0.7071,25,29,9,899.4,5,510.0,0.7139081778884379,135,0.13181621617525555,83,0.30488024748644144,90,0.4571672619665965,114,0.5782991643866325,127,549
108,-0.2843591872810034,17,-0.5,25,28,7,899.4,5,247.0,0.5122735128048574,62,1.326794896677558e-06,45,0.052488034105054975,43,0.219989270362685,58,0.37249866685590394,63,271
108,-0.2843591872810034,18,-0.2588,22,38,28,900.2,5,87.0,0.27746493098248093,20,1.326794896677558e-06,16,1.326794896677558e-06,19,1.326794896677558e-06,21,0.14676950790773924,24,100
108,-0.2843591872810034,19,0.0,20,46,26,901.1,5,88.0,0.025484223873480163,21,1.326794896677558e-06,14,1.326794896677558e-06,12,1.326794896677558e-06,19,1.326794896677558e-06,22,88
108,-0.2843591872810034,20,0.2588,18,52,24,901.1,5,0.0,0.0,0,0.0,0,0.0,0,0.0,0,0.0,0,0
108,-0.2843591872810034,21,0.5,16,59,19,901.1,10,0.0,0.0,0,0.0,0,0.0,0,0.0,0,0.0,0,0
108,-0.2843591872810034,22,0.7071,16,59,19,902.0,10,0.0,0.0,0,0.0,0,0.0,0,0.0,0,0.0,0,0
108,-0.2843591872810034,23,0.866,15,63,13,902.0,10,0.0,0.0,0,0.0,0,0.0,0,0.0,0,0.0,0,0
108,-0.2843591872810034,24,0.9659,14,72,13,902.0,10,0.0,0.0,0,0.0,0,0.0,0,0.0,0,0.0,0,0
109,-0.30081980763566735,1,1.0,14,67,17,901.1,10,0.0,0.0,0,0.0,0,0.0,0,0.0,0,0.0,0,0
109,-0.30081980763566735,2,0.9659,13,72,11,901.1,10,0.0,0.0,0,0.0,0,0.0,0,0.0,0,0.0,0,0
109,-0.30081980763566735,3,0.866,12,72,11,900.2,10,0.0,0.0,0,0.0,0,0.0,0,0.0,0,0.0,0,0
109,-0.30081980763566735,4,0.7071,12,72,9,900.2,10,0.0,0.0,0,0.0,0,0.0,0,0.0,0,0.0,0,0
109,-0.30081980763566735,5,0.5,13,72,19,900.2,10,0.0,0.0,0,0.0,0,0.0,0,0.0,0,0.0,0,0
109,-0.30081980763566735,6,0.2588,12,77,15,900.2,10,0.0,0.0,0,0.0,0,0.0,0,0.0,0,0.0,0,0
109,-0.30081980763566735,7,0.0,11,82,11,901.1,10,0.0,0.0,0,0.0,0,0.0,0,0.0,0,0.0,0,0
109,-0.30081980763566735,8,-0.2588,13,72,11,900.2,5,106.0,0.2780275505543161,37,0.6915876191810029,42,0.6592359080466957,31,0.581958459795441,32,0.4650215974923677,33,175
109,-0.30081980763566735,9,-0.5,15,59,7,900.2,5,290.0,0.5125583368637567,81,0.8270617662374112,101,0.8256070657400524,96,0.767888715716349,96,0.657840120254976,90,464
109,-0.30081980763566735,10,-0.7071,16,59,4,900.2,5,463.0,0.7139544536249096,130,0.9034160665696733,153,0.9358296890436856,154,0.9044681768362643,149,0.8114687616869657,141,727
109,-0.30081980763566735,11,-0.866,17,55,7,899.4,5,532.0,0.8684911103706278,141,0.915447109605823,140,0.9823923008273497,158,0.9823891933861978,157,0.9154379990489927,153,749
109,-0.30081980763566735,12,-0.9659,18,52,7,899.4,5,612.0,0.9656369064107371,171,0.8623350010338067,159,0.9621217413298656,172,0.9963415853541944,173,0.9626625111985515,171,846
109,-0.30081980763566735,13,-1.0,19,49,13,897.6,5,754.0,0.9987715270752014,190,0.7476992371502498,159,0.8763994133818706,181,0.9453745218097626,185,0.9499240305226829,188,903
109,-0.30081980763566735,14,-0.9659,20,46,13,897.6,5,550.0,0.9656369064107371,141,0.5793520425828048,109,0.7310671422472372,139,0.8329613183418495,146,0.8780906621176947,152,687
109,-0.30081980763566735,15,-0.866,21,46,19,896.7,5,541.0,0.8684911103706278,129,0.36876598098443547,92,0.5360290655698832,126,0.6667627367760652,135,0.7520577239794013,143,625
109,-0.30081980763566735,16,-0.7071,21,49,11,896.7,5,335.0,0.7139544536249096,94,0.13029212009010926,64,0.30457668392909104,69,0.45810491789033886,76,0.5804141398460062,83,386
109,-0.30081980763566735,17,-0.5,22,46,9,894.9,5,367.0,0.5125583368637572,86,1.326794896677558e-06,49,0.05248306863186403,66,0.2212075251299906,78,0.37485711946786426,91,370
109,-0.30081980763566735,18,-0.2588,23,38,9,894.9,5,110.0,0.2780275505543161,19,1.326794896677558e-06,15,1.326794896677558e-06,25,1.326794896677558e-06,26,0.14939501489467868,29,114
109,-0.30081980763566735,19,0.0,24,19,17,894.1,5,51.0,0.026344954930126074,10,1.326794896677558e-06,10,1.326794896677558e-06,11,1.326794896677558e-06,12,1.326794896677558e-06,13,56
109,-0.30081980763566735,20,0.2588,24,21,24,893.2,5,0.0,0.0,0,0.0,0,0.0,0,0.0,0,0.0,0,0
109,-0.30081980763566735,21,0.5,22,25,13,893.2,10,0.0,0.0,0,0.0,0,0.0,0,0.0,0,0.0,0,0
109,-0.30081980763566735,22,0.7071,23,22,22,893.2,10,0.0,0.0,0,0.0,0,0.0,0,0.0,0,0.0,0,0
109,-0.30081980763566735,23,0.866,23,23,28,892.3,10,0.0,0.0,0,0.0,0,0.0,0,0.0,0,0.0,0,0
109,-0.30081980763566735,24,0.9659,21,28,22,891.4,10,0.0,0.0,0,0.0,0,0.0,0,0.0,0,0.0,0,0
110,-0.3171912885891061,1,1.0,18,34,6,891.4,10,0.0,0.0,0,0.0,0,0.0,0,0.0,0,0.0,0,0
110,-0.3171912885891061,2,0.9659,12,72,30,892.3,10,0.0,0.0,0,0.0,0,0.0,0,0.0,0,0.0,0,0
110,-0.3171912885891061,3,0.866,10,76,19,891.4,10,0.0,0.0,0,0.0,0,0.0,0,0.0,0,0.0,0,0
110,-0.3171912885891061,4,0.7071,9,82,22,892.3,10,0.0,0.0,0,0.0,0,0.0,0,0.0,0,0.0,0,0
110,-0.3171912885891061,5,0.5,9,82,17,891.4,10,0.0,0.0,0,0.0,0,0.0,0,0.0,0,0.0,0,0
110,-0.3171912885891061,6,0.2588,9,82,24,892.3,10,0.0,0.0,0,0.0,0,0.0,0,0.0,0,0.0,0,0
110,-0.3171912885891061,7,0.0,9,82,19,892.3,10,0.0,0.0,0,0.0,0,0.0,0,0.0,0,0.0,0,0
110,-0.3171912885891061,8,-0.2588,13,67,22,893.2,10,255.0,0.27857434071260373,42,0.6893914809016097,94,0.6584931747917974,97,0.5827197476997437,89,0.46723502628616276,96,418
110,-0.3171912885891061,9,-0.5,15,63,30,893.2,10,408.0,0.5128207240433759,90,0.8247013459351445,144,0.824662583206395,150,0.7684245358958124,143,0.6598197280692711,120,647
110,-0.3171912885891061,10,-0.7071,14,59,33,893.2,9,404.0,0.713972618523847,108,0.9009630556186952,141,0.9347515455191542,150,0.9048383743963059,144,0.8132620721010108,157,700
110,-0.3171912885891061,11,-0.866,16,55,35,893.2,9,801.0,0.8683218769690135,215,0.9129795092724136,248,0.9812576933527638,268,0.9826649002977088,258,0.9171052314399114,265,1254
110,-0.3171912885891061,12,-0.9659,18,52,30,893.2,10,800.0,0.9653498695302715,229,0.8599318068253418,229,0.9610117148616146,255,0.9966003729468388,244,0.9642724769135085,199,1156
110,-0.3171912885891061,13,-1.0,18,49,24,893.2,10,591.0,0.9984443096247531,181,0.7454350554084284,159,0.8753933377254209,183,0.9456951144328413,181,0.9515494435212323,172,876
110,-0.3171912885891061,14,-0.9659,19,46,20,893.2,10,646.0,0.9653498695302715,196,0.5772920061906558,153,0.7302373031494179,179,0.8334182284486641,184,0.8798031836570691,192,904
110,-0.3171912885891061,15,-0.866,19,46,13,893.2,10,732.0,0.8683218769690136,216,0.366961310672534,138,0.5354357385782208,172,0.6674211870424915,186,0.7539230790398482,196,908
110,-0.3171912885891061,16,-0.7071,20,43,11,892.3,10,555.0,0.713972618523847,151,0.12877663383089039,79,0.3042640267271287,105,0.45901639641773995,120,0.5824876381043558,101,556
110,-0.3171912885891061,17,-0.5,20,40,9,892.3,10,551.0,0.5128207240433759,72,1.326794896677558e-06,46,0.052476111782690446,53,0.222406276639822,59,0.3771798860585285,66,296
110,-0.3171912885891061,18,-0.2588,21,38,13,892.3,10,276.0,0.27857434071260373,86,1.326794896677558e-06,30,1.326794896677558e-06,31,1.326794896677558e-06,33,0.15199118782695403,39,219
110,-0.3171912885891061,19,0.0,19,46,13,892.3,10,98.0,0.02719694725947352,30,1.326794896677558e-06,14,1.326794896677558e-06,16,1.326794896677558e-06,14,1.326794896677558e-06,12,86
110,-0.3171912885891061,20,0.2588,16,25,24,893.2,10,0.0,0.0,0,0.0,0,0.0,0,0.0,0,0.0,0,0
110,-0.3171912885891061,21,0.5,14,31,20,894.9,10,0.0,0.0,0,0.0,0,0.0,0,0.0,0,0.0,0,0
110,-0.3171912885891061,22,0.7071,13,36,26,894.9,10,0.0,0.0,0,0.0,0,0.0,0,0.0,0,0.0,0,0
110,-0.3171912885891061,23,0.866,12,38,20,894.9,10,0.0,0.0,0,0.0,0,0.0,0,0.0,0,0.0,0,0
110,-0.3171912885891061,24,0.9659,12,41,22,895.8,10,0.0,0.0,0,0.0,0,0.0,0,0.0,0,0.0,0,0
111,-0.3334687789181868,1,1.0,11,54,28,896.7,10,0.0,0.0,0,0.0,0,0.0,0,0.0,0,0.0,0,0
111,-0.3334687789181868,2,0.9659,9,62,22,896.7,10,0.0,0.0,0,0.0,0,0.0,0,0.0,0,0.0,0,0
111,-0.3334687789181868,3,0.866,9,62,24,896.7,10,0.0,0.0,0,0.0,0,0.0,0,0.0,0,0.0,0,0
111,-0.3334687789181868,4,0.7071,8,66,13,896.7,10,0.0,0.0,0,0.0,0,0.0,0,0.0,0,0.0,0,0
111,-0.3334687789181868,5,0.5,6,70,15,897.6,10,0.0,0.0,0,0.0,0,0.0,0,0.0,0,0.0,0,0
111,-0.3334687789181868,6,0.2588,6,70,13,897.6,10,0.0,0.0,0,0.0,0,0.0,0,0.0,0,0.0,0,0
111,-0.3334687789181868,7,0.0,8,62,17,898.5,10,0.0,0.0,0,0.0,0,0.0,0,0.0,0,0.0,0,0
111,-0.3334687789181868,8,-0.2588,11,54,20,898.5,10,243.0,0.2791054147458623,28,0.7884000686736916,96,0.7403703021894957,96,0.641885624808625,86,0.49965759452391273,49,355
111,-0.3334687789181868,9,-0.5,12,47,20,899.4,10,460.0,0.5130611325426347,101,0.8975576385542396,204,0.8851173466568868,208,0.8123578794606776,191,0.6842376664712669,161,865
111,-0.3334687789181868,10,-0.7071,13,44,20,899.4,10,652.0,0.713963426965351,169,0.9437639105518719,248,0.9706068064355164,261,0.9313045658138326,244,0.8285355669920758,217,1139
111,-0.3334687789181868,11,-0.866,13,41,17,899.4,10,805.0,0.8681211605970689,216,0.9238700089015354,255,0.9910127257051038,275,0.9906196764646386,264,0.9227176467913543,245,1255
111,-0.3334687789181868,12,-0.9659,14,41,7,898.5,7,916.0,0.9650287556452567,246,0.839231667837401,244,0.9449444770804821,271,0.9862609910212498,262,0.960365562216259,253,1276
111,-0.3334687789181868,13,-1.0,14,38,9,898.5,7,700.0,0.9980821303930295,231,0.6956168483274904,198,0.8355415366313068,228,0.9185255506275289,225,0.9389136761376907,224,1106
111,-0.3334687789181868,14,-0.9659,17,32,9,897.6,7,939.0,0.9650287556452567,255,0.5028126241124957,177,0.6702595034386838,218,0.7920293934211582,231,0.8598238902839481,239,1120
111,-0.3334687789181868,15,-0.866,18,30,9,897.6,7,836.0,0.8681211605970688,232,0.2739582846364008,113,0.4603620747348136,158,0.6153930228899607,183,0.7284860415832594,204,890
111,-0.3334687789181868,16,-0.7071,18,30,11,896.7,7,616.0,0.7139634269653509,149,0.024649840985795382,54,0.22015338392848938,82,0.4006538928081858,106,0.5538505721147418,129,520
111,-0.3334687789181868,17,-0.5,18,32,20,896.7,7,393.0,0.5130611325426345,124,1.326794896677558e-06,31,1.326794896677558e-06,35,0.16244609804157326,55,0.34781858382866526,86,331
111,-0.3334687789181868,18,-0.2588,18,32,19,896.7,7,308.0,0.2791054147458623,96,1.326794896677558e-06,27,1.326794896677558e-06,25,1.326794896677558e-06,24,0.12443079773736092,48,220
111,-0.3334687789181868,19,0.0,16,36,15,896.7,7,73.0,0.02803994401541069,21,1.326794896677558e-06,11,1.326794896677558e-06,13,1.326794896677558e-06,12,1.326794896677558e-06,12,69
111,-0.3334687789181868,20,0.2588,14,44,15,897.6,7,0.0,0.0,0,0.0,0,0.0,0,0.0,0,0.0,0,0
111,-0.3334687789181868,21,0.5,14,41,13,898.5,7,0.0,0.0,0,0.0,0,0.0,0,0.0,0,0.0,0,0
111,-0.3334687789181868,22,0.7071,12,51,15,899.4,7,0.0,0.0,0,0.0,0,0.0,0,0.0,0,0.0,0,0
111,-0.3334687789181868,23,0.866,12,47,17,899.4,7,0.0,0.0,0,0.0,0,0.0,0,0.0,0,0.0,0,0
111,-0.3334687789181868,24,0.9659,11,50,9,899.4,10,0.0,0.0,0,0.0,0,0.0,0,0.0,0,0.0,0,0
112,-0.3496474552512284,1,1.0,11,50,6,899.4,10,0.0,0.0,0,0.0,0,0.0,0,0.0,0,0.0,0,0
112,-0.3496474552512284,2,0.9659,10,58,6,899.4,10,0.0,0.0,0,0.0,0,0.0,0,0.0,0,0.0,0,0
112,-0.3496474552512284,3,0.866,9,54,15,899.4,10,0.0,0.0,0,0.0,0,0.0,0,0.0,0,0.0,0,0
112,-0.3496474552512284,4,0.7071,11,44,22,900.2,10,0.0,0.0,0,0.0,0,0.0,0,0.0,0,0.0,0,0
112,-0.3496474552512284,5,0.5,10,47,19,900.2,10,0.0,0.0,0,0.0,0,0.0,0,0.0,0,0.0,0,0
112,-0.3496474552512284,6,0.2588,9,50,17,900.2,10,0.0,0.0,0,0.0,0,0.0,0,0.0,0,0.0,0,0
112,-0.3496474552512284,7,0.0,10,47,17,901.1,7,0.0,0.0,0,0.0,0,0.0,0,0.0,0,0.0,0,0
112,-0.3496474552512284,8,-0.2588,12,41,13,901.1,7,241.0,0.27962089882456337,33,0.7865888830731202,102,0.7399147309264602,104,0.6428167144308556,94,0.5019118930840406,76,409
112,-0.3496474552512284,9,-0.5,14,36,17,902.0,7,420.0,0.513280040618991,85,0.89560807857294,171,0.8844782856400429,174,0.8130728684062407,160,0.6862579802632929,135,725
112,-0.3496474552512284,10,-0.7071,15,31,20,902.0,10,632.0,0.7139276595507341,161,0.9417557768566933,233,0.9698593740234219,244,0.931868770949268,230,0.8303729601580533,206,1074
112,-0.3496474552512284,11,-0.866,16,36,33,902.0,6,805.0,0.8678899738526583,206,0.9218870938542294,244,0.9902394255672785,265,0.9911086902850116,250,0.9244356491529135,232,1197
112,-0.3496474552512284,12,-0.9659,16,39,26,902.9,7,925.0,0.9646747231926689,243,0.8373560451935086,243,0.9442295757244125,271,0.9867555301669637,254,0.9620358398451905,242,1253
112,-0.3496474552512284,13,-1.0,17,34,19,902.9,7,948.0,0.9976861975600086,258,0.6939232839356558,215,0.8349653239632059,248,0.9191059574388775,249,0.9406111486132838,246,1216
112,-0.3496474552512284,14,-0.9659,17,34,17,902.0,7,814.0,0.9646747231926689,226,0.5013634654976046,159,0.6698928086975591,194,0.7927701519518318,204,0.8616216205094678,212,995
112,-0.3496474552512284,15,-0.866,18,32,17,902.0,7,716.0,0.8678899738526584,216,0.27279923488078284,109,0.4602614581914649,148,0.616357696099123,173,0.7304502634917508,192,838
112,-0.3496474552512284,16,-0.7071,17,34,13,902.0,7,718.0,0.7139276595507341,190,0.023806828890887904,52,0.22035726995761912,87,0.4018907820634501,122,0.5560361723988516,154,605
112,-0.3496474552512284,17,-0.5,18,34,15,902.0,7,478.0,0.5132800406189906,145,1.326794896677558e-06,32,1.326794896677558e-06,37,0.16398495372698346,62,0.3502653626870837,101,377
112,-0.3496474552512284,18,-0.2588,18,28,13,902.0,10,289.0,0.27962089882456337,79,1.326794896677558e-06,22,1.326794896677558e-06,22,1.326794896677558e-06,23,0.12716075658390327,44,190
112,-0.3496474552512284,19,0.0,17,27,17,902.0,10,99.0,0.028873693532347762,32,1.326794896677558e-06,16,1.326794896677558e-06,18,1.326794896677558e-06,16,1.326794896677558e-06,18,100
112,-0.3496474552512284,20,0.2588,14,33,13,902.0,10,0.0,0.0,0,0.0,0,0.0,0,0.0,0,0.0,0,0
112,-0.3496474552512284,21,0.5,13,38,15,903.8,10,0.0,0.0,0,0.0,0,0.0,0,0.0,0,0.0,0,0
112,-0.3496474552512284,22,0.7071,11,44,13,903.8,10,0.0,0.0,0,0.0,0,0.0,0,0.0,0,0.0,0,0
112,-0.3496474552512284,23,0.866,11,41,13,903.8,10,0.0,0.0,0,0.0,0,0.0,0,0.0,0,0.0,0,0
112,-0.3496474552512284,24,0.9659,11,38,13,903.8,10,0.0,0.0,0,0.0,0,0.0,0,0.0,0,0.0,0,0
113,-0.36572252349726897,1,1.0,9,43,9,903.8,10,0.0,0.0,0,0.0,0,0.0,0,0.0,0,0.0,0,0
113,-0.36572252349726897,2,0.9659,9,43,9,903.8,10,0.0,0.0,0,0.0,0,0.0,0,0.0,0,0.0,0,0
113,-0.36572252349726897,3,0.866,7,53,7,902.9,10,0.0,0.0,0,0.0,0,0.0,0,0.0,0,0.0,0,0
113,-0.36572252349726897,4,0.7071,6,57,6,902.9,10,0.0,0.0,0,0.0,0,0.0,0,0.0,0,0.0,0,0
113,-0.36572252349726897,5,0.5,7,53,7,902.9,10,0.0,0.0,0,0.0,0,0.0,0,0.0,0,0.0,0,0
113,-0.36572252349726897,6,0.2588,6,57,6,903.8,10,0.0,0.0,0,0.0,0,0.0,0,0.0,0,0.0,0,0
113,-0.36572252349726897,7,0.0,7,57,0,903.8,10,0.0,0.0,0,0.0,0,0.0,0,0.0,0,0.0,0,0
113,-0.36572252349726897,8,-0.2588,11,44,4,903.8,10,253.0,0.28012093159224255,47,0.7847672332062914,157,0.7394366862073375,117,0.64371485293173,104,0.5041250084161656,80,505
113,-0.36572252349726897,9,-0.5,13,38,4,903.8,10,375.0,0.5134779457262587,100,0.8936454640668866,168,0.8838133163881686,163,0.8137508610062425,150,0.6882327308339313,129,710
113,-0.36572252349726897,10,-0.7071,15,29,7,903.8,10,586.0,0.713866121851087,156,0.9397334921833953,201,0.9690840047518625,213,0.9323931571916884,200,0.8321613659847661,182,952
113,-0.36572252349726897,11,-0.866,17,30,11,903.8,10,727.0,0.8676293587335258,206,0.919890499901844,228,0.9894377043471811,244,0.9915564776934036,234,0.9261024292808422,218,1130
113,-0.36572252349726897,12,-0.9659,18,30,15,902.9,10,864.0,0.9642889627942405,234,0.8354687520730755,224,0.9434873464638097,248,0.9872089463302005,244,0.963654001873972,237,1187
113,-0.36572252349726897,13,-1.0,19,28,11,902.9,10,882.0,0.9972577524402952,236,0.692221445888688,192,0.8343643704142245,233,0.9196468421932493,234,0.9422570112165717,233,1128
113,-0.36572252349726897,14,-0.9659,20,28,11,902.0,10,884.0,0.9642889627942405,238,0.49991061947470417,155,0.669505304196491,204,0.7934743965220997,217,0.8633696209392335,226,1040
113,-0.36572252349726897,15,-0.866,22,27,13,901.1,10,816.0,0.8676293587335258,223,0.27164192832597234,99,0.4601450126551704,167,0.6172900468435528,193,0.7323678721868107,214,896
113,-0.36572252349726897,16,-0.7071,22,23,7,900.2,10,672.0,0.713866121851087,169,0.0229714759736923,61,0.2205510270331031,90,0.40310044450944194,119,0.5581793034826014,145,584
113,-0.36572252349726897,17,-0.5,22,27,11,900.2,10,458.0,0.5134779457262588,135,1.326794896677558e-06,48,1.326794896677558e-06,59,0.16550223515806195,75,0.3526745613811875,104,421
113,-0.36572252349726897,18,-0.2588,22,25,13,900.2,10,285.0,0.280120931592243,60,1.326794896677558e-06,20,1.326794896677558e-06,24,1.326794896677558e-06,21,0.12985843614499604,43,168
113,-0.36572252349726897,19,0.0,21,28,6,900.2,10,92.0,0.029697949402776865,19,1.326794896677558e-06,12,1.326794896677558e-06,15,1.326794896677558e-06,14,1.326794896677558e-06,14,74
113,-0.36572252349726897,20,0.2588,18,34,4,900.2,10,0.0,0.0,0,0.0,0,0.0,0,0.0,0,0.0,0,0
113,-0.36572252349726897,21,0.5,16,42,7,901.1,10,0.0,0.0,0,0.0,0,0.0,0,0.0,0,0.0,0,0
113,-0.36572252349726897,22,0.7071,13,51,6,901.1,10,0.0,0.0,0,0.0,0,0.0,0,0.0,0,0.0,0,0
113,-0.36572252349726897,23,0.866,14,41,11,901.1,10,0.0,0.0,0,0.0,0,0.0,0,0.0,0,0.0,0,0
113,-0.36572252349726897,24,0.9659,14,41,13,901.1,10,0.0,0.0,0,0.0,0,0.0,0,0.0,0,0.0,0,0
114,-0.3816892202666588,1,1.0,14,41,9,901.1,10,0.0,0.0,0,0.0,0,0.0,0,0.0,0,0.0,0,0
114,-0.3816892202666588,2,0.9659,14,41,17,901.1,10,0.0,0.0,0,0.0,0,0.0,0,0.0,0,0.0,0,0
114,-0.3816892202666588,3,0.866,13,47,15,901.1,10,0.0,0.0,0,0.0,0,0.0,0,0.0,0,0.0,0,0
114,-0.3816892202666588,4,0.7071,12,51,19,901.1,10,0.0,0.0,0,0.0,0,0.0,0,0.0,0,0.0,0,0
114,-0.3816892202666588,5,0.5,12,51,20,900.2,10,0.0,0.0,0,0.0,0,0.0,0,0.0,0,0.0,0,0
114,-0.3816892202666588,6,0.2588,12,51,15,901.1,10,0.0,0.0,0,0.0,0,0.0,0,0.0,0,0.0,0,0
114,-0.3816892202666588,7,0.0,11,58,24,901.1,10,0.0,0.0,0,0.0,0,0.0,0,0.0,0,0.0,0,0
114,-0.3816892202666588,8,-0.2588,13,54,20,901.1,10,238.0,0.280605663741144,32,0.7829366153047995,106,0.7389371650848136,110,0.6445804702375829,100,0.5062967740215017,77,425
114,-0.3816892202666588,9,-0.5,15,48,24,901.1,10,418.0,0.5136553636303577,93,0.8916714616013466,186,0.8831236618228514,190,0.8143925531985852,173,0.6901620397104067,148,790
114,-0.3816892202666588,10,-0.7071,17,42,22,901.1,10,649.0,0.7137796431281023,163,0.9376987951992888,236,0.9682820549434881,249,0.9328786060880407,234,0.8339011311675418,209,1091
114,-0.3816892202666588,11,-0.866,18,37,19,901.1,10,776.0,0.867340385055083,205,0.9178819346684819,240,0.9886089502096485,260,0.9919640127943697,251,0.9277184808358709,234,1190
114,-0.3816892202666588,12,-0.9659,19,35,15,901.1,10,862.0,0.963872695483755,233,0.8335713640272805,231,0.9427191055768323,257,0.9876222068140527,251,0.9652206007106138,241,1213
114,-0.3816892202666588,13,-1.0,20,35,13,900.2,10,795.0,0.9967980676454398,214,0.6905126996434776,178,0.8337398329832606,205,0.9201490745841293,210,0.9438517870675547,212,1019
114,-0.3816892202666588,14,-0.9659,21,33,4,899.4,10,726.0,0.963872695483755,190,0.49845513663372754,140,0.6690978775845507,166,0.794142791348501,175,0.8650682870920979,183,854
114,-0.3816892202666588,15,-0.866,21,31,7,898.5,10,545.0,0.8673403850550829,144,0.27048705844873494,101,0.46001329824288106,120,0.6181904637094914,132,0.7342390582425651,142,639
114,-0.3816892202666588,16,-0.7071,21,31,7,897.6,10,512.0,0.7137796431281023,139,0.02214408668037437,75,0.22073484044084343,95,0.40428293364503104,112,0.5602798834320626,128,549
114,-0.3816892202666588,17,-0.5,21,28,9,897.6,10,246.0,0.5136553636303575,64,1.326794896677558e-06,46,1.326794896677558e-06,55,0.16699762412480884,60,0.3550457764765898,66,291
114,-0.3816892202666588,18,-0.2588,21,31,9,896.7,10,137.0,0.28060566374114354,35,1.326794896677558e-06,27,1.326794896677558e-06,32,1.326794896677558e-06,34,0.1325230844030526,37,165
114,-0.3816892202666588,19,0.0,20,35,7,896.7,10,86.0,0.030512470546447415,23,1.326794896677558e-06,15,1.326794896677558e-06,19,1.326794896677558e-06,19,1.326794896677558e-06,22,98
114,-0.3816892202666588,20,0.2588,17,45,7,896.7,10,0.0,0.0,0,0.0,0,0.0,0,0.0,0,0.0,0,0
114,-0.3816892202666588,21,0.5,16,45,9,896.7,10,0.0,0.0,0,0.0,0,0.0,0,0.0,0,0.0,0,0
114,-0.3816892202666588,22,0.7071,15,48,11,896.7,10,0.0,0.0,0,0.0,0,0.0,0,0.0,0,0.0,0,0
114,-0.3816892202666588,23,0.866,15,48,9,896.7,10,0.0,0.0,0,0.0,0,0.0,0,0.0,0,0.0,0,0
114,-0.3816892202666588,24,0.9659,13,54,9,896.7,10,0.0,0.0,0,0.0,0,0.0,0,0.0,0,0.0,0,0
115,-0.39754281428255595,1,1.0,14,51,7,896.7,10,0.0,0.0,0,0.0,0,0.0,0,0.0,0,0.0,0,0
115,-0.39754281428255595,2,0.9659,13,54,7,895.8,10,0.0,0.0,0,0.0,0,0.0,0,0.0,0,0.0,0,0
115,-0.39754281428255595,3,0.866,10,71,11,895.8,10,0.0,0.0,0,0.0,0,0.0,0,0.0,0,0.0,0,0
115,-0.39754281428255595,4,0.7071,11,62,6,894.9,10,0.0,0.0,0,0.0,0,0.0,0,0.0,0,0.0,0,0
115,-0.39754281428255595,5,0.5,10,66,4,894.9,10,0.0,0.0,0,0.0,0,0.0,0,0.0,0,0.0,0,0
115,-0.39754281428255595,6,0.2588,11,67,4,894.9,5,0.0,0.0,0,0.0,0,0.0,0,0.0,0,0.0,0,0
115,-0.39754281428255595,7,0.0,12,67,15,894.9,5,0.0,0.0,0,0.0,0,0.0,0,0.0,0,0.0,0,0
115,-0.39754281428255595,8,-0.2588,14,59,11,894.9,5,88.0,0.281075257573166,24,0.8652257455738058,19,0.8071067628780262,22,0.693984890893985,25,0.5335691861645983,26,116
115,-0.39754281428255595,9,-0.5,15,55,15,894.9,5,215.0,0.513812827504462,58,0.9474791269666277,66,0.9295970268860971,71,0.8483645360504706,72,0.7093175053833394,70,337
115,-0.39754281428255595,10,-0.7071,16,52,20,894.9,5,280.0,0.7136690750292414,75,0.964658676722042,70,0.9911375808762487,78,0.9500722109305352,83,0.8442610992990789,85,391
115,-0.39754281428255595,11,-0.866,18,49,15,894.9,5,352.0,0.8670241488386577,88,0.9155936388688215,79,0.9875345445693816,89,0.9921767161872284,93,0.9292037979292139,95,444
115,-0.39754281428255595,12,-0.9659,17,52,24,894.9,5,280.0,0.9634271709023545,78,0.8036277090728301,75,0.9190334585383978,83,0.9718087037944496,85,0.958356905067581,85,406
115,-0.39754281428255595,13,-1.0,19,52,35,894.1,4,588.0,0.9963084452134398,185,0.6363911771664775,151,0.7903025587887049,176,0.8903562234629149,178,0.9297336903595514,178,868
115,-0.39754281428255595,14,-0.9659,19,46,33,893.2,4,879.0,0.9634271709023545,249,0.42528088968214156,169,0.6101146066207738,207,0.7533701025561126,222,0.8452847674495207,231,1078
115,-0.39754281428255595,15,-0.866,20,46,33,893.2,4,482.0,0.8670241488386577,151,0.1846836677358411,78,0.3907491163136573,104,0.5701857206943374,122,0.7107651908917795,137,592
115,-0.39754281428255595,16,-0.7071,20,43,26,892.3,5,688.0,0.7136690750292415,199,1.326794896677558e-06,68,0.14715545235941332,96,0.35328676678178256,130,0.5353422317926441,161,654
115,-0.39754281428255595,17,-0.5,19,49,30,892.3,2,424.0,0.513812827504462,118,1.326794896677558e-06,35,1.326794896677558e-06,36,0.1174545250702506,54,0.33097065878828463,85,328
115,-0.39754281428255595,18,-0.2588,18,49,24,893.2,5,56.0,0.281075257573166,16,1.326794896677558e-06,12,1.326794896677558e-06,15,1.326794896677558e-06,16,0.11157803947682567,17,76
115,-0.39754281428255595,19,0.0,17,55,20,892.3,5,79.0,0.03131702127116874,21,1.326794896677558e-06,15,1.326794896677558e-06,17,1.326794896677558e-06,18,1.326794896677558e-06,21,92
115,-0.39754281428255595,20,0.2588,15,63,22,892.3,5,0.0,0.0,0,0.0,0,0.0,0,0.0,0,0.0,0,0
115,-0.39754281428255595,21,0.5,15,63,22,892.3,5,0.0,0.0,0,0.0,0,0.0,0,0.0,0,0.0,0,0
115,-0.39754281428255595,22,0.7071,14,63,19,892.3,5,0.0,0.0,0,0.0,0,0.0,0,0.0,0,0.0,0,0
115,-0.39754281428255595,23,0.866,13,67,17,892.3,5,0.0,0.0,0,0.0,0,0.0,0,0.0,0,0.0,0,0
115,-0.39754281428255595,24,0.9659,13,63,19,892.3,5,0.0,0.0,0,0.0,0,0.0,0,0.0,0,0.0,0,0
116,-0.4132786077829042,1,1.0,13,63,19,892.3,5,0.0,0.0,0,0.0,0,0.0,0,0.0,0,0.0,0,0
116,-0.4132786077829042,2,0.9659,13,63,22,891.4,5,0.0,0.0,0,0.0,0,0.0,0,0.0,0,0.0,0,0
116,-0.4132786077829042,3,0.866,13,63,22,890.5,5,0.0,0.0,0,0.0,0,0.0,0,0.0,0,0.0,0,0
116,-0.4132786077829042,4,0.7071,12,72,22,890.5,5,0.0,0.0,0,0.0,0,0.0,0,0.0,0,0.0,0,0
116,-0.4132786077829042,5,0.5,11,76,19,890.5,5,0.0,0.0,0,0.0,0,0.0,0,0.0,0,0.0,0,0
116,-0.4132786077829042,6,0.2588,10,82,19,890.5,7,0.0,0.0,0,0.0,0,0.0,0,0.0,0,0.0,0,0
116,-0.4132786077829042,7,0.0,10,82,30,891.4,5,0.0,0.0,0,0.0,0,0.0,0,0.0,0,0.0,0,0
116,-0.4132786077829042,8,-0.2588,12,72,30,891.4,5,247.0,0.2815298865468917,53,0.8638508962936763,76,0.8069504275932913,84,0.6950577237251616,85,0.5357980755991048,76,374
116,-0.4132786077829042,9,-0.5,13,58,31,891.4,5,232.0,0.5139508870050524,72,0.9459923967888361,71,0.9292740804835848,78,0.8492273817438883,80,0.7113073418590758,81,382
116,-0.4132786077829042,10,-0.7071,12,67,30,892.3,5,147.0,0.7135352902593463,30,0.963148578952585,24,0.9907309270861581,36,0.950796713897096,40,0.8460673854659453,42,172
116,-0.4132786077829042,11,-0.866,9,87,31,893.2,2,22.0,0.8666817706727676,10,0.9141502792729135,10,0.9871327916248778,10,0.99284394863073,10,0.9308945450320596,10,50
116,-0.4132786077829042,12,-0.9659,10,82,24,893.2,5,43.0,0.9629536654647318,28,0.802336645329603,18,0.9187248806891106,13,0.9725036407960927,16,0.9600079981146751,17,92
116,-0.4132786077829042,13,-1.0,12,77,33,893.2,4,348.0,0.9957902147083909,158,0.6353275787953132,116,0.7901690728401065,94,0.8911619466216689,105,0.9314237138755174,113,586
116,-0.4132786077829042,14,-0.9659,16,59,28,893.2,5,677.0,0.9629536654647318,220,0.42450445262380393,139,0.6102262198690294,191,0.7543621596400198,204,0.8470896612228391,212,966
116,-0.4132786077829042,15,-0.866,17,55,28,893.2,5,761.0,0.8666817706727675,244,0.1842344906412738,81,0.3911591103307826,145,0.5714269451372046,180,0.712753058225168,207,857
116,-0.4132786077829042,16,-0.7071,16,55,31,893.2,7,718.0,0.713535290259346,209,1.326794896677558e-06,45,0.14789678237643936,85,0.35482301721598686,136,0.5375687095291847,183,658
116,-0.4132786077829042,17,-0.5,16,52,33,894.1,6,540.0,0.5139508870050524,154,1.326794896677558e-06,37,1.326794896677558e-06,33,0.11931155469476255,53,0.3334751229449041,100,377
116,-0.4132786077829042,18,-0.2588,15,59,24,894.9,7,326.0,0.2815298865468917,77,1.326794896677558e-06,25,1.326794896677558e-06,26,1.326794896677558e-06,24,0.11438092185879466,48,200
116,-0.4132786077829042,19,0.0,13,67,28,894.9,7,88.0,0.032111371325263795,15,1.326794896677558e-06,10,1.326794896677558e-06,14,1.326794896677558e-06,13,1.326794896677558e-06,15,67
116,-0.4132786077829042,20,0.2588,12,72,30,894.9,10,0.0,0.0,0,0.0,0,0.0,0,0.0,0,0.0,0,0
116,-0.4132786077829042,21,0.5,11,67,24,895.8,10,0.0,0.0,0,0.0,0,0.0,0,0.0,0,0.0,0,0
116,-0.4132786077829042,22,0.7071,10,71,17,896.7,10,0.0,0.0,0,0.0,0,0.0,0,0.0,0,0.0,0,0
116,-0.4132786077829042,23,0.866,7,87,22,897.6,10,0.0,0.0,0,0.0,0,0.0,0,0.0,0,0.0,0,0
116,-0.4132786077829042,24,0.9659,9,66,20,897.6,10,0.0,0.0,0,0.0,0,0.0,0,0.0,0,0.0,0,0
117,-0.4288919379124835,1,1.0,8,76,13,897.6,10,0.0,0.0,0,0.0,0,0.0,0,0.0,0,0.0,0,0
117,-0.4288919379124835,2,0.9659,7,81,11,897.6,10,0.0,0.0,0,0.0,0,0.0,0,0.0,0,0.0,0,0
117,-0.4288919379124835,3,0.866,7,81,13,897.6,10,0.0,0.0,0,0.0,0,0.0,0,0.0,0,0.0,0,0
117,-0.4288919379124835,4,0.7071,7,76,4,897.6,10,0.0,0.0,0,0.0,0,0.0,0,0.0,0,0.0,0,0
117,-0.4288919379124835,5,0.5,5,87,11,896.7,10,0.0,0.0,0,0.0,0,0.0,0,0.0,0,0.0,0,0
117,-0.4288919379124835,6,0.2588,5,87,11,897.6,10,0.0,0.0,0,0.0,0,0.0,0,0.0,0,0.0,0,0
117,-0.4288919379124835,7,0.0,5,93,6,898.5,7,0.0,0.0,0,0.0,0,0.0,0,0.0,0,0.0,0,0
117,-0.4288919379124835,8,-0.2588,9,76,6,898.5,10,176.0,0.281969734811508,32,0.8624632961400088,66,0.8067689046526865,73,0.696094648611155,72,0.5379827838606471,61,304
117,-0.4288919379124835,9,-0.5,11,71,11,898.5,10,451.0,0.5140701073303805,99,0.9444914814064016,207,0.9289238104461072,211,0.8500516274292518,192,0.7132499324756779,161,870
117,-0.4288919379124835,10,-0.7071,12,67,6,898.5,7,678.0,0.7133791812308176,166,0.9616239964022025,242,0.9902958765199926,255,0.9514808432832226,237,0.8478240726368262,211,1111
117,-0.4288919379124835,11,-0.866,14,63,7,898.5,7,801.0,0.866314394050012,240,0.9126932904901972,288,0.9867027047338667,310,0.993470073277916,290,0.932534211913981,270,1398
117,-0.4288919379124835,12,-0.9659,16,52,6,898.5,7,715.0,0.9624534804990774,239,0.8010339048569055,232,0.918389163411835,261,0.9731578251776217,249,0.9616075025709411,243,1224
117,-0.4288919379124835,13,-1.0,17,45,11,898.5,10,946.0,0.9952447312932616,226,0.6342552294317076,182,0.7900107000012058,213,0.8919283429930919,220,0.9330626507614268,222,1063
117,-0.4288919379124835,14,-0.9659,18,42,7,897.6,10,910.0,0.9624534804990774,242,0.423722936433096,152,0.6103160806007252,194,0.755317273223062,212,0.8488449381495181,225,1025
117,-0.4288919379124835,15,-0.866,19,40,11,897.6,10,815.0,0.866314394050012,221,0.183784429940053,91,0.39155117711561876,138,0.5726344204370932,168,0.7146936544547869,192,810
117,-0.4288919379124835,16,-0.7071,20,40,7,896.7,10,678.0,0.7133791812308176,193,1.326794896677558e-06,45,0.14862443293487315,75,0.35632930077705144,115,0.5397509751745264,152,580
117,-0.4288919379124835,17,-0.5,21,38,6,896.7,10,492.0,0.5140701073303804,146,1.326794896677558e-06,34,1.326794896677558e-06,34,0.12114272987215048,54,0.3359389388255302,99,367
117,-0.4288919379124835,18,-0.2588,21,38,9,896.7,10,294.0,0.281969734811508,85,1.326794896677558e-06,26,1.326794896677558e-06,26,1.326794896677558e-06,24,0.11714698171369799,44,205
117,-0.4288919379124835,19,0.0,20,40,9,896.7,10,86.0,0.03289529594171772,23,1.326794896677558e-06,12,1.326794896677558e-06,13,1.326794896677558e-06,12,1.326794896677558e-06,13,73
117,-0.4288919379124835,20,0.2588,18,45,9,897.6,10,0.0,0.0,0,0.0,0,0.0,0,0.0,0,0.0,0,0
117,-0.4288919379124835,21,0.5,16,52,4,897.6,10,0.0,0.0,0,0.0,0,0.0,0,0.0,0,0.0,0,0
117,-0.4288919379124835,22,0.7071,15,55,4,898.5,10,0.0,0.0,0,0.0,0,0.0,0,0.0,0,0.0,0,0
117,-0.4288919379124835,23,0.866,14,59,7,898.5,10,0.0,0.0,0,0.0,0,0.0,0,0.0,0,0.0,0,0
117,-0.4288919379124835,24,0.9659,13,63,4,898.5,10,0.0,0.0,0,0.0,0,0.0,0,0.0,0,0.0,0,0
118,-0.4443781781046132,1,1.0,12,67,4,898.5,10,0.0,0.0,0,0.0,0,0.0,0,0.0,0,0.0,0,0
118,-0.4443781781046132,2,0.9659,11,71,6,898.5,10,0.0,0.0,0,0.0,0,0.0,0,0.0,0,0.0,0,0
118,-0.4443781781046132,3,0.866,10,76,7,898.5,10,0.0,0.0,0,0.0,0,0.0,0,0.0,0,0.0,0,0
118,-0.4443781781046132,4,0.7071,10,76,0,898.5,10,0.0,0.0,0,0.0,0,0.0,0,0.0,0,0.0,0,0
118,-0.4443781781046132,5,0.5,10,76,0,897.6,10,0.0,0.0,0,0.0,0,0.0,0,0.0,0,0.0,0,0
118,-0.4443781781046132,6,0.2588,9,76,2,898.5,10,0.0,0.0,0,0.0,0,0.0,0,0.0,0,0.0,0,0
118,-0.4443781781046132,7,0.0,10,71,6,898.5,10,0.0,0.0,0,0.0,0,0.0,0,0.0,0,0.0,0,0
118,-0.4443781781046132,8,-0.2588,13,63,4,898.5,10,251.0,0.2823949967284466,35,0.14278095483773037,22,0.22008722246528076,23,0.2823949967284466,24,0.32545810916757084,24,128
118,-0.4443781781046132,9,-0.5,16,48,6,899.4,10,480.0,0.5141710682628697,100,0.359853724433425,70,0.4524284769053769,33,0.5141710682628697,44,0.5408738479905278,43,290
118,-0.4443781781046132,10,-0.7071,19,43,6,899.4,10,654.0,0.7132016586944883,158,0.5462583031613711,127,0.6519443988854764,137,0.7132016586944883,161,0.7258555075773904,168,751
118,-0.4443781781046132,11,-0.866,22,38,7,899.4,10,791.0,0.865923183682166,193,0.6892915487121021,166,0.8050383309223454,192,0.865923183682166,199,0.8677969114549401,201,951
118,-0.4443781781046132,12,-0.9659,24,29,6,899.4,10,754.0,0.9619279403636705,186,0.7792059984069637,159,0.9012771921165602,183,0.9619279403636705,190,0.957025001731034,194,912
118,-0.4443781781046132,13,-1.0,25,29,9,899.4,10,683.0,0.9946733737787772,182,0.8098741415415717,157,0.9341024741670091,179,0.9946733737787772,184,0.9874590405998207,188,890
118,-0.4443781781046132,14,-0.9659,28,15,28,898.5,10,633.0,0.9619279403636705,174,0.7792059984069637,150,0.9012771921165602,171,0.9619279403636705,176,0.957025001731034,179,850
118,-0.4443781781046132,15,-0.866,26,17,20,899.4,5,286.0,0.865923183682166,73,0.6892915487121019,58,0.8050383309223453,68,0.865923183682166,73,0.8677969114549401,76,348
118,-0.4443781781046132,16,-0.7071,25,19,15,898.5,5,159.0,0.7132016586944884,41,0.5462583031613713,33,0.6519443988854766,39,0.7132016586944884,41,0.7258555075773905,45,199
118,-0.4443781781046132,17,-0.5,26,20,11,899.4,5,344.0,0.5141710682628697,90,0.359853724433425,70,0.4524284769053769,83,0.5141710682628697,88,0.5408738479905278,93,424
118,-0.4443781781046132,18,-0.2588,25,22,19,899.4,5,103.0,0.2823949967284466,25,0.14278095483773037,19,0.22008722246528076,23,0.2823949967284466,25,0.32545810916757084,27,119
118,-0.4443781781046132,19,0.0,25,22,9,899.4,5,58.0,0.033668575874102595,14,1.326794896677558e-06,12,1.326794896677558e-06,14,0.033668575874102595,15,0.0942884980663408,17,72
118,-0.4443781781046132,20,0.2588,23,27,7,900.2,5,0.0,0.0,0,0.0,0,0.0,0,0.0,0,0.0,0,0
118,-0.4443781781046132,21,0.5,23,27,9,901.1,5,0.0,0.0,0,0.0,0,0.0,0,0.0,0,0.0,0,0
118,-0.4443781781046132,22,0.7071,22,31,7,902.0,5,0.0,0.0,0,0.0,0,0.0,0,0.0,0,0.0,0,0
118,-0.4443781781046132,23,0.866,21,33,7,902.0,5,0.0,0.0,0,0.0,0,0.0,0,0.0,0,0.0,0,0
118,-0.4443781781046132,24,0.9659,20,37,6,902.0,5,0.0,0.0,0,0.0,0,0.0,0,0.0,0,0.0,0,0
119,-0.45973273945210397,1,1.0,18,42,7,902.0,5,0.0,0.0,0,0.0,0,0.0,0,0.0,0,0.0,0,0
119,-0.45973273945210397,2,0.9659,18,42,4,901.1,5,0.0,0.0,0,0.0,0,0.0,0,0.0,0,0.0,0,0
119,-0.45973273945210397,3,0.866,17,48,7,901.1,5,0.0,0.0,0,0.0,0,0.0,0,0.0,0,0.0,0,0
119,-0.45973273945210397,4,0.7071,16,55,4,901.1,5,0.0,0.0,0,0.0,0,0.0,0,0.0,0,0.0,0,0
119,-0.45973273945210397,5,0.5,16,55,4,901.1,5,0.0,0.0,0,0.0,0,0.0,0,0.0,0,0.0,0,0
119,-0.45973273945210397,6,0.2588,16,55,4,901.1,5,0.0,0.0,0,0.0,0,0.0,0,0.0,0,0.0,0,0
119,-0.45973273945210397,7,0.0,15,63,6,901.1,5,0.0,0.0,0,0.0,0,0.0,0,0.0,0,0.0,0,0
119,-0.45973273945210397,8,-0.2588,16,59,4,901.1,5,50.0,0.2828058763815696,13,0.14040978397308188,10,0.21907250118271931,12,0.2828058763815696,18,0.32726658884789933,16,69
119,-0.45973273945210397,9,-0.5,17,55,6,901.1,5,156.0,0.5142543631969884,42,0.35717575061243245,33,0.451085372395823,38,0.5142543631969884,67,0.5423778658560544,46,226
119,-0.45973273945210397,10,-0.7071,21,40,7,901.1,5,430.0,0.7130036503533242,113,0.54331687168173,93,0.650319305367644,105,0.7130036503533242,120,0.7270980782729697,119,550
119,-0.45973273945210397,11,-0.866,22,35,13,901.1,5,524.0,0.8655093237960776,151,0.68614795906964,127,0.8031968596598709,147,0.8655093237960776,151,0.8688388667400125,160,736
119,-0.45973273945210397,12,-0.9659,24,31,11,901.1,5,456.0,0.9613783905429923,105,0.7759353268347329,86,0.8992997001298297,99,0.9613783905429923,95,0.9579408449194305,111,496
119,-0.45973273945210397,13,-1.0,27,18,26,900.2,5,387.0,0.9940775426513918,133,0.8065601246904094,115,0.9320785880463215,133,0.9940775426513918,132,0.9883318693042088,135,648
119,-0.45973273945210397,14,-0.9659,27,20,35,900.2,4,410.0,0.9613783905429923,131,0.7759353268347329,112,0.8992997001298297,130,0.9613783905429923,150,0.9579408449194305,135,658
119,-0.45973273945210397,15,-0.866,27,18,43,899.4,4,470.0,0.8655093237960778,143,0.6861479590696401,120,0.8031968596598711,138,0.8655093237960778,140,0.8688388667400125,145,686
119,-0.45973273945210397,16,-0.7071,26,20,41,899.4,4,461.0,0.7130036503533242,124,0.5433168716817299,102,0.6503193053676439,119,0.7130036503533242,97,0.7270980782729696,127,569
119,-0.45973273945210397,17,-0.5,25,22,26,899.4,5,280.0,0.5142543631969884,95,0.3571757506124327,74,0.4510853723958234,87,0.5142543631969884,116,0.5423778658560545,94,466
119,-0.45973273945210397,18,-0.2588,26,23,19,899.4,5,461.0,0.2828058763815696,124,0.14040978397308143,86,0.21907250118271912,106,0.2828058763815696,97,0.3272665888478991,124,537
119,-0.45973273945210397,19,0.0,25,24,19,899.4,5,191.0,0.03443099742435112,48,1.326794896677558e-06,32,1.326794896677558e-06,40,0.03443099742435112,31,0.09642370574134376,49,200
119,-0.45973273945210397,20,0.2588,24,27,19,899.4,5,0.0,0.0,0,0.0,0,0.0,0,0.0,0,0.0,0,0
119,-0.45973273945210397,21,0.5,20,35,6,900.2,5,0.0,0.0,0,0.0,0,0.0,0,0.0,0,0.0,0,0
119,-0.45973273945210397,22,0.7071,20,35,9,900.2,5,0.0,0.0,0,0.0,0,0.0,0,0.0,0,0.0,0,0
119,-0.45973273945210397,23,0.866,22,33,17,901.1,5,0.0,0.0,0,0.0,0,0.0,0,0.0,0,0.0,0,0
119,-0.45973273945210397,24,0.9659,21,35,6,901.1,5,0.0,0.0,0,0.0,0,0.0,0,0.0,0,0.0,0,0
120,-0.47495107206704995,1,1.0,20,37,11,901.1,5,0.0,0.0,0,0.0,0,0.0,0,0.0,0,0.0,0,0
120,-0.47495107206704995,2,0.9659,21,35,39,901.1,4,0.0,0.0,0,0.0,0,0.0,0,0.0,0,0.0,0,0
120,-0.47495107206704995,3,0.866,18,45,9,900.2,5,0.0,0.0,0,0.0,0,0.0,0,0.0,0,0.0,0,0
120,-0.47495107206704995,4,0.7071,17,48,7,900.2,5,0.0,0.0,0,0.0,0,0.0,0,0.0,0,0.0,0,0
120,-0.47495107206704995,5,0.5,16,55,4,899.4,5,0.0,0.0,0,0.0,0,0.0,0,0.0,0,0.0,0,0
120,-0.47495107206704995,6,0.2588,15,59,9,899.4,5,0.0,0.0,0,0.0,0,0.0,0,0.0,0,0.0,0,0
120,-0.47495107206704995,7,0.0,16,59,30,901.1,4,0.0,0.0,0,0.0,0,0.0,0,0.0,0,0.0,0,0
120,-0.47495107206704995,8,-0.2588,17,55,9,901.1,7,174.0,0.283202587076763,29,0.13806534597982265,18,0.2180642834609447,18,0.283202587076763,18,0.3290411926407588,18,101
120,-0.47495107206704995,9,-0.5,19,52,7,901.1,10,474.0,0.5143205981541398,98,0.3545218020340808,67,0.4497458733734565,33,0.5143205981541398,43,0.5438453208874917,44,285
120,-0.47495107206704995,10,-0.7071,21,49,13,901.1,10,661.0,0.7127860994610887,158,0.5403971403528032,125,0.6486953287058089,137,0.7127860994610887,162,0.7283017788005631,170,752
120,-0.47495107206704995,11,-0.866,23,38,11,901.1,10,824.0,0.865074016412951,209,0.6830242854728727,177,0.801354595660025,207,0.865074016412951,218,0.8698401813773228,220,1031
120,-0.47495107206704995,12,-0.9659,25,26,19,901.1,7,841.0,0.9608061957262415,233,0.7726834497731803,203,0.8973202149853433,234,0.9608061957262415,236,0.9588149344898839,234,1140
120,-0.47495107206704995,13,-1.0,26,23,24,901.1,7,862.0,0.9934586580833248,249,0.8032645198152626,220,0.9300522993268706,252,0.9934586580833248,246,0.9891625647772424,240,1207
120,-0.47495107206704995,14,-0.9659,25,22,24,900.2,7,434.0,0.9608061957262415,251,0.7726834497731803,220,0.8973202149853433,251,0.9608061957262415,251,0.9588149344898839,246,1219
120,-0.47495107206704995,15,-0.866,26,20,28,900.2,7,864.0,0.8650740164129509,239,0.6830242854728727,205,0.801354595660025,236,0.8650740164129509,240,0.8698401813773228,237,1157
120,-0.47495107206704995,16,-0.7071,26,23,24,899.4,7,760.0,0.712786099461089,204,0.5403971403528033,170,0.6486953287058091,198,0.712786099461089,201,0.7283017788005632,201,974
120,-0.47495107206704995,17,-0.5,25,22,28,899.4,7,564.0,0.5143205981541398,157,0.3545218020340808,121,0.4497458733734565,145,0.5143205981541398,151,0.5438453208874917,154,728
120,-0.47495107206704995,18,-0.2588,25,26,28,899.4,10,325.0,0.283202587076763,92,0.13806534597982265,60,0.2180642834609447,76,0.283202587076763,83,0.3290411926407588,89,400
120,-0.47495107206704995,19,0.0,24,25,24,899.4,7,138.0,0.03518235246249901,34,1.326794896677558e-06,20,1.326794896677558e-06,27,0.03518235246249901,31,0.098527920976487,36,148
120,-0.47495107206704995,20,0.2588,21,33,17,900.2,10,0.0,0.0,0,0.0,0,0.0,0,0.0,0,0.0,0,0
120,-0.47495107206704995,21,0.5,20,35,15,900.2,10,0.0,0.0,0,0.0,0,0.0,0,0.0,0,0.0,0,0
120,-0.47495107206704995,22,0.7071,18,40,0,901.1,10,0.0,0.0,0,0.0,0,0.0,0,0.0,0,0.0,0,0
120,-0.47495107206704995,23,0.866,16,48,11,901.1,10,0.0,0.0,0,0.0,0,0.0,0,0.0,0,0.0,0,0
120,-0.47495107206704995,24,0.9659,17,45,13,902.0,10,0.0,0.0,0,0.0,0,0.0,0,0.0,0,0.0,0,0
121,-0.49002866642905923,1,1.0,17,45,13,902.0,10,0.0,0.0,0,0.0,0,0.0,0,0.0,0,0.0,0,0
121,-0.49002866642905923,2,0.9659,16,48,13,902.0,10,0.0,0.0,0,0.0,0,0.0,0,0.0,0,0.0,0,0
121,-0.49002866642905923,3,0.866,16,45,11,901.1,10,0.0,0.0,0,0.0,0,0.0,0,0.0,0,0.0,0,0
121,-0.49002866642905923,4,0.7071,14,51,4,901.1,10,0.0,0.0,0,0.0,0,0.0,0,0.0,0,0.0,0,0
121,-0.49002866642905923,5,0.5,12,62,4,902.0,10,0.0,0.0,0,0.0,0,0.0,0,0.0,0,0.0,0,0
121,-0.49002866642905923,6,0.2588,12,58,4,902.0,10,0.0,0.0,0,0.0,0,0.0,0,0.0,0,0.0,0,0
121,-0.49002866642905923,7,0.0,13,58,2,902.0,10,0.0,0.0,0,0.0,0,0.0,0,0.0,0,0.0,0,0
121,-0.49002866642905923,8,-0.2588,16,52,6,902.9,10,275.0,0.28358535083179065,33,0.13574858096532355,19,0.21706317086006569,19,0.28358535083179065,19,0.3307817478916323,19,109
121,-0.49002866642905923,9,-0.5,19,43,4,902.9,10,476.0,0.5143703907861086,98,0.35189318934152763,66,0.4484109779970756,31,0.5143703907861086,41,0.5452764081378422,41,277
121,-0.49002866642905923,10,-0.7071,21,35,4,902.9,10,630.0,0.7125499634081025,149,0.53750073800397,118,0.6470738076256896,130,0.7125499634081025,153,0.7294671199706938,160,710
121,-0.49002866642905923,11,-0.866,24,27,11,902.0,10,824.0,0.8646184796136032,202,0.6799224009040188,171,0.7995131389746664,200,0.8646184796136032,211,0.8708016084666158,215,999
121,-0.49002866642905923,12,-0.9659,24,24,13,902.0,10,920.0,0.9602127378711133,250,0.7694523936854017,216,0.8953405010114223,251,0.9602127378711133,258,0.9596481758514944,259,1234
121,-0.49002866642905923,13,-1.0,25,22,15,902.0,7,958.0,0.9928181579276187,224,0.7999894057286937,196,0.9280254283686165,226,0.9928181579276187,230,0.9899520843779037,229,1105
121,-0.49002866642905923,14,-0.9659,26,23,11,901.1,7,909.0,0.9602127378711133,241,0.7694523936854017,210,0.8953405010114223,241,0.9602127378711133,244,0.9596481758514944,242,1178
121,-0.49002866642905923,15,-0.866,26,21,22,901.1,5,668.0,0.8646184796136032,185,0.6799224009040188,158,0.7995131389746664,182,0.8646184796136032,185,0.8708016084666158,185,895
121,-0.49002866642905923,16,-0.7071,26,20,20,900.2,5,553.0,0.7125499634081024,156,0.5375007380039698,132,0.6470738076256896,151,0.7125499634081024,155,0.7294671199706937,153,747
121,-0.49002866642905923,17,-0.5,26,23,19,900.2,5,462.0,0.5143703907861086,138,0.35189318934152786,109,0.4484109779970758,127,0.5143703907861086,132,0.5452764081378422,136,642
121,-0.49002866642905923,18,-0.2588,26,21,17,900.2,5,261.0,0.28358535083179065,71,0.13574858096532355,51,0.21706317086006569,63,0.28358535083179065,67,0.3307817478916323,71,323
121,-0.49002866642905923,19,0.0,24,25,11,900.2,10,84.0,0.03592243843852063,23,1.326794896677558e-06,17,1.326794896677558e-06,21,0.03592243843852063,22,0.10060057651832391,24,107
121,-0.49002866642905923,20,0.2588,22,27,9,900.2,10,0.0,0.0,0,0.0,0,0.0,0,0.0,0,0.0,0,0
121,-0.49002866642905923,21,0.5,20,30,15,901.1,10,0.0,0.0,0,0.0,0,0.0,0,0.0,0,0.0,0,0
121,-0.49002866642905923,22,0.7071,20,30,13,901.1,10,0.0,0.0,0,0.0,0,0.0,0,0.0,0,0.0,0,0
121,-0.49002866642905923,23,0.866,20,30,15,901.1,10,0.0,0.0,0,0.0,0,0.0,0,0.0,0,0.0,0,0
121,-0.49002866642905923,24,0.9659,19,32,9,901.1,10,0.0,0.0,0,0.0,0,0.0,0,0.0,0,0.0,0,0
122,-0.5049610547215204,1,1.0,19,32,11,901.1,10,0.0,0.0,0,0.0,0,0.0,0,0.0,0,0.0,0,0
122,-0.5049610547215204,2,0.9659,15,42,9,900.2,10,0.0,0.0,0,0.0,0,0.0,0,0.0,0,0.0,0,0
122,-0.5049610547215204,3,0.866,13,51,2,900.2,10,0.0,0.0,0,0.0,0,0.0,0,0.0,0,0.0,0,0
122,-0.5049610547215204,4,0.7071,14,48,2,900.2,10,0.0,0.0,0,0.0,0,0.0,0,0.0,0,0.0,0,0
122,-0.5049610547215204,5,0.5,13,51,6,901.1,10,0.0,0.0,0,0.0,0,0.0,0,0.0,0,0.0,0,0
122,-0.5049610547215204,6,0.2588,12,58,2,901.1,10,0.0,0.0,0,0.0,0,0.0,0,0.0,0,0.0,0,0
122,-0.5049610547215204,7,0.0,15,51,7,901.1,10,0.0,0.0,0,0.0,0,0.0,0,0.0,0,0.0,0,0
122,-0.5049610547215204,8,-0.2588,18,45,4,901.1,10,163.0,0.2839543978572823,36,0.1334604165251175,28,0.21606976270452782,31,0.2839543978572823,35,0.332488100009069,38,168
122,-0.5049610547215204,9,-0.5,23,33,4,902.0,10,420.0,0.51440436936861,91,0.3492912129429429,66,0.4470816846268108,52,0.51440436936861,60,0.5466713429826354,61,330
122,-0.5049610547215204,10,-0.7071,25,26,7,901.1,10,563.0,0.7122962122962182,131,0.5346292851847984,106,0.6454560831470314,121,0.7122962122962182,135,0.730594634856654,142,635
122,-0.5049610547215204,11,-0.866,26,26,9,901.1,10,780.0,0.864143945792258,189,0.6768441715657436,160,0.7976740935554637,188,0.864143945792258,195,0.8717239248592077,199,931
122,-0.5049610547215204,12,-0.9659,27,23,7,900.2,10,883.0,0.9595994142556884,216,0.7662441791980401,189,0.8933623274456319,218,0.9595994142556884,223,0.9604414991008325,223,1069
122,-0.5049610547215204,13,-1.0,28,23,13,900.2,10,925.0,0.9921574957011647,231,0.7967368557284858,203,0.9259998007850633,233,0.9921574957011647,236,0.9907014104718621,235,1138
122,-0.5049610547215204,14,-0.9659,29,22,11,899.4,7,899.0,0.9595994142556884,231,0.7662441791980401,201,0.8933623274456319,232,0.9595994142556884,234,0.9604414991008325,232,1130
122,-0.5049610547215204,15,-0.866,29,22,13,898.5,5,808.0,0.864143945792258,214,0.6768441715657436,184,0.7976740935554637,211,0.864143945792258,215,0.8717239248592077,214,1038
122,-0.5049610547215204,16,-0.7071,30,18,7,898.5,5,589.0,0.7122962122962183,155,0.5346292851847984,128,0.6454560831470317,149,0.7122962122962183,152,0.7305946348566541,155,739
122,-0.5049610547215204,17,-0.5,30,19,22,898.5,5,433.0,0.51440436936861,113,0.3492912129429427,90,0.4470816846268104,106,0.51440436936861,112,0.5466713429826353,115,536
122,-0.5049610547215204,18,-0.2588,29,20,22,898.5,5,277.0,0.2839543978572823,74,0.1334604165251175,57,0.21606976270452782,67,0.2839543978572823,71,0.332488100009069,75,344
122,-0.5049610547215204,19,0.0,28,21,17,898.5,5,94.0,0.0366510583864046,23,1.326794896677558e-06,17,1.326794896677558e-06,21,0.0366510583864046,22,0.10264112075178047,24,107
122,-0.5049610547215204,20,0.2588,27,24,7,897.6,5,0.0,0.0,0,0.0,0,0.0,0,0.0,0,0.0,0,0
122,-0.5049610547215204,21,0.5,26,26,13,897.6,7,0.0,0.0,0,0.0,0,0.0,0,0.0,0,0.0,0,0
122,-0.5049610547215204,22,0.7071,25,26,7,898.5,7,0.0,0.0,0,0.0,0,0.0,0,0.0,0,0.0,0,0
122,-0.5049610547215204,23,0.866,25,21,13,898.5,10,0.0,0.0,0,0.0,0,0.0,0,0.0,0,0.0,0,0
122,-0.5049610547215204,24,0.9659,24,22,11,898.5,10,0.0,0.0,0,0.0,0,0.0,0,0.0,0,0.0,0,0
123,-0.5197438121555155,1,1.0,25,21,22,898.5,10,0.0,0.0,0,0.0,0,0.0,0,0.0,0,0.0,0,0
123,-0.5197438121555155,2,0.9659,23,23,13,898.5,10,0.0,0.0,0,0.0,0,0.0,0,0.0,0,0.0,0,0
123,-0.5197438121555155,3,0.866,21,28,11,898.5,10,0.0,0.0,0,0.0,0,0.0,0,0.0,0,0.0,0,0
123,-0.5197438121555155,4,0.7071,22,27,15,898.5,10,0.0,0.0,0,0.0,0,0.0,0,0.0,0,0.0,0,0
123,-0.5197438121555155,5,0.5,21,31,11,898.5,10,0.0,0.0,0,0.0,0,0.0,0,0.0,0,0.0,0,0
123,-0.5197438121555155,6,0.2588,16,39,11,899.4,10,0.0,0.0,0,0.0,0,0.0,0,0.0,0,0.0,0,0
123,-0.5197438121555155,7,0.0,17,39,2,899.4,10,0.0,0.0,0,0.0,0,0.0,0,0.0,0,0.0,0,0
123,-0.5197438121555155,8,-0.2588,20,33,6,899.4,10,137.0,0.28430996602973574,31,0.1312017672620492,25,0.2150846555614098,28,0.28430996602973574,31,0.33416011196830325,34,149
123,-0.5197438121555155,9,-0.5,23,31,7,899.4,10,406.0,0.5144231717864837,90,0.346717162073797,69,0.4457589908134253,60,0.5144231717864837,67,0.548030360170171,69,355
123,-0.5197438121555155,10,-0.7071,26,23,7,899.4,5,605.0,0.7120258275051259,147,0.5317843928350144,120,0.6438434971529975,136,0.7120258275051259,150,0.7316848774554282,157,710
123,-0.5197438121555155,11,-0.866,27,23,7,899.4,5,719.0,0.8636516599014229,175,0.6737914552500915,150,0.7958390655010739,173,0.8636516599014229,180,0.8726079295201691,183,861
123,-0.5197438121555155,12,-0.9659,28,23,9,898.5,5,728.0,0.9589676355212553,182,0.7630608192809808,158,0.8913874664794142,181,0.9589676355212553,184,0.9611958571963288,186,891
123,-0.5197438121555155,13,-1.0,29,22,7,897.6,5,804.0,0.9914781385586059,194,0.7935089357127941,170,0.9239772454188054,194,0.9914781385586059,198,0.991411548541813,199,955
123,-0.5197438121555155,14,-0.9659,30,20,7,896.7,5,746.0,0.9589676355212553,194,0.7630608192809808,168,0.8913874664794142,192,0.9589676355212553,195,0.9611958571963288,197,946
123,-0.5197438121555155,15,-0.866,31,17,15,896.7,5,784.0,0.8636516599014228,208,0.6737914552500914,181,0.7958390655010739,208,0.8636516599014228,209,0.8726079295201691,208,1014
123,-0.5197438121555155,16,-0.7071,31,14,26,895.8,5,606.0,0.7120258275051259,153,0.5317843928350144,129,0.6438434971529975,148,0.7120258275051259,152,0.7316848774554282,154,736
123,-0.5197438121555155,17,-0.5,31,13,22,895.8,5,529.0,0.5144231717864837,148,0.34671716207379716,116,0.4457589908134253,138,0.5144231717864837,143,0.5480303601701711,146,691
123,-0.5197438121555155,18,-0.2588,31,13,28,895.8,5,288.0,0.2843099660297362,78,0.13120176726204943,55,0.21508465556141002,68,0.2843099660297362,73,0.3341601119683037,77,351
123,-0.5197438121555155,19,0.0,30,13,30,894.9,5,126.0,0.037368020920636354,31,1.326794896677558e-06,22,1.326794896677558e-06,27,0.037368020920636354,29,0.1046490176903007,33,142
123,-0.5197438121555155,20,0.2588,28,16,24,895.8,5,0.0,0.0,0,0.0,0,0.0,0,0.0,0,0.0,0,0
123,-0.5197438121555155,21,0.5,26,23,17,896.7,5,0.0,0.0,0,0.0,0,0.0,0,0.0,0,0.0,0,0
123,-0.5197438121555155,22,0.7071,25,26,24,896.7,5,0.0,0.0,0,0.0,0,0.0,0,0.0,0,0.0,0,0
123,-0.5197438121555155,23,0.866,24,27,22,896.7,5,0.0,0.0,0,0.0,0,0.0,0,0.0,0,0.0,0,0
123,-0.5197438121555155,24,0.9659,22,31,15,897.6,5,0.0,0.0,0,0.0,0,0.0,0,0.0,0,0.0,0,0
124,-0.5343725582809786,1,1.0,20,37,15,897.6,5,0.0,0.0,0,0.0,0,0.0,0,0.0,0,0.0,0,0
124,-0.5343725582809786,2,0.9659,20,43,17,897.6,5,0.0,0.0,0,0.0,0,0.0,0,0.0,0,0.0,0,0
124,-0.5343725582809786,3,0.866,19,46,13,897.6,5,0.0,0.0,0,0.0,0,0.0,0,0.0,0,0.0,0,0
124,-0.5343725582809786,4,0.7071,19,46,11,897.6,5,0.0,0.0,0,0.0,0,0.0,0,0.0,0,0.0,0,0
124,-0.5343725582809786,5,0.5,17,52,9,897.6,5,0.0,0.0,0,0.0,0,0.0,0,0.0,0,0.0,0,0
124,-0.5343725582809786,6,0.2588,15,59,9,897.6,5,0.0,0.0,0,0.0,0,0.0,0,0.0,0,0.0,0,0
124,-0.5343725582809786,7,0.0,17,55,13,897.6,5,0.0,0.0,0,0.0,0,0.0,0,0.0,0,0.0,0,0
124,-0.5343725582809786,8,-0.2588,19,49,9,897.6,5,138.0,0.28465230035741124,33,0.128973534325552,26,0.21410844272546448,30,0.28465230035741124,34,0.33579766379440296,37,160
124,-0.5343725582809786,9,-0.5,20,49,11,897.6,5,312.0,0.514427444512063,76,0.34417231387954195,59,0.44444389229464254,62,0.514427444512063,70,0.5493537128515549,73,340
124,-0.5343725582809786,10,-0.7071,22,35,15,896.7,5,622.0,0.7117398002520762,147,0.5289676609750952,117,0.642237390966828,132,0.7117398002520762,151,0.7327384213286319,159,706
124,-0.5343725582809786,11,-0.866,23,36,6,896.7,5,510.0,0.863142877690377,124,0.6707660997282237,102,0.7940096613117822,118,0.863142877690377,125,0.8734544418707039,132,601
124,-0.5343725582809786,12,-0.9659,23,38,13,896.7,5,449.0,0.9583188237088588,115,0.7599043174479598,95,0.8894176913102954,108,0.9583188237088588,116,0.961912224112968,121,555
124,-0.5343725582809786,13,-1.0,24,36,17,896.7,5,642.0,0.9907815652600077,167,0.7903077023162435,139,0.9219595923246908,161,0.9907815652600077,169,0.9920835252781546,176,812
124,-0.5343725582809786,14,-0.9659,24,38,22,895.8,5,552.0,0.9583188237088588,145,0.7599043174479598,119,0.8894176913102954,137,0.9583188237088588,144,0.961912224112968,150,695
124,-0.5343725582809786,15,-0.866,24,38,26,895.8,5,637.0,0.863142877690377,188,0.6707660997282237,160,0.7940096613117822,183,0.863142877690377,189,0.8734544418707039,189,909
124,-0.5343725582809786,16,-0.7071,24,38,26,894.9,7,698.0,0.7117398002520762,195,0.5289676609750955,161,0.642237390966828,188,0.7117398002520762,193,0.732738421328632,194,931
124,-0.5343725582809786,17,-0.5,23,41,30,894.9,7,522.0,0.514427444512063,155,0.3441723138795415,119,0.4444438922946423,141,0.514427444512063,149,0.5493537128515549,152,716
124,-0.5343725582809786,18,-0.2588,23,38,28,894.9,7,245.0,0.28465230035741124,67,0.128973534325552,47,0.21410844272546448,59,0.28465230035741124,63,0.33579766379440296,68,304
124,-0.5343725582809786,19,0.0,22,38,20,894.9,7,129.0,0.03807314022527261,33,1.326794896677558e-06,22,1.326794896677558e-06,27,0.03807314022527261,31,0.106623746945243,35,148
124,-0.5343725582809786,20,0.2588,20,43,20,894.9,10,0.0,0.0,0,0.0,0,0.0,0,0.0,0,0.0,0,0
124,-0.5343725582809786,21,0.5,19,49,22,895.8,10,0.0,0.0,0,0.0,0,0.0,0,0.0,0,0.0,0,0
124,-0.5343725582809786,22,0.7071,17,55,31,896.7,10,0.0,0.0,0,0.0,0,0.0,0,0.0,0,0.0,0,0
124,-0.5343725582809786,23,0.866,16,59,24,896.7,10,0.0,0.0,0,0.0,0,0.0,0,0.0,0,0.0,0,0
124,-0.5343725582809786,24,0.9659,15,59,17,896.7,10,0.0,0.0,0,0.0,0,0.0,0,0.0,0,0.0,0,0
125,-0.548842958284719,1,1.0,14,63,11,896.7,10,0.0,0.0,0,0.0,0,0.0,0,0.0,0,0.0,0,0
125,-0.548842958284719,2,0.9659,14,63,17,896.7,10,0.0,0.0,0,0.0,0,0.0,0,0.0,0,0.0,0,0
125,-0.548842958284719,3,0.866,13,67,17,895.8,10,0.0,0.0,0,0.0,0,0.0,0,0.0,0,0.0,0,0
125,-0.548842958284719,4,0.7071,12,72,13,895.8,10,0.0,0.0,0,0.0,0,0.0,0,0.0,0,0.0,0,0
125,-0.548842958284719,5,0.5,12,72,17,895.8,10,0.0,0.0,0,0.0,0,0.0,0,0.0,0,0.0,0,0
125,-0.548842958284719,6,0.2588,11,76,19,895.8,10,0.0,0.0,0,0.0,0,0.0,0,0.0,0,0.0,0,0
125,-0.548842958284719,7,0.0,12,72,22,895.8,10,0.0,0.0,0,0.0,0,0.0,0,0.0,0,0.0,0,0
125,-0.548842958284719,8,-0.2588,13,72,19,896.7,10,226.0,0.2849816524400031,34,0.2671912237433154,44,0.3277897612287244,24,0.3660500600014843,26,0.37936474642049733,27,155
125,-0.548842958284719,9,-0.5,16,59,17,896.7,10,486.0,0.514417841578249,103,0.46576107010474344,130,0.5444671618853854,71,0.5860688128874078,78,0.5877309430036624,78,460
125,-0.548842958284719,10,-0.7071,16,59,11,896.7,10,582.0,0.7114391301470994,136,0.6257109140204493,165,0.7219051956295026,143,0.7689029323566724,152,0.7635013108889727,155,751
125,-0.548842958284719,11,-0.866,19,52,7,896.7,5,805.0,0.8626188639397587,194,0.7361404566791069,228,0.8480117739744775,206,0.9020925948925659,212,0.8946974067904289,213,1053
125,-0.548842958284719,12,-0.9659,20,46,9,895.8,5,939.0,0.9576544102923298,224,0.7895241201519341,240,0.914192956438568,230,0.9765611595319859,234,0.9723784465464649,234,1162
125,-0.548842958284719,13,-1.0,21,46,7,894.9,5,722.0,0.9900692641351422,193,0.7822239022305852,195,0.9159386123841183,190,0.9872337247785938,196,0.991250603478573,201,975
125,-0.548842958284719,14,-0.9659,23,38,11,894.9,7,852.0,0.9576544102923298,207,0.7147372998495157,222,0.8531297784431808,204,0.9333829741141818,206,0.9500277731891711,206,1045
125,-0.548842958284719,15,-0.866,24,36,6,894.1,7,838.0,0.8626188639397586,212,0.5916634055489332,200,0.7300467656606379,198,0.8186787413265685,205,0.8515192192736655,210,1025
125,-0.548842958284719,16,-0.7071,24,36,7,893.2,7,578.0,0.7114391301470994,173,0.4213894874445789,144,0.5550774638672759,152,0.6509379178618963,161,0.7024381270375484,169,799
125,-0.548842958284719,17,-0.5,25,34,11,893.2,7,563.0,0.5144178415782489,106,0.21551941172654374,71,0.340145721827558,83,0.4415917455876144,92,0.5129441119641932,102,454
125,-0.548842958284719,18,-0.2588,23,41,22,893.2,4,132.0,0.2849816524400031,33,1.326794896677558e-06,29,0.09989875805389696,29,0.20490679806337692,32,0.29595086023082046,36,159
125,-0.548842958284719,19,0.0,22,43,24,894.1,7,80.0,0.03876623603579511,21,1.326794896677558e-06,16,1.326794896677558e-06,17,1.326794896677558e-06,18,0.06624608447360027,21,93
125,-0.548842958284719,20,0.2588,19,49,9,894.1,7,0.0,0.0,0,0.0,0,0.0,0,0.0,0,0.0,0,0
125,-0.548842958284719,21,0.5,18,52,6,894.1,7,0.0,0.0,0,0.0,0,0.0,0,0.0,0,0.0,0,0
125,-0.548842958284719,22,0.7071,18,52,6,894.9,10,0.0,0.0,0,0.0,0,0.0,0,0.0,0,0.0,0,0
125,-0.548842958284719,23,0.866,16,59,4,894.9,10,0.0,0.0,0,0.0,0,0.0,0,0.0,0,0.0,0,0
125,-0.548842958284719,24,0.9659,16,59,7,894.9,10,0.0,0.0,0,0.0,0,0.0,0,0.0,0,0.0,0,0
126,-0.5631507242749186,1,1.0,19,37,13,894.9,10,0.0,0.0,0,0.0,0,0.0,0,0.0,0,0.0,0,0
126,-0.5631507242749186,2,0.9659,17,42,7,894.9,10,0.0,0.0,0,0.0,0,0.0,0,0.0,0,0.0,0,0
126,-0.5631507242749186,3,0.866,15,45,7,894.9,10,0.0,0.0,0,0.0,0,0.0,0,0.0,0,0.0,0,0
126,-0.5631507242749186,4,0.7071,15,45,9,894.9,10,0.0,0.0,0,0.0,0,0.0,0,0.0,0,0.0,0,0
126,-0.5631507242749186,5,0.5,13,54,6,894.9,10,0.0,0.0,0,0.0,0,0.0,0,0.0,0,0.0,0,0
126,-0.5631507242749186,6,0.2588,13,54,0,894.9,10,0.0,0.0,0,0.0,0,0.0,0,0.0,0,0.0,0,0
126,-0.5631507242749186,7,0.0,13,58,2,895.8,5,0.0,0.0,0,0.0,0,0.0,0,0.0,0,0.0,0,0
126,-0.5631507242749186,8,-0.2588,15,55,2,895.8,5,50.0,0.28529827992298223,12,0.264873501122385,10,0.3267082018127536,12,0.36627837013344483,14,0.3808873670848469,15,63
126,-0.5631507242749186,9,-0.5,17,42,4,895.8,5,126.0,0.514395023547798,35,0.46314956847286054,29,0.5430650335423055,33,0.5859716104007712,36,0.5889452905152744,38,171
126,-0.5631507242749186,10,-0.7071,19,37,2,895.8,5,208.0,0.7111248237457689,56,0.6228627706665225,45,0.7202405520554226,52,0.7685352310899398,57,0.7644556101135561,61,271
126,-0.5631507242749186,11,-0.866,20,33,6,895.8,5,417.0,0.8620808906947179,117,0.7331289356208354,97,0.8461605588062302,112,0.901527842669637,119,0.8954576043849012,124,569
126,-0.5631507242749186,12,-0.9659,22,33,7,895.8,7,425.0,0.956975834210524,176,0.786433619317192,161,0.9122438278328164,184,0.9758862328339516,176,0.9730237168250199,175,872
126,-0.5631507242749186,13,-1.0,22,33,7,894.9,5,370.0,0.9893427310471968,115,0.7791442018832156,100,0.9139869011231866,115,0.9865430082736988,115,0.9918679528349701,118,563
126,-0.5631507242749186,14,-0.9659,21,40,7,894.9,4,289.0,0.956975834210524,73,0.7117574442187268,58,0.8512709913127277,69,0.9327719285169207,74,0.9507061107754295,80,354
126,-0.5631507242749186,15,-0.866,22,35,17,894.9,5,299.0,0.8620808906947179,77,0.5888656346181168,64,0.7283700768330016,72,0.8182373979259789,77,0.8523432980088701,79,369
126,-0.5631507242749186,16,-0.7071,21,40,31,895.8,5,507.0,0.7111248237457689,158,0.41884363243708117,116,0.5536596378417059,140,0.6507447430564166,150,0.7034827678571969,157,721
126,-0.5631507242749186,17,-0.5,19,46,33,895.8,6,371.0,0.514395023547798,107,0.21327813622566577,67,0.33904588206891095,84,0.44170829354885344,93,0.514269104918275,102,453
126,-0.5631507242749186,18,-0.2588,19,49,26,895.8,10,311.0,0.28529827992298223,87,1.326794896677558e-06,34,0.09915435783903193,48,0.20537351594221276,63,0.29759688991295674,77,309
126,-0.5631507242749186,19,0.0,17,59,15,896.7,10,125.0,0.03944713361398697,33,1.326794896677558e-06,16,1.326794896677558e-06,18,1.326794896677558e-06,19,0.06823195745739023,28,114
126,-0.5631507242749186,20,0.2588,16,59,13,897.6,10,0.0,0.0,0,0.0,0,0.0,0,0.0,0,0.0,0,0
126,-0.5631507242749186,21,0.5,15,67,17,897.6,10,0.0,0.0,0,0.0,0,0.0,0,0.0,0,0.0,0,0
126,-0.5631507242749186,22,0.7071,14,67,4,898.5,10,0.0,0.0,0,0.0,0,0.0,0,0.0,0,0.0,0,0
126,-0.5631507242749186,23,0.866,13,67,17,899.4,10,0.0,0.0,0,0.0,0,0.0,0,0.0,0,0.0,0,0
126,-0.5631507242749186,24,0.9659,13,67,4,899.4,10,0.0,0.0,0,0.0,0,0.0,0,0.0,0,0.0,0,0
127,-0.5772916165517272,1,1.0,13,67,6,899.4,10,0.0,0.0,0,0.0,0,0.0,0,0.0,0,0.0,0,0
127,-0.5772916165517272,2,0.9659,12,72,11,899.4,10,0.0,0.0,0,0.0,0,0.0,0,0.0,0,0.0,0,0
127,-0.5772916165517272,3,0.866,12,72,9,899.4,10,0.0,0.0,0,0.0,0,0.0,0,0.0,0,0.0,0,0
127,-0.5772916165517272,4,0.7071,10,76,13,899.4,10,0.0,0.0,0,0.0,0,0.0,0,0.0,0,0.0,0,0
127,-0.5772916165517272,5,0.5,10,76,11,899.4,10,0.0,0.0,0,0.0,0,0.0,0,0.0,0,0.0,0,0
127,-0.5772916165517272,6,0.2588,10,76,11,899.4,10,0.0,0.0,0,0.0,0,0.0,0,0.0,0,0.0,0,0
127,-0.5772916165517272,7,0.0,12,72,9,900.2,10,0.0,0.0,0,0.0,0,0.0,0,0.0,0,0.0,0,0
127,-0.5772916165517272,8,-0.2588,16,55,9,900.2,10,306.0,0.28560244594749246,35,0.2625878432145422,39,0.32563649988641713,17,0.3664936587591366,17,0.3823749746389736,16,124
127,-0.5772916165517272,9,-0.5,16,55,15,901.1,10,513.0,0.5143596564803206,103,0.46057005574927934,102,0.5416726799758123,64,0.5858613024239517,72,0.5901245453852721,72,413
127,-0.5772916165517272,10,-0.7071,18,49,11,901.1,10,697.0,0.7107978931015309,164,0.6200465551600961,155,0.7185856155240891,180,0.7681543545425632,189,0.7653747496056658,191,879
127,-0.5772916165517272,11,-0.866,19,43,9,901.1,10,842.0,0.8615302354990567,223,0.7301493002538896,207,0.8443190025418629,237,0.900949864325454,243,0.8961825921694209,242,1152
127,-0.5772916165517272,12,-0.9659,20,37,11,901.1,10,937.0,0.9562845399014395,214,0.7833749837947758,194,0.9103043328675227,220,0.9751980515887791,224,0.9736337476426636,223,1075
127,-0.5772916165517272,13,-1.0,21,35,13,900.2,10,968.0,0.9886034673586689,241,0.7760963696349987,212,0.9120448228363416,245,0.9858390331477679,248,0.9924500555269132,247,1193
127,-0.5772916165517272,14,-0.9659,22,31,7,900.2,10,944.0,0.9562845399014395,240,0.7088094824498449,203,0.8494218611324518,236,0.9321476448543536,240,0.9513492174320698,240,1159
127,-0.5772916165517272,15,-0.866,23,29,7,899.4,10,858.0,0.8615302354990567,224,0.5860998045323852,177,0.7267030919402149,210,0.8177828602445423,216,0.8531321834152495,220,1047
127,-0.5772916165517272,16,-0.7071,24,29,11,898.5,10,721.0,0.710797893101531,195,0.4163297832768184,136,0.5522515825424226,169,0.6505384379993013,180,0.7044922722520341,186,866
127,-0.5772916165517272,17,-0.5,24,27,11,898.5,10,538.0,0.5143596564803207,152,0.2110689451639671,83,0.33795589508320195,112,0.44181179116868474,127,0.5155590337763301,140,614
127,-0.5772916165517272,18,-0.2588,24,29,7,898.5,10,340.0,0.28560244594749246,93,1.326794896677558e-06,32,0.0984199021079037,48,0.20582727382472266,64,0.2992079383226876,82,319
127,-0.5772916165517272,19,0.0,23,31,7,898.5,10,121.0,0.040115663716034394,30,1.326794896677558e-06,14,1.326794896677558e-06,17,1.326794896677558e-06,18,0.07018293684161907,26,105
127,-0.5772916165517272,20,0.2588,21,31,7,899.4,10,0.0,0.0,0,0.0,0,0.0,0,0.0,0,0.0,0,0
127,-0.5772916165517272,21,0.5,18,40,4,899.4,10,0.0,0.0,0,0.0,0,0.0,0,0.0,0,0.0,0,0
127,-0.5772916165517272,22,0.7071,17,42,4,900.2,10,0.0,0.0,0,0.0,0,0.0,0,0.0,0,0.0,0,0
127,-0.5772916165517272,23,0.866,17,42,6,900.2,10,0.0,0.0,0,0.0,0,0.0,0,0.0,0,0.0,0,0
127,-0.5772916165517272,24,0.9659,13,54,4,900.2,10,0.0,0.0,0,0.0,0,0.0,0,0.0,0,0.0,0,0
128,-0.5912614448635781,1,1.0,15,51,9,900.2,10,0.0,0.0,0,0.0,0,0.0,0,0.0,0,0.0,0,0
128,-0.5912614448635781,2,0.9659,15,51,6,899.4,10,0.0,0.0,0,0.0,0,0.0,0,0.0,0,0.0,0,0
128,-0.5912614448635781,3,0.866,13,58,4,899.4,10,0.0,0.0,0,0.0,0,0.0,0,0.0,0,0.0,0,0
128,-0.5912614448635781,4,0.7071,13,58,9,899.4,10,0.0,0.0,0,0.0,0,0.0,0,0.0,0,0.0,0,0
128,-0.5912614448635781,5,0.5,12,62,4,898.5,10,0.0,0.0,0,0.0,0,0.0,0,0.0,0,0.0,0,0
128,-0.5912614448635781,6,0.2588,11,67,6,898.5,10,0.0,0.0,0,0.0,0,0.0,0,0.0,0,0.0,0,0
128,-0.5912614448635781,7,0.0,11,67,6,899.4,10,0.0,0.0,0,0.0,0,0.0,0,0.0,0,0.0,0,0
128,-0.5912614448635781,8,-0.2588,14,59,6,899.4,10,121.0,0.28589441859668535,32,0.2603353222500539,32,0.3245754177143566,30,0.3666963262307119,33,0.3838275802393843,36,163
128,-0.5912614448635781,9,-0.5,16,52,7,899.4,10,241.0,0.5143124108984761,60,0.4580239524629325,54,0.5402912435106003,56,0.5857386752300641,63,0.5912690842521432,66,299
128,-0.5912614448635781,10,-0.7071,19,46,4,899.4,5,338.0,0.7104593543195867,89,0.6172639685878812,90,0.7169418395929462,87,0.7677614096853785,92,0.76625941431146,96,454
128,-0.5912614448635781,11,-0.866,21,38,6,899.4,5,545.0,0.8609681796327399,136,0.7272034453623643,115,0.8424887799343234,133,0.9003600004503716,140,0.8968732852128973,145,669
128,-0.5912614448635781,12,-0.9659,23,38,11,898.5,5,624.0,0.9555819753408462,162,0.7803502020056426,157,0.9083762623798222,162,0.9744980870073938,167,0.9742095903236858,169,817
128,-0.5912614448635781,13,-1.0,25,32,15,898.5,5,640.0,0.9878529779021598,159,0.7730823830745501,120,0.9101141730332044,156,0.9851232904706191,160,0.9929979965706425,163,758
128,-0.5912614448635781,14,-0.9659,28,26,15,897.6,5,516.0,0.9555819753408462,172,0.7058952717850594,154,0.8475840716324662,166,0.931511518601299,168,0.9519581052794842,170,830
128,-0.5912614448635781,15,-0.866,28,25,9,896.7,5,438.0,0.8609681796327399,105,0.5833675566578956,65,0.7250472788203309,98,0.8173163225616779,104,0.853886714825594,110,482
128,-0.5912614448635781,16,-0.7071,29,19,19,895.8,5,509.0,0.7104593543195868,104,0.4138492826633681,92,0.5508544589049745,92,0.6503199027464455,98,0.7054672180611572,106,492
128,-0.5912614448635781,17,-0.5,29,19,24,895.8,5,318.0,0.5143124108984765,130,0.20889282013749236,74,0.3368765448078801,107,0.4419027713021535,118,0.5168141439979954,127,556
128,-0.5912614448635781,18,-0.2588,24,36,33,896.7,4,108.0,0.2858944185966849,81,1.326794896677558e-06,39,0.09769575339598383,59,0.2062681894118328,68,0.3007838703054803,78,325
128,-0.5912614448635781,19,0.0,24,36,9,895.8,5,27.0,0.04077166255412137,25,1.326794896677558e-06,12,1.326794896677558e-06,22,1.326794896677558e-06,23,0.0720984845610432,27,109
128,-0.5912614448635781,20,0.2588,24,22,13,894.9,5,0.0,0.0,0,0.0,0,0.0,0,0.0,0,0.0,0,0
128,-0.5912614448635781,21,0.5,19,52,7,895.8,7,0.0,0.0,0,0.0,0,0.0,0,0.0,0,0.0,0,0
128,-0.5912614448635781,22,0.7071,17,55,7,895.8,7,0.0,0.0,0,0.0,0,0.0,0,0.0,0,0.0,0,0
128,-0.5912614448635781,23,0.866,17,55,9,895.8,7,0.0,0.0,0,0.0,0,0.0,0,0.0,0,0.0,0,0
128,-0.5912614448635781,24,0.9659,17,55,17,895.8,7,0.0,0.0,0,0.0,0,0.0,0,0.0,0,0.0,0,0
129,-0.6050560696488488,1,1.0,16,59,19,894.9,7,0.0,0.0,0,0.0,0,0.0,0,0.0,0,0.0,0,0
129,-0.6050560696488488,2,0.9659,21,16,20,894.9,7,0.0,0.0,0,0.0,0,0.0,0,0.0,0,0.0,0,0
129,-0.6050560696488488,3,0.866,18,28,9,894.9,10,0.0,0.0,0,0.0,0,0.0,0,0.0,0,0.0,0,0
129,-0.6050560696488488,4,0.7071,16,52,15,895.8,10,0.0,0.0,0,0.0,0,0.0,0,0.0,0,0.0,0,0
129,-0.6050560696488488,5,0.5,15,63,20,895.8,10,0.0,0.0,0,0.0,0,0.0,0,0.0,0,0.0,0,0
129,-0.6050560696488488,6,0.2588,14,67,20,896.7,10,0.0,0.0,0,0.0,0,0.0,0,0.0,0,0.0,0,0
129,-0.6050560696488488,7,0.0,13,72,15,898.5,10,0.0,0.0,0,0.0,0,0.0,0,0.0,0,0.0,0,0
129,-0.6050560696488488,8,-0.2588,14,67,31,898.5,10,278.0,0.2861744703393778,35,0.2581169948343761,36,0.3235257116921549,28,0.3668867771869777,28,0.3852452091928308,27,154
129,-0.6050560696488488,9,-0.5,15,63,26,899.4,10,138.0,0.5142539607548193,33,0.4555126626907583,30,0.538921859699686,34,0.5856045184623391,36,0.5923792970366193,37,170
129,-0.6050560696488488,10,-0.7071,16,59,31,900.2,10,481.0,0.7101102261142959,125,0.614516694918289,115,0.7153106703086024,132,0.7673575060977006,140,0.7671103017271269,142,654
129,-0.6050560696488488,11,-0.866,17,52,31,900.2,7,838.0,0.860396006355114,211,0.7242932481520381,193,0.8406715577003991,222,0.8997595936883906,230,0.8975306105877389,228,1084
129,-0.6050560696488488,12,-0.9659,18,52,30,900.2,7,920.0,0.9548695900880034,248,0.7773612445700522,220,0.9064613988949974,253,0.9737878120441505,259,0.974752307872276,256,1236
129,-0.6050560696488488,13,-1.0,18,49,33,900.2,6,963.0,0.9870927689587293,264,0.7701041941301865,229,0.9081967324621033,264,0.9843972684557402,261,0.9935128702256858,254,1272
129,-0.6050560696488488,14,-0.9659,18,42,37,900.2,6,945.0,0.9548695900880034,268,0.7030166519774023,226,0.8457592984854033,262,0.9308649471558732,260,0.9525337982110728,255,1271
129,-0.6050560696488488,15,-0.866,20,33,31,900.2,10,871.0,0.860396006355114,264,0.5806705153843379,202,0.723404097766651,242,0.8168389815579308,255,0.8546077437560624,260,1223
129,-0.6050560696488488,16,-0.7071,20,28,31,900.2,10,744.0,0.7101102261142959,196,0.41140345702915493,130,0.5494694210490343,164,0.6500900404536342,179,0.7064081959280659,187,856
129,-0.6050560696488488,17,-0.5,20,26,28,900.2,10,572.0,0.5142539607548193,166,0.20675072733272354,87,0.335808609259862,118,0.4419817707762732,141,0.5180346946366947,156,668
129,-0.6050560696488488,18,-0.2588,19,26,28,900.2,10,371.0,0.2861744703393778,102,1.326794896677558e-06,29,0.09698226931901387,49,0.20669638536240612,69,0.3023245652045287,89,338
129,-0.6050560696488488,19,0.0,18,21,26,900.2,10,140.0,0.04141497175176653,32,1.326794896677558e-06,13,1.326794896677558e-06,13,1.326794896677558e-06,16,0.0739780780050411,27,101
129,-0.6050560696488488,20,0.2588,15,31,20,901.1,10,0.0,0.0,0,0.0,0,0.0,0,0.0,0,0.0,0,0
129,-0.6050560696488488,21,0.5,12,35,15,902.0,10,0.0,0.0,0,0.0,0,0.0,0,0.0,0,0.0,0,0
129,-0.6050560696488488,22,0.7071,11,33,15,902.9,10,0.0,0.0,0,0.0,0,0.0,0,0.0,0,0.0,0,0
129,-0.6050560696488488,23,0.866,10,37,17,902.9,10,0.0,0.0,0,0.0,0,0.0,0,0.0,0,0.0,0,0
129,-0.6050560696488488,24,0.9659,9,40,22,902.9,10,0.0,0.0,0,0.0,0,0.0,0,0.0,0,0.0,0,0
130,-0.6186714032625031,1,1.0,8,46,22,902.9,10,0.0,0.0,0,0.0,0,0.0,0,0.0,0,0.0,0,0
130,-0.6186714032625031,2,0.9659,8,50,19,902.9,10,0.0,0.0,0,0.0,0,0.0,0,0.0,0,0.0,0,0
130,-0.6186714032625031,3,0.866,8,50,20,902.0,10,0.0,0.0,0,0.0,0,0.0,0,0.0,0,0.0,0,0
130,-0.6186714032625031,4,0.7071,7,53,20,902.0,10,0.0,0.0,0,0.0,0,0.0,0,0.0,0,0.0,0,0
130,-0.6186714032625031,5,0.5,6,61,17,902.0,10,0.0,0.0,0,0.0,0,0.0,0,0.0,0,0.0,0,0
130,-0.6186714032625031,6,0.2588,6,61,17,902.0,10,0.0,0.0,0,0.0,0,0.0,0,0.0,0,0.0,0,0
130,-0.6186714032625031,7,0.0,7,57,17,902.9,10,0.0,0.0,0,0.0,0,0.0,0,0.0,0,0.0,0,0
130,-0.6186714032625031,8,-0.2588,9,50,13,902.9,10,323.0,0.2864428774719072,37,0.25593390132121296,39,0.3224881316470394,17,0.3670654198294086,15,0.3866279002569604,15,123
130,-0.6186714032625031,9,-0.5,10,47,19,902.9,10,530.0,0.5141849824007348,109,0.45303757302146186,105,0.5375656561784937,61,0.5854596239566257,74,0.5934555858128376,78,427
130,-0.6186714032625031,10,-0.7071,10,43,20,902.9,10,712.0,0.7097515283720055,171,0.6118063996355022,160,0.7136935446951773,185,0.7669437544129629,198,0.7679281204077438,200,914
130,-0.6186714032625031,11,-0.866,12,41,17,902.9,10,856.0,0.8598149991561262,238,0.7214205666568237,216,0.8388689927491316,250,0.8991499869082653,258,0.8981555056082923,259,1221
130,-0.6186714032625031,12,-0.9659,14,31,20,902.0,10,951.0,0.9541488333409889,225,0.7744100626039816,201,0.9045615147184779,230,0.9730686994144457,237,0.9752629730508449,235,1128
130,-0.6186714032625031,13,-1.0,15,29,22,902.0,10,989.0,0.9863243462464094,260,0.7671637478916875,224,0.9062942819450641,260,0.9836624622975287,260,0.9939957841639548,256,1260
130,-0.6186714032625031,14,-0.9659,15,27,20,901.1,10,965.0,0.9541488333409889,260,0.7001754437413162,213,0.8439492075242792,251,0.9302093279461032,257,0.9530773300176333,257,1238
130,-0.6186714032625031,15,-0.866,16,25,22,900.2,10,888.0,0.8598149991561262,244,0.5780102868291855,188,0.7217749999992923,225,0.8163520346580129,238,0.8552961322336201,242,1137
130,-0.6186714032625031,16,-0.7071,17,22,22,900.2,10,753.0,0.7097515283720055,214,0.40899361559466907,144,0.5480976151106124,180,0.649849756065334,197,0.7073158079353893,207,942
130,-0.6186714032625031,17,-0.5,17,26,19,899.4,10,576.0,0.5141849824007348,165,0.2046436170061466,86,0.33475285981076996,120,0.4420493295103284,140,0.5192209573649524,156,667
130,-0.6186714032625031,18,-0.2588,17,22,20,899.4,10,375.0,0.286442877471907,102,1.326794896677558e-06,30,0.0962798023434434,49,0.20711198890140217,70,0.3038299163333381,90,341
130,-0.6186714032625031,19,0.0,16,23,19,899.4,10,144.0,0.042045438293184384,33,1.326794896677558e-06,13,1.326794896677558e-06,14,1.326794896677558e-06,17,0.07582120996366963,27,104
130,-0.6186714032625031,20,0.2588,13,31,13,899.4,10,0.0,0.0,0,0.0,0,0.0,0,0.0,0,0.0,0,0
130,-0.6186714032625031,21,0.5,11,35,13,899.4,10,0.0,0.0,0,0.0,0,0.0,0,0.0,0,0.0,0,0
130,-0.6186714032625031,22,0.7071,11,35,9,899.4,10,0.0,0.0,0,0.0,0,0.0,0,0.0,0,0.0,0,0
130,-0.6186714032625031,23,0.866,10,37,13,899.4,10,0.0,0.0,0,0.0,0,0.0,0,0.0,0,0.0,0,0
130,-0.6186714032625031,24,0.9659,10,35,11,898.5,10,0.0,0.0,0,0.0,0,0.0,0,0.0,0,0.0,0,0
131,-0.6321034111873487,1,1.0,9,37,13,898.5,10,0.0,0.0,0,0.0,0,0.0,0,0.0,0,0.0,0,0
131,-0.6321034111873487,2,0.9659,9,37,11,898.5,10,0.0,0.0,0,0.0,0,0.0,0,0.0,0,0.0,0,0
131,-0.6321034111873487,3,0.866,8,40,9,898.5,10,0.0,0.0,0,0.0,0,0.0,0,0.0,0,0.0,0,0
131,-0.6321034111873487,4,0.7071,8,40,13,898.5,10,0.0,0.0,0,0.0,0,0.0,0,0.0,0,0.0,0,0
131,-0.6321034111873487,5,0.5,6,46,6,897.6,10,0.0,0.0,0,0.0,0,0.0,0,0.0,0,0.0,0,0
131,-0.6321034111873487,6,0.2588,7,43,7,898.5,10,0.0,0.0,0,0.0,0,0.0,0,0.0,0,0.0,0,0
131,-0.6321034111873487,7,0.0,9,40,9,898.5,10,0.0,0.0,0,0.0,0,0.0,0,0.0,0,0.0,0,0
131,-0.6321034111873487,8,-0.2588,13,26,9,898.5,10,329.0,0.28669991955905716,36,0.3913703783721568,49,0.4337997192840697,16,0.4466664220326978,14,0.4290936430532569,13,128
131,-0.6321034111873487,9,-0.5,14,27,7,898.5,10,536.0,0.5141061535588826,107,0.5687844078777025,137,0.632720868834386,120,0.6535385488108513,133,0.629818759266892,103,600
131,-0.6321034111873487,10,-0.7071,16,23,6,897.6,10,721.0,0.7093842807212001,166,0.7005065909612612,180,0.786696697798763,202,0.8192748292986849,205,0.7960208430499603,200,953
131,-0.6321034111873487,11,-0.866,17,22,9,897.6,10,864.0,0.8592264400177787,211,0.7775602939678112,210,0.8852340253788892,236,0.9325806274469268,238,0.9163735127487667,234,1129
131,-0.6321034111873487,12,-0.9659,18,22,9,897.6,10,956.0,0.953421152004103,236,0.7946944433965073,218,0.9216177067527461,249,0.9857343525161276,252,0.9826749445520702,250,1205
131,-0.6321034111873487,13,-1.0,20,21,11,896.7,10,991.0,0.9855492129214217,246,0.7507413772844511,216,0.8933682583046849,248,0.9751136717197305,252,0.9904068120242474,252,1214
131,-0.6321034111873487,14,-0.9659,20,20,7,896.7,10,966.0,0.953421152004103,246,0.6486964193069227,196,0.8024108300450421,233,0.9014423657548123,240,0.9390422019456295,244,1159
131,-0.6321034111873487,15,-0.866,22,19,7,895.8,10,882.0,0.8592264400177787,229,0.4955137527597864,161,0.6549440100444776,200,0.7697410044356797,213,0.8320815225040784,223,1026
131,-0.6321034111873487,16,-0.7071,22,19,9,895.8,10,746.0,0.7093842807212002,200,0.30163250525139335,112,0.4610174016313035,151,0.5889848038018318,172,0.6768139567542615,187,822
131,-0.6321034111873487,17,-0.5,22,20,17,894.9,10,571.0,0.5141061535588823,156,0.08026534059466836,53,0.23384676072856583,88,0.3714919811584248,115,0.48382071789622394,140,552
131,-0.6321034111873487,18,-0.2588,22,19,7,894.9,10,369.0,0.28669991955905716,98,1.326794896677558e-06,21,1.326794896677558e-06,28,0.13208429063415003,48,0.2662539587168145,75,270
131,-0.6321034111873487,19,0.0,21,20,11,894.9,10,142.0,0.04266291446695325,32,1.326794896677558e-06,14,1.326794896677558e-06,15,1.326794896677558e-06,13,0.03894047638479354,21,95
131,-0.6321034111873487,20,0.2588,19,23,7,894.9,10,0.0,0.0,0,0.0,0,0.0,0,0.0,0,0.0,0,0
131,-0.6321034111873487,21,0.5,15,31,7,894.9,10,0.0,0.0,0,0.0,0,0.0,0,0.0,0,0.0,0,0
131,-0.6321034111873487,22,0.7071,14,31,6,895.8,10,0.0,0.0,0,0.0,0,0.0,0,0.0,0,0.0,0,0
131,-0.6321034111873487,23,0.866,12,38,7,895.8,10,0.0,0.0,0,0.0,0,0.0,0,0.0,0,0.0,0,0
131,-0.6321034111873487,24,0.9659,13,38,9,895.8,10,0.0,0.0,0,0.0,0,0.0,0,0.0,0,0.0,0,0
132,-0.6453481132295501,1,1.0,12,38,11,894.9,10,0.0,0.0,0,0.0,0,0.0,0,0.0,0,0.0,0,0
132,-0.6453481132295501,2,0.9659,12,41,9,894.9,10,0.0,0.0,0,0.0,0,0.0,0,0.0,0,0.0,0,0
132,-0.6453481132295501,3,0.866,10,43,9,894.1,10,0.0,0.0,0,0.0,0,0.0,0,0.0,0,0.0,0,0
132,-0.6453481132295501,4,0.7071,7,49,6,894.1,10,0.0,0.0,0,0.0,0,0.0,0,0.0,0,0.0,0,0
132,-0.6453481132295501,5,0.5,6,57,6,894.1,10,0.0,0.0,0,0.0,0,0.0,0,0.0,0,0.0,0,0
132,-0.6453481132295501,6,0.2588,6,57,7,894.9,10,0.0,0.0,0,0.0,0,0.0,0,0.0,0,0.0,0,0
132,-0.6453481132295501,7,0.0,9,50,6,894.9,10,0.0,0.0,0,0.0,0,0.0,0,0.0,0,0.0,0,0
132,-0.6453481132295501,8,-0.2588,12,38,7,894.1,10,325.0,0.2869458788749121,36,0.3892057036722523,69,0.4327436202260595,18,0.44679086994059786,17,0.43039015701439315,16,156
132,-0.6453481132295501,9,-0.5,18,26,4,894.1,10,532.0,0.5140181523005296,105,0.5663591896914223,134,0.6313726415675757,118,0.6533591918110112,130,0.6308204954131079,100,587
132,-0.6453481132295501,10,-0.7071,20,21,7,894.1,10,713.0,0.7090095011118007,163,0.6978879305872467,177,0.7851223473602265,198,0.8188520780341728,200,0.7967785007371239,195,933
132,-0.6453481132295501,11,-0.866,21,21,11,894.1,10,853.0,0.8586316076880088,207,0.7748284754541863,206,0.8835149666917671,231,0.931991479426525,232,0.9169544248153397,229,1105
132,-0.6453481132295501,12,-0.9659,23,22,15,893.2,10,941.0,0.9526879887697504,233,0.7919374623220479,216,0.9198452163470832,246,0.9850671448798279,247,0.9831584887171947,244,1186
132,-0.6453481132295501,13,-1.0,25,19,15,893.2,10,972.0,0.9847688675945732,243,0.7480489440127238,211,0.8916372539862046,243,0.9744620612265288,247,0.990879001446795,248,1192
132,-0.6453481132295501,14,-0.9659,26,18,7,893.2,10,946.0,0.9526879887697504,240,0.6461538453809015,192,0.8008134024171105,227,0.9008989462471138,234,0.9395898235889047,238,1131
132,-0.6453481132295501,15,-0.866,27,17,11,892.3,10,866.0,0.8586316076880087,221,0.49319613706823484,155,0.6535631466991485,193,0.7693909967397377,205,0.8327862227670192,214,988
132,-0.6453481132295501,16,-0.7071,28,12,9,891.4,10,700.0,0.7090095011118007,182,0.2995996161693668,100,0.45992133169537863,136,0.5889002480872924,155,0.6777466774236726,169,742
132,-0.6453481132295501,17,-0.5,28,17,20,891.4,10,580.0,0.5140181523005296,156,0.07855754287100154,56,0.23308430517485224,89,0.37172682753867475,115,0.48503686160088005,138,554
132,-0.6453481132295501,18,-0.2588,27,17,19,891.4,10,352.0,0.2869458788749121,92,1.326794896677558e-06,25,1.326794896677558e-06,31,0.1326707225763762,47,0.2677896133501041,74,269
132,-0.6453481132295501,19,0.0,26,18,22,891.4,10,147.0,0.043267257804289194,32,1.326794896677558e-06,15,1.326794896677558e-06,16,1.326794896677558e-06,13,0.04080995579558401,21,97
132,-0.6453481132295501,20,0.2588,24,18,19,891.4,10,0.0,0.0,0,0.0,0,0.0,0,0.0,0,0.0,0,0
132,-0.6453481132295501,21,0.5,22,25,15,892.3,10,0.0,0.0,0,0.0,0,0.0,0,0.0,0,0.0,0,0
132,-0.6453481132295501,22,0.7071,21,27,13,892.3,10,0.0,0.0,0,0.0,0,0.0,0,0.0,0,0.0,0,0
132,-0.6453481132295501,23,0.866,19,28,11,893.2,10,0.0,0.0,0,0.0,0,0.0,0,0.0,0,0.0,0,0
132,-0.6453481132295501,24,0.9659,17,32,6,893.2,10,0.0,0.0,0,0.0,0,0.0,0,0.0,0,0.0,0,0
133,-0.6584015846980488,1,1.0,15,39,9,893.2,10,0.0,0.0,0,0.0,0,0.0,0,0.0,0,0.0,0,0
133,-0.6584015846980488,2,0.9659,11,54,9,893.2,10,0.0,0.0,0,0.0,0,0.0,0,0.0,0,0.0,0,0
133,-0.6584015846980488,3,0.866,13,44,6,893.2,10,0.0,0.0,0,0.0,0,0.0,0,0.0,0,0.0,0,0
133,-0.6584015846980488,4,0.7071,11,54,7,893.2,10,0.0,0.0,0,0.0,0,0.0,0,0.0,0,0.0,0,0
133,-0.6584015846980488,5,0.5,10,58,6,894.1,10,0.0,0.0,0,0.0,0,0.0,0,0.0,0,0.0,0,0
133,-0.6584015846980488,6,0.2588,10,58,4,894.1,10,0.0,0.0,0,0.0,0,0.0,0,0.0,0,0.0,0,0
133,-0.6584015846980488,7,0.0,13,51,6,894.9,10,0.0,0.0,0,0.0,0,0.0,0,0.0,0,0.0,0,0
133,-0.6584015846980488,8,-0.2588,14,48,9,894.9,10,315.0,0.28718103984449245,37,0.3870776552421211,66,0.4317005233970822,20,0.4469038099556199,19,0.43165143720199617,18,160
133,-0.6584015846980488,9,-0.5,18,37,7,894.9,10,521.0,0.513921656029137,114,0.5639723947440077,142,0.630039431341444,130,0.6531704222672444,142,0.6317890308778582,114,642
133,-0.6584015846980488,10,-0.7071,21,28,7,894.9,10,706.0,0.7086282044054126,149,0.6953090276236313,161,0.7835645735365873,180,0.8184215929209303,181,0.7975046411591391,178,849
133,-0.6584015846980488,11,-0.866,24,21,11,894.9,10,848.0,0.8580317759691157,202,0.7721371948031847,200,0.8818134826740934,225,0.931395745199103,227,0.9175050386362253,223,1077
133,-0.6584015846980488,12,-0.9659,25,21,13,894.1,10,945.0,0.9519507802171377,230,0.7892211926565212,213,0.9180906691300865,242,0.9843938894151958,243,0.983612406185669,241,1169
133,-0.6584015846980488,13,-1.0,26,17,17,894.1,10,978.0,0.9839848023652387,241,0.7453967816756975,210,0.8899239105739014,242,0.9738042980518343,246,0.9913216438949599,246,1185
133,-0.6584015846980488,14,-0.9659,27,17,17,894.1,10,952.0,0.9519507802171377,237,0.6436505040967226,189,0.7992327105677307,225,0.9003486251419474,231,0.9401073765914445,236,1118
133,-0.6584015846980488,15,-0.866,28,17,19,894.1,10,866.0,0.8580317759691157,223,0.49091620248081164,156,0.6521975254859181,193,0.7690327534812125,206,0.8334597710136625,215,993
133,-0.6584015846980488,16,-0.7071,29,13,15,893.2,10,735.0,0.7086282044054126,195,0.2976024444315644,109,0.45883853966808685,147,0.5888056259823756,166,0.6786466734134458,182,799
133,-0.6584015846980488,17,-0.5,29,13,19,893.2,10,566.0,0.5139216560291369,154,0.07688322033685617,53,0.23233282658766338,86,0.3719494046053047,113,0.48621832584834906,137,543
133,-0.6584015846980488,18,-0.2588,28,14,22,893.2,10,368.0,0.28718103984449245,96,1.326794896677558e-06,23,1.326794896677558e-06,32,0.13324246031089207,49,0.26928838484807127,77,277
133,-0.6584015846980488,19,0.0,26,20,24,893.2,10,147.0,0.04385833101223331,32,1.326794896677558e-06,16,1.326794896677558e-06,16,1.326794896677558e-06,14,0.042640249667583126,22,100
133,-0.6584015846980488,20,0.2588,24,24,22,894.1,10,0.0,0.0,0,0.0,0,0.0,0,0.0,0,0.0,0,0
133,-0.6584015846980488,21,0.5,22,29,24,894.1,10,0.0,0.0,0,0.0,0,0.0,0,0.0,0,0.0,0,0
133,-0.6584015846980488,22,0.7071,21,31,13,895.8,10,0.0,0.0,0,0.0,0,0.0,0,0.0,0,0.0,0,0
133,-0.6584015846980488,23,0.866,20,30,15,895.8,10,0.0,0.0,0,0.0,0,0.0,0,0.0,0,0.0,0,0
133,-0.6584015846980488,24,0.9659,19,30,19,895.8,10,0.0,0.0,0,0.0,0,0.0,0,0.0,0,0.0,0,0
134,-0.6712599575675313,1,1.0,16,36,4,895.8,10,0.0,0.0,0,0.0,0,0.0,0,0.0,0,0.0,0,0
134,-0.6712599575675313,2,0.9659,14,44,2,896.7,10,0.0,0.0,0,0.0,0,0.0,0,0.0,0,0.0,0,0
134,-0.6712599575675313,3,0.866,12,51,7,896.7,10,0.0,0.0,0,0.0,0,0.0,0,0.0,0,0.0,0,0
134,-0.6712599575675313,4,0.7071,11,54,9,895.8,10,0.0,0.0,0,0.0,0,0.0,0,0.0,0,0.0,0,0
134,-0.6712599575675313,5,0.5,10,58,7,896.7,10,0.0,0.0,0,0.0,0,0.0,0,0.0,0,0.0,0,0
134,-0.6712599575675313,6,0.2588,9,57,9,896.7,10,0.0,0.0,0,0.0,0,0.0,0,0.0,0,0.0,0,0
134,-0.6712599575675313,7,0.0,11,50,11,896.7,10,0.0,0.0,0,0.0,0,0.0,0,0.0,0,0.0,0,0
134,-0.6712599575675313,8,-0.2588,15,42,4,897.6,10,333.0,0.2874056884870204,37,0.38498739314603586,69,0.4306713011788153,18,0.4470057673256512,16,0.43287762593554285,15,155
134,-0.6712599575675313,9,-0.5,18,32,4,897.6,10,540.0,0.5138173404715258,102,0.5616254871352486,132,0.6287224514301261,117,0.6529731199455772,130,0.6327248519646058,98,579
134,-0.6712599575675313,10,-0.7071,21,25,6,897.6,10,722.0,0.7082414009782693,164,0.6927715719033141,177,0.7820248534713353,198,0.8179845377483275,200,0.7982000354410824,196,935
134,-0.6712599575675313,11,-0.866,23,22,9,897.6,10,864.0,0.8574282120228122,205,0.7694882738951042,203,0.8801312193333952,229,0.930794782726907,229,0.9180263315856584,226,1092
134,-0.6712599575675313,12,-0.9659,25,21,11,896.7,10,955.0,0.95121095493006,231,0.7865474856431202,214,0.9163557734602256,243,0.9837160351743566,246,0.9840377879529237,244,1178
134,-0.6712599575675313,13,-1.0,28,16,19,896.7,10,985.0,0.9831985008752769,241,0.7427866520570775,209,0.888229876472299,241,0.9731418048851309,244,0.9917358393894066,245,1180
134,-0.6712599575675313,14,-0.9659,29,14,22,895.8,10,959.0,0.95121095493006,259,0.6411879964998782,204,0.7976702585698002,243,0.8997927070397207,252,0.9405958771749644,257,1215
134,-0.6712599575675313,15,-0.866,30,8,11,894.9,10,878.0,0.8574282120228122,220,0.48867528753293477,152,0.65084839776286,191,0.7686673535630374,202,0.8341030001665076,213,978
134,-0.6712599575675313,16,-0.7071,30,8,22,894.9,10,757.0,0.7082414009782694,181,0.2956419963179067,97,0.45776994457422654,134,0.5887017066269294,155,0.6795145115630278,169,736
134,-0.6712599575675313,17,-0.5,29,12,22,894.9,10,578.0,0.5138173404715258,157,0.07524299991383493,51,0.23159285468796967,86,0.3721601087792554,114,0.4873653467442688,140,548
134,-0.6712599575675313,18,-0.2588,28,12,28,894.9,10,382.0,0.28740568848702,99,1.326794896677558e-06,21,1.326794896677558e-06,28,0.13379948998401803,47,0.27075013647070556,78,273
134,-0.6712599575675313,19,0.0,26,13,26,895.8,10,156.0,0.04443600190207361,32,1.326794896677558e-06,15,1.326794896677558e-06,15,1.326794896677558e-06,12,0.04443083171205718,21,95
134,-0.6712599575675313,20,0.2588,24,19,17,895.8,10,0.0,0.0,0,0.0,0,0.0,0,0.0,0,0.0,0,0
134,-0.6712599575675313,21,0.5,22,23,13,895.8,10,0.0,0.0,0,0.0,0,0.0,0,0.0,0,0.0,0,0
134,-0.6712599575675313,22,0.7071,21,27,15,896.7,10,0.0,0.0,0,0.0,0,0.0,0,0.0,0,0.0,0,0
134,-0.6712599575675313,23,0.866,20,28,9,896.7,10,0.0,0.0,0,0.0,0,0.0,0,0.0,0,0.0,0,0
134,-0.6712599575675313,24,0.9659,18,34,11,896.7,10,0.0,0.0,0,0.0,0,0.0,0,0.0,0,0.0,0,0
135,-0.6839194216246106,1,1.0,15,39,4,897.6,10,0.0,0.0,0,0.0,0,0.0,0,0.0,0,0.0,0,0
135,-0.6839194216246106,2,0.9659,15,42,9,897.6,10,0.0,0.0,0,0.0,0,0.0,0,0.0,0,0.0,0,0
135,-0.6839194216246106,3,0.866,14,44,7,897.6,10,0.0,0.0,0,0.0,0,0.0,0,0.0,0,0.0,0,0
135,-0.6839194216246106,4,0.7071,13,47,7,897.6,10,0.0,0.0,0,0.0,0,0.0,0,0.0,0,0.0,0,0
135,-0.6839194216246106,5,0.5,13,47,13,897.6,10,0.0,0.0,0,0.0,0,0.0,0,0.0,0,0.0,0,0
135,-0.6839194216246106,6,0.2588,13,47,7,897.6,10,0.0,0.0,0,0.0,0,0.0,0,0.0,0,0.0,0,0
135,-0.6839194216246106,7,0.0,15,45,7,897.6,10,0.0,0.0,0,0.0,0,0.0,0,0.0,0,0.0,0,0
135,-0.6839194216246106,8,-0.2588,19,37,6,898.5,10,323.0,0.28762011186163033,37,0.514601808477271,94,0.5371614477628124,38,0.5231145212281626,26,0.47341830252449335,19,214
135,-0.6839194216246106,9,-0.5,21,31,6,897.6,10,530.0,0.5137058786779225,103,0.6690723224034971,153,0.7170353685369558,165,0.7161337434395074,157,0.6664288912825641,136,714
135,-0.6839194216246106,10,-0.7071,23,25,11,897.6,10,716.0,0.7078500953385715,160,0.7717400555962737,191,0.8470187643357687,210,0.8645746516162885,207,0.8232113146200273,199,967
135,-0.6839194216246106,11,-0.866,24,22,11,897.6,10,857.0,0.8568221746939021,202,0.8156083836969344,211,0.9182534961709301,235,0.9583212587479585,234,0.9330811241287118,227,1109
135,-0.6839194216246106,12,-0.9659,25,21,13,896.7,10,949.0,0.9504699316359755,229,0.797687757761788,215,0.9258850428238824,244,0.990984898430535,245,0.98855088445125,242,1175
135,-0.6839194216246106,13,-1.0,26,21,15,895.8,10,987.0,0.9824114363851388,239,0.7191994367415353,205,0.8693933278634537,239,0.9603396010828574,243,0.9858404285222081,245,1171
135,-0.6839194216246106,14,-0.9659,27,18,11,894.9,10,966.0,0.9504699316359755,258,0.5854922608411601,194,0.7526281619331662,235,0.8684737898064625,247,0.9251344691672564,254,1188
135,-0.6839194216246106,15,-0.866,28,15,13,894.1,10,881.0,0.8568221746939022,204,0.40567813750875514,124,0.5835468849780366,164,0.7216479580730961,180,0.8105700112554488,193,865
135,-0.6839194216246106,16,-0.7071,29,14,15,893.2,10,743.0,0.7078500953385714,194,0.19201108103910153,82,0.37367208763712967,126,0.529868028264433,153,0.6499544222455466,176,731
135,-0.6839194216246106,17,-0.5,29,15,13,893.2,10,567.0,0.5137058786779225,161,1.326794896677558e-06,36,0.13730636715217817,63,0.30620346596376746,99,0.4542333741533878,134,493
135,-0.6839194216246106,18,-0.2588,29,16,17,892.3,10,388.0,0.28762011186163033,87,1.326794896677558e-06,25,1.326794896677558e-06,25,0.06589661939545872,34,0.2367449158338513,62,233
135,-0.6839194216246106,19,0.0,28,15,20,892.3,10,161.0,0.045000143313319765,33,1.326794896677558e-06,17,1.326794896677558e-06,17,1.326794896677558e-06,14,0.012310509392852016,20,101
135,-0.6839194216246106,20,0.2588,25,14,22,892.3,10,0.0,0.0,0,0.0,0,0.0,0,0.0,0,0.0,0,0
135,-0.6839194216246106,21,0.5,23,19,13,892.3,10,0.0,0.0,0,0.0,0,0.0,0,0.0,0,0.0,0,0
135,-0.6839194216246106,22,0.7071,21,23,6,892.3,10,0.0,0.0,0,0.0,0,0.0,0,0.0,0,0.0,0,0
135,-0.6839194216246106,23,0.866,17,30,13,892.3,10,0.0,0.0,0,0.0,0,0.0,0,0.0,0,0.0,0,0
135,-0.6839194216246106,24,0.9659,16,34,7,892.3,10,0.0,0.0,0,0.0,0,0.0,0,0.0,0,0.0,0,0
136,-0.6963762255968722,1,1.0,17,32,9,892.3,10,0.0,0.0,0,0.0,0,0.0,0,0.0,0,0.0,0,0
136,-0.6963762255968722,2,0.9659,16,34,7,892.3,10,0.0,0.0,0,0.0,0,0.0,0,0.0,0,0.0,0,0
136,-0.6963762255968722,3,0.866,14,38,7,892.3,10,0.0,0.0,0,0.0,0,0.0,0,0.0,0,0.0,0,0
136,-0.6963762255968722,4,0.7071,14,41,4,892.3,10,0.0,0.0,0,0.0,0,0.0,0,0.0,0,0.0,0,0
136,-0.6963762255968722,5,0.5,13,44,2,891.4,10,0.0,0.0,0,0.0,0,0.0,0,0.0,0,0.0,0,0
136,-0.6963762255968722,6,0.2588,13,47,4,892.3,10,0.0,0.0,0,0.0,0,0.0,0,0.0,0,0.0,0,0
136,-0.6963762255968722,7,0.0,14,48,4,892.3,10,0.0,0.0,0,0.0,0,0.0,0,0.0,0,0.0,0,0
136,-0.6963762255968722,8,-0.2588,17,42,6,892.3,5,439.0,0.28782459751636014,54,0.5126238686458856,67,0.5361897786708477,60,0.5232153404838399,61,0.4745847395182462,59,301
136,-0.6963762255968722,9,-0.5,20,35,6,892.3,7,625.0,0.5135879400321472,94,0.6668740901029999,106,0.715807178701057,117,0.7159592951023972,119,0.6673200728406574,116,552
136,-0.6963762255968722,10,-0.7071,22,29,9,892.3,7,857.0,0.7074552847598717,149,0.7693954074645107,170,0.8456052033474695,187,0.864188509508157,187,0.8238789063397883,180,873
136,-0.6963762255968722,11,-0.866,23,20,11,892.3,10,856.0,0.8562149128545348,201,0.8132011743537345,210,0.9167383463300574,234,0.957801423227534,233,0.9335920288317844,228,1106
136,-0.6963762255968722,12,-0.9659,23,19,6,891.4,7,367.0,0.9497291173685056,216,0.7953061052637636,202,0.9243590095271215,231,0.9904184808155281,228,0.988982682885064,225,1102
136,-0.6963762255968722,13,-1.0,24,21,6,890.5,7,363.0,0.9816250698743761,228,0.716929722636596,195,0.8679478623966198,228,0.9598168901455985,218,0.9862760939161581,218,1087
136,-0.6963762255968722,14,-0.9659,25,18,17,890.5,5,451.0,0.9497291173685056,140,0.5834132231864442,113,0.7513492127124693,133,0.8680820870800118,134,0.9256567067161433,138,658
136,-0.6963762255968722,15,-0.866,25,14,13,889.6,5,677.0,0.8562149128545348,192,0.40385553518161565,127,0.582509064956249,161,0.7214656458327507,175,0.811255630932262,186,841
136,-0.6963762255968722,16,-0.7071,25,17,15,888.7,5,527.0,0.7074552847598716,144,0.19049319215397265,71,0.37293357304943064,100,0.5299592162422877,118,0.6508690983006359,134,567
136,-0.6963762255968722,17,-0.5,25,19,22,888.7,5,397.0,0.5135879400321472,143,1.326794896677558e-06,52,0.13690493711794696,75,0.3066136253656654,99,0.45542717107881125,125,494
136,-0.6963762255968722,18,-0.2588,24,22,22,888.7,7,149.0,0.28782459751636014,109,1.326794896677558e-06,43,1.326794896677558e-06,45,0.06664948413446052,56,0.2382488765694056,85,338
136,-0.6963762255968722,19,0.0,22,27,28,888.7,5,35.0,0.04555063303357914,34,1.326794896677558e-06,19,1.326794896677558e-06,22,1.326794896677558e-06,22,0.014134539819485327,28,125
136,-0.6963762255968722,20,0.2588,21,27,28,889.6,5,0.0,0.0,0,0.0,0,0.0,0,0.0,0,0.0,0,0
136,-0.6963762255968722,21,0.5,20,28,22,890.5,7,0.0,0.0,0,0.0,0,0.0,0,0.0,0,0.0,0,0
136,-0.6963762255968722,22,0.7071,19,30,13,890.5,7,0.0,0.0,0,0.0,0,0.0,0,0.0,0,0.0,0,0
136,-0.6963762255968722,23,0.866,18,37,11,891.4,7,0.0,0.0,0,0.0,0,0.0,0,0.0,0,0.0,0,0
136,-0.6963762255968722,24,0.9659,15,55,19,891.4,7,0.0,0.0,0,0.0,0,0.0,0,0.0,0,0.0,0,0
137,-0.7086266782644596,1,1.0,16,48,19,891.4,5,0.0,0.0,0,0.0,0,0.0,0,0.0,0,0.0,0,0
137,-0.7086266782644596,2,0.9659,14,59,11,891.4,7,0.0,0.0,0,0.0,0,0.0,0,0.0,0,0.0,0,0
137,-0.7086266782644596,3,0.866,14,63,15,891.4,5,0.0,0.0,0,0.0,0,0.0,0,0.0,0,0.0,0,0
137,-0.7086266782644596,4,0.7071,13,63,9,892.3,7,0.0,0.0,0,0.0,0,0.0,0,0.0,0,0.0,0,0
137,-0.7086266782644596,5,0.5,12,67,19,892.3,7,0.0,0.0,0,0.0,0,0.0,0,0.0,0,0.0,0,0
137,-0.7086266782644596,6,0.2588,11,71,19,892.3,10,0.0,0.0,0,0.0,0,0.0,0,0.0,0,0.0,0,0
137,-0.7086266782644596,7,0.0,12,72,17,893.2,10,0.0,0.0,0,0.0,0,0.0,0,0.0,0,0.0,0,0
137,-0.7086266782644596,8,-0.2588,14,63,6,894.1,7,267.0,0.288019432941202,40,0.5106840791380961,82,0.5352320901695273,45,0.5233050178420064,38,0.47571567142492915,32,237
137,-0.7086266782644596,9,-0.5,16,55,4,894.1,7,516.0,0.5134641892731768,101,0.664716630469536,151,0.7145960230593412,163,0.7157769816344097,157,0.6681790259359018,138,710
137,-0.7086266782644596,10,-0.7071,17,52,9,894.1,7,615.0,0.7070579579321087,147,0.7670932749218999,165,0.8442108831975511,181,0.8637970222571638,179,0.824516931196267,169,841
137,-0.7086266782644596,11,-0.866,18,49,7,894.1,5,365.0,0.8556076637709176,97,0.8108372253232693,88,0.9152436466335985,100,0.95727783404132,102,0.9340752318639022,104,491
137,-0.7086266782644596,12,-0.9659,19,43,7,894.1,5,364.0,0.9489899056554166,160,0.7929674088518622,147,0.9228535559306125,167,0.9898488640447325,163,0.9893877213238912,162,799
137,-0.7086266782644596,13,-1.0,20,40,11,894.1,5,450.0,0.9808408481686599,211,0.7147016287672209,181,0.8665220148254632,211,0.9592904578400566,206,0.986684952283385,206,1015
137,-0.7086266782644596,14,-0.9659,20,40,7,894.1,5,377.0,0.9489899056554166,154,0.5813735393154736,121,0.7500879019218365,141,0.8676851054039134,147,0.9261511076886006,152,715
137,-0.7086266782644596,15,-0.866,22,35,17,894.1,5,584.0,0.8556076637709176,172,0.4020692340533287,112,0.5814860129807687,141,0.7212755620728907,153,0.8119114691421233,165,743
137,-0.7086266782644596,16,-0.7071,23,33,9,893.2,7,621.0,0.7070579579321087,155,0.189007977184622,79,0.3722062635988122,109,0.530039376972711,128,0.6517512662158189,143,614
137,-0.7086266782644596,17,-0.5,22,35,9,893.2,7,583.0,0.5134641892731768,149,1.326794896677558e-06,45,0.13651069959184137,70,0.30700896050562104,99,0.45658513722613303,130,493
137,-0.7086266782644596,18,-0.2588,22,38,17,893.2,7,322.0,0.288019432941202,68,1.326794896677558e-06,26,1.326794896677558e-06,28,0.06738344506922006,36,0.23971331435421472,54,212
137,-0.7086266782644596,19,0.0,22,35,15,894.1,7,155.0,0.046087353714660884,34,1.326794896677558e-06,17,1.326794896677558e-06,19,1.326794896677558e-06,16,0.015915237201677583,22,108
137,-0.7086266782644596,20,0.2588,20,40,11,894.1,10,0.0,0.0,0,0.0,0,0.0,0,0.0,0,0.0,0,0
137,-0.7086266782644596,21,0.5,19,40,7,894.9,10,0.0,0.0,0,0.0,0,0.0,0,0.0,0,0.0,0,0
137,-0.7086266782644596,22,0.7071,18,42,6,895.8,10,0.0,0.0,0,0.0,0,0.0,0,0.0,0,0.0,0,0
137,-0.7086266782644596,23,0.866,18,45,6,894.9,10,0.0,0.0,0,0.0,0,0.0,0,0.0,0,0.0,0,0
137,-0.7086266782644596,24,0.9659,17,39,7,895.8,10,0.0,0.0,0,0.0,0,0.0,0,0.0,0,0.0,0,0
138,-0.7206671495538609,1,1.0,15,48,2,895.8,10,0.0,0.0,0,0.0,0,0.0,0,0.0,0,0.0,0,0
138,-0.7206671495538609,2,0.9659,14,48,9,894.9,10,0.0,0.0,0,0.0,0,0.0,0,0.0,0,0.0,0,0
138,-0.7206671495538609,3,0.866,15,42,13,894.9,10,0.0,0.0,0,0.0,0,0.0,0,0.0,0,0.0,0,0
138,-0.7206671495538609,4,0.7071,12,54,7,894.9,10,0.0,0.0,0,0.0,0,0.0,0,0.0,0,0.0,0,0
138,-0.7206671495538609,5,0.5,11,62,4,894.9,10,0.0,0.0,0,0.0,0,0.0,0,0.0,0,0.0,0,0
138,-0.7206671495538609,6,0.2588,10,62,4,895.8,10,0.0,0.0,0,0.0,0,0.0,0,0.0,0,0.0,0,0
138,-0.7206671495538609,7,0.0,12,58,2,895.8,10,0.0,0.0,0,0.0,0,0.0,0,0.0,0,0.0,0,0
138,-0.7206671495538609,8,-0.2588,17,42,6,895.8,10,330.0,0.2882049050260211,37,0.5087836650104376,93,0.5342893291063476,35,0.5233841574151719,25,0.47681131845292113,19,209
138,-0.7206671495538609,9,-0.5,20,35,7,896.7,10,515.0,0.5133352855292799,100,0.6626014228871955,149,0.7134031446122671,160,0.7155877249440935,154,0.669006288558516,135,698
138,-0.7206671495538609,10,-0.7071,22,33,13,895.8,10,703.0,0.7066590936318287,159,0.7648353063895339,198,0.8428372608972939,216,0.8634013561720226,212,0.8251261853137273,201,986
138,-0.7206671495538609,11,-0.866,23,33,13,895.8,10,845.0,0.8550016514943053,201,0.8085182572535163,219,0.9137709713770694,242,0.9567518118468937,238,0.9345317102442073,231,1131
138,-0.7206671495538609,12,-0.9659,25,29,15,895.8,7,951.0,0.9482536747340727,230,0.7906733596686969,221,0.9213702688948099,251,0.9892774225546903,251,0.989767068114923,246,1199
138,-0.7206671495538609,13,-1.0,26,23,20,894.9,7,980.0,0.9800602020953616,240,0.712516718635816,201,0.8651172802953149,237,0.9587616290629664,245,0.9870680679826457,248,1171
138,-0.7206671495538609,14,-0.9659,27,26,15,894.1,10,939.0,0.9482536747340727,237,0.5793745510021784,167,0.7488455311633899,208,0.867284017506608,223,0.9266186360200214,233,1068
138,-0.7206671495538609,15,-0.866,28,23,15,894.1,7,871.0,0.8550016514943053,244,0.4003202798433451,126,0.5804787522702823,178,0.7210786377809307,205,0.8125383011960539,228,981
138,-0.7206671495538609,16,-0.7071,28,21,22,893.2,7,735.0,0.7066590936318287,182,0.18755613005892205,53,0.3714908369561099,93,0.5301091256875085,129,0.6526014368569636,158,615
138,-0.7206671495538609,17,-0.5,28,21,30,893.2,10,574.0,0.5133352855292799,157,1.326794896677558e-06,30,0.1361239430808846,42,0.3073897183634229,79,0.4577074612167506,123,431
138,-0.7206671495538609,18,-0.2588,26,26,28,894.1,10,375.0,0.28820490502602086,96,1.326794896677558e-06,23,1.326794896677558e-06,22,0.06809835352679738,24,0.24113805972627309,60,225
138,-0.7206671495538609,19,0.0,26,28,22,894.1,10,155.0,0.04661019278526595,32,1.326794896677558e-06,17,1.326794896677558e-06,17,1.326794896677558e-06,13,0.017652062557842935,15,94
138,-0.7206671495538609,20,0.2588,24,31,19,894.1,10,0.0,0.0,0,0.0,0,0.0,0,0.0,0,0.0,0,0
138,-0.7206671495538609,21,0.5,23,36,19,894.1,10,0.0,0.0,0,0.0,0,0.0,0,0.0,0,0.0,0,0
138,-0.7206671495538609,22,0.7071,21,46,22,894.9,10,0.0,0.0,0,0.0,0,0.0,0,0.0,0,0.0,0,0
138,-0.7206671495538609,23,0.866,20,49,2,895.8,10,0.0,0.0,0,0.0,0,0.0,0,0.0,0,0.0,0,0
138,-0.7206671495538609,24,0.9659,19,49,13,895.8,10,0.0,0.0,0,0.0,0,0.0,0,0.0,0,0.0,0,0
139,-0.7324940716135789,1,1.0,19,49,15,896.7,10,0.0,0.0,0,0.0,0,0.0,0,0.0,0,0.0,0,0
139,-0.7324940716135789,2,0.9659,19,43,17,896.7,10,0.0,0.0,0,0.0,0,0.0,0,0.0,0,0.0,0,0
139,-0.7324940716135789,3,0.866,15,63,20,897.6,10,0.0,0.0,0,0.0,0,0.0,0,0.0,0,0.0,0,0
139,-0.7324940716135789,4,0.7071,13,72,15,898.5,10,0.0,0.0,0,0.0,0,0.0,0,0.0,0,0.0,0,0
139,-0.7324940716135789,5,0.5,12,77,24,898.5,10,0.0,0.0,0,0.0,0,0.0,0,0.0,0,0.0,0,0
139,-0.7324940716135789,6,0.2588,11,82,22,899.4,10,0.0,0.0,0,0.0,0,0.0,0,0.0,0,0.0,0,0
139,-0.7324940716135789,7,0.0,13,72,13,900.2,10,0.0,0.0,0,0.0,0,0.0,0,0.0,0,0.0,0,0
139,-0.7324940716135789,8,-0.2588,15,63,19,900.2,10,335.0,0.288381299524096,38,0.6293757161152314,128,0.6333439748997256,106,0.5941509901615183,91,0.5144676954415969,54,417
139,-0.7324940716135789,9,-0.5,17,52,11,900.2,10,541.0,0.5132018813658791,106,0.7592408759413783,187,0.7928269237461565,198,0.7723832339422904,190,0.6993030080949322,172,853
139,-0.7324940716135789,10,-0.7071,19,43,7,900.2,10,718.0,0.706259659413101,162,0.8324339067089227,211,0.8984860371977141,229,0.9033079390483808,223,0.8465710081483306,209,1034
139,-0.7324940716135789,11,-0.866,20,35,9,900.2,10,856.0,0.8543980852780129,201,0.8439668328073104,221,0.9431208330130417,244,0.9780028167190611,241,0.946235638336765,229,1136
139,-0.7324940716135789,12,-0.9659,21,33,9,900.2,10,943.0,0.9475217857962707,229,0.7930537057178906,219,0.9236895285887495,248,0.9913775422872443,248,0.9915049282875559,245,1189
139,-0.7324940716135789,13,-1.0,23,31,13,899.4,10,972.0,0.9792845446696623,237,0.683164173662529,198,0.8415163401052295,232,0.9425206567041099,239,0.9792938576526096,242,1148
139,-0.7324940716135789,14,-0.9659,23,31,9,898.5,10,938.0,0.9475217857962707,236,0.521786988568053,174,0.7022012047263426,213,0.834761656226878,235,0.9104345819582673,246,1104
139,-0.7324940716135789,15,-0.866,24,29,11,897.6,10,858.0,0.8543980852780129,252,0.31991974555765706,175,0.5152382239776063,219,0.6754441420925184,180,0.7896197480126028,201,1027
139,-0.7324940716135789,16,-0.7071,25,29,19,897.6,10,719.0,0.7062596594131008,216,0.09131933159582337,109,0.29336858845173425,155,0.4754253183290241,123,0.6250826731510266,151,754
139,-0.7324940716135789,17,-0.5,25,29,15,896.7,10,550.0,0.5132018813658793,173,1.326794896677558e-06,52,0.05171232320395005,91,0.24833611741673628,76,0.4280362722588985,117,509
139,-0.7324940716135789,18,-0.2588,25,29,15,896.7,10,361.0,0.288381299524096,149,1.326794896677558e-06,30,1.326794896677558e-06,41,0.009652271923438096,25,0.21190891540677972,58,303
139,-0.7324940716135789,19,0.0,25,29,15,896.7,10,152.0,0.04711904236060503,91,1.326794896677558e-06,24,1.326794896677558e-06,23,1.326794896677558e-06,14,1.326794896677558e-06,17,169
139,-0.7324940716135789,20,0.2588,23,31,9,896.7,10,21.0,0.0,31,1.326794896677558e-06,16,1.326794896677558e-06,17,1.326794896677558e-06,10,1.326794896677558e-06,10,84
139,-0.7324940716135789,21,0.5,20,37,6,896.7,10,0.0,0.0,0,0.0,0,0.0,0,0.0,0,0.0,0,0
139,-0.7324940716135789,22,0.7071,19,43,6,897.6,10,0.0,0.0,0,0.0,0,0.0,0,0.0,0,0.0,0,0
139,-0.7324940716135789,23,0.866,18,42,9,897.6,10,0.0,0.0,0,0.0,0,0.0,0,0.0,0,0.0,0,0
139,-0.7324940716135789,24,0.9659,18,42,7,896.7,10,0.0,0.0,0,0.0,0,0.0,0,0.0,0,0.0,0,0
140,-0.7441039398713607,1,1.0,15,51,6,896.7,10,0.0,0.0,0,0.0,0,0.0,0,0.0,0,0.0,0,0
140,-0.7441039398713607,2,0.9659,15,51,4,895.8,10,0.0,0.0,0,0.0,0,0.0,0,0.0,0,0.0,0,0
140,-0.7441039398713607,3,0.866,14,51,4,895.8,10,0.0,0.0,0,0.0,0,0.0,0,0.0,0,0.0,0,0
140,-0.7441039398713607,4,0.7071,13,54,7,895.8,10,0.0,0.0,0,0.0,0,0.0,0,0.0,0,0.0,0,0
140,-0.7441039398713607,5,0.5,13,54,4,895.8,10,0.0,0.0,0,0.0,0,0.0,0,0.0,0,0.0,0,0
140,-0.7441039398713607,6,0.2588,11,58,6,895.8,10,0.0,0.0,0,0.0,0,0.0,0,0.0,0,0.0,0,0
140,-0.7441039398713607,7,0.0,14,51,4,895.8,10,0.0,0.0,0,0.0,0,0.0,0,0.0,0,0.0,0,0
140,-0.7441039398713607,8,-0.2588,18,40,6,895.8,10,351.0,0.28854890052204235,37,0.6276643401924037,131,0.632520976687447,105,0.5942724556258779,89,0.5155253469992676,51,413
140,-0.7441039398713607,9,-0.5,21,33,11,895.8,10,553.0,0.5130646218482703,104,0.7573534008259577,183,0.7917876640583447,193,0.7722630134690615,185,0.7001100197154597,169,834
140,-0.7441039398713607,10,-0.7071,24,25,15,894.9,10,729.0,0.7058606103205606,161,0.8304471806966331,211,0.8973035020376502,229,0.9030101824775089,221,0.8471783218019672,208,1030
140,-0.7441039398713607,11,-0.866,26,21,19,894.9,10,868.0,0.8537981580221464,205,0.8419644679664918,223,0.9418777723468654,247,0.977603772645838,243,0.9467078050338404,234,1152
140,-0.7441039398713607,12,-0.9659,29,13,22,894.1,10,957.0,0.9467955812642987,228,0.7911203798753259,218,0.9224728170860311,247,0.9909603618630284,248,0.991915709050317,245,1186
140,-0.7441039398713607,13,-1.0,31,8,26,894.1,10,993.0,0.9785152693130802,239,0.6813798511133217,200,0.8404110497281233,235,0.9421697220471468,241,0.9797211942560624,244,1159
140,-0.7441039398713607,14,-0.9659,32,7,30,893.2,10,976.0,0.9467955812642987,237,0.520221504647092,165,0.7012848349877195,208,0.8345568495644081,224,0.910955295503775,235,1069
140,-0.7441039398713607,15,-0.866,32,8,26,892.3,10,893.0,0.8537981580221463,241,0.3186279967866187,121,0.5145753790953128,175,0.6754553726639608,205,0.79030428856147,227,969
140,-0.7441039398713607,16,-0.7071,32,10,26,892.3,10,762.0,0.7058606103205607,178,0.09033756858091362,49,0.29300660245018384,91,0.4757077778312403,126,0.6259903288458805,157,601
140,-0.7441039398713607,17,-0.5,31,10,26,892.3,10,587.0,0.5130646218482704,156,1.326794896677558e-06,29,0.051678027135167295,39,0.24892651380681943,78,0.4292111263671625,122,424
140,-0.7441039398713607,18,-0.2588,30,12,24,893.2,10,392.0,0.28854890052204235,96,1.326794896677558e-06,23,1.326794896677558e-06,22,0.010566327852123865,24,0.2133768421350489,61,226
140,-0.7441039398713607,19,0.0,29,12,22,893.2,10,170.0,0.04761379914930524,34,1.326794896677558e-06,17,1.326794896677558e-06,17,1.326794896677558e-06,13,1.326794896677558e-06,16,97
140,-0.7441039398713607,20,0.2588,26,16,19,893.2,10,0.0,0.0,0,0.0,0,0.0,0,0.0,0,0.0,0,0
140,-0.7441039398713607,21,0.5,24,18,13,893.2,10,0.0,0.0,0,0.0,0,0.0,0,0.0,0,0.0,0,0
140,-0.7441039398713607,22,0.7071,23,19,13,894.1,10,0.0,0.0,0,0.0,0,0.0,0,0.0,0,0.0,0,0
140,-0.7441039398713607,23,0.866,20,21,13,894.1,10,0.0,0.0,0,0.0,0,0.0,0,0.0,0,0.0,0,0
140,-0.7441039398713607,24,0.9659,18,24,4,894.1,10,0.0,0.0,0,0.0,0,0.0,0,0.0,0,0.0,0,0
141,-0.7554933140726803,1,1.0,17,27,9,894.1,10,0.0,0.0,0,0.0,0,0.0,0,0.0,0,0.0,0,0
141,-0.7554933140726803,2,0.9659,16,29,9,894.1,10,0.0,0.0,0,0.0,0,0.0,0,0.0,0,0.0,0,0
141,-0.7554933140726803,3,0.866,12,38,9,894.1,10,0.0,0.0,0,0.0,0,0.0,0,0.0,0,0.0,0,0
141,-0.7554933140726803,4,0.7071,11,44,6,893.2,10,0.0,0.0,0,0.0,0,0.0,0,0.0,0,0.0,0,0
141,-0.7554933140726803,5,0.5,10,43,4,893.2,10,0.0,0.0,0,0.0,0,0.0,0,0.0,0,0.0,0,0
141,-0.7554933140726803,6,0.2588,10,40,6,893.2,10,0.0,0.0,0,0.0,0,0.0,0,0.0,0,0.0,0,0
141,-0.7554933140726803,7,0.0,14,36,4,893.2,10,0.0,0.0,0,0.0,0,0.0,0,0.0,0,0.0,0,0
141,-0.7554933140726803,8,-0.2588,18,26,4,893.2,10,352.0,0.2887079899168497,36,0.7357618048693222,154,0.7213391668488229,160,0.6577585603302654,143,0.5493528922951836,94,587
141,-0.7554933140726803,9,-0.5,21,18,11,893.2,10,555.0,0.5129241436202784,103,0.8403751550017234,203,0.8600604020943879,213,0.821134063426824,198,0.7262489004789789,177,894
141,-0.7554933140726803,10,-0.7071,25,12,22,892.3,10,728.0,0.7054628876259654,161,0.8846578640927558,224,0.9419909418626656,240,0.9351290055993948,230,0.8645396841516791,212,1067
141,-0.7554933140726803,11,-0.866,27,10,30,891.4,10,869.0,0.8532030447476566,203,0.8655921437604638,229,0.9615473642080534,252,0.9919748315055453,245,0.954800967511767,236,1165
141,-0.7554933140726803,12,-0.9659,28,11,41,890.5,9,960.0,0.9460763830999787,231,0.7844772891582408,222,0.9173969334066041,251,0.9877975978909785,252,0.990881601720743,248,1204
141,-0.7554933140726803,13,-1.0,29,13,43,890.5,9,991.0,0.9777537481062278,243,0.6468411386048429,197,0.8125484270332619,235,0.9228819783727029,244,0.9703227558964339,249,1168
141,-0.7554933140726803,14,-0.9659,28,15,43,890.5,9,964.0,0.9460763830999787,241,0.4620633400060032,155,0.6541470758242058,201,0.8016518512110582,220,0.894525475685964,234,1051
141,-0.7554933140726803,15,-0.866,28,17,37,890.5,9,885.0,0.8532030447476566,228,0.2427361865365949,97,0.45298766327255374,149,0.63236884421164,183,0.7686552170971906,210,867
141,-0.7554933140726803,16,-0.7071,27,17,33,890.5,9,756.0,0.7054628876259654,200,0.0038064321212961825,41,0.22277884604290904,84,0.42656929531798526,129,0.601289817397994,170,624
141,-0.7554933140726803,17,-0.5,27,14,31,890.5,10,589.0,0.5129241436202784,159,1.326794896677558e-06,29,1.326794896677558e-06,30,0.19827808421354173,65,0.40383493734135567,119,402
141,-0.7554933140726803,18,-0.2588,25,18,31,890.5,10,392.0,0.2887079899168497,33,1.326794896677558e-06,17,1.326794896677558e-06,17,1.326794896677558e-06,19,0.18974678487202715,55,141
141,-0.7554933140726803,19,0.0,24,19,26,890.5,10,0.0,0.0,0,0.0,0,0.0,0,0.0,0,0.0,0,0
141,-0.7554933140726803,20,0.2588,22,25,19,890.5,10,0.0,0.0,0,0.0,0,0.0,0,0.0,0,0.0,0,0
141,-0.7554933140726803,21,0.5,17,45,22,892.3,10,0.0,0.0,0,0.0,0,0.0,0,0.0,0,0.0,0,0
141,-0.7554933140726803,22,0.7071,16,52,22,893.2,10,0.0,0.0,0,0.0,0,0.0,0,0.0,0,0.0,0,0
141,-0.7554933140726803,23,0.866,15,51,20,894.1,7,0.0,0.0,0,0.0,0,0.0,0,0.0,0,0.0,0,0
141,-0.7554933140726803,24,0.9659,14,51,26,894.9,7,0.0,0.0,0,0.0,0,0.0,0,0.0,0,0.0,0,0
142,-0.766658819300159,1,1.0,13,51,13,894.9,7,0.0,0.0,0,0.0,0,0.0,0,0.0,0,0.0,0,0
142,-0.766658819300159,2,0.9659,11,67,11,894.9,7,0.0,0.0,0,0.0,0,0.0,0,0.0,0,0.0,0,0
142,-0.766658819300159,3,0.866,11,58,7,894.9,10,0.0,0.0,0,0.0,0,0.0,0,0.0,0,0.0,0,0
142,-0.766658819300159,4,0.7071,11,58,6,895.8,7,0.0,0.0,0,0.0,0,0.0,0,0.0,0,0.0,0,0
142,-0.766658819300159,5,0.5,10,66,15,894.9,7,0.0,0.0,0,0.0,0,0.0,0,0.0,0,0.0,0,0
142,-0.766658819300159,6,0.2588,11,58,9,895.8,5,0.0,0.0,0,0.0,0,0.0,0,0.0,0,0.0,0,0
142,-0.766658819300159,7,0.0,12,54,9,895.8,5,0.0,0.0,0,0.0,0,0.0,0,0.0,0,0.0,0,0
142,-0.766658819300159,8,-0.2588,12,54,15,896.7,5,95.0,0.2888588469007521,28,0.7343029957300036,20,0.7206876433109958,25,0.6579587226688086,28,0.5503910998884575,37,138
142,-0.766658819300159,9,-0.5,13,47,22,896.7,5,185.0,0.5127810739998985,48,0.8387792075563086,48,0.8592270279365977,53,0.8211200556081456,57,0.7270552136786781,77,283
142,-0.766658819300159,10,-0.7071,14,44,13,897.6,5,371.0,0.7050674175896029,107,0.8830038661628852,116,0.9410501644020239,128,0.9349655609798977,126,0.8651647108838839,149,626
142,-0.766658819300159,11,-0.866,15,45,30,896.7,7,898.0,0.8526139011012802,221,0.8639631392043687,247,0.9605809501005358,272,0.9917368672819354,260,0.9553076700343229,272,1272
142,-0.766658819300159,12,-0.9659,17,37,31,897.6,7,943.0,0.9453654911483802,249,0.7829546185804638,237,0.916488396398916,270,0.9875651096330366,258,0.9913410058649671,227,1241
142,-0.766658819300159,13,-1.0,15,45,28,897.6,7,982.0,0.977001330077539,259,0.6454989022494946,215,0.8117773416418883,255,0.9227345920007018,250,0.9708091126157816,251,1230
142,-0.766658819300159,14,-0.9659,17,39,35,897.6,6,839.0,0.9453654911483802,264,0.4609633239363384,166,0.6535836348637951,215,0.8016633827674392,240,0.8951111938128253,252,1137
142,-0.766658819300159,15,-0.866,17,42,28,897.6,7,418.0,0.8526139011012802,214,0.2419236878533271,93,0.4526879235974722,137,0.6326022901194318,170,0.7694059395231446,149,763
142,-0.766658819300159,16,-0.7071,17,39,31,896.7,7,541.0,0.7050674175896031,123,0.0033071480294784095,44,0.2227808887665726,62,0.4270725254256036,87,0.6022599404555444,135,451
142,-0.766658819300159,17,-0.5,16,42,26,896.7,7,120.0,0.5127810739998985,139,1.326794896677558e-06,37,1.326794896677558e-06,43,0.19908058308829824,75,0.4050639056249618,87,381
142,-0.766658819300159,18,-0.2588,15,51,35,897.6,4,75.0,0.2888588469007521,32,1.326794896677558e-06,24,1.326794896677558e-06,28,1.326794896677558e-06,31,0.1912564031687432,30,145
142,-0.766658819300159,19,0.0,14,63,22,897.6,5,21.0,0.04856064359372833,23,1.326794896677558e-06,15,1.326794896677558e-06,18,1.326794896677558e-06,19,1.326794896677558e-06,16,91
142,-0.766658819300159,20,0.2588,14,55,28,897.6,7,0.0,0.0,0,0.0,0,0.0,0,0.0,0,0.0,0,0
142,-0.766658819300159,21,0.5,13,58,28,898.5,7,0.0,0.0,0,0.0,0,0.0,0,0.0,0,0.0,0,0
142,-0.766658819300159,22,0.7071,13,58,30,898.5,7,0.0,0.0,0,0.0,0,0.0,0,0.0,0,0.0,0,0
142,-0.766658819300159,23,0.866,12,62,26,899.4,7,0.0,0.0,0,0.0,0,0.0,0,0.0,0,0.0,0,0
142,-0.766658819300159,24,0.9659,11,67,30,898.5,7,0.0,0.0,0,0.0,0,0.0,0,0.0,0,0.0,0,0
143,-0.777597146973627,1,1.0,11,67,26,898.5,7,0.0,0.0,0,0.0,0,0.0,0,0.0,0,0.0,0,0
143,-0.777597146973627,2,0.9659,10,71,22,898.5,10,0.0,0.0,0,0.0,0,0.0,0,0.0,0,0.0,0,0
143,-0.777597146973627,3,0.866,9,71,11,898.5,10,0.0,0.0,0,0.0,0,0.0,0,0.0,0,0.0,0,0
143,-0.777597146973627,4,0.7071,9,71,13,898.5,10,0.0,0.0,0,0.0,0,0.0,0,0.0,0,0.0,0,0
143,-0.777597146973627,5,0.5,8,76,6,898.5,10,0.0,0.0,0,0.0,0,0.0,0,0.0,0,0.0,0,0
143,-0.777597146973627,6,0.2588,9,71,19,899.4,10,0.0,0.0,0,0.0,0,0.0,0,0.0,0,0.0,0,0
143,-0.777597146973627,7,0.0,10,66,17,899.4,10,0.0,0.0,0,0.0,0,0.0,0,0.0,0,0.0,0,0
143,-0.777597146973627,8,-0.2588,11,58,22,900.2,10,79.0,0.28900174745462254,28,0.732878439774094,75,0.7200466652720783,77,0.6581450041616523,72,0.5513919462436745,61,313
143,-0.777597146973627,9,-0.5,13,47,22,900.2,10,494.0,0.5126360300929371,105,0.8372203044018078,202,0.8584079003933567,211,0.8210965258439176,199,0.7278288852744063,176,893
143,-0.777597146973627,10,-0.7071,15,42,24,900.2,10,713.0,0.7046751102478237,167,0.8813880939964744,233,0.9401258194821659,250,0.9347956358286518,242,0.8657607856473631,222,1114
143,-0.777597146973627,11,-0.866,17,39,24,899.4,10,852.0,0.8520318618928399,212,0.862371851734067,238,0.9596314903037785,264,0.9914939391874475,260,0.9557878287831015,249,1223
143,-0.777597146973627,12,-0.9659,18,37,30,899.4,10,945.0,0.9446641815178234,241,0.7814675009260794,230,0.9155956357580397,262,0.9873275460545795,261,0.991774828876227,255,1249
143,-0.777597146973627,13,-1.0,18,34,26,899.4,10,985.0,0.9762593395296173,248,0.6441885301397655,198,0.8110192217501745,236,0.9225803888084988,247,0.9712693347512349,250,1179
143,-0.777597146973627,14,-0.9659,20,30,30,899.4,10,964.0,0.9446641815178234,254,0.4598902587139093,160,0.6530289467011885,207,0.801664872587908,231,0.8956687599998486,247,1099
143,-0.777597146973627,15,-0.866,21,31,30,899.4,10,888.0,0.8520318618928399,258,0.2411322883196699,106,0.4523915697383659,163,0.6328211777773484,204,0.7701251517571133,236,967
143,-0.777597146973627,16,-0.7071,21,28,26,899.4,10,741.0,0.7046751102478239,175,0.002822588387518439,42,0.22278017527812558,76,0.4275557064975033,115,0.6031940879666092,150,558
143,-0.777597146973627,17,-0.5,22,27,30,898.5,10,588.0,0.5126360300929371,162,1.326794896677558e-06,32,1.326794896677558e-06,32,0.1998569420558933,69,0.40625163021034816,122,417
143,-0.777597146973627,18,-0.2588,22,27,26,898.5,10,390.0,0.28900174745462254,99,1.326794896677558e-06,25,1.326794896677558e-06,23,1.326794896677558e-06,20,0.19271906583222864,57,224
143,-0.777597146973627,19,0.0,21,28,28,899.4,10,171.0,0.04901254676517802,33,1.326794896677558e-06,17,1.326794896677558e-06,17,1.326794896677558e-06,14,1.326794896677558e-06,15,96
143,-0.777597146973627,20,0.2588,20,28,20,899.4,10,0.0,0.0,0,0.0,0,0.0,0,0.0,0,0.0,0,0
143,-0.777597146973627,21,0.5,18,34,19,899.4,10,0.0,0.0,0,0.0,0,0.0,0,0.0,0,0.0,0,0
143,-0.777597146973627,22,0.7071,17,37,15,899.4,10,0.0,0.0,0,0.0,0,0.0,0,0.0,0,0.0,0,0
143,-0.777597146973627,23,0.866,17,34,13,899.4,10,0.0,0.0,0,0.0,0,0.0,0,0.0,0,0.0,0,0
143,-0.777597146973627,24,0.9659,15,42,19,900.2,10,0.0,0.0,0,0.0,0,0.0,0,0.0,0,0.0,0,0
144,-0.7883050558305255,1,1.0,13,58,15,901.1,10,0.0,0.0,0,0.0,0,0.0,0,0.0,0,0.0,0,0
144,-0.7883050558305255,2,0.9659,13,63,11,900.2,10,0.0,0.0,0,0.0,0,0.0,0,0.0,0,0.0,0,0
144,-0.7883050558305255,3,0.866,11,67,11,901.1,10,0.0,0.0,0,0.0,0,0.0,0,0.0,0,0.0,0,0
144,-0.7883050558305255,4,0.7071,13,63,17,901.1,10,0.0,0.0,0,0.0,0,0.0,0,0.0,0,0.0,0,0
144,-0.7883050558305255,5,0.5,11,71,15,901.1,10,0.0,0.0,0,0.0,0,0.0,0,0.0,0,0.0,0,0
144,-0.7883050558305255,6,0.2588,10,76,11,901.1,10,0.0,0.0,0,0.0,0,0.0,0,0.0,0,0.0,0,0
144,-0.7883050558305255,7,0.0,13,63,13,902.0,10,113.0,0.04944998798202671,12,0.5742823777531839,14,0.5340754424054144,19,0.45747224464145025,23,0.34969315933573863,18,86
144,-0.7883050558305255,8,-0.2588,15,59,19,902.9,7,312.0,0.2891369638505743,39,0.7314893792657058,116,0.7194172189780536,122,0.6583180678257101,112,0.5523557259652432,78,467
144,-0.7883050558305255,9,-0.5,17,52,22,903.8,7,479.0,0.5124896179256122,98,0.8356998435231682,168,0.8576042122023452,177,0.821064380341555,168,0.7285704731868556,151,762
144,-0.7883050558305255,10,-0.7071,18,49,24,903.8,7,697.0,0.70428685822792,149,0.8798120114949181,194,0.9392192217974115,210,0.9346203060387697,199,0.8663286722137734,186,938
144,-0.7883050558305255,11,-0.866,19,46,24,902.9,7,447.0,0.8514580396663289,157,0.860819716870925,156,0.9587003286225589,177,0.9912472077323121,169,0.9562423418870276,167,826
144,-0.7883050558305255,12,-0.9659,20,43,28,902.9,7,769.0,0.9439737049977037,222,0.7800172509739985,213,0.9147199295692042,244,0.987086061447871,231,0.9921840225908088,225,1135
144,-0.7883050558305255,13,-1.0,22,38,26,902.9,7,566.0,0.9755290744047881,266,0.6429111590972957,213,0.8102752113519206,255,0.9224204420008724,259,0.9717043515815131,261,1254
144,-0.7883050558305255,14,-0.9659,23,36,28,902.0,7,932.0,0.9439737049977037,222,0.45884497919253214,141,0.6524838975644492,183,0.8016571978798839,203,0.8961989826536538,217,966
144,-0.7883050558305255,15,-0.866,23,36,30,902.0,10,876.0,0.851458039666329,246,0.24036249631281892,103,0.45209918849003794,159,0.6330261324087679,198,0.7708134748431662,227,933
144,-0.7883050558305255,16,-0.7071,23,36,24,901.1,10,747.0,0.7042868582279199,183,0.002352905916732946,39,0.22277694969795542,76,0.42801915741677266,119,0.6040926318456404,158,575
144,-0.7883050558305255,17,-0.5,24,34,22,901.1,10,575.0,0.512489617925612,155,1.326794896677558e-06,30,1.326794896677558e-06,32,0.2006071401794148,66,0.4073981890930286,117,400
144,-0.7883050558305255,18,-0.2588,24,34,20,901.1,10,376.0,0.2891369638505741,94,1.326794896677558e-06,26,1.326794896677558e-06,24,1.326794896677558e-06,23,0.1941345321797909,56,223
144,-0.7883050558305255,19,0.0,24,34,19,901.1,10,163.0,0.04944998798202671,33,1.326794896677558e-06,17,1.326794896677558e-06,17,1.326794896677558e-06,14,1.326794896677558e-06,18,99
144,-0.7883050558305255,20,0.2588,22,38,7,901.1,10,0.0,0.0,0,0.0,0,0.0,0,0.0,0,0.0,0,0
144,-0.7883050558305255,21,0.5,21,40,6,902.0,10,0.0,0.0,0,0.0,0,0.0,0,0.0,0,0.0,0,0
144,-0.7883050558305255,22,0.7071,20,43,11,902.9,10,0.0,0.0,0,0.0,0,0.0,0,0.0,0,0.0,0,0
144,-0.7883050558305255,23,0.866,19,40,9,902.9,10,0.0,0.0,0,0.0,0,0.0,0,0.0,0,0.0,0,0
144,-0.7883050558305255,24,0.9659,17,48,4,902.9,10,0.0,0.0,0,0.0,0,0.0,0,0.0,0,0.0,0,0
145,-0.7987793728863649,1,1.0,16,55,11,902.9,10,0.0,0.0,0,0.0,0,0.0,0,0.0,0,0.0,0,0
145,-0.7987793728863649,2,0.9659,15,59,11,902.9,10,0.0,0.0,0,0.0,0,0.0,0,0.0,0,0.0,0,0
145,-0.7987793728863649,3,0.866,15,63,11,902.9,10,0.0,0.0,0,0.0,0,0.0,0,0.0,0,0.0,0,0
145,-0.7987793728863649,4,0.7071,15,63,9,902.9,10,0.0,0.0,0,0.0,0,0.0,0,0.0,0,0.0,0,0
145,-0.7987793728863649,5,0.5,15,63,11,902.9,10,0.0,0.0,0,0.0,0,0.0,0,0.0,0,0.0,0,0
145,-0.7987793728863649,6,0.2588,15,63,13,902.9,10,0.0,0.0,0,0.0,0,0.0,0,0.0,0,0.0,0,0
145,-0.7987793728863649,7,0.0,16,59,11,902.9,10,0.0,0.0,0,0.0,0,0.0,0,0.0,0,0.0,0,0
145,-0.7987793728863649,8,-0.2588,19,52,15,902.9,10,272.0,0.28926476416442065,38,0.7301370257235347,112,0.7188002690028609,117,0.6584785655561367,22,0.5532827338440262,17,306
145,-0.7987793728863649,9,-0.5,20,49,19,902.9,10,509.0,0.5123424315970571,101,0.8342191885529423,188,0.8568171296462087,197,0.821024508553664,106,0.7292805294239467,79,671
145,-0.7987793728863649,10,-0.7071,21,43,24,902.9,10,713.0,0.7039035355915255,160,0.8782770466803846,221,0.9383316567621501,239,0.9344406268181052,186,0.8668691236738503,166,972
145,-0.7987793728863649,11,-0.866,22,38,15,902.9,10,836.0,0.8508935233061261,218,0.8593081349144526,245,0.9577887789074357,270,0.9909978107815042,230,0.9566720936819707,212,1175
145,-0.7987793728863649,12,-0.9659,24,34,19,902.0,10,913.0,0.9432952855156085,203,0.7786051510780468,193,0.9138625274856882,220,0.9868417876039466,267,0.9925695238079132,255,1138
145,-0.7987793728863649,13,-1.0,25,29,20,902.0,10,979.0,0.9748118046913593,237,0.6416678686364706,193,0.809546405433114,230,0.9222557874140255,222,0.9721150692026012,219,1101
145,-0.7987793728863649,14,-0.9659,25,29,19,901.1,10,956.0,0.9432952855156085,238,0.45782829891749616,153,0.6519493543263233,199,0.8016412197677077,240,0.8967026584660542,245,1075
145,-0.7987793728863649,15,-0.866,26,24,17,901.1,10,880.0,0.8508935233061262,223,0.23961480646365638,98,0.4518113542277793,149,0.6332177689907241,220,0.7714715224504671,234,924
145,-0.7987793728863649,16,-0.7071,26,20,17,900.2,10,755.0,0.7039035355915255,196,0.001898247830225681,44,0.22277145166434564,84,0.42846319391595145,181,0.6049559424028048,208,713
145,-0.7987793728863649,17,-0.5,27,21,17,899.4,10,585.0,0.5123424315970571,153,1.326794896677558e-06,31,1.326794896677558e-06,33,0.20133116124269432,129,0.40850366547230743,168,514
145,-0.7987793728863649,18,-0.2588,26,20,13,899.4,10,388.0,0.28926476416442043,95,1.326794896677558e-06,26,1.326794896677558e-06,25,1.326794896677558e-06,67,0.19550257411411398,117,330
145,-0.7987793728863649,19,0.0,26,24,11,898.5,10,173.0,0.04987288545384041,34,1.326794896677558e-06,18,1.326794896677558e-06,18,1.326794896677558e-06,23,1.326794896677558e-06,57,150
145,-0.7987793728863649,20,0.2588,24,22,11,899.4,10,0.0,0.0,0,0.0,0,0.0,0,0.0,0,0.0,0,0
145,-0.7987793728863649,21,0.5,20,28,4,899.4,10,0.0,0.0,0,0.0,0,0.0,0,0.0,0,0.0,0,0
145,-0.7987793728863649,22,0.7071,20,30,9,899.4,10,0.0,0.0,0,0.0,0,0.0,0,0.0,0,0.0,0,0
145,-0.7987793728863649,23,0.866,19,35,11,899.4,10,0.0,0.0,0,0.0,0,0.0,0,0.0,0,0.0,0,0
145,-0.7987793728863649,24,0.9659,19,37,11,899.4,10,0.0,0.0,0,0.0,0,0.0,0,0.0,0,0.0,0,0
146,-0.8090169943749473,1,1.0,18,40,9,899.4,10,0.0,0.0,0,0.0,0,0.0,0,0.0,0,0.0,0,0
146,-0.8090169943749473,2,0.9659,18,40,11,898.5,10,0.0,0.0,0,0.0,0,0.0,0,0.0,0,0.0,0,0
146,-0.8090169943749473,3,0.866,17,42,6,898.5,10,0.0,0.0,0,0.0,0,0.0,0,0.0,0,0.0,0,0
146,-0.8090169943749473,4,0.7071,16,45,15,898.5,10,0.0,0.0,0,0.0,0,0.0,0,0.0,0,0.0,0,0
146,-0.8090169943749473,5,0.5,15,45,13,898.5,10,0.0,0.0,0,0.0,0,0.0,0,0.0,0,0.0,0,0
146,-0.8090169943749473,6,0.2588,13,51,4,898.5,10,0.0,0.0,0,0.0,0,0.0,0,0.0,0,0.0,0,0
146,-0.8090169943749473,7,0.0,16,45,0,898.5,10,123.0,0.05028116138823328,10,0.6878395959425317,13,0.6278900504155628,19,0.5251509325072137,51,0.3866237336578295,21,114
146,-0.8090169943749473,8,-0.2588,20,35,6,898.5,10,334.0,0.2893854117986292,38,0.823515937692527,160,0.7955135781847678,163,0.7132983881432097,161,0.5824731883252097,117,639
146,-0.8090169943749473,9,-0.5,23,31,4,898.5,10,536.0,0.5121950524526113,98,0.9022606237958165,203,0.912778753878699,211,0.8610926313260835,203,0.7507245742794976,171,886
146,-0.8090169943749473,10,-0.7071,25,26,7,898.5,10,711.0,0.7035259967076449,154,0.9187073428314424,221,0.9716941619516406,236,0.9584617429169795,229,0.8799118517184493,206,1046
146,-0.8090169943749473,11,-0.866,27,23,11,898.5,10,849.0,0.850339376679626,194,0.871735279918353,223,0.9682448209777748,244,0.9987701885087299,239,0.9612311326520196,228,1128
146,-0.8090169943749473,12,-0.9659,27,21,11,898.5,10,940.0,0.9426301186351116,218,0.7645454982614098,211,0.9026657974761505,239,0.9792710181804851,238,0.989140649923101,236,1142
146,-0.8090169943749473,13,-1.0,28,19,11,897.6,10,978.0,0.9741087708720179,231,0.6044428036489276,183,0.7794261957532108,220,0.9012930727223208,225,0.9617384220153713,237,1096
146,-0.8090169943749473,14,-0.9659,29,16,11,896.7,10,953.0,0.9426301186351116,228,0.4023378792953607,138,0.6069245510074205,185,0.7701503934086157,197,0.8808918530501219,222,970
146,-0.8090169943749473,15,-0.866,29,16,11,896.7,10,873.0,0.8503393766796259,215,0.1720038526403193,81,0.3969165743494264,132,0.5947801433899437,157,0.7521105055670434,197,782
146,-0.8090169943749473,16,-0.7071,30,17,15,895.8,10,741.0,0.7035259967076447,188,1.326794896677558e-06,39,0.16371393200116707,70,0.3871334923421216,102,0.5841706007621787,160,559
146,-0.8090169943749473,17,-0.5,30,18,11,894.9,10,574.0,0.5121950524526111,148,1.326794896677558e-06,31,1.326794896677558e-06,30,0.16136119802549703,45,0.3885169515282832,110,364
146,-0.8090169943749473,18,-0.2588,30,17,7,894.9,10,381.0,0.2893854117986292,92,1.326794896677558e-06,27,1.326794896677558e-06,25,1.326794896677558e-06,18,0.1784830159811361,54,216
146,-0.8090169943749473,19,0.0,29,16,11,894.9,10,171.0,0.0502811613882335,33,1.326794896677558e-06,18,1.326794896677558e-06,18,1.326794896677558e-06,14,1.326794896677558e-06,16,99
146,-0.8090169943749473,20,0.2588,27,20,11,894.9,10,0.0,0.0,0,0.0,0,0.0,0,0.0,0,0.0,0,0
146,-0.8090169943749473,21,0.5,23,25,11,894.9,10,0.0,0.0,0,0.0,0,0.0,0,0.0,0,0.0,0,0
146,-0.8090169943749473,22,0.7071,22,27,7,895.8,10,0.0,0.0,0,0.0,0,0.0,0,0.0,0,0.0,0,0
146,-0.8090169943749473,23,0.866,22,29,11,895.8,10,0.0,0.0,0,0.0,0,0.0,0,0.0,0,0.0,0,0
146,-0.8090169943749473,24,0.9659,22,27,13,895.8,10,0.0,0.0,0,0.0,0,0.0,0,0.0,0,0.0,0,0
147,-0.8190148866680801,1,1.0,21,28,11,895.8,10,0.0,0.0,0,0.0,0,0.0,0,0.0,0,0.0,0,0
147,-0.8190148866680801,2,0.9659,20,33,9,894.9,10,0.0,0.0,0,0.0,0,0.0,0,0.0,0,0.0,0,0
147,-0.8190148866680801,3,0.866,19,32,7,894.9,10,0.0,0.0,0,0.0,0,0.0,0,0.0,0,0.0,0,0
147,-0.8190148866680801,4,0.7071,19,35,11,894.9,10,0.0,0.0,0,0.0,0,0.0,0,0.0,0,0.0,0,0
147,-0.8190148866680801,5,0.5,18,37,15,894.9,10,0.0,0.0,0,0.0,0,0.0,0,0.0,0,0.0,0,0
147,-0.8190148866680801,6,0.2588,18,34,19,894.9,10,0.0,0.0,0,0.0,0,0.0,0,0.0,0,0.0,0,0
147,-0.8190148866680801,7,0.0,19,30,20,894.9,10,0.0,0.0,0,0.0,0,0.0,0,0.0,0,0.0,0,0
147,-0.8190148866680801,8,-0.2588,21,27,20,894.9,7,259.0,0.28949916501638495,37,0.8224451498245587,98,0.7950915147320525,103,0.7135538120651881,95,0.5833886930115894,83,416
147,-0.8190148866680801,9,-0.5,25,24,26,895.8,5,370.0,0.5120480482787604,75,0.9010976799193748,96,0.9122194533044599,104,0.861175089458949,104,0.7514431718017116,99,478
147,-0.8190148866680801,10,-0.7071,26,23,30,895.8,5,309.0,0.7031550751563775,86,0.9175251511296889,88,0.9710659118306505,97,0.9584302485473569,96,0.8804792594203869,95,462
147,-0.8190148866680801,11,-0.866,26,26,19,895.8,5,256.0,0.8497966373175077,66,0.8706080602789668,67,0.9676206076699361,75,0.9986915205746397,75,0.9617033711804758,75,358
147,-0.8190148866680801,12,-0.9659,26,26,20,894.9,5,296.0,0.9419793700955723,157,0.7635437243253854,150,0.902118332239947,171,0.9792151704109969,167,0.9895802255264309,165,810
147,-0.8190148866680801,13,-1.0,29,20,20,894.9,5,528.0,0.9734211824157132,209,0.6036284017749695,170,0.7790229609256144,201,0.901328484627029,210,0.9622100673421378,214,1004
147,-0.8190148866680801,14,-0.9659,28,20,22,894.9,5,390.0,0.9419793700955723,197,0.4017600020419038,130,0.6067231960223437,164,0.7703392825856633,181,0.881458113841775,195,867
147,-0.8190148866680801,15,-0.866,27,24,28,894.1,5,606.0,0.8497966373175077,157,0.17169553858259007,100,0.3969609947704425,127,0.5951742709813167,143,0.7528274811128652,159,686
147,-0.8190148866680801,16,-0.7071,26,24,15,894.1,5,142.0,0.7031550751563775,21,1.326794896677558e-06,20,0.1640312729409506,24,0.38777063194493677,25,0.5850841189407016,27,117
147,-0.8190148866680801,17,-0.5,23,36,24,894.9,5,125.0,0.5120480482787605,37,1.326794896677558e-06,23,1.326794896677558e-06,28,0.16226256243063916,33,0.38965944620834403,39,160
147,-0.8190148866680801,18,-0.2588,25,28,11,894.1,5,253.0,0.28949916501638495,62,1.326794896677558e-06,40,1.326794896677558e-06,46,1.326794896677558e-06,52,0.17987131671863363,62,262
147,-0.8190148866680801,19,0.0,24,31,11,894.1,5,86.0,0.05067474188885643,19,1.326794896677558e-06,15,1.326794896677558e-06,19,1.326794896677558e-06,20,1.326794896677558e-06,23,96
147,-0.8190148866680801,20,0.2588,22,35,31,895.8,5,0.0,0.0,0,0.0,0,0.0,0,0.0,0,0.0,0,0
147,-0.8190148866680801,21,0.5,19,46,11,896.7,2,0.0,0.0,0,0.0,0,0.0,0,0.0,0,0.0,0,0
147,-0.8190148866680801,22,0.7071,17,68,6,896.7,5,0.0,0.0,0,0.0,0,0.0,0,0.0,0,0.0,0,0
147,-0.8190148866680801,23,0.866,19,56,19,894.9,5,0.0,0.0,0,0.0,0,0.0,0,0.0,0,0.0,0,0
147,-0.8190148866680801,24,0.9659,18,56,19,895.8,7,0.0,0.0,0,0.0,0,0.0,0,0.0,0,0.0,0,0
148,-0.8287700871745038,1,1.0,15,67,7,894.9,7,0.0,0.0,0,0.0,0,0.0,0,0.0,0,0.0,0,0
148,-0.8287700871745038,2,0.9659,15,63,13,894.9,7,0.0,0.0,0,0.0,0,0.0,0,0.0,0,0.0,0,0
148,-0.8287700871745038,3,0.866,13,72,6,894.9,7,0.0,0.0,0,0.0,0,0.0,0,0.0,0,0.0,0,0
148,-0.8287700871745038,4,0.7071,13,72,6,894.1,10,0.0,0.0,0,0.0,0,0.0,0,0.0,0,0.0,0,0
148,-0.8287700871745038,5,0.5,13,72,9,894.1,10,0.0,0.0,0,0.0,0,0.0,0,0.0,0,0.0,0,0
148,-0.8287700871745038,6,0.2588,12,77,4,894.1,10,0.0,0.0,0,0.0,0,0.0,0,0.0,0,0.0,0,0
148,-0.8287700871745038,7,0.0,15,72,4,894.1,10,122.0,0.05105355685353923,13,0.6860428547331553,42,0.6274410694910123,19,0.5260803093221097,23,0.3888681330090537,21,118
148,-0.8287700871745038,8,-0.2588,16,68,7,894.1,10,331.0,0.2896062764873541,52,0.8214062383557074,173,0.7946779479443559,159,0.7137937738824955,143,0.5842658305358437,116,643
148,-0.8287700871745038,9,-0.5,19,56,6,894.1,10,532.0,0.5119019725205304,110,0.8999692878632753,202,0.9116726335862788,209,0.8612471069333429,194,0.7521291186613777,171,886
148,-0.8287700871745038,10,-0.7071,22,46,7,894.1,10,692.0,0.7027915826643435,165,0.9163780700402782,224,0.9704521442702257,229,0.9583916217246191,218,0.8810184057186073,201,1037
148,-0.8287700871745038,11,-0.866,24,36,7,893.2,7,838.0,0.8492663151327932,200,0.869514355334035,219,0.9670107597281712,243,0.9986070897039773,237,0.9621501112036999,227,1126
148,-0.8287700871745038,12,-0.9659,27,28,7,893.2,7,929.0,0.9413441743951806,222,0.7625718232149576,204,0.9015830042629156,237,0.9791528972026801,238,0.9899952508763847,236,1137
148,-0.8287700871745038,13,-1.0,28,25,11,892.3,7,977.0,0.9727502163143137,236,0.6028384231008737,175,0.7786276680202658,219,0.9013548159508689,229,0.9626562284127921,235,1094
148,-0.8287700871745038,14,-0.9659,28,23,13,892.3,7,700.0,0.9413441743951806,198,0.4011996912848117,119,0.6065239302179264,188,0.7705146412576142,209,0.8819961465261724,229,943
148,-0.8287700871745038,15,-0.866,29,20,11,891.4,7,322.0,0.8492663151327932,138,0.17139696521466824,63,0.39700036915831804,91,0.5955489097004486,109,0.753511853084457,127,528
148,-0.8287700871745038,16,-0.7071,30,12,19,890.5,5,427.0,0.7027915826643433,99,1.326794896677558e-06,48,0.16433564457181368,71,0.3883812276860555,90,0.5859593276282951,109,417
148,-0.8287700871745038,17,-0.5,28,23,9,890.5,5,198.0,0.5119019725205304,58,1.326794896677558e-06,36,1.326794896677558e-06,38,0.16312971214611627,42,0.390756983878256,47,221
148,-0.8287700871745038,18,-0.2588,29,22,15,890.5,7,382.0,0.2896062764873541,85,1.326794896677558e-06,43,1.326794896677558e-06,48,1.326794896677558e-06,49,0.1812075243396475,72,297
148,-0.8287700871745038,19,0.0,28,20,15,890.5,7,222.0,0.05105355685353923,31,1.326794896677558e-06,25,1.326794896677558e-06,32,1.326794896677558e-06,30,1.326794896677558e-06,32,150
148,-0.8287700871745038,20,0.2588,26,24,15,890.5,7,0.0,0.0,0,0.0,0,0.0,0,0.0,0,0.0,0,0
148,-0.8287700871745038,21,0.5,24,31,9,891.4,7,0.0,0.0,0,0.0,0,0.0,0,0.0,0,0.0,0,0
148,-0.8287700871745038,22,0.7071,23,33,6,891.4,10,0.0,0.0,0,0.0,0,0.0,0,0.0,0,0.0,0,0
148,-0.8287700871745038,23,0.866,21,38,11,891.4,10,0.0,0.0,0,0.0,0,0.0,0,0.0,0,0.0,0,0
148,-0.8287700871745038,24,0.9659,19,46,7,892.3,10,0.0,0.0,0,0.0,0,0.0,0,0.0,0,0.0,0,0
149,-0.8382797052177744,1,1.0,20,43,11,892.3,7,0.0,0.0,0,0.0,0,0.0,0,0.0,0,0.0,0,0
149,-0.8382797052177744,2,0.9659,18,56,20,892.3,7,0.0,0.0,0,0.0,0,0.0,0,0.0,0,0.0,0,0
149,-0.8382797052177744,3,0.866,17,63,9,893.2,7,0.0,0.0,0,0.0,0,0.0,0,0.0,0,0.0,0,0
149,-0.8382797052177744,4,0.7071,16,68,13,893.2,7,0.0,0.0,0,0.0,0,0.0,0,0.0,0,0.0,0,0
149,-0.8382797052177744,5,0.5,17,63,13,892.3,5,0.0,0.0,0,0.0,0,0.0,0,0.0,0,0.0,0,0
149,-0.8382797052177744,6,0.2588,16,63,6,893.2,5,0.0,0.0,0,0.0,0,0.0,0,0.0,0,0.0,0,0
149,-0.8382797052177744,7,0.0,15,77,19,894.1,7,91.0,0.05141753987293201,18,0.6851863159602746,40,0.6272214545809591,22,0.5265125847362141,25,0.3899228400284637,23,128
149,-0.8382797052177744,8,-0.2588,16,68,22,894.1,7,282.0,0.2897069928457168,53,0.8204003127391924,108,0.7942737705783274,124,0.7140188888153909,115,0.5851048966556456,98,498
149,-0.8382797052177744,9,-0.5,17,59,22,894.9,5,176.0,0.5117573635221284,78,0.8988766601759602,91,0.9111393410083721,62,0.8613094924667954,64,0.7527829308966346,66,361
149,-0.8382797052177744,10,-0.7071,18,49,13,894.9,5,540.0,0.7024363080727656,176,0.9152673336442576,212,0.9698539826886431,214,0.9583467986452597,205,0.8815299757876448,193,1000
149,-0.8382797052177744,11,-0.866,19,43,19,894.9,7,566.0,0.848749391179793,158,0.868455337667182,168,0.9664163960547625,209,0.9985178848664276,195,0.962572144362204,186,916
149,-0.8382797052177744,12,-0.9659,21,35,17,894.9,7,611.0,0.9407256334184322,234,0.7616308271772382,215,0.9010608465890456,235,0.9790851619962411,226,0.9903865541535668,218,1128
149,-0.8382797052177744,13,-1.0,21,35,19,894.9,7,840.0,0.9720970156652392,238,0.6020737041184098,175,0.7782412000455021,225,0.901372936043252,237,0.9630777016731583,243,1118
149,-0.8382797052177744,14,-0.9659,23,31,24,894.1,7,755.0,0.9407256334184322,198,0.40065750505660847,114,0.6063273994436207,166,0.7706771590773149,186,0.8825066375608995,201,865
149,-0.8382797052177744,15,-0.866,23,29,28,894.9,7,786.0,0.848749391179793,229,0.17110838900786057,74,0.397035068412867,143,0.5959045195994579,184,0.7541641393344659,218,848
149,-0.8382797052177744,16,-0.7071,23,29,22,894.9,7,761.0,0.7024363080727652,199,1.326794896677558e-06,42,0.1646271124766496,69,0.38896546775948576,116,0.5867965248049422,158,584
149,-0.8382797052177744,17,-0.5,23,29,24,894.1,7,592.0,0.511757363522128,142,1.326794896677558e-06,35,1.326794896677558e-06,37,0.16396253977708874,65,0.3918096063615459,120,399
149,-0.8382797052177744,18,-0.2588,22,33,20,894.9,7,396.0,0.2897069928457166,81,1.326794896677558e-06,26,1.326794896677558e-06,25,1.326794896677558e-06,23,0.18249140568407443,54,209
149,-0.8382797052177744,19,0.0,21,35,26,894.9,7,185.0,0.05141753987293245,25,1.326794896677558e-06,18,1.326794896677558e-06,20,1.326794896677558e-06,16,1.326794896677558e-06,18,97
149,-0.8382797052177744,20,0.2588,19,43,20,895.8,7,0.0,0.0,0,0.0,0,0.0,0,0.0,0,0.0,0,0
149,-0.8382797052177744,21,0.5,17,48,19,896.7,7,0.0,0.0,0,0.0,0,0.0,0,0.0,0,0.0,0,0
149,-0.8382797052177744,22,0.7071,16,52,15,897.6,7,0.0,0.0,0,0.0,0,0.0,0,0.0,0,0.0,0,0
149,-0.8382797052177744,23,0.866,15,55,11,897.6,7,0.0,0.0,0,0.0,0,0.0,0,0.0,0,0.0,0,0
149,-0.8382797052177744,24,0.9659,15,55,17,897.6,7,0.0,0.0,0,0.0,0,0.0,0,0.0,0,0.0,0,0
150,-0.8475409228928311,1,1.0,15,55,6,898.5,7,0.0,0.0,0,0.0,0,0.0,0,0.0,0,0.0,0,0
150,-0.8475409228928311,2,0.9659,14,59,11,898.5,10,0.0,0.0,0,0.0,0,0.0,0,0.0,0,0.0,0,0
150,-0.8475409228928311,3,0.866,13,63,11,898.5,10,0.0,0.0,0,0.0,0,0.0,0,0.0,0,0.0,0,0
150,-0.8475409228928311,4,0.7071,13,63,13,898.5,10,0.0,0.0,0,0.0,0,0.0,0,0.0,0,0.0,0,0
150,-0.8475409228928311,5,0.5,12,67,11,898.5,10,0.0,0.0,0,0.0,0,0.0,0,0.0,0,0.0,0,0
150,-0.8475409228928311,6,0.2588,12,67,9,898.5,10,0.0,0.0,0,0.0,0,0.0,0,0.0,0,0.0,0,0
150,-0.8475409228928311,7,0.0,14,59,9,898.5,10,123.0,0.05176662812998734,10,0.6843588772223874,12,0.6270059677804316,20,0.5269237350071774,25,0.39093260828956483,21,88
150,-0.8475409228928311,8,-0.2588,16,55,11,898.5,10,337.0,0.2898015542610201,39,0.8194284464405187,162,0.7938798483506678,163,0.7142297558346783,146,0.585906182777079,119,629
150,-0.8475409228928311,9,-0.5,18,49,7,899.4,10,540.0,0.5116147437915589,99,0.8978209701060892,207,0.9106205898827338,214,0.8613630323110277,198,0.7534051131172322,174,892
150,-0.8475409228928311,10,-0.7071,19,46,9,899.4,10,627.0,0.7020900163391168,157,0.9141941360311272,228,0.9692725160539227,243,0.9582966889445329,230,0.8820146379399139,212,1070
150,-0.8475409228928311,11,-0.866,20,40,15,898.5,10,862.0,0.8482468164539705,201,0.8674321418461693,232,0.9658386012468173,255,0.9984248667750281,248,0.96297024201402,237,1173
150,-0.8475409228928311,12,-0.9659,21,38,11,898.5,10,948.0,0.940124815109147,228,0.760721734951971,220,0.9005528607154631,249,0.9790129007958908,251,0.9907549420822023,247,1195
150,-0.8475409228928311,13,-1.0,22,35,15,897.6,10,983.0,0.9714626883012143,237,0.6013350476047408,188,0.7778644079788161,225,0.9013836860893547,235,0.9634752611907782,242,1127
150,-0.8475409228928311,14,-0.9659,24,31,17,897.6,10,956.0,0.940124815109147,234,0.40013398311721987,141,0.6061342304411488,188,0.7708275070569129,210,0.8829902565002028,227,1000
150,-0.8475409228928311,15,-0.866,25,29,13,896.7,10,881.0,0.8482468164539706,222,0.17083005784892707,84,0.3970654531592954,136,0.5962415494659912,172,0.7547848462288574,201,815
150,-0.8475409228928311,16,-0.7071,26,28,15,895.8,7,738.0,0.7020900163391168,190,1.326794896677558e-06,43,0.16490574177245135,75,0.38952353782856197,118,0.5875960040276427,160,586
150,-0.8475409228928311,17,-0.5,26,28,13,895.8,7,612.0,0.5116147437915589,136,1.326794896677558e-06,37,1.326794896677558e-06,38,0.16476094489422483,62,0.3928173592881227,105,378
150,-0.8475409228928311,18,-0.2588,26,28,7,894.9,7,311.0,0.2898015542610201,81,1.326794896677558e-06,29,1.326794896677558e-06,31,1.326794896677558e-06,30,0.1837227402324062,53,224
150,-0.8475409228928311,19,0.0,26,26,20,895.8,10,203.0,0.05176662812998734,40,1.326794896677558e-06,25,1.326794896677558e-06,26,1.326794896677558e-06,22,1.326794896677558e-06,25,138
150,-0.8475409228928311,20,0.2588,24,27,19,895.8,7,0.0,0.0,0,0.0,0,0.0,0,0.0,0,0.0,0,0
150,-0.8475409228928311,21,0.5,22,41,28,895.8,7,0.0,0.0,0,0.0,0,0.0,0,0.0,0,0.0,0,0
150,-0.8475409228928311,22,0.7071,22,41,24,895.8,7,0.0,0.0,0,0.0,0,0.0,0,0.0,0,0.0,0,0
150,-0.8475409228928311,23,0.866,21,40,13,895.8,5,0.0,0.0,0,0.0,0,0.0,0,0.0,0,0.0,0,0
150,-0.8475409228928311,24,0.9659,20,46,15,895.8,5,0.0,0.0,0,0.0,0,0.0,0,0.0,0,0.0,0,0
151,-0.8565509959010036,1,1.0,19,56,19,895.8,7,0.0,0.0,0,0.0,0,0.0,0,0.0,0,0.0,0,0
151,-0.8565509959010036,2,0.9659,17,68,4,895.8,5,0.0,0.0,0,0.0,0,0.0,0,0.0,0,0.0,0,0
151,-0.8565509959010036,3,0.866,17,63,7,895.8,5,0.0,0.0,0,0.0,0,0.0,0,0.0,0,0.0,0,0
151,-0.8565509959010036,4,0.7071,17,68,4,895.8,5,0.0,0.0,0,0.0,0,0.0,0,0.0,0,0.0,0,0
151,-0.8565509959010036,5,0.5,16,68,7,894.9,5,0.0,0.0,0,0.0,0,0.0,0,0.0,0,0.0,0,0
151,-0.8565509959010036,6,0.2588,15,72,11,895.8,5,0.0,0.0,0,0.0,0,0.0,0,0.0,0,0.0,0,0
151,-0.8565509959010036,7,0.0,17,68,11,895.8,5,64.0,0.0521007623006198,15,0.6835614088759009,14,0.6267952415405939,17,0.5273141115804768,18,0.39189748428175986,19,83
151,-0.8565509959010036,8,-0.2588,18,59,22,895.8,5,233.0,0.28989019402237215,47,0.8184916758552824,85,0.7934970188483507,88,0.7144269566386078,85,0.5866699750679423,77,382
151,-0.8565509959010036,9,-0.5,19,60,17,895.8,5,471.0,0.5114746192899222,92,0.8968033504161209,155,0.9101173613041493,164,0.8614084890332404,154,0.753996157395147,140,705
151,-0.8565509959010036,10,-0.7071,20,52,6,894.9,5,498.0,0.7017534475731879,123,0.9131596300906555,148,0.9687087975608677,159,0.9582421743488719,158,0.8824730423453427,152,740
151,-0.8565509959010036,11,-0.866,23,33,6,894.9,5,677.0,0.8477595107336936,200,0.8664458632768831,218,0.9652784242778739,242,0.9983289664852371,231,0.9633451538467044,224,1115
151,-0.8565509959010036,12,-0.9659,22,33,11,894.1,5,741.0,0.939542752190071,193,0.7598455107673898,187,0.9000600153608316,211,0.9789370207942211,209,0.9911011985052028,205,1005
151,-0.8565509959010036,13,-1.0,24,31,15,894.1,5,404.0,0.970848305468207,138,0.6006232109663963,110,0.7774981008281285,130,0.9013878715659952,137,0.963849654019511,143,658
151,-0.8565509959010036,14,-0.9659,25,29,15,893.2,5,295.0,0.939542752190071,79,0.3996296464292207,66,0.6059450300043286,76,0.7709663364695104,78,0.8834476547133239,82,381
151,-0.8565509959010036,15,-0.866,26,26,7,892.3,5,360.0,0.8477595107336936,118,0.170562210820182,78,0.39709187318597466,94,0.5965604359569835,105,0.7553744675356947,115,510
151,-0.8565509959010036,16,-0.7071,25,28,9,891.4,2,214.0,0.7017534475731879,52,1.326794896677558e-06,37,0.16517159685674127,45,0.3900556204345381,48,0.5883580535414701,52,234
151,-0.8565509959010036,17,-0.5,18,68,20,893.2,1,113.0,0.5114746192899222,27,1.326794896677558e-06,21,1.326794896677558e-06,25,0.16552483374111307,27,0.3937802914642872,30,130
151,-0.8565509959010036,18,-0.2588,19,68,19,892.3,5,169.0,0.28989019402237215,45,1.326794896677558e-06,33,1.326794896677558e-06,39,1.326794896677558e-06,42,0.1849013197537278,47,206
151,-0.8565509959010036,19,0.0,20,52,13,892.3,5,111.0,0.0521007623006198,26,1.326794896677558e-06,18,1.326794896677558e-06,20,1.326794896677558e-06,22,1.326794896677558e-06,24,110
151,-0.8565509959010036,20,0.2588,18,68,6,892.3,5,0.0,0.0,0,0.0,0,0.0,0,0.0,0,0.0,0,0
151,-0.8565509959010036,21,0.5,18,64,15,893.2,5,0.0,0.0,0,0.0,0,0.0,0,0.0,0,0.0,0,0
151,-0.8565509959010036,22,0.7071,17,68,9,893.2,5,0.0,0.0,0,0.0,0,0.0,0,0.0,0,0.0,0,0
151,-0.8565509959010036,23,0.866,16,72,11,894.1,5,0.0,0.0,0,0.0,0,0.0,0,0.0,0,0.0,0,0
151,-0.8565509959010036,24,0.9659,16,77,11,894.1,5,0.0,0.0,0,0.0,0,0.0,0,0.0,0,0.0,0,0
152,-0.865307254363206,1,1.0,15,82,19,894.1,5,0.0,0.0,0,0.0,0,0.0,0,0.0,0,0.0,0,0
152,-0.865307254363206,2,0.9659,14,77,17,893.2,5,0.0,0.0,0,0.0,0,0.0,0,0.0,0,0.0,0,0
152,-0.865307254363206,3,0.866,14,77,9,893.2,5,0.0,0.0,0,0.0,0,0.0,0,0.0,0,0.0,0,0
152,-0.865307254363206,4,0.7071,14,77,4,893.2,5,0.0,0.0,0,0.0,0,0.0,0,0.0,0,0.0,0,0
152,-0.865307254363206,5,0.5,12,88,7,892.3,5,0.0,0.0,0,0.0,0,0.0,0,0.0,0,0.0,0,0
152,-0.865307254363206,6,0.2588,12,82,9,892.3,5,0.0,0.0,0,0.0,0,0.0,0,0.0,0,0.0,0,0
152,-0.865307254363206,7,0.0,15,72,7,892.3,5,66.0,0.05241988645586808,14,1.326794896677558e-06,12,1.326794896677558e-06,14,0.05241988645586808,16,0.14680267679439332,17,73
152,-0.865307254363206,8,-0.2588,17,63,6,892.3,5,262.0,0.2899731381364864,51,0.08209651317195114,37,0.1925973821906903,43,0.2899731381364864,49,0.3675877898523853,53,233
152,-0.865307254363206,9,-0.5,18,59,7,891.4,5,455.0,0.5113374787460634,102,0.2894180608862139,68,0.4145015241069844,65,0.5113374787460634,76,0.5733267226229941,93,404
152,-0.865307254363206,10,-0.7071,19,56,7,891.4,5,487.0,0.7014273161083763,106,0.46744907642009403,81,0.605054896479666,89,0.7014273161083763,107,0.7499987237070039,117,500
152,-0.865307254363206,11,-0.866,21,49,15,891.4,5,546.0,0.8472883614647934,143,0.6040570614437717,113,0.7512716233982961,135,0.8472883614647934,146,0.8855639039957836,154,691
152,-0.865307254363206,12,-0.9659,22,41,17,891.4,5,483.0,0.9389804409300485,140,0.6899324237238912,115,0.8431872931423349,135,0.9389804409300485,140,0.970783733189505,146,676
152,-0.865307254363206,13,-1.0,23,31,15,890.5,5,452.0,0.9702549005525628,180,0.7192229093946682,151,0.8745380151665395,177,0.9702549005525628,176,0.9998506289496948,178,862
152,-0.865307254363206,14,-0.9659,21,49,9,890.5,5,335.0,0.9389804409300485,93,0.6899324237238912,76,0.8431872931423349,88,0.9389804409300485,93,0.970783733189505,98,448
152,-0.865307254363206,15,-0.866,18,56,33,890.5,3,111.0,0.8472883614647934,27,0.6040570614437717,21,0.7512716233982961,26,0.8472883614647934,27,0.8855639039957836,30,131
152,-0.865307254363206,16,-0.7071,15,67,13,892.3,5,120.0,0.7014273161083763,37,0.46744907642009403,29,0.6050548964796658,35,0.7014273161083763,38,0.7499987237070039,41,180
152,-0.865307254363206,17,-0.5,15,51,41,893.2,4,84.0,0.5113374787460635,23,0.2894180608862139,18,0.41450152410698476,21,0.5113374787460635,23,0.5733267226229942,25,110
152,-0.865307254363206,18,-0.2588,13,67,22,894.1,5,36.0,0.2899731381364864,10,0.08209651317195092,10,0.1925973821906903,10,0.2899731381364864,11,0.3675877898523853,12,53
152,-0.865307254363206,19,0.0,14,67,11,894.1,7,95.0,0.05241988645586808,23,1.326794896677558e-06,17,1.326794896677558e-06,20,0.05241988645586808,24,0.14680267679439332,28,112
152,-0.865307254363206,20,0.2588,15,63,13,894.1,7,0.0,0.0,0,0.0,0,0.0,0,0.0,0,0.0,0,0
152,-0.865307254363206,21,0.5,14,63,15,894.9,7,0.0,0.0,0,0.0,0,0.0,0,0.0,0,0.0,0,0
152,-0.865307254363206,22,0.7071,11,76,13,894.9,10,0.0,0.0,0,0.0,0,0.0,0,0.0,0,0.0,0,0
152,-0.865307254363206,23,0.866,10,87,11,895.8,7,0.0,0.0,0,0.0,0,0.0,0,0.0,0,0.0,0,0
152,-0.865307254363206,24,0.9659,10,87,9,895.8,10,0.0,0.0,0,0.0,0,0.0,0,0.0,0,0.0,0,0
153,-0.8738071036110808,1,1.0,9,87,4,895.8,7,0.0,0.0,0,0.0,0,0.0,0,0.0,0,0.0,0,0
153,-0.8738071036110808,2,0.9659,8,93,11,895.8,7,0.0,0.0,0,0.0,0,0.0,0,0.0,0,0.0,0,0
153,-0.8738071036110808,3,0.866,8,93,7,895.8,7,0.0,0.0,0,0.0,0,0.0,0,0.0,0,0.0,0,0
153,-0.8738071036110808,4,0.7071,8,87,4,895.8,10,0.0,0.0,0,0.0,0,0.0,0,0.0,0,0.0,0,0
153,-0.8738071036110808,5,0.5,8,87,7,895.8,7,0.0,0.0,0,0.0,0,0.0,0,0.0,0,0.0,0,0
153,-0.8738071036110808,6,0.2588,9,82,7,895.8,7,0.0,0.0,0,0.0,0,0.0,0,0.0,0,0.0,0,0
153,-0.8738071036110808,7,0.0,11,82,19,895.8,7,0.0,0.0,0,0.0,0,0.0,0,0.0,0,0.0,0,0
153,-0.8738071036110808,8,-0.2588,12,77,11,896.7,7,339.0,0.2900506049400506,41,0.08106995044705653,22,0.1921060940609673,25,0.2900506049400506,26,0.36822873225975206,27,141
153,-0.8738071036110808,9,-0.5,14,67,7,896.7,7,556.0,0.511203792997198,107,0.28819374083699506,58,0.41379856864588405,36,0.511203792997198,48,0.5737714169715673,71,320
153,-0.8738071036110808,10,-0.7071,16,59,7,896.7,7,663.0,0.7011123096089635,144,0.4660549383308717,103,0.6041701782050128,115,0.7011123096089635,145,0.7502748960854444,161,668
153,-0.8738071036110808,11,-0.866,16,55,20,896.7,7,434.0,0.8468342226887822,148,0.6025326174025714,116,0.7502474336341441,140,0.8468342226887822,151,0.8857107649484018,158,713
153,-0.8738071036110808,12,-0.9659,17,52,24,896.7,5,224.0,0.9384388399596807,117,0.6883260659421767,95,0.8420754279434305,113,0.9384388399596807,115,0.9708493055931652,119,559
153,-0.8738071036110808,13,-1.0,17,45,11,896.7,5,332.0,0.9696834678582716,153,0.7175886123623956,128,0.8733962455110249,148,0.9696834678582716,151,0.9998884753449958,153,733
153,-0.8738071036110808,14,-0.9659,21,28,22,896.7,7,523.0,0.9384388399596807,242,0.6883260659421767,200,0.8420754279434305,236,0.9384388399596807,239,0.9708493055931652,239,1156
153,-0.8738071036110808,15,-0.866,20,28,20,897.6,7,780.0,0.8468342226887823,241,0.6025326174025715,195,0.7502474336341444,231,0.8468342226887823,236,0.8857107649484018,236,1139
153,-0.8738071036110808,16,-0.7071,19,32,22,897.6,7,723.0,0.7011123096089635,198,0.4660549383308717,151,0.6041701782050128,183,0.7011123096089635,194,0.7502748960854444,200,926
153,-0.8738071036110808,17,-0.5,20,26,15,897.6,7,566.0,0.511203792997198,141,0.2881937408369952,95,0.41379856864588427,122,0.511203792997198,134,0.5737714169715675,144,636
153,-0.8738071036110808,18,-0.2588,19,30,22,897.6,7,279.0,0.2900506049400508,67,0.08106995044705653,40,0.1921060940609675,53,0.2900506049400508,62,0.36822873225975206,71,293
153,-0.8738071036110808,19,0.0,19,32,19,897.6,10,176.0,0.05272394796588085,28,1.326794896677558e-06,18,1.326794896677558e-06,22,0.05272394796588085,28,0.1476542194168451,38,134
153,-0.8738071036110808,20,0.2588,16,45,20,898.5,10,0.0,0.0,0,0.0,0,0.0,0,0.0,0,0.0,0,0
153,-0.8738071036110808,21,0.5,14,55,17,899.4,10,0.0,0.0,0,0.0,0,0.0,0,0.0,0,0.0,0,0
153,-0.8738071036110808,22,0.7071,13,54,22,900.2,10,0.0,0.0,0,0.0,0,0.0,0,0.0,0,0.0,0,0
153,-0.8738071036110808,23,0.866,13,54,26,900.2,10,0.0,0.0,0,0.0,0,0.0,0,0.0,0,0.0,0,0
153,-0.8738071036110808,24,0.9659,11,62,17,901.1,10,0.0,0.0,0,0.0,0,0.0,0,0.0,0,0.0,0,0
154,-0.8820480249558537,1,1.0,10,62,19,901.1,10,0.0,0.0,0,0.0,0,0.0,0,0.0,0,0.0,0,0
154,-0.8820480249558537,2,0.9659,10,66,20,901.1,10,0.0,0.0,0,0.0,0,0.0,0,0.0,0,0.0,0,0
154,-0.8820480249558537,3,0.866,9,66,19,900.2,10,0.0,0.0,0,0.0,0,0.0,0,0.0,0,0.0,0,0
154,-0.8820480249558537,4,0.7071,7,76,11,900.2,10,0.0,0.0,0,0.0,0,0.0,0,0.0,0,0.0,0,0
154,-0.8820480249558537,5,0.5,6,81,7,900.2,10,0.0,0.0,0,0.0,0,0.0,0,0.0,0,0.0,0,0
154,-0.8820480249558537,6,0.2588,7,76,13,900.2,10,0.0,0.0,0,0.0,0,0.0,0,0.0,0,0.0,0,0
154,-0.8820480249558537,7,0.0,10,66,9,901.1,10,0.0,0.0,0,0.0,0,0.0,0,0.0,0,0.0,0,0
154,-0.8820480249558537,8,-0.2588,12,58,4,901.1,10,345.0,0.29012280472688307,37,0.2164782162115994,18,0.3029957873504064,21,0.36886478435096615,21,0.4095963482786115,20,117
154,-0.8820480249558537,9,-0.5,13,54,11,901.1,10,551.0,0.5110740143561137,103,0.40770458790126646,54,0.5116600576746034,30,0.5807468325268631,41,0.6102567690115859,64,292
154,-0.8820480249558537,10,-0.7071,15,48,9,901.1,10,688.0,0.7008090882140858,158,0.5617391949078113,110,0.6825361056262873,125,0.7568194054304508,161,0.7795268177400171,179,733
154,-0.8820480249558537,11,-0.866,16,45,11,901.1,7,770.0,0.8463979140155349,175,0.6680848515795338,136,0.8039790302084484,165,0.8850834663562039,178,0.9058710356088688,188,842
154,-0.8820480249558537,12,-0.9659,17,42,9,901.1,7,467.0,0.9379188691363294,199,0.719494289736912,161,0.8677127105637567,191,0.9567980449973338,197,0.9806792848285627,201,949
154,-0.8820480249558537,13,-1.0,18,40,15,900.2,7,377.0,0.9691349614352447,221,0.7124640493905123,185,0.8693938107234481,217,0.967075920205916,214,0.9988535146797686,214,1051
154,-0.8820480249558537,14,-0.9659,19,37,11,900.2,7,744.0,0.9379188691363294,239,0.6474732225506725,196,0.8089077614379314,232,0.9152166691583558,239,0.9591551812745319,242,1148
154,-0.8820480249558537,15,-0.866,21,35,11,899.4,7,505.0,0.8463979140155349,187,0.5289508254064549,151,0.6903765853847551,178,0.8047544123082055,184,0.8642896585098232,189,889
154,-0.8820480249558537,16,-0.7071,20,40,9,899.4,5,573.0,0.7008090882140858,187,0.3649739472408477,146,0.5218779711106596,175,0.6432169569941585,185,0.7207218652842801,192,885
154,-0.8820480249558537,17,-0.5,20,37,15,899.4,7,367.0,0.5110740143561139,40,0.1667173218613514,32,0.3148948016994398,38,0.441612797054575,40,0.538235696141033,42,192
154,-0.8820480249558537,18,-0.2588,19,37,17,899.4,5,128.0,0.29012280472688307,30,1.326794896677558e-06,23,0.08353261489364046,27,0.21368090244926152,31,0.3292672658971942,35,146
154,-0.8820480249558537,19,0.0,20,33,17,899.4,7,75.0,0.05301289740604341,17,1.326794896677558e-06,13,1.326794896677558e-06,16,1.326794896677558e-06,17,0.10805741111988423,20,83
154,-0.8820480249558537,20,0.2588,17,39,15,900.2,7,0.0,0.0,0,0.0,0,0.0,0,0.0,0,0.0,0,0
154,-0.8820480249558537,21,0.5,16,42,19,901.1,7,0.0,0.0,0,0.0,0,0.0,0,0.0,0,0.0,0,0
154,-0.8820480249558537,22,0.7071,14,48,15,902.0,10,0.0,0.0,0,0.0,0,0.0,0,0.0,0,0.0,0,0
154,-0.8820480249558537,23,0.866,13,51,17,902.0,10,0.0,0.0,0,0.0,0,0.0,0,0.0,0,0.0,0,0
154,-0.8820480249558537,24,0.9659,13,54,24,902.0,10,0.0,0.0,0,0.0,0,0.0,0,0.0,0,0.0,0,0
155,-0.8900275764346767,1,1.0,12,58,19,902.0,10,0.0,0.0,0,0.0,0,0.0,0,0.0,0,0.0,0,0
155,-0.8900275764346767,2,0.9659,11,62,17,902.0,10,0.0,0.0,0,0.0,0,0.0,0,0.0,0,0.0,0,0
155,-0.8900275764346767,3,0.866,10,66,13,902.0,10,0.0,0.0,0,0.0,0,0.0,0,0.0,0,0.0,0,0
155,-0.8900275764346767,4,0.7071,10,66,15,901.1,10,0.0,0.0,0,0.0,0,0.0,0,0.0,0,0.0,0,0
155,-0.8900275764346767,5,0.5,11,62,15,901.1,7,0.0,0.0,0,0.0,0,0.0,0,0.0,0,0.0,0,0
155,-0.8900275764346767,6,0.2588,11,62,11,902.0,7,0.0,0.0,0,0.0,0,0.0,0,0.0,0,0.0,0,0
155,-0.8900275764346767,7,0.0,11,62,17,902.0,5,0.0,0.0,0,0.0,0,0.0,0,0.0,0,0.0,0,0
155,-0.8900275764346767,8,-0.2588,13,58,24,902.0,7,196.0,0.29018993939031346,46,0.2154562696777415,39,0.3024731105203951,44,0.36887699669824386,49,0.4101426175003545,52,230
155,-0.8900275764346767,9,-0.5,14,55,22,902.9,7,433.0,0.5109485760055043,99,0.40651597563263114,85,0.5109555167842544,79,0.5805743762189758,104,0.6106281498527413,112,479
155,-0.8900275764346767,10,-0.7071,15,51,19,902.0,7,719.0,0.7005182837190681,162,0.560416331847801,141,0.6816826355005247,169,0.7564934907177036,185,0.7797506689429843,192,849
155,-0.8900275764346767,11,-0.866,17,48,19,902.0,5,804.0,0.8459802196411841,208,0.6666693016284393,181,0.803019714930197,210,0.8846457613949109,221,0.9059847697843916,224,1044
155,-0.8900275764346767,12,-0.9659,17,45,17,902.0,5,746.0,0.9374214084592699,185,0.7180339332446342,159,0.8666978473725115,185,0.9562978362436689,190,0.9807278188578197,192,911
155,-0.8900275764346767,13,-1.0,18,42,26,902.0,5,457.0,0.9686102939594228,146,0.711009820339122,122,0.868377482467369,144,0.9665667537185739,145,0.9988862087562767,149,706
155,-0.8900275764346767,14,-0.9659,18,42,26,902.0,5,340.0,0.9374214084592699,88,0.646075636923518,73,0.8079441504602437,84,0.9147527012042028,89,0.9592224749284523,93,427
155,-0.8900275764346767,15,-0.866,19,40,19,902.0,5,307.0,0.8459802196411841,79,0.5276565394609021,67,0.6895162817873234,76,0.8043867192017976,81,0.8644396335009985,84,387
155,-0.8900275764346767,16,-0.7071,19,37,19,901.1,5,234.0,0.700518283719068,59,0.363822577396776,47,0.5211645246651802,54,0.6429900540123781,59,0.7209969687496465,64,283
155,-0.8900275764346767,17,-0.5,19,37,22,901.1,5,180.0,0.5109485760055045,47,0.16573874505596675,36,0.3143617541282613,43,0.4415616048873755,47,0.5386698479454477,49,222
155,-0.8900275764346767,18,-0.2588,19,35,19,901.1,5,260.0,0.29018993939031346,80,1.326794896677558e-06,44,0.08320121406477883,55,0.21382836742260733,67,0.32988354706030015,81,327
155,-0.8900275764346767,19,0.0,18,37,26,901.1,5,178.0,0.05328668846553569,39,1.326794896677558e-06,23,1.326794896677558e-06,26,1.326794896677558e-06,28,0.1088664908919631,38,154
155,-0.8900275764346767,20,0.2588,17,39,22,901.1,5,0.0,0.0,0,0.0,0,0.0,0,0.0,0,0.0,0,0
155,-0.8900275764346767,21,0.5,16,42,15,901.1,5,0.0,0.0,0,0.0,0,0.0,0,0.0,0,0.0,0,0
155,-0.8900275764346767,22,0.7071,15,42,15,902.0,5,0.0,0.0,0,0.0,0,0.0,0,0.0,0,0.0,0,0
155,-0.8900275764346767,23,0.866,14,48,17,902.0,7,0.0,0.0,0,0.0,0,0.0,0,0.0,0,0.0,0,0
155,-0.8900275764346767,24,0.9659,12,54,19,902.0,7,0.0,0.0,0,0.0,0,0.0,0,0.0,0,0.0,0,0
156,-0.8977433935342337,1,1.0,12,58,17,902.0,7,0.0,0.0,0,0.0,0,0.0,0,0.0,0,0.0,0,0
156,-0.8977433935342337,2,0.9659,12,58,17,902.0,7,0.0,0.0,0,0.0,0,0.0,0,0.0,0,0.0,0,0
156,-0.8977433935342337,3,0.866,12,54,17,902.0,7,0.0,0.0,0,0.0,0,0.0,0,0.0,0,0.0,0,0
156,-0.8977433935342337,4,0.7071,12,58,13,901.1,7,0.0,0.0,0,0.0,0,0.0,0,0.0,0,0.0,0,0
156,-0.8977433935342337,5,0.5,11,62,13,901.1,7,0.0,0.0,0,0.0,0,0.0,0,0.0,0,0.0,0,0
156,-0.8977433935342337,6,0.2588,10,66,20,901.1,5,0.0,0.0,0,0.0,0,0.0,0,0.0,0,0.0,0,0
156,-0.8977433935342337,7,0.0,12,58,13,901.1,7,0.0,0.0,0,0.0,0,0.0,0,0.0,0,0.0,0,0
156,-0.8977433935342337,8,-0.2588,13,51,22,901.1,7,341.0,0.29025220208119373,41,0.3506199540055305,63,0.4131279470969406,27,0.4474820472555472,27,0.45134108189119787,25,183
156,-0.8977433935342337,9,-0.5,14,48,26,901.1,7,553.0,0.5108278914199642,104,0.5227050485170286,118,0.6060741550247115,108,0.6481404076439917,116,0.6460370646895477,113,559
156,-0.8977433935342337,10,-0.7071,16,45,22,901.1,7,466.0,0.7002404987947461,133,0.6504707295733811,122,0.7554250532009251,141,0.8088985094521574,150,0.807246976228372,154,700
156,-0.8977433935342337,11,-0.866,16,45,22,901.1,7,643.0,0.8455818874119228,180,0.7252099922233253,159,0.85100264150265,183,0.9188009702711107,187,0.9239846419793036,193,902
156,-0.8977433935342337,12,-0.9659,17,39,20,901.1,7,606.0,0.9369472970357294,188,0.7418294880325581,164,0.8862934760104642,190,0.9703581305278055,193,0.9882945938834002,196,931
156,-0.8977433935342337,13,-1.0,17,39,19,901.1,7,562.0,0.9681103356654719,144,0.6991966323487186,120,0.8588925523859963,138,0.960056463030955,147,0.9957942225123315,153,702
156,-0.8977433935342337,14,-0.9659,18,37,19,900.2,7,413.0,0.9369472970357294,108,0.6002167654272883,90,0.7706671842683567,102,0.8885980005783302,109,0.9459724372907802,113,522
156,-0.8977433935342337,15,-0.866,19,35,22,900.2,5,547.0,0.8455818874119229,194,0.45163520334910334,141,0.6276297856770383,170,0.760852519495397,180,0.8422245097673393,189,874
156,-0.8977433935342337,16,-0.7071,17,37,22,900.2,7,391.0,0.7002404987947464,107,0.2635775119198259,79,0.43952809914308855,94,0.5855256472514971,102,0.6916206785946141,110,492
156,-0.8977433935342337,17,-0.5,19,32,22,899.4,7,477.0,0.5108278914199642,134,0.04885948976304684,59,0.21918092275051346,83,0.37456560252806675,105,0.5044243322353229,125,506
156,-0.8977433935342337,18,-0.2588,19,32,17,899.4,7,426.0,0.29025220208119373,100,1.326794896677558e-06,32,1.326794896677558e-06,38,0.1423489429701045,59,0.2933925762701087,87,316
156,-0.8977433935342337,19,0.0,18,34,22,899.4,7,107.0,0.053545277858629135,27,1.326794896677558e-06,19,1.326794896677558e-06,23,1.326794896677558e-06,24,0.07290686000415618,27,120
156,-0.8977433935342337,20,0.2588,16,36,17,899.4,5,0.0,0.0,0,0.0,0,0.0,0,0.0,0,0.0,0,0
156,-0.8977433935342337,21,0.5,16,36,11,899.4,7,0.0,0.0,0,0.0,0,0.0,0,0.0,0,0.0,0,0
156,-0.8977433935342337,22,0.7071,16,36,15,900.2,7,0.0,0.0,0,0.0,0,0.0,0,0.0,0,0.0,0,0
156,-0.8977433935342337,23,0.866,15,42,26,900.2,10,0.0,0.0,0,0.0,0,0.0,0,0.0,0,0.0,0,0
156,-0.8977433935342337,24,0.9659,14,44,22,900.2,10,0.0,0.0,0,0.0,0,0.0,0,0.0,0,0.0,0,0
157,-0.9051931898913974,1,1.0,13,51,20,900.2,10,0.0,0.0,0,0.0,0,0.0,0,0.0,0,0.0,0,0
157,-0.9051931898913974,2,0.9659,13,54,13,900.2,10,0.0,0.0,0,0.0,0,0.0,0,0.0,0,0.0,0,0
157,-0.9051931898913974,3,0.866,11,62,11,900.2,10,0.0,0.0,0,0.0,0,0.0,0,0.0,0,0.0,0,0
157,-0.9051931898913974,4,0.7071,12,54,13,899.4,10,0.0,0.0,0,0.0,0,0.0,0,0.0,0,0.0,0,0
157,-0.9051931898913974,5,0.5,10,62,7,899.4,10,0.0,0.0,0,0.0,0,0.0,0,0.0,0,0.0,0,0
157,-0.9051931898913974,6,0.2588,10,62,4,899.4,10,0.0,0.0,0,0.0,0,0.0,0,0.0,0,0.0,0,0
157,-0.9051931898913974,7,0.0,13,54,15,900.2,10,0.0,0.0,0,0.0,0,0.0,0,0.0,0,0.0,0,0
157,-0.9051931898913974,8,-0.2588,14,51,17,900.2,10,357.0,0.2903097768819402,36,0.34966454121567114,61,0.4126244335121294,23,0.4474647464419968,18,0.4518111728543971,17,155
157,-0.9051931898913974,9,-0.5,15,48,17,900.2,10,558.0,0.5107123538161382,102,0.5216145798977684,121,0.6054192133129747,143,0.6479656259712506,117,0.6463543541183433,109,592
157,-0.9051931898913974,10,-0.7071,17,42,17,900.2,10,735.0,0.6999763062453533,164,0.6492799878867683,169,0.7546528978578023,204,0.808597561487871,204,0.8074377447226734,204,945
157,-0.9051931898913974,11,-0.866,18,34,19,900.2,10,874.0,0.8452036279343645,206,0.7239605936648357,195,0.8501554749206112,230,0.918413768582461,235,0.924083792304062,235,1101
157,-0.9051931898913974,12,-0.9659,19,32,19,900.2,10,965.0,0.9364973320985108,230,0.7405670461604809,206,0.8854186124627114,239,0.9699304657147991,247,0.9883432724114883,248,1170
157,-0.9051931898913974,13,-1.0,20,30,9,899.4,10,996.0,0.9676359133327729,240,0.6979676450345059,200,0.8580391899161849,234,0.95963688054536,245,0.9958370138115404,250,1169
157,-0.9051931898913974,14,-0.9659,21,28,6,899.4,10,978.0,0.9364973320985108,240,0.599065464059136,183,0.7698830665900824,216,0.8882345028045734,236,0.9460543311332097,244,1119
157,-0.9051931898913974,15,-0.866,21,28,9,899.4,10,902.0,0.8452036279343647,241,0.45060051176829463,160,0.6269579266664049,181,0.7605892790191335,225,0.8423878271586225,238,1045
157,-0.9051931898913974,16,-0.7071,22,27,11,898.5,10,772.0,0.6999763062453532,179,0.2626904117812226,91,0.43900386617888154,130,0.5854000069441165,153,0.6919021930412522,171,724
157,-0.9051931898913974,17,-0.5,23,23,11,898.5,10,609.0,0.5107123538161382,155,0.04814090462415349,48,0.21882962276508236,68,0.37460552806455055,114,0.5048527623351645,143,528
157,-0.9051931898913974,18,-0.2588,22,25,13,898.5,10,415.0,0.29030977688194,98,1.326794896677558e-06,22,1.326794896677558e-06,23,0.14257111702396463,52,0.29398662859578795,83,278
157,-0.9051931898913974,19,0.0,22,25,15,898.5,10,202.0,0.05378862523899293,37,1.326794896677558e-06,17,1.326794896677558e-06,16,1.326794896677558e-06,15,0.07367395428895183,28,113
157,-0.9051931898913974,20,0.2588,21,23,15,898.5,10,0.0,0.0,0,0.0,0,0.0,0,0.0,0,0.0,0,0
157,-0.9051931898913974,21,0.5,18,28,7,898.5,10,0.0,0.0,0,0.0,0,0.0,0,0.0,0,0.0,0,0
157,-0.9051931898913974,22,0.7071,16,31,7,899.4,10,0.0,0.0,0,0.0,0,0.0,0,0.0,0,0.0,0,0
157,-0.9051931898913974,23,0.866,15,36,9,899.4,10,0.0,0.0,0,0.0,0,0.0,0,0.0,0,0.0,0,0
157,-0.9051931898913974,24,0.9659,14,41,7,899.4,10,0.0,0.0,0,0.0,0,0.0,0,0.0,0,0.0,0,0
158,-0.9123747579707273,1,1.0,13,44,6,900.2,10,0.0,0.0,0,0.0,0,0.0,0,0.0,0,0.0,0,0
158,-0.9123747579707273,2,0.9659,13,41,7,899.4,10,0.0,0.0,0,0.0,0,0.0,0,0.0,0,0.0,0,0
158,-0.9123747579707273,3,0.866,12,47,7,899.4,10,0.0,0.0,0,0.0,0,0.0,0,0.0,0,0.0,0,0
158,-0.9123747579707273,4,0.7071,10,50,11,899.4,10,0.0,0.0,0,0.0,0,0.0,0,0.0,0,0.0,0,0
158,-0.9123747579707273,5,0.5,9,50,2,899.4,10,0.0,0.0,0,0.0,0,0.0,0,0.0,0,0.0,0,0
158,-0.9123747579707273,6,0.2588,10,50,6,899.4,10,0.0,0.0,0,0.0,0,0.0,0,0.0,0,0.0,0,0
158,-0.9123747579707273,7,0.0,14,41,4,900.2,10,133.0,0.054016693117282466,10,0.2900059262957121,24,0.30798381487018445,10,0.3049732090953191,10,0.28117927660293524,11,65
158,-0.9123747579707273,8,-0.2588,18,40,11,900.2,10,355.0,0.29036283849696964,37,0.480690598872605,108,0.5198657551170929,26,0.5236130175866945,30,0.4916770168477947,18,219
158,-0.9123747579707273,9,-0.5,19,37,15,900.2,10,556.0,0.5106023356314817,101,0.6311667199733029,156,0.6950883840303222,155,0.7116410261280588,156,0.6796966126824465,135,703
158,-0.9123747579707273,10,-0.7071,20,35,15,900.2,10,726.0,0.6997262483055136,157,0.731179608244489,188,0.8217105883765498,203,0.856243455390401,204,0.8324248551601204,199,951
158,-0.9123747579707273,11,-0.866,21,31,11,900.2,10,863.0,0.8448461137330617,198,0.7739135623324193,203,0.8911032882751864,227,0.9475659035894936,232,0.9394535806783166,229,1089
158,-0.9123747579707273,12,-0.9659,23,25,9,900.2,10,953.0,0.936072268075831,222,0.7564563388847881,195,0.8985374936567772,235,0.979384906285591,240,0.9934889684470442,240,1132
158,-0.9123747579707273,13,-1.0,24,24,11,899.4,10,916.0,0.9671878093253556,220,0.679997621598927,185,0.843506580469174,217,0.9495320571327235,225,0.9908486026580499,228,1075
158,-0.9123747579707273,14,-0.9659,25,22,19,899.4,10,965.0,0.936072268075831,233,0.5497479226571728,166,0.7297607968379605,210,0.8600417672023646,225,0.9317124154095846,234,1068
158,-0.9123747579707273,15,-0.866,26,23,19,898.5,7,881.0,0.8448461137330617,211,0.37458354264800814,119,0.5650517287847053,173,0.7170126507055794,192,0.8201104387389208,206,901
158,-0.9123747579707273,16,-0.7071,27,21,7,898.5,7,763.0,0.6997262483055136,170,0.1664416192512289,69,0.36060400493869066,118,0.5301918881362231,141,0.6636481511064947,162,660
158,-0.9123747579707273,17,-0.5,27,21,9,897.6,7,450.0,0.5106023356314817,123,1.326794896677558e-06,36,0.13035037744900266,61,0.31231098710365013,86,0.4729881848512725,114,420
158,-0.9123747579707273,18,-0.2588,27,21,15,897.6,7,316.0,0.29036283849696987,60,1.326794896677558e-06,28,1.326794896677558e-06,31,0.07821815030671321,37,0.26112368571653105,52,208
158,-0.9123747579707273,19,0.0,25,21,15,897.6,7,202.0,0.054016693117282466,42,1.326794896677558e-06,19,1.326794896677558e-06,23,1.326794896677558e-06,22,0.04249285382421643,32,138
158,-0.9123747579707273,20,0.2588,24,24,15,897.6,7,0.0,0.0,0,0.0,0,0.0,0,0.0,0,0.0,0,0
158,-0.9123747579707273,21,0.5,21,28,13,898.5,10,0.0,0.0,0,0.0,0,0.0,0,0.0,0,0.0,0,0
158,-0.9123747579707273,22,0.7071,19,30,11,898.5,10,0.0,0.0,0,0.0,0,0.0,0,0.0,0,0.0,0,0
158,-0.9123747579707273,23,0.866,19,32,11,899.4,10,0.0,0.0,0,0.0,0,0.0,0,0.0,0,0.0,0,0
158,-0.9123747579707273,24,0.9659,18,34,11,899.4,10,0.0,0.0,0,0.0,0,0.0,0,0.0,0,0.0,0,0
159,-0.9192859697186104,1,1.0,18,34,4,898.5,10,0.0,0.0,0,0.0,0,0.0,0,0.0,0,0.0,0,0
159,-0.9192859697186104,2,0.9659,16,39,4,898.5,10,0.0,0.0,0,0.0,0,0.0,0,0.0,0,0.0,0,0
159,-0.9192859697186104,3,0.866,16,42,11,898.5,10,0.0,0.0,0,0.0,0,0.0,0,0.0,0,0.0,0,0
159,-0.9192859697186104,4,0.7071,16,42,7,897.6,10,0.0,0.0,0,0.0,0,0.0,0,0.0,0,0.0,0,0
159,-0.9192859697186104,5,0.5,15,42,9,897.6,10,0.0,0.0,0,0.0,0,0.0,0,0.0,0,0.0,0,0
159,-0.9192859697186104,6,0.2588,13,47,4,897.6,10,0.0,0.0,0,0.0,0,0.0,0,0.0,0,0.0,0,0
159,-0.9192859697186104,7,0.0,15,45,4,898.5,10,169.0,0.054229446782274496,15,0.2892981568982983,14,0.3076863426245962,17,0.30510630623156454,18,0.2817338727844726,20,84
159,-0.9192859697186104,8,-0.2588,19,37,4,898.5,10,452.0,0.29041155195987817,33,0.4798504815798397,40,0.5194212225798389,35,0.5235943639363763,38,0.49208551330875827,37,183
159,-0.9192859697186104,9,-0.5,23,27,4,898.5,7,586.0,0.5104981880320676,87,0.6302221622046886,115,0.6945222352338946,124,0.7114918683677561,127,0.6799746108127144,116,569
159,-0.9192859697186104,10,-0.7071,24,24,7,897.6,7,871.0,0.6994908359768427,139,0.7301656348531018,153,0.8210565552798278,172,0.8559939338086566,175,0.8325968495651601,173,812
159,-0.9192859697186104,11,-0.866,25,22,7,897.6,5,389.0,0.8445099784557354,177,0.7728699287233209,177,0.8904010919928494,201,0.9472529980839263,203,0.9395512899195272,202,960
159,-0.9192859697186104,12,-0.9659,26,21,13,896.7,7,351.0,0.9356728157139679,128,0.7554248217544772,111,0.8978301375375818,127,0.979049916251747,131,0.9935491734817575,133,630
159,-0.9192859697186104,13,-1.0,25,24,9,896.7,7,274.0,0.9667667606863788,138,0.6790191718981852,116,0.8428374194716919,135,0.9492177869694612,136,0.9909106402771205,138,663
159,-0.9192859697186104,14,-0.9659,27,23,9,895.8,2,374.0,0.9356728157139679,103,0.5488598749705269,81,0.7291705830618427,96,0.8597896093365953,100,0.9318154975421233,103,483
159,-0.9192859697186104,15,-0.866,25,28,22,895.8,2,563.0,0.8445099784557354,134,0.3738170707373361,93,0.5645758341497666,115,0.7168597646760292,126,0.8202909801809831,134,602
159,-0.9192859697186104,16,-0.7071,25,34,15,894.9,5,602.0,0.6994908359768426,163,0.16581961173382628,82,0.3602700107470481,113,0.5301686683060763,136,0.6639372879548184,154,648
159,-0.9192859697186104,17,-0.5,26,32,15,894.9,5,385.0,0.5104981880320676,153,1.326794896677558e-06,51,0.1301761947481478,76,0.312438991326086,107,0.473409652628569,136,523
159,-0.9192859697186104,18,-0.2588,22,46,43,894.9,4,97.0,0.29041155195987817,90,1.326794896677558e-06,39,1.326794896677558e-06,43,0.07850863080141586,55,0.2616922018420172,75,302
159,-0.9192859697186104,19,0.0,18,68,4,896.7,1,0.0,0.054229446782274496,20,1.326794896677558e-06,13,1.326794896677558e-06,15,1.326794896677558e-06,16,0.04321311465224999,20,84
159,-0.9192859697186104,20,0.2588,17,77,17,896.7,2,0.0,0.0,0,0.0,0,0.0,0,0.0,0,0.0,0,0
159,-0.9192859697186104,21,0.5,14,88,22,897.6,2,0.0,0.0,0,0.0,0,0.0,0,0.0,0,0.0,0,0
159,-0.9192859697186104,22,0.7071,15,88,19,898.5,2,0.0,0.0,0,0.0,0,0.0,0,0.0,0,0.0,0,0
159,-0.9192859697186104,23,0.866,15,88,7,898.5,5,0.0,0.0,0,0.0,0,0.0,0,0.0,0,0.0,0,0
159,-0.9192859697186104,24,0.9659,16,82,6,897.6,4,0.0,0.0,0,0.0,0,0.0,0,0.0,0,0.0,0,0
160,-0.9259247771938498,1,1.0,15,88,4,896.7,5,0.0,0.0,0,0.0,0,0.0,0,0.0,0,0.0,0,0
160,-0.9259247771938498,2,0.9659,15,88,7,896.7,5,0.0,0.0,0,0.0,0,0.0,0,0.0,0,0.0,0,0
160,-0.9259247771938498,3,0.866,15,88,4,896.7,7,0.0,0.0,0,0.0,0,0.0,0,0.0,0,0.0,0,0
160,-0.9259247771938498,4,0.7071,13,94,4,895.8,7,0.0,0.0,0,0.0,0,0.0,0,0.0,0,0.0,0,0
160,-0.9259247771938498,5,0.5,12,94,7,895.8,10,0.0,0.0,0,0.0,0,0.0,0,0.0,0,0.0,0,0
160,-0.9259247771938498,6,0.2588,12,94,9,895.8,7,0.0,0.0,0,0.0,0,0.0,0,0.0,0,0.0,0,0
160,-0.9259247771938498,7,0.0,13,88,6,895.8,7,0.0,0.0,0,0.0,0,0.0,0,0.0,0,0.0,0,0
160,-0.9259247771938498,8,-0.2588,15,82,7,895.8,7,331.0,0.2904560723576865,39,0.6029321075291094,114,0.6201407919955698,91,0.5950880078533838,76,0.5294810586642426,50,370
160,-0.9259247771938498,9,-0.5,18,68,4,895.8,7,521.0,0.5104002404498326,94,0.7299804625060903,157,0.776164517981823,168,0.7694543504752643,163,0.7103072461255571,152,734
160,-0.9259247771938498,10,-0.7071,19,60,6,895.8,7,600.0,0.6992705484046143,144,0.8015859197993587,180,0.8795318603819369,197,0.8975392668210812,194,0.8543809660958547,185,900
160,-0.9259247771938498,11,-0.866,22,46,7,895.8,7,857.0,0.8441958161267245,194,0.8128686941096497,209,0.9231985169851994,234,0.9706139944752793,232,0.9518838455096277,226,1095
160,-0.9259247771938498,12,-0.9659,22,46,11,894.9,7,949.0,0.9352996412532519,219,0.7630598843184071,203,0.9041886821195846,231,0.9836986190072187,236,0.9961712332785196,237,1126
160,-0.9259247771938498,13,-1.0,23,44,7,894.9,7,347.0,0.9663734582877019,182,0.6555538788506747,148,0.8237978475096648,175,0.9359014497563329,180,0.9842250231048676,184,869
160,-0.9259247771938498,14,-0.9659,24,38,11,894.1,5,375.0,0.9352996412532519,177,0.497677003966309,127,0.6875044922068876,156,0.8304797695541151,166,0.91685932298765,174,800
160,-0.9259247771938498,15,-0.866,25,34,11,893.2,5,851.0,0.8441958161267245,211,0.3001883074557149,120,0.5045967828652342,162,0.6746178912890176,185,0.798664993118177,204,882
160,-0.9259247771938498,16,-0.7071,24,38,11,893.2,7,253.0,0.6992705484046147,62,0.0765462887143321,43,0.2875395528466385,52,0.4789375252930555,58,0.6376967691323823,63,278
160,-0.9259247771938498,17,-0.5,24,38,20,893.2,5,320.0,0.5104002404498329,103,1.326794896677558e-06,46,0.05112487072386427,53,0.2567739463033241,70,0.4449243554396103,92,364
160,-0.9259247771938498,18,-0.2588,22,46,15,892.3,5,275.0,0.29045607235768633,65,1.326794896677558e-06,35,1.326794896677558e-06,39,0.02326721517512296,44,0.23348485799740532,57,240
160,-0.9259247771938498,19,0.0,21,46,33,893.2,2,104.0,0.054426854225784985,22,1.326794896677558e-06,17,1.326794896677558e-06,19,1.326794896677558e-06,19,0.01778751473674644,22,99
160,-0.9259247771938498,20,0.2588,18,68,22,894.1,2,0.0,0.0,0,0.0,0,0.0,0,0.0,0,0.0,0,0
160,-0.9259247771938498,21,0.5,18,59,31,894.9,5,0.0,0.0,0,0.0,0,0.0,0,0.0,0,0.0,0,0
160,-0.9259247771938498,22,0.7071,17,63,24,895.8,5,0.0,0.0,0,0.0,0,0.0,0,0.0,0,0.0,0,0
160,-0.9259247771938498,23,0.866,16,72,17,894.9,4,0.0,0.0,0,0.0,0,0.0,0,0.0,0,0.0,0,0
160,-0.9259247771938498,24,0.9659,16,72,4,894.9,5,0.0,0.0,0,0.0,0,0.0,0,0.0,0,0.0,0,0
161,-0.9322892131745133,1,1.0,15,82,7,894.9,7,0.0,0.0,0,0.0,0,0.0,0,0.0,0,0.0,0,0
161,-0.9322892131745133,2,0.9659,15,82,6,894.9,7,0.0,0.0,0,0.0,0,0.0,0,0.0,0,0.0,0,0
161,-0.9322892131745133,3,0.866,15,82,6,894.1,7,0.0,0.0,0,0.0,0,0.0,0,0.0,0,0.0,0,0
161,-0.9322892131745133,4,0.7071,14,88,11,894.1,7,0.0,0.0,0,0.0,0,0.0,0,0.0,0,0.0,0,0
161,-0.9322892131745133,5,0.5,13,88,7,894.1,7,0.0,0.0,0,0.0,0,0.0,0,0.0,0,0.0,0,0
161,-0.9322892131745133,6,0.2588,13,82,6,893.2,7,0.0,0.0,0,0.0,0,0.0,0,0.0,0,0.0,0,0
161,-0.9322892131745133,7,0.0,14,82,9,894.1,7,0.0,0.0,0,0.0,0,0.0,0,0.0,0,0.0,0,0
161,-0.9322892131745133,8,-0.2588,15,77,11,894.1,7,139.0,0.29049654457245777,37,0.6022408163208656,34,0.619782627159481,38,0.5950873777223346,41,0.5298380062049061,43,193
161,-0.9322892131745133,9,-0.5,17,72,13,894.1,7,359.0,0.5103088001496353,85,0.7292129735316717,112,0.7757127772466967,122,0.7693491433400576,121,0.7105557422943585,115,555
161,-0.9322892131745133,10,-0.7071,18,64,13,894.1,5,572.0,0.6990658322949215,149,0.8007754851618165,172,0.8790181246423514,189,0.8973572401837064,189,0.8545430533738192,182,881
161,-0.9322892131745133,11,-0.866,20,56,9,894.1,5,730.0,0.8439041804491261,140,0.8120514925825192,142,0.9226585919826218,159,0.9703881409449403,160,0.9519874549825463,158,759
161,-0.9322892131745133,12,-0.9659,20,52,11,894.1,2,405.0,0.9349533656579022,136,0.7622725558267099,126,0.9036601583462704,142,0.983464917915266,145,0.9962482811860458,145,694
161,-0.9322892131745133,13,-1.0,22,46,7,894.1,2,272.0,0.9660085460350588,73,0.6548310297384098,65,0.823317540291811,73,0.9356964165088084,73,0.9843092364695787,73,357
161,-0.9322892131745133,14,-0.9659,19,49,28,894.1,2,183.0,0.9349533656579022,48,0.4970488399339603,42,0.6871059257019528,48,0.8303379621498846,49,0.9169839385802733,50,237
161,-0.9322892131745133,15,-0.866,20,43,17,893.2,2,56.0,0.843904180449126,15,0.29967858807344727,14,0.504307916048028,17,0.6745695627484978,18,0.798860496311684,18,82
161,-0.9322892131745133,16,-0.7071,20,40,11,893.2,2,108.0,0.6990658322949215,27,0.07617069954893292,21,0.28738086705248406,25,0.47900655694758476,29,0.6379888137801266,33,135
161,-0.9322892131745133,17,-0.5,21,38,11,893.2,5,337.0,0.5103088001496352,85,1.326794896677558e-06,46,0.05110797569325738,57,0.25697622160660916,70,0.44533201627536234,85,343
161,-0.9322892131745133,18,-0.2588,20,40,13,893.2,5,183.0,0.29049654457245755,43,1.326794896677558e-06,32,1.326794896677558e-06,37,0.02360953727955687,42,0.2340193307296601,47,201
161,-0.9322892131745133,19,0.0,20,46,11,894.1,5,84.0,0.054608886071614675,20,1.326794896677558e-06,14,1.326794896677558e-06,18,1.326794896677558e-06,20,0.018451353084625588,23,95
161,-0.9322892131745133,20,0.2588,17,59,9,894.9,4,0.0,0.0,0,0.0,0,0.0,0,0.0,0,0.0,0,0
161,-0.9322892131745133,21,0.5,15,72,22,894.9,4,0.0,0.0,0,0.0,0,0.0,0,0.0,0,0.0,0,0
161,-0.9322892131745133,22,0.7071,15,77,7,894.1,5,0.0,0.0,0,0.0,0,0.0,0,0.0,0,0.0,0,0
161,-0.9322892131745133,23,0.866,14,82,9,894.9,7,0.0,0.0,0,0.0,0,0.0,0,0.0,0,0.0,0,0
161,-0.9322892131745133,24,0.9659,13,88,9,895.8,7,0.0,0.0,0,0.0,0,0.0,0,0.0,0,0.0,0,0
162,-0.9383773917408641,1,1.0,13,88,6,895.8,7,0.0,0.0,0,0.0,0,0.0,0,0.0,0,0.0,0,0
162,-0.9383773917408641,2,0.9659,12,94,13,895.8,7,0.0,0.0,0,0.0,0,0.0,0,0.0,0,0.0,0,0
162,-0.9383773917408641,3,0.866,11,94,9,894.9,7,0.0,0.0,0,0.0,0,0.0,0,0.0,0,0.0,0,0
162,-0.9383773917408641,4,0.7071,11,94,7,895.8,10,0.0,0.0,0,0.0,0,0.0,0,0.0,0,0.0,0,0
162,-0.9383773917408641,5,0.5,11,94,0,894.9,10,0.0,0.0,0,0.0,0,0.0,0,0.0,0,0.0,0,0
162,-0.9383773917408641,6,0.2588,11,94,4,894.9,10,0.0,0.0,0,0.0,0,0.0,0,0.0,0,0.0,0,0
162,-0.9383773917408641,7,0.0,13,82,6,895.8,10,0.0,0.0,0,0.0,0,0.0,0,0.0,0,0.0,0,0
162,-0.9383773917408641,8,-0.2588,15,77,4,895.8,10,338.0,0.29053310304056534,37,0.7137673859143003,140,0.7110323917136617,142,0.6598418189176251,127,0.5636842154600594,85,531
162,-0.9383773917408641,9,-0.5,17,63,6,895.8,10,535.0,0.5102241518264622,96,0.8162694428124884,186,0.8469539717476092,195,0.8199200960883314,184,0.7370101269081833,166,827
162,-0.9383773917408641,10,-0.7071,19,52,6,895.8,10,706.0,0.6988771013727161,153,0.859658443949284,209,0.9272309993257607,226,0.9316144054250441,219,0.8725099408537138,204,1011
162,-0.9383773917408641,11,-0.866,20,52,11,895.8,10,851.0,0.8436355841560504,192,0.8409775055383374,215,0.946392736340104,237,0.9873129754504365,234,0.9609495808576066,227,1105
162,-0.9383773917408641,12,-0.9659,21,46,11,895.8,7,864.0,0.9346345639001525,215,0.7614997005344369,205,0.9031333441528068,233,0.9832200462802384,236,0.9963020396817642,235,1124
162,-0.9383773917408641,13,-1.0,22,43,9,895.8,7,506.0,0.9656726201292883,187,0.6266413009669324,150,0.8004008741746343,178,0.9196145438593047,184,0.9761581089592025,189,888
162,-0.9383773917408641,14,-0.9659,24,36,6,894.9,7,388.0,0.9346345639001525,148,0.44559266859912106,107,0.6451963634106473,129,0.8008310716578299,137,0.9018905624073607,146,667
162,-0.9383773917408641,15,-0.866,24,34,9,894.1,5,276.0,0.8436355841560507,81,0.23069194807460502,62,0.44809672627053165,74,0.6349645152119142,80,0.7785606037698198,84,381
162,-0.9383773917408641,16,-0.7071,24,36,7,894.1,7,763.0,0.6988771013727162,192,1.326794896677558e-06,50,0.22253395676543267,90,0.43331839021943575,133,0.6145729549044521,170,635
162,-0.9383773917408641,17,-0.5,23,38,9,893.2,5,519.0,0.5102241518264623,108,1.326794896677558e-06,37,1.326794896677558e-06,45,0.20963452837245272,67,0.4211030891987583,93,350
162,-0.9383773917408641,18,-0.2588,23,38,9,894.1,2,65.0,0.29053310304056534,13,1.326794896677558e-06,12,1.326794896677558e-06,14,1.326794896677558e-06,15,0.21133564343300393,16,70
162,-0.9383773917408641,19,0.0,19,60,19,894.9,2,0.0,0.0,0,0.0,0,0.0,0,0.0,0,0.0,0,0
162,-0.9383773917408641,20,0.2588,18,68,19,894.9,2,0.0,0.0,0,0.0,0,0.0,0,0.0,0,0.0,0,0
162,-0.9383773917408641,21,0.5,16,77,20,896.7,5,0.0,0.0,0,0.0,0,0.0,0,0.0,0,0.0,0,0
162,-0.9383773917408641,22,0.7071,16,72,7,896.7,5,0.0,0.0,0,0.0,0,0.0,0,0.0,0,0.0,0,0
162,-0.9383773917408641,23,0.866,16,72,6,897.6,5,0.0,0.0,0,0.0,0,0.0,0,0.0,0,0.0,0,0
162,-0.9383773917408641,24,0.9659,15,82,7,897.6,7,0.0,0.0,0,0.0,0,0.0,0,0.0,0,0.0,0,0
163,-0.9441875088341993,1,1.0,14,88,6,896.7,7,0.0,0.0,0,0.0,0,0.0,0,0.0,0,0.0,0,0
163,-0.9441875088341993,2,0.9659,13,94,0,896.7,10,0.0,0.0,0,0.0,0,0.0,0,0.0,0,0.0,0,0
163,-0.9441875088341993,3,0.866,12,94,7,896.7,10,0.0,0.0,0,0.0,0,0.0,0,0.0,0,0.0,0,0
163,-0.9441875088341993,4,0.7071,12,88,9,896.7,10,0.0,0.0,0,0.0,0,0.0,0,0.0,0,0.0,0,0
163,-0.9441875088341993,5,0.5,12,94,6,896.7,10,0.0,0.0,0,0.0,0,0.0,0,0.0,0,0.0,0,0
163,-0.9441875088341993,6,0.2588,12,94,6,896.7,10,0.0,0.0,0,0.0,0,0.0,0,0.0,0,0.0,0,0
163,-0.9441875088341993,7,0.0,13,88,2,897.6,10,0.0,0.0,0,0.0,0,0.0,0,0.0,0,0.0,0,0
163,-0.9441875088341993,8,-0.2588,16,77,2,897.6,10,336.0,0.2905658715298764,38,0.7132419296783205,141,0.7107744941570348,158,0.6598690553345301,127,0.5639947297646257,85,549
163,-0.9441875088341993,9,-0.5,18,64,6,897.6,10,503.0,0.5101465572330968,92,0.8156924941041298,178,0.8466277932139112,187,0.8198669162453053,178,0.737233569891735,160,795
163,-0.9441875088341993,10,-0.7071,19,56,6,897.6,7,723.0,0.6987047358810864,157,0.8590596985376675,205,0.9268644931732932,239,0.9315051152962438,216,0.8726653146947566,204,1021
163,-0.9441875088341993,11,-0.866,20,52,9,897.6,5,867.0,0.8433904984113804,201,0.8403881445988161,219,0.9460166041808455,221,0.9871757048223263,239,0.9610605265198955,233,1113
163,-0.9441875088341993,12,-0.9659,21,49,13,897.6,5,271.0,0.9343437642990808,76,0.7609502657074184,70,0.9027789435935736,57,0.9830848317587815,81,0.9963952258269985,81,365
163,-0.9441875088341993,13,-1.0,21,49,15,897.6,2,209.0,0.9653662283840398,67,0.626159622496314,57,0.8000980896070488,104,0.9195112874133192,69,0.976261417365358,72,369
163,-0.9441875088341993,14,-0.9659,22,41,11,896.7,5,687.0,0.9343437642990808,192,0.44520193141306363,131,0.6449715389578452,153,0.800787481297578,180,0.9020311767182532,189,845
163,-0.9441875088341993,15,-0.866,23,38,4,896.7,5,447.0,0.8433904984113804,155,0.23040916745928644,93,0.4479709159498147,92,0.635004248888809,137,0.7787631736218456,150,627
163,-0.9441875088341993,16,-0.7071,22,41,7,895.8,5,157.0,0.6987047358810866,39,1.326794896677558e-06,30,0.22252145921066255,42,0.43345942202406795,40,0.6148579049410752,44,195
163,-0.9441875088341993,17,-0.5,23,41,11,895.8,5,607.0,0.5101465572330968,159,1.326794896677558e-06,58,1.326794896677558e-06,55,0.2098879291185112,95,0.42148523000798255,137,504
163,-0.9441875088341993,18,-0.2588,24,36,6,894.9,5,319.0,0.2905658715298762,76,1.326794896677558e-06,31,1.326794896677558e-06,29,1.326794896677558e-06,35,0.21182316223487008,57,228
163,-0.9441875088341993,19,0.0,23,36,2,895.8,2,106.0,0.054926718228887284,23,1.326794896677558e-06,15,1.326794896677558e-06,14,1.326794896677558e-06,19,0.00015981184216965535,23,94
163,-0.9441875088341993,20,0.2588,21,46,11,895.8,2,0.0,0.0,0,0.0,0,0.0,0,0.0,0,0.0,0,0
163,-0.9441875088341993,21,0.5,16,68,24,897.6,2,0.0,0.0,0,0.0,0,0.0,0,0.0,0,0.0,0,0
163,-0.9441875088341993,22,0.7071,15,82,9,898.5,2,0.0,0.0,0,0.0,0,0.0,0,0.0,0,0.0,0,0
163,-0.9441875088341993,23,0.866,16,77,15,897.6,5,0.0,0.0,0,0.0,0,0.0,0,0.0,0,0.0,0,0
163,-0.9441875088341993,24,0.9659,16,72,7,897.6,5,0.0,0.0,0,0.0,0,0.0,0,0.0,0,0.0,0,0
164,-0.9497178427914316,1,1.0,15,77,9,897.6,7,0.0,0.0,0,0.0,0,0.0,0,0.0,0,0.0,0,0
164,-0.9497178427914316,2,0.9659,14,88,2,897.6,7,0.0,0.0,0,0.0,0,0.0,0,0.0,0,0.0,0,0
164,-0.9497178427914316,3,0.866,12,94,2,897.6,7,0.0,0.0,0,0.0,0,0.0,0,0.0,0,0.0,0,0
164,-0.9497178427914316,4,0.7071,12,94,4,896.7,7,0.0,0.0,0,0.0,0,0.0,0,0.0,0,0.0,0,0
164,-0.9497178427914316,5,0.5,11,94,9,897.6,10,0.0,0.0,0,0.0,0,0.0,0,0.0,0,0.0,0,0
164,-0.9497178427914316,6,0.2588,11,94,7,897.6,10,0.0,0.0,0,0.0,0,0.0,0,0.0,0,0.0,0,0
164,-0.9497178427914316,7,0.0,13,88,4,897.6,10,0.0,0.0,0,0.0,0,0.0,0,0.0,0,0.0,0,0
164,-0.9497178427914316,8,-0.2588,16,77,4,897.6,10,331.0,0.29059496293508247,37,0.7127690922797754,132,0.7105419963102577,135,0.6598927413851456,122,0.5642729855750939,83,509
164,-0.9497178427914316,9,-0.5,18,64,6,897.6,10,528.0,0.5100762548385305,96,0.815173282208114,180,0.8463338010195358,189,0.819818178823863,179,0.7374334086335517,162,806
164,-0.9497178427914316,10,-0.7071,20,52,6,897.6,10,706.0,0.6985490821220939,151,0.8585208563711788,205,0.9265341816303528,222,0.9314058445408937,215,0.872803849868864,201,994
164,-0.9497178427914316,11,-0.866,21,49,6,897.6,10,871.0,0.8431693522603879,175,0.8398577541565763,194,0.9456776233857501,215,0.9870512346245724,212,0.9611590493511899,206,1002
164,-0.9497178427914316,12,-0.9659,22,43,6,897.6,10,953.0,0.9340814479145105,219,0.7604558330142964,208,0.9024595344364836,237,0.982962213305723,239,0.9964777543073062,237,1140
164,-0.9497178427914316,13,-1.0,23,44,7,896.7,7,238.0,0.9650898696003309,186,0.6257262037363942,150,0.7998251597090056,178,0.9194174460542881,185,0.9763530596557919,190,889
164,-0.9497178427914316,14,-0.9659,24,36,6,896.7,7,576.0,0.9340814479145105,211,0.4448504229768288,141,0.644768826990387,179,0.8007473802344847,196,0.9021564193515308,208,935
164,-0.9497178427914316,15,-0.866,25,32,6,895.8,7,614.0,0.8431693522603879,186,0.23015488550075786,95,0.4478573768342408,133,0.6350391900632063,156,0.7789442138687132,176,746
164,-0.9497178427914316,16,-0.7071,25,32,9,894.9,7,823.0,0.6985490821220939,194,1.326794896677558e-06,53,0.222509970401238,94,0.4335855930334176,136,0.6151131373848299,173,650
164,-0.9497178427914316,17,-0.5,25,32,4,894.1,5,639.0,0.5100762548385306,159,1.326794896677558e-06,40,1.326794896677558e-06,45,0.21011530041855933,80,0.42182799317247593,129,453
164,-0.9497178427914316,18,-0.2588,25,29,7,894.1,5,373.0,0.29059496293508247,84,1.326794896677558e-06,30,1.326794896677558e-06,31,1.326794896677558e-06,32,0.2122608295902686,60,237
164,-0.9497178427914316,19,0.0,24,36,11,894.1,5,113.0,0.05506247236891696,26,1.326794896677558e-06,16,1.326794896677558e-06,19,1.326794896677558e-06,19,0.0006932893182481094,24,104
164,-0.9497178427914316,20,0.2588,24,31,13,894.1,5,0.0,0.0,0,0.0,0,0.0,0,0.0,0,0.0,0,0
164,-0.9497178427914316,21,0.5,21,43,7,894.1,5,0.0,0.0,0,0.0,0,0.0,0,0.0,0,0.0,0,0
164,-0.9497178427914316,22,0.7071,20,52,9,894.9,7,0.0,0.0,0,0.0,0,0.0,0,0.0,0,0.0,0,0
164,-0.9497178427914316,23,0.866,19,56,11,894.1,7,0.0,0.0,0,0.0,0,0.0,0,0.0,0,0.0,0,0
164,-0.9497178427914316,24,0.9659,20,52,7,894.1,5,0.0,0.0,0,0.0,0,0.0,0,0.0,0,0.0,0,0
165,-0.9549667548552551,1,1.0,18,59,11,894.1,7,0.0,0.0,0,0.0,0,0.0,0,0.0,0,0.0,0,0
165,-0.9549667548552551,2,0.9659,18,59,9,894.1,7,0.0,0.0,0,0.0,0,0.0,0,0.0,0,0.0,0,0
165,-0.9549667548552551,3,0.866,18,52,15,893.2,7,0.0,0.0,0,0.0,0,0.0,0,0.0,0,0.0,0,0
165,-0.9549667548552551,4,0.7071,16,68,13,893.2,7,0.0,0.0,0,0.0,0,0.0,0,0.0,0,0.0,0,0
165,-0.9549667548552551,5,0.5,16,68,17,893.2,7,0.0,0.0,0,0.0,0,0.0,0,0.0,0,0.0,0,0
165,-0.9549667548552551,6,0.2588,15,72,19,893.2,7,0.0,0.0,0,0.0,0,0.0,0,0.0,0,0.0,0,0
165,-0.9549667548552551,7,0.0,16,68,24,893.2,7,126.0,0.055182758457787355,17,0.6759501794292061,21,0.6246429089666715,27,0.5307673543298783,31,0.4007209706900531,25,121
165,-0.9549667548552551,8,-0.2588,17,59,22,894.1,5,334.0,0.2906204790914042,55,0.8095460020616533,133,0.7896960248840148,138,0.7160296741695934,129,0.5935671823472298,110,565
165,-0.9549667548552551,9,-0.5,19,56,17,894.1,7,530.0,0.5100134595173755,100,0.8870831834648104,197,0.9051630056550555,205,0.8615575757491437,192,0.7592385269505636,170,864
165,-0.9549667548552551,10,-0.7071,20,52,15,893.2,7,600.0,0.6984104520394544,129,0.9032777014783222,174,0.963174979411904,187,0.9574335868874568,182,0.8864447896688333,169,841
165,-0.9549667548552551,11,-0.866,21,46,11,893.2,7,767.0,0.8429725321305196,186,0.857025928265094,211,0.9597785321219205,233,0.9971239252062047,228,0.9665170849652462,218,1076
165,-0.9549667548552551,12,-0.9659,21,46,7,893.2,7,792.0,0.9338480479963138,200,0.7514798405889638,187,0.8952051256964267,213,0.9779237636527645,213,0.9939986254337095,213,1026
165,-0.9549667548552551,13,-1.0,22,43,9,892.3,2,240.0,0.9648439929982902,65,0.5938322309306938,52,0.7738553346728296,61,0.9011415669641972,64,0.9670165958183137,68,310
165,-0.9549667548552551,14,-0.9659,20,49,22,892.3,2,166.0,0.9338480479963138,43,0.39482646865549986,36,0.6039989036334862,43,0.772009885879277,45,0.887409763228409,49,216
165,-0.9549667548552551,15,-0.866,20,49,11,891.4,2,117.0,0.8429725321305196,29,0.16802448327654992,24,0.39721128076853,28,0.5993288402279765,32,0.7606032057550052,35,148
165,-0.9549667548552551,16,-0.7071,21,49,11,891.4,2,233.0,0.6984104520394545,61,1.326794896677558e-06,42,0.16758467003487335,51,0.39486633460276294,57,0.595238565907021,65,276
165,-0.9549667548552551,17,-0.5,22,43,19,891.4,7,207.0,0.5100134595173755,58,1.326794896677558e-06,39,1.326794896677558e-06,45,0.17255613328738276,50,0.402585157108166,57,249
165,-0.9549667548552551,18,-0.2588,22,33,26,891.4,2,336.0,0.2906204790914042,86,1.326794896677558e-06,49,1.326794896677558e-06,55,1.326794896677558e-06,60,0.1957719767672396,77,327
165,-0.9549667548552551,19,0.0,18,56,15,892.3,7,115.0,0.055182758457787355,27,1.326794896677558e-06,20,1.326794896677558e-06,23,1.326794896677558e-06,24,1.326794896677558e-06,27,121
165,-0.9549667548552551,20,0.2588,15,72,26,892.3,7,0.0,0.0,0,0.0,0,0.0,0,0.0,0,0.0,0,0
165,-0.9549667548552551,21,0.5,14,82,22,893.2,7,0.0,0.0,0,0.0,0,0.0,0,0.0,0,0.0,0,0
165,-0.9549667548552551,22,0.7071,13,88,13,893.2,7,0.0,0.0,0,0.0,0,0.0,0,0.0,0,0.0,0,0
165,-0.9549667548552551,23,0.866,13,88,15,894.1,7,0.0,0.0,0,0.0,0,0.0,0,0.0,0,0.0,0,0
165,-0.9549667548552551,24,0.9659,13,88,15,894.1,7,0.0,0.0,0,0.0,0,0.0,0,0.0,0,0.0,0,0
166,-0.9599326896597447,1,1.0,12,88,13,894.1,7,0.0,0.0,0,0.0,0,0.0,0,0.0,0,0.0,0,0
166,-0.9599326896597447,2,0.9659,12,94,17,894.1,5,0.0,0.0,0,0.0,0,0.0,0,0.0,0,0.0,0,0
166,-0.9599326896597447,3,0.866,12,88,11,894.9,7,0.0,0.0,0,0.0,0,0.0,0,0.0,0,0.0,0,0
166,-0.9599326896597447,4,0.7071,13,82,7,894.9,5,0.0,0.0,0,0.0,0,0.0,0,0.0,0,0.0,0,0
166,-0.9599326896597447,5,0.5,13,82,7,894.1,5,0.0,0.0,0,0.0,0,0.0,0,0.0,0,0.0,0,0
166,-0.9599326896597447,6,0.2588,12,88,7,894.9,7,0.0,0.0,0,0.0,0,0.0,0,0.0,0,0.0,0,0
166,-0.9599326896597447,7,0.0,14,77,7,894.9,7,70.0,0.05528755936866851,24,0.6756831675952957,19,0.6245630270554647,25,0.5308800461792681,28,0.40101855657416696,44,140
166,-0.9599326896597447,8,-0.2588,15,77,7,894.9,7,280.0,0.2906425106068586,53,0.8092320239339059,116,0.7895581176871816,120,0.7160772360575156,113,0.5937969720824718,96,498
166,-0.9599326896597447,9,-0.5,15,72,4,894.9,7,355.0,0.5099583622705101,102,0.886741946745649,127,0.9049845054403578,136,0.8615539765297398,133,0.7594100740231492,136,634
166,-0.9599326896597447,10,-0.7071,18,59,7,894.9,5,414.0,0.6982891228433296,79,0.9029307714938548,87,0.9629760847867318,94,0.9573962819492683,94,0.8865716166934793,88,442
166,-0.9599326896597447,11,-0.866,19,52,7,894.9,5,517.0,0.8428003813826359,137,0.8566952583271723,135,0.9595808315354095,151,0.9970726669201893,149,0.9666157621447052,149,721
166,-0.9599326896597447,12,-0.9659,20,49,7,894.1,5,339.0,0.9336439494894148,119,0.7511862759166595,78,0.89503012622616,90,0.9778792552847992,93,0.994087641330471,122,502
166,-0.9599326896597447,13,-1.0,20,49,7,894.1,5,234.0,0.9646289977063904,73,0.5935940753510562,98,0.7737229859584734,113,0.9011240444329061,115,0.9671150935873135,78,477
166,-0.9599326896597447,14,-0.9659,21,46,11,894.1,5,343.0,0.9336439494894148,122,0.3946582873050647,79,0.6039262792306376,93,0.7720377676256243,99,0.8875362510114113,122,515
166,-0.9599326896597447,15,-0.866,23,41,15,893.2,5,480.0,0.8428003813826359,193,0.16793603533829743,88,0.3972113536448242,122,0.5994174289183267,147,0.7607742730673697,179,729
166,-0.9599326896597447,16,-0.7071,22,46,19,893.2,5,658.0,0.6982891228433296,111,1.326794896677558e-06,50,0.1676654693727654,78,0.3950268031913828,107,0.5954677680582283,101,447
166,-0.9599326896597447,17,-0.5,20,52,24,893.2,5,242.0,0.5099583622705098,92,1.326794896677558e-06,42,1.326794896677558e-06,47,0.17279475624912177,54,0.4028820876271822,76,311
166,-0.9599326896597447,18,-0.2588,21,49,20,893.2,7,413.0,0.2906425106068586,86,1.326794896677558e-06,32,1.326794896677558e-06,30,1.326794896677558e-06,30,0.1961416136222749,52,230
166,-0.9599326896597447,19,0.0,19,56,24,893.2,7,211.0,0.05528755936866851,27,1.326794896677558e-06,21,1.326794896677558e-06,21,1.326794896677558e-06,17,1.326794896677558e-06,17,103
166,-0.9599326896597447,20,0.2588,17,63,22,893.2,7,0.0,0.0,0,0.0,0,0.0,0,0.0,0,0.0,0,0
166,-0.9599326896597447,21,0.5,15,72,19,893.2,10,0.0,0.0,0,0.0,0,0.0,0,0.0,0,0.0,0,0
166,-0.9599326896597447,22,0.7071,14,77,13,894.1,10,0.0,0.0,0,0.0,0,0.0,0,0.0,0,0.0,0,0
166,-0.9599326896597447,23,0.866,13,77,4,894.1,10,0.0,0.0,0,0.0,0,0.0,0,0.0,0,0.0,0,0
166,-0.9599326896597447,24,0.9659,14,77,9,894.1,10,0.0,0.0,0,0.0,0,0.0,0,0.0,0,0.0,0,0
167,-0.9646141756912435,1,1.0,14,77,2,894.1,10,0.0,0.0,0,0.0,0,0.0,0,0.0,0,0.0,0,0
167,-0.9646141756912435,2,0.9659,14,77,2,894.1,7,0.0,0.0,0,0.0,0,0.0,0,0.0,0,0.0,0,0
167,-0.9646141756912435,3,0.866,13,82,7,894.1,7,0.0,0.0,0,0.0,0,0.0,0,0.0,0,0.0,0,0
167,-0.9646141756912435,4,0.7071,13,77,7,893.2,5,0.0,0.0,0,0.0,0,0.0,0,0.0,0,0.0,0,0
167,-0.9646141756912435,5,0.5,13,72,7,893.2,7,0.0,0.0,0,0.0,0,0.0,0,0.0,0,0.0,0,0
167,-0.9646141756912435,6,0.2588,14,63,11,893.2,5,0.0,0.0,0,0.0,0,0.0,0,0.0,0,0.0,0,0
167,-0.9646141756912435,7,0.0,16,63,7,893.2,5,110.0,0.05537686027610921,20,1.326794896677558e-06,41,1.326794896677558e-06,45,0.05537686027610921,26,0.15508386054253742,26,158
167,-0.9646141756912435,8,-0.2588,16,63,6,892.3,7,271.0,0.2906611367132701,47,0.07205205924323317,93,0.1877541252137917,97,0.2906611367132701,98,0.37376015706633564,87,422
167,-0.9646141756912435,9,-0.5,18,56,6,892.3,7,446.0,0.5099111299771575,99,0.2773933908294747,211,0.407538765075373,224,0.5099111299771575,155,0.5775339866452586,142,831
167,-0.9646141756912435,10,-0.7071,19,49,9,892.3,7,595.0,0.6981853366774525,147,0.45372395647492025,184,0.5962720802202,198,0.6981853366774525,205,0.7525185159389457,192,926
167,-0.9646141756912435,11,-0.866,19,46,11,891.4,5,666.0,0.8426531999129506,182,0.5890271405429501,152,0.7410922283370257,168,0.8426531999129506,213,0.886788853877134,206,921
167,-0.9646141756912435,12,-0.9659,13,82,26,892.3,2,84.0,0.9334694885947497,19,0.6740822707069639,23,0.8321299720332149,27,0.9334694885947497,22,0.9711947112556744,23,114
167,-0.9646141756912435,13,-1.0,15,72,17,893.2,2,225.0,0.9644452323084333,70,0.703092990486855,61,0.8631812498462346,72,0.9644452323084333,69,0.9999839764066344,72,344
167,-0.9646141756912435,14,-0.9659,16,63,20,893.2,2,344.0,0.9334694885947497,105,0.6740822707069639,84,0.8321299720332149,102,0.9334694885947497,98,0.9711947112556744,107,496
167,-0.9646141756912435,15,-0.866,18,45,22,893.2,5,657.0,0.8426531999129506,185,0.5890271405429501,101,0.7410922283370257,132,0.8426531999129506,163,0.886788853877134,180,761
167,-0.9646141756912435,16,-0.7071,19,46,26,894.1,5,510.0,0.6981853366774525,133,0.45372395647492025,58,0.5962720802202,73,0.6981853366774525,106,0.7525185159389457,124,494
167,-0.9646141756912435,17,-0.5,17,48,20,894.1,5,211.0,0.5099111299771577,56,0.2773933908294747,39,0.4075387650753734,46,0.5099111299771577,56,0.5775339866452587,60,257
167,-0.9646141756912435,18,-0.2588,19,43,22,894.9,5,265.0,0.2906611367132699,69,0.07205205924323273,37,0.18775412521379103,52,0.2906611367132699,64,0.37376015706633564,73,295
167,-0.9646141756912435,19,0.0,18,45,15,894.9,5,221.0,0.05537686027610921,36,1.326794896677558e-06,14,1.326794896677558e-06,17,0.05537686027610921,33,0.15508386054253762,48,148
167,-0.9646141756912435,20,0.2588,17,48,15,895.8,7,0.0,0.0,0,0.0,0,0.0,0,0.0,0,0.0,0,0
167,-0.9646141756912435,21,0.5,16,55,11,896.7,7,0.0,0.0,0,0.0,0,0.0,0,0.0,0,0.0,0,0
167,-0.9646141756912435,22,0.7071,16,55,4,897.6,7,0.0,0.0,0,0.0,0,0.0,0,0.0,0,0.0,0,0
167,-0.9646141756912435,23,0.866,15,59,2,897.6,7,0.0,0.0,0,0.0,0,0.0,0,0.0,0,0.0,0,0
167,-0.9646141756912435,24,0.9659,15,59,9,898.5,7,0.0,0.0,0,0.0,0,0.0,0,0.0,0,0.0,0,0
168,-0.9690098257244062,1,1.0,15,63,7,898.5,7,0.0,0.0,0,0.0,0,0.0,0,0.0,0,0.0,0,0
168,-0.9690098257244062,2,0.9659,14,67,11,898.5,7,0.0,0.0,0,0.0,0,0.0,0,0.0,0,0.0,0,0
168,-0.9690098257244062,3,0.866,14,63,13,898.5,7,0.0,0.0,0,0.0,0,0.0,0,0.0,0,0.0,0,0
168,-0.9690098257244062,4,0.7071,12,72,7,898.5,7,0.0,0.0,0,0.0,0,0.0,0,0.0,0,0.0,0,0
168,-0.9690098257244062,5,0.5,12,72,7,898.5,10,0.0,0.0,0,0.0,0,0.0,0,0.0,0,0.0,0,0
168,-0.9690098257244062,6,0.2588,12,72,4,899.4,10,0.0,0.0,0,0.0,0,0.0,0,0.0,0,0.0,0,0
168,-0.9690098257244062,7,0.0,11,76,7,899.4,10,0.0,0.0,0,0.0,0,0.0,0,0.0,0,0.0,0,0
168,-0.9690098257244062,8,-0.2588,14,67,7,900.2,10,335.0,0.29067642513618164,29,0.0717996492361207,18,0.18763138206784125,17,0.29067642513618164,16,0.37391243515282935,17,97
168,-0.9690098257244062,9,-0.5,17,55,7,900.2,10,503.0,0.5098719051785856,92,0.2770899258407405,64,0.4073613758053801,32,0.5098719051785856,43,0.5776355994029722,97,328
168,-0.9690098257244062,10,-0.7071,18,45,13,900.2,10,740.0,0.6980993003287945,162,0.45337664958623575,117,0.5960477652712718,118,0.6980993003287945,164,0.7525766214071097,196,757
168,-0.9690098257244062,11,-0.866,19,43,15,900.2,10,856.0,0.8425312438058891,206,0.5886461925848245,158,0.7408319060541471,191,0.8425312438058891,213,0.8868135750353584,226,994
168,-0.9690098257244062,12,-0.9659,20,40,13,900.2,7,721.0,0.9333249523864167,221,0.6736801750899495,189,0.8318470145962484,210,0.9333249523864167,222,0.9711984461622506,241,1083
168,-0.9690098257244062,13,-1.0,20,43,19,900.2,7,507.0,0.9642929944485151,214,0.7026836817974573,145,0.8628905719801089,210,0.9642929944485151,211,0.9999805532940664,177,957
168,-0.9690098257244062,14,-0.9659,22,41,11,900.2,7,572.0,0.9333249523864167,156,0.6736801750899495,152,0.8318470145962484,148,0.9333249523864167,154,0.9711984461622506,186,796
168,-0.9690098257244062,15,-0.866,22,41,15,900.2,5,417.0,0.8425312438058891,148,0.5886461925848245,91,0.7408319060541471,142,0.8425312438058891,145,0.8868135750353584,117,643
168,-0.9690098257244062,16,-0.7071,22,41,9,899.4,5,280.0,0.6980993003287946,75,0.45337664958623614,61,0.5960477652712718,71,0.6980993003287946,75,0.7525766214071097,76,358
168,-0.9690098257244062,17,-0.5,22,41,11,899.4,5,283.0,0.5098719051785856,69,0.2770899258407405,55,0.4073613758053801,64,0.5098719051785856,69,0.5776355994029722,75,332
168,-0.9690098257244062,18,-0.2588,22,43,13,899.4,7,189.0,0.29067642513618164,45,0.0717996492361207,24,0.18763138206784125,42,0.29067642513618164,44,0.37391243515282935,33,188
168,-0.9690098257244062,19,0.0,22,46,22,899.4,7,103.0,0.055450648618463036,25,1.326794896677558e-06,17,1.326794896677558e-06,23,0.055450648618463036,25,0.15529050925061766,26,116
168,-0.9690098257244062,20,0.2588,20,52,20,900.2,5,0.0,0.0,0,0.0,0,0.0,0,0.0,0,0.0,0,0
168,-0.9690098257244062,21,0.5,19,56,19,900.2,7,0.0,0.0,0,0.0,0,0.0,0,0.0,0,0.0,0,0
168,-0.9690098257244062,22,0.7071,19,56,15,901.1,7,0.0,0.0,0,0.0,0,0.0,0,0.0,0,0.0,0,0
168,-0.9690098257244062,23,0.866,18,59,11,901.1,10,0.0,0.0,0,0.0,0,0.0,0,0.0,0,0.0,0,0
168,-0.9690098257244062,24,0.9659,17,63,7,901.1,10,0.0,0.0,0,0.0,0,0.0,0,0.0,0,0.0,0,0
169,-0.9731183372332619,1,1.0,17,68,11,901.1,10,0.0,0.0,0,0.0,0,0.0,0,0.0,0,0.0,0,0
169,-0.9731183372332619,2,0.9659,15,72,9,901.1,10,0.0,0.0,0,0.0,0,0.0,0,0.0,0,0.0,0,0
169,-0.9731183372332619,3,0.866,15,72,11,900.2,10,0.0,0.0,0,0.0,0,0.0,0,0.0,0,0.0,0,0
169,-0.9731183372332619,4,0.7071,15,72,11,900.2,10,0.0,0.0,0,0.0,0,0.0,0,0.0,0,0.0,0,0
169,-0.9731183372332619,5,0.5,13,82,6,900.2,10,0.0,0.0,0,0.0,0,0.0,0,0.0,0,0.0,0,0
169,-0.9731183372332619,6,0.2588,13,82,4,900.2,10,0.0,0.0,0,0.0,0,0.0,0,0.0,0,0.0,0,0
169,-0.9731183372332619,7,0.0,16,72,9,900.2,10,0.0,0.0,0,0.0,0,0.0,0,0.0,0,0.0,0,0
169,-0.9731183372332619,8,-0.2588,17,68,22,900.2,10,342.0,0.29068843198379535,34,0.07160027766820296,20,0.18753439496611532,20,0.29068843198379535,20,0.3740326176835683,19,113
169,-0.9731183372332619,9,-0.5,19,60,19,900.2,10,540.0,0.5098408058935726,98,0.27685018273078077,62,0.4072211774787718,26,0.5098408058935726,36,0.5777157185083487,59,281
169,-0.9731183372332619,10,-0.7071,20,52,19,900.2,10,719.0,0.698031184979939,158,0.4531022386524819,118,0.5958704606338191,116,0.698031184979939,160,0.7526223372807307,180,732
169,-0.9731183372332619,11,-0.866,20,49,13,900.2,7,829.0,0.8424347250380494,204,0.5883451800971041,154,0.740626128747646,192,0.8424347250380494,212,0.88683289238671,223,985
169,-0.9731183372332619,12,-0.9659,22,41,9,899.4,7,507.0,0.9332105784852005,175,0.6733624401674649,129,0.8316233386235459,168,0.9332105784852005,172,0.9712011687110579,174,818
169,-0.9731183372332619,13,-1.0,23,38,13,899.4,5,401.0,0.9641725304941763,167,0.7023602431640793,153,0.862660791105981,163,0.9641725304941763,161,0.9999776156651394,165,809
169,-0.9731183372332619,14,-0.9659,24,36,7,898.5,7,396.0,0.9332105784852005,188,0.6733624401674649,152,0.8316233386235459,185,0.9332105784852005,184,0.9712011687110579,185,894
169,-0.9731183372332619,15,-0.866,24,36,13,898.5,7,336.0,0.8424347250380495,140,0.5883451800971045,112,0.740626128747646,135,0.8424347250380495,140,0.88683289238671,142,669
169,-0.9731183372332619,16,-0.7071,26,32,11,897.6,7,459.0,0.6980311849799388,125,0.45310223865248145,88,0.5958704606338189,118,0.6980311849799388,123,0.7526223372807307,127,581
169,-0.9731183372332619,17,-0.5,26,32,13,897.6,7,419.0,0.5098408058935726,113,0.27685018273078077,80,0.4072211774787724,100,0.5098408058935726,109,0.5777157185083489,117,519
169,-0.9731183372332619,18,-0.2588,25,34,9,897.6,5,343.0,0.2906884319837955,74,0.0716002776682034,42,0.18753439496611554,62,0.2906884319837955,70,0.3740326176835683,77,325
169,-0.9731183372332619,19,0.0,25,34,17,896.7,7,173.0,0.055508914065680134,33,1.326794896677558e-06,15,1.326794896677558e-06,25,0.055508914065680134,29,0.15545368515357727,38,140
169,-0.9731183372332619,20,0.2588,24,36,15,897.6,7,0.0,0.0,0,0.0,0,0.0,0,0.0,0,0.0,0,0
169,-0.9731183372332619,21,0.5,22,41,7,897.6,10,0.0,0.0,0,0.0,0,0.0,0,0.0,0,0.0,0,0
169,-0.9731183372332619,22,0.7071,21,46,7,897.6,7,0.0,0.0,0,0.0,0,0.0,0,0.0,0,0.0,0,0
169,-0.9731183372332619,23,0.866,19,49,7,897.6,10,0.0,0.0,0,0.0,0,0.0,0,0.0,0,0.0,0,0
169,-0.9731183372332619,24,0.9659,19,52,4,897.6,10,0.0,0.0,0,0.0,0,0.0,0,0.0,0,0.0,0,0
170,-0.9769384927771817,1,1.0,18,56,6,896.7,10,0.0,0.0,0,0.0,0,0.0,0,0.0,0,0.0,0,0
170,-0.9769384927771817,2,0.9659,17,63,6,896.7,10,0.0,0.0,0,0.0,0,0.0,0,0.0,0,0.0,0,0
170,-0.9769384927771817,3,0.866,15,67,6,896.7,10,0.0,0.0,0,0.0,0,0.0,0,0.0,0,0.0,0,0
170,-0.9769384927771817,4,0.7071,18,56,17,896.7,10,0.0,0.0,0,0.0,0,0.0,0,0.0,0,0.0,0,0
170,-0.9769384927771817,5,0.5,17,63,19,896.7,10,0.0,0.0,0,0.0,0,0.0,0,0.0,0,0.0,0,0
170,-0.9769384927771817,6,0.2588,16,68,17,896.7,10,0.0,0.0,0,0.0,0,0.0,0,0.0,0,0.0,0,0
170,-0.9769384927771817,7,0.0,18,59,17,896.7,10,0.0,0.0,0,0.0,0,0.0,0,0.0,0,0.0,0,0
170,-0.9769384927771817,8,-0.2588,20,52,20,896.7,10,333.0,0.2906972016550672,34,0.20693018897394583,29,0.2980790438159532,22,0.3689143916184968,21,0.41460892519462295,21,127
170,-0.9769384927771817,9,-0.5,22,46,19,896.7,10,534.0,0.5098179254657818,96,0.39657233415967386,81,0.5050146213116821,43,0.5790410881619248,68,0.6136069598581493,73,361
170,-0.9769384927771817,10,-0.7071,23,44,20,896.7,10,709.0,0.697981126004313,152,0.5493308320633717,131,0.6744750355171553,157,0.7536549757151939,176,0.7814746786231699,183,799
170,-0.9769384927771817,11,-0.866,24,38,9,896.7,10,849.0,0.8423638112334262,191,0.6547954616363173,165,0.7949118583137482,197,0.8808564242791658,209,0.9067721887976204,214,976
170,-0.9769384927771817,12,-0.9659,25,34,6,895.8,10,942.0,0.9331265547886485,210,0.7057789951540032,180,0.858117532868878,212,0.9519768786265231,221,0.9809606837753991,225,1048
170,-0.9769384927771817,13,-1.0,26,32,7,895.8,7,987.0,0.9640840352578935,230,0.698806997049009,190,0.8597847056695533,225,0.962169605957287,234,0.9989843478712029,238,1117
170,-0.9769384927771817,14,-0.9659,27,28,7,894.9,7,387.0,0.9331265547886485,213,0.6343545909100543,171,0.799799757150144,203,0.9107399865156549,211,0.9596148981797095,218,1016
170,-0.9769384927771817,15,-0.866,28,26,17,894.1,7,928.0,0.8423638112334263,193,0.5168140998126367,145,0.6822505603118193,178,0.8011928617516738,188,0.8655352955763042,197,901
170,-0.9769384927771817,16,-0.7071,29,25,17,894.1,7,856.0,0.697981126004313,199,0.354195698094536,133,0.515147883776834,170,0.6409936745665745,186,0.7231569000276129,198,886
170,-0.9769384927771817,17,-0.5,28,26,15,894.1,7,409.0,0.5098179254657818,94,0.15758154176960648,59,0.3098794799970075,77,0.4410597182960993,86,0.5421825508408922,95,411
170,-0.9769384927771817,18,-0.2588,22,50,30,894.1,4,22.0,0.29069720165506696,10,1.326794896677558e-06,10,0.08043402856490571,10,0.21501614163516528,10,0.334945335141236,10,50
170,-0.9769384927771817,19,0.0,24,44,13,894.1,7,114.0,0.05555164849255446,27,1.326794896677558e-06,19,1.326794896677558e-06,23,1.326794896677558e-06,24,0.11556811050986543,29,122
170,-0.9769384927771817,20,0.2588,24,44,17,894.1,7,0.0,0.0,0,0.0,0,0.0,0,0.0,0,0.0,0,0
170,-0.9769384927771817,21,0.5,21,49,15,894.9,10,0.0,0.0,0,0.0,0,0.0,0,0.0,0,0.0,0,0
170,-0.9769384927771817,22,0.7071,20,52,15,894.9,10,0.0,0.0,0,0.0,0,0.0,0,0.0,0,0.0,0,0
170,-0.9769384927771817,23,0.866,20,49,13,894.9,10,0.0,0.0,0,0.0,0,0.0,0,0.0,0,0.0,0,0
170,-0.9769384927771817,24,0.9659,19,52,13,894.9,10,0.0,0.0,0,0.0,0,0.0,0,0.0,0,0.0,0,0
171,-0.980469160361632,1,1.0,19,56,15,894.9,10,0.0,0.0,0,0.0,0,0.0,0,0.0,0,0.0,0,0
171,-0.980469160361632,2,0.9659,19,56,22,894.9,10,0.0,0.0,0,0.0,0,0.0,0,0.0,0,0.0,0,0
171,-0.980469160361632,3,0.866,19,56,17,894.9,10,0.0,0.0,0,0.0,0,0.0,0,0.0,0,0.0,0,0
171,-0.980469160361632,4,0.7071,18,59,11,894.9,10,0.0,0.0,0,0.0,0,0.0,0,0.0,0,0.0,0,0
171,-0.980469160361632,5,0.5,17,63,7,894.9,10,0.0,0.0,0,0.0,0,0.0,0,0.0,0,0.0,0,0
171,-0.980469160361632,6,0.2588,16,68,4,894.9,10,0.0,0.0,0,0.0,0,0.0,0,0.0,0,0.0,0,0
171,-0.980469160361632,7,0.0,19,60,2,894.9,10,0.0,0.0,0,0.0,0,0.0,0,0.0,0,0.0,0,0
171,-0.980469160361632,8,-0.2588,22,50,4,894.9,10,329.0,0.2907027667670376,34,0.20682702191289737,28,0.2980255129300479,22,0.36891414493975994,20,0.414661979528172,20,124
171,-0.980469160361632,9,-0.5,23,47,7,894.9,10,528.0,0.5098033324431469,92,0.3964517208820003,79,0.5049420532811331,42,0.5790215107600826,66,0.6136417072475563,71,350
171,-0.980469160361632,10,-0.7071,24,44,19,894.9,10,704.0,0.6979492228043974,149,0.5491961656968727,129,0.6743868778896996,154,0.7536193346129864,171,0.7814939829233358,178,781
171,-0.980469160361632,11,-0.866,25,39,17,894.9,10,842.0,0.8423186254700242,206,0.6546510930021774,178,0.7948126210399376,212,0.8808090812108018,225,0.9067799662811326,230,1051
171,-0.980469160361632,12,-0.9659,27,32,17,894.9,10,939.0,0.9330730192578196,198,0.7056299362659475,168,0.8580124809572028,199,0.9519229927937114,209,0.980961636246001,213,987
171,-0.980469160361632,13,-1.0,28,30,11,894.1,7,978.0,0.9640276517770594,227,0.6986585775969412,189,0.8596794987882247,225,0.9621147813096292,234,0.9989836416599558,239,1114
171,-0.980469160361632,14,-0.9659,28,28,17,894.1,7,824.0,0.9330730192578196,206,0.6342121027433317,164,0.7997000702116158,197,0.9106898942928892,207,0.9596178143680012,212,986
171,-0.980469160361632,15,-0.866,30,23,7,893.2,7,388.0,0.8423186254700242,158,0.5166824248380174,121,0.6821616873710247,146,0.801152847375815,154,0.8655468666714643,159,738
171,-0.980469160361632,16,-0.7071,29,27,15,892.3,7,742.0,0.6979492228043972,175,0.3540789832750888,121,0.5150743835316364,153,0.6409683978023847,165,0.723181569305782,175,789
171,-0.980469160361632,17,-0.5,30,23,13,892.3,7,475.0,0.5098033324431469,120,0.1574829145600336,65,0.3098248635238819,89,0.44105283456729066,104,0.5422238689614031,117,495
171,-0.980469160361632,18,-0.2588,29,25,15,891.4,7,421.0,0.2907027667670376,98,1.326794896677558e-06,36,0.08040052004571382,55,0.21503005291435862,73,0.33500571817600877,95,357
171,-0.980469160361632,19,0.0,29,23,11,891.4,7,167.0,0.05557884595751947,32,1.326794896677558e-06,16,1.326794896677558e-06,18,1.326794896677558e-06,22,0.11564867529300127,32,120
171,-0.980469160361632,20,0.2588,28,25,11,891.4,7,0.0,0.0,0,0.0,0,0.0,0,0.0,0,0.0,0,0
171,-0.980469160361632,21,0.5,26,34,15,892.3,2,0.0,0.0,0,0.0,0,0.0,0,0.0,0,0.0,0,0
171,-0.980469160361632,22,0.7071,23,50,26,893.2,2,0.0,0.0,0,0.0,0,0.0,0,0.0,0,0.0,0,0
171,-0.980469160361632,23,0.866,22,50,17,893.2,5,0.0,0.0,0,0.0,0,0.0,0,0.0,0,0.0,0,0
171,-0.980469160361632,24,0.9659,21,53,7,893.2,2,0.0,0.0,0,0.0,0,0.0,0,0.0,0,0.0,0,0
172,-0.9837092937736097,1,1.0,21,53,19,894.1,5,0.0,0.0,0,0.0,0,0.0,0,0.0,0,0.0,0,0
172,-0.9837092937736097,2,0.9659,17,77,22,894.1,2,0.0,0.0,0,0.0,0,0.0,0,0.0,0,0.0,0,0
172,-0.9837092937736097,3,0.866,17,72,24,893.2,5,0.0,0.0,0,0.0,0,0.0,0,0.0,0,0.0,0,0
172,-0.9837092937736097,4,0.7071,18,64,6,894.1,7,0.0,0.0,0,0.0,0,0.0,0,0.0,0,0.0,0,0
172,-0.9837092937736097,5,0.5,17,72,9,894.1,7,0.0,0.0,0,0.0,0,0.0,0,0.0,0,0.0,0,0
172,-0.9837092937736097,6,0.2588,16,82,7,894.1,7,0.0,0.0,0,0.0,0,0.0,0,0.0,0,0.0,0,0
172,-0.9837092937736097,7,0.0,17,77,11,894.1,5,0.0,0.0,0,0.0,0,0.0,0,0.0,0,0.0,0,0
172,-0.9837092937736097,8,-0.2588,18,73,11,894.9,5,186.0,0.29070514810148884,40,0.3425276201178719,37,0.40883773813031077,40,0.4472863334050722,42,0.4552532005806886,44,203
172,-0.9837092937736097,9,-0.5,21,56,4,894.9,5,228.0,0.5097970704893492,58,0.5134551350745834,51,0.6004860376090496,57,0.6465949066717523,62,0.6486395033196212,64,292
172,-0.9837092937736097,10,-0.7071,22,50,11,894.9,5,668.0,0.6979355386930054,150,0.6403613637621558,149,0.748832283838735,171,0.8062716222300894,177,0.8087649889320667,178,825
172,-0.9837092937736097,11,-0.866,23,47,13,894.9,7,840.0,0.842299246137961,201,0.7145978713975195,189,0.8437669419088454,216,0.9154347921461669,223,0.9247173844907308,223,1052
172,-0.9837092937736097,12,-0.9659,24,44,15,894.9,7,929.0,0.9330500597608209,234,0.7311055714170893,206,0.8788203824362759,240,0.9666451381641711,249,0.9885947366418373,250,1179
172,-0.9837092937736097,13,-1.0,25,41,13,894.9,5,429.0,0.964003471152546,189,0.6887594960109356,158,0.8516037775494248,184,0.9564127667833795,190,0.9960439162783263,192,913
172,-0.9837092937736097,14,-0.9659,25,39,13,894.9,5,358.0,0.9330500597608209,91,0.5904454472694356,70,0.7639718843118019,83,0.8854349915197114,90,0.9465572724463398,97,431
172,-0.9837092937736097,15,-0.866,26,36,15,894.1,5,488.0,0.8422992461379611,117,0.4428633615277747,90,0.6218966680846246,106,0.7585488276258828,114,0.8435072358129112,123,550
172,-0.9837092937736097,16,-0.7071,25,36,9,894.1,2,555.0,0.6979355386930056,153,0.25607069388068887,99,0.4350603019164279,124,0.5844013427502852,138,0.693916485612378,149,663
172,-0.9837092937736097,17,-0.5,24,41,20,894.1,2,362.0,0.5097970704893492,89,0.04279703380712646,55,0.21619535461104306,70,0.3748603825103257,81,0.5079793707283772,91,386
172,-0.9837092937736097,18,-0.2588,23,41,20,894.1,5,101.0,0.29070514810148884,25,1.326794896677558e-06,19,1.326794896677558e-06,24,0.14420579660492955,25,0.2983671824834,29,122
172,-0.9837092937736097,19,0.0,23,47,17,894.1,5,82.0,0.055590502687044435,18,1.326794896677558e-06,14,1.326794896677558e-06,18,1.326794896677558e-06,18,0.07936462933991285,20,88
172,-0.9837092937736097,20,0.2588,23,44,7,894.9,5,0.0,0.0,0,0.0,0,0.0,0,0.0,0,0.0,0,0
172,-0.9837092937736097,21,0.5,22,46,9,894.9,5,0.0,0.0,0,0.0,0,0.0,0,0.0,0,0.0,0,0
172,-0.9837092937736097,22,0.7071,21,46,7,895.8,5,0.0,0.0,0,0.0,0,0.0,0,0.0,0,0.0,0,0
172,-0.9837092937736097,23,0.866,20,56,11,895.8,7,0.0,0.0,0,0.0,0,0.0,0,0.0,0,0.0,0,0
172,-0.9837092937736097,24,0.9659,18,59,13,895.8,7,0.0,0.0,0,0.0,0,0.0,0,0.0,0,0.0,0,0
173,-0.986657932891657,1,1.0,16,72,7,896.7,7,0.0,0.0,0,0.0,0,0.0,0,0.0,0,0.0,0,0
173,-0.986657932891657,2,0.9659,15,77,7,896.7,7,0.0,0.0,0,0.0,0,0.0,0,0.0,0,0.0,0,0
173,-0.986657932891657,3,0.866,15,77,6,896.7,7,0.0,0.0,0,0.0,0,0.0,0,0.0,0,0.0,0,0
173,-0.986657932891657,4,0.7071,15,77,4,895.8,7,0.0,0.0,0,0.0,0,0.0,0,0.0,0,0.0,0,0
173,-0.986657932891657,5,0.5,15,77,2,895.8,7,0.0,0.0,0,0.0,0,0.0,0,0.0,0,0.0,0,0
173,-0.986657932891657,6,0.2588,16,77,6,896.7,5,0.0,0.0,0,0.0,0,0.0,0,0.0,0,0.0,0,0
173,-0.986657932891657,7,0.0,16,82,11,895.8,4,0.0,0.0,0,0.0,0,0.0,0,0.0,0,0.0,0,0
173,-0.986657932891657,8,-0.2588,17,77,4,896.7,5,85.0,0.2907043545709682,24,0.3425431297101764,18,0.4088460153415396,22,0.4472868141578568,33,0.4552458521128405,27,124
173,-0.986657932891657,9,-0.5,20,64,4,896.7,7,434.0,0.5097991583274651,100,0.5134728926031253,98,0.6004968352651088,111,0.6465980086139881,134,0.6486346981561641,121,564
173,-0.986657932891657,10,-0.7071,22,53,6,897.6,7,394.0,0.6979401008176996,96,0.6403807902853799,92,0.7488450324565942,107,0.8062768241466013,135,0.8087622896456972,113,543
173,-0.986657932891657,11,-0.866,23,47,7,896.7,7,374.0,0.842305706849136,147,0.714618274234819,141,0.8437809390509583,160,0.9154414297124108,136,0.9247162101425507,165,749
173,-0.986657932891657,12,-0.9659,24,44,7,896.7,7,306.0,0.9330577139732029,109,0.7311261913537708,95,0.8788348405804192,109,0.9666524492187092,99,0.9885944023712395,111,523
173,-0.986657932891657,13,-1.0,18,68,30,896.7,1,122.0,0.9640115324459395,34,0.6887795607606192,28,0.8516178791639482,33,0.9564199442627007,37,0.9960436804899797,38,170
173,-0.986657932891657,14,-0.9659,19,78,6,896.7,2,236.0,0.9330577139732029,74,0.5904642173284316,54,0.7639848320366984,65,0.8854412345462488,113,0.9465563853235984,80,386
173,-0.986657932891657,15,-0.866,24,44,6,896.7,7,507.0,0.842305706849136,194,0.4428801906756136,138,0.6219077473205947,170,0.7585534019202782,182,0.8435049934362954,192,876
173,-0.986657932891657,16,-0.7071,23,47,7,896.7,4,521.0,0.6979401008176996,139,0.2560850664433266,90,0.43506892399128094,114,0.5844036267592857,95,0.6939122759054388,138,576
173,-0.986657932891657,17,-0.5,23,50,11,896.7,5,321.0,0.5097991583274654,95,0.04280860152247128,50,0.21620109830364656,68,0.3748599107593879,74,0.5079727156845631,93,380
173,-0.986657932891657,18,-0.2588,20,64,22,897.6,2,84.0,0.2907043545709682,18,1.326794896677558e-06,14,1.326794896677558e-06,18,0.144202291419386,10,0.29835777074127867,22,82
173,-0.986657932891657,19,0.0,17,82,20,898.5,1,0.0,0.0,0,0.0,0,0.0,0,0.0,0,0.0,0,0
173,-0.986657932891657,20,0.2588,17,82,13,897.6,4,0.0,0.0,0,0.0,0,0.0,0,0.0,0,0.0,0,0
173,-0.986657932891657,21,0.5,17,82,7,897.6,4,0.0,0.0,0,0.0,0,0.0,0,0.0,0,0.0,0,0
173,-0.986657932891657,22,0.7071,17,88,4,898.5,7,0.0,0.0,0,0.0,0,0.0,0,0.0,0,0.0,0,0
173,-0.986657932891657,23,0.866,16,88,11,898.5,7,0.0,0.0,0,0.0,0,0.0,0,0.0,0,0.0,0,0
173,-0.986657932891657,24,0.9659,15,94,2,899.4,7,0.0,0.0,0,0.0,0,0.0,0,0.0,0,0.0,0,0
174,-0.9893142039703663,1,1.0,15,94,6,898.5,7,0.0,0.0,0,0.0,0,0.0,0,0.0,0,0.0,0,0
174,-0.9893142039703663,2,0.9659,15,94,4,898.5,10,0.0,0.0,0,0.0,0,0.0,0,0.0,0,0.0,0,0
174,-0.9893142039703663,3,0.866,14,94,6,898.5,10,0.0,0.0,0,0.0,0,0.0,0,0.0,0,0.0,0,0
174,-0.9893142039703663,4,0.7071,14,88,6,898.5,10,0.0,0.0,0,0.0,0,0.0,0,0.0,0,0.0,0,0
174,-0.9893142039703663,5,0.5,13,94,7,897.6,10,0.0,0.0,0,0.0,0,0.0,0,0.0,0,0.0,0,0
174,-0.9893142039703663,6,0.2588,13,94,4,898.5,4,0.0,0.0,0,0.0,0,0.0,0,0.0,0,0.0,0,0
174,-0.9893142039703663,7,0.0,14,94,6,898.5,4,0.0,0.0,0,0.0,0,0.0,0,0.0,0,0.0,0,0
174,-0.9893142039703663,8,-0.2588,17,82,7,899.4,10,319.0,0.2907003832042219,35,0.4745244253481348,52,0.5165863552891797,25,0.5234438769344388,24,0.4946296620846259,24,160
174,-0.9893142039703663,9,-0.5,20,68,4,899.4,7,337.0,0.5098095897157975,80,0.6242282890131552,88,0.6909097249918228,92,0.7105069074135237,98,0.6816843225978767,97,455
174,-0.9893142039703663,10,-0.7071,21,60,20,898.5,7,726.0,0.6979629001283922,180,0.7237279018480864,179,0.81688209216135,207,0.8543672229904523,217,0.8336287486210632,218,1001
174,-0.9893142039703663,11,-0.866,23,53,17,899.4,7,884.0,0.8423379963985073,191,0.7662425413124205,178,0.8859186621430938,205,0.9452209955587099,214,0.9401081921807268,215,1003
174,-0.9893142039703663,12,-0.9659,23,50,19,899.4,7,959.0,0.9330959693352633,231,0.7488749099578174,206,0.8933147144779497,238,0.9768767000618281,248,0.9938662650328645,248,1171
174,-0.9893142039703663,13,-1.0,25,41,13,898.5,7,433.0,0.9640518226354878,202,0.6728085862686789,169,0.8385662254443785,199,0.9471770588168285,203,0.9912394499661514,204,977
174,-0.9893142039703663,14,-0.9659,25,39,9,898.5,7,319.0,0.9330959693352633,133,0.5432273405303196,106,0.7254041956823021,125,0.8581460414986924,128,0.9324067553331329,131,623
174,-0.9893142039703663,15,-0.866,25,39,15,897.6,7,275.0,0.8423379963985074,106,0.36896192039551556,78,0.5615404302337249,93,0.7158509642919403,100,0.8213775310001467,106,483
174,-0.9893142039703663,16,-0.7071,26,36,13,897.6,7,528.0,0.6979629001283922,162,0.16188820069287657,95,0.3581419516242444,126,0.5299889840771224,144,0.6657182233206783,156,683
174,-0.9893142039703663,17,-0.5,26,39,17,897.6,7,648.0,0.5098095897157975,165,1.326794896677558e-06,65,0.12907000786686748,100,0.3132262692306999,128,0.47603674304889293,154,612
174,-0.9893142039703663,18,-0.2588,26,39,20,897.6,7,429.0,0.2907003832042217,103,1.326794896677558e-06,29,1.326794896677558e-06,38,0.08033482017365134,60,0.26525955394966905,89,319
174,-0.9893142039703663,19,0.0,26,34,19,897.6,10,216.0,0.055567189631790706,39,1.326794896677558e-06,17,1.326794896677558e-06,17,1.326794896677558e-06,15,0.047750758033669405,31,119
174,-0.9893142039703663,20,0.2588,25,36,17,898.5,10,0.0,0.0,0,0.0,0,0.0,0,0.0,0,0.0,0,0
174,-0.9893142039703663,21,0.5,22,46,9,898.5,10,0.0,0.0,0,0.0,0,0.0,0,0.0,0,0.0,0,0
174,-0.9893142039703663,22,0.7071,21,49,11,898.5,10,0.0,0.0,0,0.0,0,0.0,0,0.0,0,0.0,0,0
174,-0.9893142039703663,23,0.866,21,56,20,898.5,10,0.0,0.0,0,0.0,0,0.0,0,0.0,0,0.0,0,0
174,-0.9893142039703663,24,0.9659,21,56,19,898.5,10,0.0,0.0,0,0.0,0,0.0,0,0.0,0,0.0,0,0
175,-0.99167731989929,1,1.0,20,60,17,898.5,10,0.0,0.0,0,0.0,0,0.0,0,0.0,0,0.0,0,0
175,-0.99167731989929,2,0.9659,20,60,19,898.5,10,0.0,0.0,0,0.0,0,0.0,0,0.0,0,0.0,0,0
175,-0.99167731989929,3,0.866,19,64,20,897.6,10,0.0,0.0,0,0.0,0,0.0,0,0.0,0,0.0,0,0
175,-0.99167731989929,4,0.7071,19,64,17,898.5,7,0.0,0.0,0,0.0,0,0.0,0,0.0,0,0.0,0,0
175,-0.99167731989929,5,0.5,20,60,15,897.6,7,0.0,0.0,0,0.0,0,0.0,0,0.0,0,0.0,0,0
175,-0.99167731989929,6,0.2588,20,60,13,897.6,5,0.0,0.0,0,0.0,0,0.0,0,0.0,0,0.0,0,0
175,-0.99167731989929,7,0.0,20,60,15,897.6,7,0.0,0.0,0,0.0,0,0.0,0,0.0,0,0.0,0,0
175,-0.99167731989929,8,-0.2588,21,60,22,898.5,7,353.0,0.29069321915105073,47,0.47466460281279377,84,0.5166613319228437,45,0.5234485432081266,49,0.49456369999838967,46,271
175,-0.99167731989929,9,-0.5,23,53,22,898.5,5,471.0,0.5098283334559344,92,0.6243861676653661,110,0.6910053138657839,115,0.7105336922925216,123,0.6816404781370828,108,548
175,-0.99167731989929,10,-0.7071,22,53,26,898.5,5,332.0,0.6980038913881466,91,0.7238975454692534,84,0.8169925761844318,95,0.8544110181211448,101,0.8336028702958342,103,474
175,-0.99167731989929,11,-0.866,23,50,24,898.5,5,538.0,0.8423960587769994,148,0.7664172119221299,132,0.8860373091467012,154,0.9452755333702133,158,0.9400949041425316,161,753
175,-0.99167731989929,12,-0.9659,25,47,30,898.5,5,663.0,0.9331647630662779,231,0.7490475269952764,212,0.893434236001115,245,0.9769349808892881,240,0.9938593334284583,236,1164
175,-0.99167731989929,13,-1.0,26,44,26,898.5,5,904.0,0.9641242766307843,231,0.6729722039803765,186,0.8386792692323838,222,0.9472318249481103,232,0.9912322062269393,236,1107
175,-0.99167731989929,14,-0.9659,26,42,17,897.6,5,847.0,0.9331647630662779,229,0.5433756415207001,168,0.725503863230837,205,0.8581902834423317,221,0.9323925566656731,229,1052
175,-0.99167731989929,15,-0.866,26,42,20,897.6,5,645.0,0.8423960587769994,175,0.3690896160066371,117,0.5616207223005234,148,0.7158783810599728,162,0.8213502040727511,172,774
175,-0.99167731989929,16,-0.7071,27,39,30,897.6,5,392.0,0.6980038913881462,129,0.161991411626865,68,0.35819819356768323,92,0.5299944242538638,107,0.6656724910043609,122,518
175,-0.99167731989929,17,-0.5,26,39,24,897.6,5,340.0,0.5098283334559344,88,1.326794896677558e-06,49,0.12909916401706775,64,0.31320607906428427,75,0.4759685825075983,86,362
175,-0.99167731989929,18,-0.2588,26,39,28,897.6,5,292.0,0.29069321915105073,78,1.326794896677558e-06,40,1.326794896677558e-06,46,0.0802870925717625,57,0.26516647078872235,73,294
175,-0.99167731989929,19,0.0,24,38,20,897.6,5,150.0,0.055532223078976574,31,1.326794896677558e-06,21,1.326794896677558e-06,25,1.326794896677558e-06,26,0.04763195628761333,31,134
175,-0.99167731989929,20,0.2588,24,38,19,897.6,5,0.0,0.0,0,0.0,0,0.0,0,0.0,0,0.0,0,0
175,-0.99167731989929,21,0.5,23,44,13,897.6,5,0.0,0.0,0,0.0,0,0.0,0,0.0,0,0.0,0,0
175,-0.99167731989929,22,0.7071,22,50,9,898.5,5,0.0,0.0,0,0.0,0,0.0,0,0.0,0,0.0,0,0
175,-0.99167731989929,23,0.866,21,53,9,898.5,5,0.0,0.0,0,0.0,0,0.0,0,0.0,0,0.0,0,0
175,-0.99167731989929,24,0.9659,22,57,11,898.5,5,0.0,0.0,0,0.0,0,0.0,0,0.0,0,0.0,0,0
176,-0.993746580436178,1,1.0,21,53,20,897.6,5,0.0,0.0,0,0.0,0,0.0,0,0.0,0,0.0,0,0
176,-0.993746580436178,2,0.9659,21,53,13,897.6,5,0.0,0.0,0,0.0,0,0.0,0,0.0,0,0.0,0,0
176,-0.993746580436178,3,0.866,20,60,13,897.6,5,0.0,0.0,0,0.0,0,0.0,0,0.0,0,0.0,0,0
176,-0.993746580436178,4,0.7071,19,64,19,897.6,5,0.0,0.0,0,0.0,0,0.0,0,0.0,0,0.0,0,0
176,-0.993746580436178,5,0.5,19,64,17,897.6,7,0.0,0.0,0,0.0,0,0.0,0,0.0,0,0.0,0,0
176,-0.993746580436178,6,0.2588,19,64,19,897.6,7,0.0,0.0,0,0.0,0,0.0,0,0.0,0,0.0,0,0
176,-0.993746580436178,7,0.0,20,60,19,897.6,10,0.0,0.0,0,0.0,0,0.0,0,0.0,0,0.0,0,0
176,-0.993746580436178,8,-0.2588,21,53,20,898.5,10,319.0,0.290682835706585,34,0.4748669640277626,77,0.5167695342280155,28,0.5234552128019861,30,0.49446838235752355,24,193
176,-0.993746580436178,9,-0.5,22,53,24,898.5,10,508.0,0.5098553334330121,93,0.6246140706525612,132,0.6911432584210394,135,0.7105722777325696,142,0.6815770749285286,119,621
176,-0.993746580436178,10,-0.7071,23,50,20,898.5,7,689.0,0.6980629932271692,151,0.7241424246144856,175,0.8171520135635525,196,0.8544741483536448,199,0.8335653911639309,195,916
176,-0.993746580436178,11,-0.866,24,47,20,898.5,7,835.0,0.8424797932360353,197,0.7666693447160775,197,0.8862085252264738,225,0.9453541646591124,231,0.9400755920541147,226,1076
176,-0.993746580436178,12,-0.9659,25,41,22,898.5,7,951.0,0.9332639822356577,225,0.7492966966052839,205,0.8936067139611596,236,0.9770190131300038,245,0.9938491933000421,244,1155
176,-0.993746580436178,13,-1.0,26,36,17,897.6,7,951.0,0.9642287773461824,236,0.6732084011545836,194,0.8388424108666204,230,0.9473107932302599,241,0.9912216196099953,244,1145
176,-0.993746580436178,14,-0.9659,27,37,11,897.6,7,825.0,0.9332639822356577,227,0.5435897245053548,167,0.7256476930735454,205,0.8582540583996274,220,0.9323719305928018,229,1048
176,-0.993746580436178,15,-0.866,28,32,20,896.7,7,872.0,0.8424797932360354,215,0.3692739666412953,129,0.5617365944629894,172,0.7159178782787227,194,0.821310634693144,209,919
176,-0.993746580436178,16,-0.7071,28,30,19,896.7,7,759.0,0.6980629932271692,196,0.1621404323129284,81,0.35827936281706607,126,0.5300022105443006,157,0.66560636373135,182,742
176,-0.993746580436178,17,-0.5,28,30,20,895.8,7,597.0,0.5098553334330121,153,1.326794896677558e-06,36,0.1291412500603261,64,0.3131768822774182,100,0.4758700926254202,135,488
176,-0.993746580436178,18,-0.2588,28,32,22,895.8,7,413.0,0.290682835706585,98,1.326794896677558e-06,24,1.326794896677558e-06,25,0.08021816088557175,42,0.2650320190325994,78,267
176,-0.993746580436178,19,0.0,26,39,33,896.7,6,215.0,0.055481722263189946,41,1.326794896677558e-06,20,1.326794896677558e-06,22,1.326794896677558e-06,21,0.047460394126205965,32,136
176,-0.993746580436178,20,0.2588,23,50,30,897.6,5,0.0,0.0,0,0.0,0,0.0,0,0.0,0,0.0,0,0
176,-0.993746580436178,21,0.5,22,57,13,897.6,5,0.0,0.0,0,0.0,0,0.0,0,0.0,0,0.0,0,0
176,-0.993746580436178,22,0.7071,21,56,9,897.6,7,0.0,0.0,0,0.0,0,0.0,0,0.0,0,0.0,0,0
176,-0.993746580436178,23,0.866,20,60,6,897.6,10,0.0,0.0,0,0.0,0,0.0,0,0.0,0,0.0,0,0
176,-0.993746580436178,24,0.9659,20,56,9,897.6,10,0.0,0.0,0,0.0,0,0.0,0,0.0,0,0.0,0,0
177,-0.9955213724144752,1,1.0,19,60,7,897.6,10,0.0,0.0,0,0.0,0,0.0,0,0.0,0,0.0,0,0
177,-0.9955213724144752,2,0.9659,18,64,2,897.6,10,0.0,0.0,0,0.0,0,0.0,0,0.0,0,0.0,0,0
177,-0.9955213724144752,3,0.866,18,64,7,897.6,10,0.0,0.0,0,0.0,0,0.0,0,0.0,0,0.0,0,0
177,-0.9955213724144752,4,0.7071,15,77,4,897.6,10,0.0,0.0,0,0.0,0,0.0,0,0.0,0,0.0,0,0
177,-0.9955213724144752,5,0.5,16,72,4,896.7,10,0.0,0.0,0,0.0,0,0.0,0,0.0,0,0.0,0,0
177,-0.9955213724144752,6,0.2588,16,72,2,896.7,10,0.0,0.0,0,0.0,0,0.0,0,0.0,0,0.0,0,0
177,-0.9955213724144752,7,0.0,17,72,7,896.7,10,0.0,0.0,0,0.0,0,0.0,0,0.0,0,0.0,0,0
177,-0.9955213724144752,8,-0.2588,20,68,6,896.7,10,253.0,0.2906691943549486,33,0.5991572678570555,73,0.6181775663310829,59,0.5950701867307268,52,0.5314098566928737,41,258
177,-0.9955213724144752,9,-0.5,23,57,13,896.7,7,374.0,0.50989050868816,84,0.7257880745668152,132,0.7736885154167837,142,0.7688634686348984,139,0.7116417526918454,130,627
177,-0.9955213724144752,10,-0.7071,24,50,19,896.7,7,667.0,0.6981400882399729,155,0.7971581983572975,193,0.8767161377974747,211,0.8965274297293802,212,0.8552419695125427,201,972
177,-0.9955213724144752,11,-0.866,24,50,19,896.7,5,505.0,0.8425890544036583,128,0.8084038914884013,128,0.9202392825644172,144,0.9693619949218644,145,0.9524244024465391,144,689
177,-0.9955213724144752,12,-0.9659,24,50,19,895.8,5,240.0,0.9333934638909909,70,0.7587587798579438,61,0.9012919241170357,71,0.9824036164118745,72,0.9965662382385102,74,348
177,-0.9955213724144752,13,-1.0,25,44,19,895.8,5,398.0,0.9643651558329047,132,0.6516060900410192,104,0.8211652915350626,121,0.934763530588619,128,0.9846592878620914,133,618
177,-0.9955213724144752,14,-0.9659,25,47,28,895.8,5,407.0,0.9333934638909909,117,0.4942480883841597,84,0.6853198736117372,101,0.8296883256818506,111,0.9175149891888187,118,531
177,-0.9955213724144752,15,-0.866,25,47,31,895.8,5,459.0,0.8425890544036583,146,0.2974084444760293,98,0.5030132962542838,120,0.674338692581681,134,0.799709108956599,144,642
177,-0.9955213724144752,16,-0.7071,27,42,26,894.9,7,615.0,0.6981400882399729,180,0.07450143205479977,67,0.28666943177298543,104,0.47930143658984625,135,0.6392699125070477,163,649
177,-0.9955213724144752,17,-0.5,27,39,26,894.9,7,600.0,0.5098905086881601,157,1.326794896677558e-06,34,0.051031734204577975,49,0.25786800569983165,88,0.4471310520115633,130,458
177,-0.9955213724144752,18,-0.2588,27,39,24,894.9,7,413.0,0.2906691943549486,100,1.326794896677558e-06,27,1.326794896677558e-06,26,0.025128702561375785,33,0.2363864579706595,71,257
177,-0.9955213724144752,19,0.0,26,42,26,894.9,7,213.0,0.05541569421551323,40,1.326794896677558e-06,19,1.326794896677558e-06,19,1.326794896677558e-06,17,0.021398011969853407,25,120
177,-0.9955213724144752,20,0.2588,26,42,19,894.9,7,0.0,0.0,0,0.0,0,0.0,0,0.0,0,0.0,0,0
177,-0.9955213724144752,21,0.5,25,44,13,894.9,7,0.0,0.0,0,0.0,0,0.0,0,0.0,0,0.0,0,0
177,-0.9955213724144752,22,0.7071,24,47,15,895.8,7,0.0,0.0,0,0.0,0,0.0,0,0.0,0,0.0,0,0
177,-0.9955213724144752,23,0.866,22,53,7,895.8,7,0.0,0.0,0,0.0,0,0.0,0,0.0,0,0.0,0,0
177,-0.9955213724144752,24,0.9659,22,53,13,895.8,10,0.0,0.0,0,0.0,0,0.0,0,0.0,0,0.0,0,0
178,-0.9970011699250151,1,1.0,20,60,9,895.8,10,0.0,0.0,0,0.0,0,0.0,0,0.0,0,0.0,0,0
178,-0.9970011699250151,2,0.9659,21,56,15,895.8,10,0.0,0.0,0,0.0,0,0.0,0,0.0,0,0.0,0,0
178,-0.9970011699250151,3,0.866,21,56,22,895.8,10,0.0,0.0,0,0.0,0,0.0,0,0.0,0,0.0,0,0
178,-0.9970011699250151,4,0.7071,20,64,17,896.7,10,0.0,0.0,0,0.0,0,0.0,0,0.0,0,0.0,0,0
178,-0.9970011699250151,5,0.5,19,68,17,896.7,10,0.0,0.0,0,0.0,0,0.0,0,0.0,0,0.0,0,0
178,-0.9970011699250151,6,0.2588,19,68,22,896.7,10,0.0,0.0,0,0.0,0,0.0,0,0.0,0,0.0,0,0
178,-0.9970011699250151,7,0.0,20,64,15,896.7,10,0.0,0.0,0,0.0,0,0.0,0,0.0,0,0.0,0,0
178,-0.9970011699250151,8,-0.2588,22,57,20,896.7,10,310.0,0.2906522448322749,35,0.5994703856460698,101,0.61834110161058,80,0.5950729948460594,67,0.5312517462651856,45,328
178,-0.9970011699250151,9,-0.5,22,57,19,897.6,10,504.0,0.5099337535230767,90,0.726135962943343,156,0.7738947512782975,167,0.7689139973594289,163,0.7115331308255125,150,726
178,-0.9970011699250151,10,-0.7071,24,50,15,897.6,10,625.0,0.6982350231256395,135,0.7975256837116935,163,0.8769506632378241,180,0.8966130127517002,179,0.8551727777763504,172,829
178,-0.9970011699250151,11,-0.866,25,47,17,897.6,7,812.0,0.842723652452184,171,0.8087744647118817,184,0.920485758697029,205,0.969467577044865,204,0.9523818953193528,197,961
178,-0.9970011699250151,12,-0.9659,26,44,19,897.6,7,344.0,0.9335529952429098,141,0.7591157214089432,132,0.9015331976373258,150,0.9825127795364984,152,0.9965358516925781,152,727
178,-0.9970011699250151,13,-1.0,27,42,19,897.6,7,329.0,0.9645331914697814,202,0.6519336196605628,171,0.8213845721038048,201,0.9348596185286664,206,0.9846256349552187,206,986
178,-0.9970011699250151,14,-0.9659,28,37,17,896.7,7,367.0,0.9335529952429098,204,0.49453239996132087,150,0.6855018449927497,184,0.829755555851887,197,0.917462896542976,205,940
178,-0.9970011699250151,15,-0.866,28,35,22,896.7,7,821.0,0.842723652452184,199,0.29763870735486303,113,0.5031452094412457,153,0.6743632664491994,175,0.7996246688601207,192,832
178,-0.9970011699250151,16,-0.7071,29,33,17,896.7,7,745.0,0.6982350231256395,186,0.07467048859265081,64,0.2867419407169092,106,0.47927245661880213,140,0.639141418586198,168,664
178,-0.9970011699250151,17,-0.5,29,33,19,895.8,7,528.0,0.5099337535230767,141,1.326794896677558e-06,34,0.051039541145290655,48,0.25777822394813427,81,0.4469498000784612,119,423
178,-0.9970011699250151,18,-0.2588,28,35,17,895.8,7,433.0,0.2906522448322749,102,1.326794896677558e-06,32,1.326794896677558e-06,33,0.02497501461283083,41,0.23614733919666744,77,285
178,-0.9970011699250151,19,0.0,28,35,17,895.8,7,126.0,0.055334148160576246,28,1.326794896677558e-06,16,1.326794896677558e-06,19,1.326794896677558e-06,19,0.021099861041631394,24,106
178,-0.9970011699250151,20,0.2588,26,39,9,896.7,10,0.0,0.0,0,0.0,0,0.0,0,0.0,0,0.0,0,0
178,-0.9970011699250151,21,0.5,25,41,9,896.7,10,0.0,0.0,0,0.0,0,0.0,0,0.0,0,0.0,0,0
178,-0.9970011699250151,22,0.7071,24,44,7,897.6,10,0.0,0.0,0,0.0,0,0.0,0,0.0,0,0.0,0,0
178,-0.9970011699250151,23,0.866,23,47,13,897.6,10,0.0,0.0,0,0.0,0,0.0,0,0.0,0,0.0,0,0
178,-0.9970011699250151,24,0.9659,23,47,13,897.6,10,0.0,0.0,0,0.0,0,0.0,0,0.0,0,0.0,0,0
179,-0.9981855344718586,1,1.0,23,47,19,897.6,10,0.0,0.0,0,0.0,0,0.0,0,0.0,0,0.0,0,0
179,-0.9981855344718586,2,0.9659,22,50,22,897.6,10,0.0,0.0,0,0.0,0,0.0,0,0.0,0,0.0,0,0
179,-0.9981855344718586,3,0.866,22,50,19,897.6,10,0.0,0.0,0,0.0,0,0.0,0,0.0,0,0.0,0,0
179,-0.9981855344718586,4,0.7071,21,56,17,897.6,10,0.0,0.0,0,0.0,0,0.0,0,0.0,0,0.0,0,0
179,-0.9981855344718586,5,0.5,21,56,15,897.6,10,0.0,0.0,0,0.0,0,0.0,0,0.0,0,0.0,0,0
179,-0.9981855344718586,6,0.2588,21,56,20,897.6,10,0.0,0.0,0,0.0,0,0.0,0,0.0,0,0.0,0,0
179,-0.9981855344718586,7,0.0,22,53,17,898.5,10,0.0,0.0,0,0.0,0,0.0,0,0.0,0,0.0,0,0
179,-0.9981855344718586,8,-0.2588,23,53,26,898.5,10,310.0,0.2906319252090042,33,0.7121593845983951,118,0.7102416060347674,120,0.6599221396182885,108,0.5646301689113068,73,452
179,-0.9981855344718586,9,-0.5,24,50,26,898.5,10,504.0,0.5099849376366642,92,0.8145037227427144,177,0.8459540450019349,187,0.8197541059848953,173,0.7376893854512244,148,777
179,-0.9981855344718586,10,-0.7071,25,47,22,898.5,10,682.0,0.6983476088711142,147,0.8578259617156941,206,0.9261075511899071,223,0.9312765524468375,217,0.8729807071686659,201,994
179,-0.9981855344718586,11,-0.866,27,42,20,898.5,10,821.0,0.8428833533172965,189,0.8391737674527007,215,0.9452398042481678,238,0.9868894196642153,236,0.9612842659815922,225,1103
179,-0.9981855344718586,12,-0.9659,27,42,24,898.5,7,936.0,0.9337423139066948,222,0.7598182540463828,213,0.9020469748168144,243,0.9828027882413086,247,0.9965823283326127,244,1169
179,-0.9981855344718586,13,-1.0,29,35,22,898.5,7,374.0,0.9647326122125313,217,0.6251673708202566,183,0.799472587359171,216,0.9192951614365467,223,0.9764693962349428,223,1062
179,-0.9981855344718586,14,-0.9659,29,35,22,898.5,7,325.0,0.9337423139066948,155,0.4443973046979026,109,0.6445068789215169,135,0.8006944536392852,144,0.9023161210523803,150,693
179,-0.9981855344718586,15,-0.866,29,33,26,897.6,5,341.0,0.8428833533172965,146,0.22982724951195385,83,0.4477105168969014,110,0.6350831143672004,125,0.7791759290012594,136,600
179,-0.9981855344718586,16,-0.7071,30,31,26,897.6,7,617.0,0.6983476088711142,142,1.326794896677558e-06,46,0.22249481847599442,74,0.4337472602491462,101,0.6154406063383228,126,489
179,-0.9981855344718586,17,-0.5,30,29,22,897.6,7,343.0,0.509984937636664,102,1.326794896677558e-06,30,1.326794896677558e-06,37,0.21040757860047077,55,0.4222684308923266,82,306
179,-0.9981855344718586,18,-0.2588,30,29,22,897.6,7,416.0,0.2906319252090042,99,1.326794896677558e-06,31,1.326794896677558e-06,30,1.326794896677558e-06,32,0.21282375241326387,67,259
179,-0.9981855344718586,19,0.0,29,28,24,896.7,7,231.0,0.05523709554053973,42,1.326794896677558e-06,22,1.326794896677558e-06,22,1.326794896677558e-06,19,0.0013798664538918848,26,131
179,-0.9981855344718586,20,0.2588,28,28,15,897.6,7,0.0,0.0,0,0.0,0,0.0,0,0.0,0,0.0,0,0
179,-0.9981855344718586,21,0.5,25,36,13,897.6,10,0.0,0.0,0,0.0,0,0.0,0,0.0,0,0.0,0,0
179,-0.9981855344718586,22,0.7071,24,36,11,897.6,10,0.0,0.0,0,0.0,0,0.0,0,0.0,0,0.0,0,0
179,-0.9981855344718586,23,0.866,24,41,20,898.5,10,0.0,0.0,0,0.0,0,0.0,0,0.0,0,0.0,0,0
179,-0.9981855344718586,24,0.9659,23,47,24,898.5,10,0.0,0.0,0,0.0,0,0.0,0,0.0,0,0.0,0,0
180,-0.99907411510223,1,1.0,22,53,20,898.5,10,0.0,0.0,0,0.0,0,0.0,0,0.0,0,0.0,0,0
180,-0.99907411510223,2,0.9659,22,53,20,898.5,10,0.0,0.0,0,0.0,0,0.0,0,0.0,0,0.0,0,0
180,-0.99907411510223,3,0.866,21,56,20,898.5,10,0.0,0.0,0,0.0,0,0.0,0,0.0,0,0.0,0,0
180,-0.99907411510223,4,0.7071,20,60,17,898.5,10,0.0,0.0,0,0.0,0,0.0,0,0.0,0,0.0,0,0
180,-0.99907411510223,5,0.5,19,64,17,899.4,10,0.0,0.0,0,0.0,0,0.0,0,0.0,0,0.0,0,0
180,-0.99907411510223,6,0.2588,19,68,20,899.4,10,0.0,0.0,0,0.0,0,0.0,0,0.0,0,0.0,0,0
180,-0.99907411510223,7,0.0,20,64,15,899.4,10,0.0,0.0,0,0.0,0,0.0,0,0.0,0,0.0,0,0
180,-0.99907411510223,8,-0.2588,22,53,22,899.4,10,322.0,0.29060816199137746,46,0.7125525361214989,149,0.7104353798087039,135,0.659903330279394,118,0.5644000582621187,77,525
180,-0.99907411510223,9,-0.5,23,50,19,899.4,10,522.0,0.5100439062936215,104,0.8149354747532352,195,0.8461990044903693,195,0.8197955793760858,183,0.7375245463892816,143,820
180,-0.99907411510223,10,-0.7071,25,41,20,899.4,10,701.0,0.6984776209774193,163,0.858274053267335,216,0.9263827416162905,230,0.9313600879933263,224,0.8728668950226613,208,1041
180,-0.99907411510223,11,-0.866,26,34,19,899.4,10,843.0,0.8430678789684733,203,0.8396148240887459,221,0.9455222106526545,246,0.9869939303330242,245,0.9612037586909189,234,1149
180,-0.99907411510223,12,-0.9659,27,32,20,899.4,10,938.0,0.9339611082004918,223,0.7602293807269989,207,0.9023130904837879,242,0.9829057575834931,247,0.9965151341725473,243,1162
180,-0.99907411510223,13,-1.0,28,28,17,898.5,10,984.0,0.9649630949014578,233,0.6255277089106793,180,0.7997000130890719,225,0.9193741761551499,236,0.9763946152389855,241,1115
180,-0.99907411510223,14,-0.9659,29,27,19,898.5,10,969.0,0.9339611082004918,230,0.4446894662946711,139,0.6446758599856474,197,0.8007287384320211,218,0.9022133731460124,233,1017
180,-0.99907411510223,15,-0.866,29,23,17,898.5,10,895.0,0.8430678789684735,214,0.23003848323596904,82,0.447805273640994,148,0.6350549366623665,181,0.7790267371399157,206,831
180,-0.99907411510223,16,-0.7071,29,23,20,897.6,10,773.0,0.6984776209774191,186,1.326794896677558e-06,37,0.22250463216374486,88,0.43364314606464355,133,0.615229659523165,172,616
180,-0.99907411510223,17,-0.5,29,23,20,897.6,10,612.0,0.5100439062936215,143,1.326794896677558e-06,28,1.326794896677558e-06,33,0.21021922888254385,73,0.4219846266091424,123,400
180,-0.99907411510223,18,-0.2588,29,23,28,896.7,10,424.0,0.29060816199137746,85,1.326794896677558e-06,24,1.326794896677558e-06,23,1.326794896677558e-06,23,0.21246095324705164,66,221
180,-0.99907411510223,19,0.0,29,22,24,897.6,10,218.0,0.05512455004458901,26,1.326794896677558e-06,17,1.326794896677558e-06,19,1.326794896677558e-06,15,0.0009373183409953514,19,96
180,-0.99907411510223,20,0.2588,27,23,22,897.6,10,0.0,0.0,0,0.0,0,0.0,0,0.0,0,0.0,0,0
180,-0.99907411510223,21,0.5,23,29,13,897.6,10,0.0,0.0,0,0.0,0,0.0,0,0.0,0,0.0,0,0
180,-0.99907411510223,22,0.7071,23,29,15,897.6,10,0.0,0.0,0,0.0,0,0.0,0,0.0,0,0.0,0,0
180,-0.99907411510223,23,0.866,22,33,15,898.5,10,0.0,0.0,0,0.0,0,0.0,0,0.0,0,0.0,0,0
180,-0.99907411510223,24,0.9659,21,35,11,898.5,10,0.0,0.0,0,0.0,0,0.0,0,0.0,0,0.0,0,0
181,-0.9996666485105112,1,1.0,21,38,13,898.5,10,0.0,0.0,0,0.0,0,0.0,0,0.0,0,0.0,0,0
181,-0.9996666485105112,2,0.9659,21,40,11,898.5,10,0.0,0.0,0,0.0,0,0.0,0,0.0,0,0.0,0,0
181,-0.9996666485105112,3,0.866,20,46,9,898.5,10,0.0,0.0,0,0.0,0,0.0,0,0.0,0,0.0,0,0
181,-0.9996666485105112,4,0.7071,19,49,9,898.5,10,0.0,0.0,0,0.0,0,0.0,0,0.0,0,0.0,0,0
181,-0.9996666485105112,5,0.5,18,52,13,898.5,10,0.0,0.0,0,0.0,0,0.0,0,0.0,0,0.0,0,0
181,-0.9996666485105112,6,0.2588,18,56,17,898.5,10,0.0,0.0,0,0.0,0,0.0,0,0.0,0,0.0,0,0
181,-0.9996666485105112,7,0.0,20,49,13,899.4,10,0.0,0.0,0,0.0,0,0.0,0,0.0,0,0.0,0,0
181,-0.9996666485105112,8,-0.2588,22,41,19,899.4,10,336.0,0.29058087024202806,31,0.7129989068098513,137,0.7106550481753123,143,0.6598813262866445,124,0.5641378814197082,77,512
181,-0.9996666485105112,9,-0.5,23,38,19,899.4,10,535.0,0.5101104805248805,93,0.8154256408060248,191,0.8464767471760433,200,0.8198419709999433,189,0.737336425424159,168,841
181,-0.9996666485105112,10,-0.7071,25,32,19,899.4,10,711.0,0.6986247997286515,151,0.8587827578466044,214,0.926694783737916,231,0.9314542025229474,223,0.8727366682069441,206,1025
181,-0.9996666485105112,11,-0.866,26,32,20,899.4,10,850.0,0.8432769077305978,193,0.840115546989209,221,0.9458424398831021,246,0.9871118428296941,243,0.9611113189182675,232,1135
181,-0.9996666485105112,12,-0.9659,28,26,20,899.4,10,947.0,0.9342090174999971,222,0.7606961456804685,215,0.9026148365593668,245,0.9830219213208633,250,0.996437799219736,246,1178
181,-0.9996666485105112,13,-1.0,28,26,22,898.5,10,991.0,0.9652242656274159,235,0.6259368458427453,191,0.7999578588243211,229,0.9194631589747212,241,0.9763086711325829,246,1142
181,-0.9996666485105112,14,-0.9659,29,19,24,898.5,10,979.0,0.9342090174999971,235,0.4450212557711263,152,0.6448673990244935,199,0.8007669740114671,220,0.9020956996020475,235,1041
181,-0.9996666485105112,15,-0.866,30,15,20,898.5,10,910.0,0.8432769077305978,222,0.23027845351746312,98,0.4479125992056876,150,0.635022303503283,184,0.7788563691851937,209,863
181,-0.9996666485105112,16,-0.7071,31,15,20,897.6,10,790.0,0.6986247997286515,197,1.326794896677558e-06,42,0.22251558298391916,88,0.43352435684819146,134,0.6149892255952663,174,635
181,-0.9996666485105112,17,-0.5,31,16,19,897.6,10,624.0,0.5101104805248805,167,1.326794896677558e-06,30,1.326794896677558e-06,35,0.21000486766321164,76,0.42166153001067835,132,440
181,-0.9996666485105112,18,-0.2588,30,18,20,897.6,10,433.0,0.29058087024202806,90,1.326794896677558e-06,23,1.326794896677558e-06,20,1.326794896677558e-06,19,0.2120482305858921,57,209
181,-0.9996666485105112,19,0.0,30,18,20,897.6,10,223.0,0.05499652764383751,40,1.326794896677558e-06,19,1.326794896677558e-06,18,1.326794896677558e-06,14,0.00043411407101777823,19,110
181,-0.9996666485105112,20,0.2588,28,21,13,897.6,10,0.0,0.0,0,0.0,0,0.0,0,0.0,0,0.0,0,0
181,-0.9996666485105112,21,0.5,24,25,11,897.6,10,0.0,0.0,0,0.0,0,0.0,0,0.0,0,0.0,0,0
181,-0.9996666485105112,22,0.7071,23,29,9,898.5,10,0.0,0.0,0,0.0,0,0.0,0,0.0,0,0.0,0,0
181,-0.9996666485105112,23,0.866,23,29,13,898.5,10,0.0,0.0,0,0.0,0,0.0,0,0.0,0,0.0,0,0
181,-0.9996666485105112,24,0.9659,24,27,19,897.6,10,0.0,0.0,0,0.0,0,0.0,0,0.0,0,0.0,0,0
182,-0.9999629591162655,1,1.0,23,29,17,897.6,10,0.0,0.0,0,0.0,0,0.0,0,0.0,0,0.0,0,0
182,-0.9999629591162655,2,0.9659,22,33,13,897.6,10,0.0,0.0,0,0.0,0,0.0,0,0.0,0,0.0,0,0
182,-0.9999629591162655,3,0.866,21,38,11,898.5,10,0.0,0.0,0,0.0,0,0.0,0,0.0,0,0.0,0,0
182,-0.9999629591162655,4,0.7071,21,40,11,897.6,10,0.0,0.0,0,0.0,0,0.0,0,0.0,0,0.0,0,0
182,-0.9999629591162655,5,0.5,19,49,7,898.5,10,0.0,0.0,0,0.0,0,0.0,0,0.0,0,0.0,0,0
182,-0.9999629591162655,6,0.2588,18,56,11,898.5,10,0.0,0.0,0,0.0,0,0.0,0,0.0,0,0.0,0,0
182,-0.9999629591162655,7,0.0,22,46,13,898.5,10,0.0,0.0,0,0.0,0,0.0,0,0.0,0,0.0,0,0
182,-0.9999629591162655,8,-0.2588,25,39,11,898.5,10,332.0,0.29054995371953857,29,0.07384140012407264,14,0.18862280353017793,17,0.29054995371953857,16,0.37267668987272873,16,92
182,-0.9999629591162655,9,-0.5,27,32,7,898.5,10,531.0,0.5101844573597363,91,0.279542849302015,43,0.40879289119806395,23,0.5101844573597363,29,0.5768078886215356,47,233
182,-0.9999629591162655,10,-0.7071,28,28,7,898.5,10,709.0,0.698788850503612,147,0.45618265488722054,98,0.5978571977960975,104,0.698788850503612,145,0.752099297675151,167,661
182,-0.9999629591162655,11,-0.866,29,27,9,898.5,10,850.0,0.8435100746565843,187,0.5917231270815747,141,0.742931324545997,176,0.8435100746565843,193,0.8866051126821002,204,901
182,-0.9999629591162655,12,-0.9659,30,22,11,897.6,10,944.0,0.9344856326494296,214,0.6769274227875549,171,0.8341287258692417,207,0.9344856326494296,220,0.9711589971137498,227,1039
182,-0.9999629591162655,13,-1.0,31,22,11,897.6,10,981.0,0.9655157001558623,227,0.7059890201542794,184,0.865234459922969,221,0.9655157001558623,233,0.9999987515325204,237,1102
182,-0.9999629591162655,14,-0.9659,32,21,11,896.7,10,962.0,0.9344856326494296,229,0.6769274227875549,184,0.8341287258692417,221,0.9344856326494296,231,0.9711589971137498,236,1101
182,-0.9999629591162655,15,-0.866,33,20,13,896.7,10,893.0,0.8435100746565843,234,0.5917231270815746,186,0.742931324545997,224,0.8435100746565843,235,0.8866051126821002,241,1120
182,-0.9999629591162655,16,-0.7071,33,18,19,896.7,10,775.0,0.698788850503612,177,0.4561826548872204,132,0.5978571977960971,163,0.698788850503612,174,0.752099297675151,180,826
182,-0.9999629591162655,17,-0.5,33,17,17,896.7,10,610.0,0.5101844573597358,153,0.27954284930201456,104,0.4087928911980637,133,0.5101844573597358,148,0.5768078886215356,159,697
182,-0.9999629591162655,18,-0.2588,33,14,17,895.8,10,420.0,0.29054995371953857,100,0.07384140012407242,52,0.1886228035301777,76,0.29054995371953857,91,0.37267668987272873,104,423
182,-0.9999629591162655,19,0.0,33,14,17,895.8,10,213.0,0.05485304663153738,37,1.326794896677558e-06,18,1.326794896677558e-06,25,0.05485304663153738,32,0.15361688880239513,46,158
182,-0.9999629591162655,20,0.2588,30,20,11,895.8,10,0.0,0.0,0,0.0,0,0.0,0,0.0,0,0.0,0,0
182,-0.9999629591162655,21,0.5,29,20,13,895.8,10,0.0,0.0,0,0.0,0,0.0,0,0.0,0,0.0,0,0
182,-0.9999629591162655,22,0.7071,25,26,11,896.7,10,0.0,0.0,0,0.0,0,0.0,0,0.0,0,0.0,0,0
182,-0.9999629591162655,23,0.866,26,23,11,896.7,10,0.0,0.0,0,0.0,0,0.0,0,0.0,0,0.0,0,0
182,-0.9999629591162655,24,0.9659,25,26,9,895.8,10,0.0,0.0,0,0.0,0,0.0,0,0.0,0,0.0,0,0
183,-0.9999629591162655,1,1.0,21,33,2,895.8,10,0.0,0.0,0,0.0,0,0.0,0,0.0,0,0.0,0,0
183,-0.9999629591162655,2,0.9659,20,35,4,895.8,10,0.0,0.0,0,0.0,0,0.0,0,0.0,0,0.0,0,0
183,-0.9999629591162655,3,0.866,20,35,7,895.8,10,0.0,0.0,0,0.0,0,0.0,0,0.0,0,0.0,0,0
183,-0.9999629591162655,4,0.7071,19,40,2,895.8,10,0.0,0.0,0,0.0,0,0.0,0,0.0,0,0.0,0,0
183,-0.9999629591162655,5,0.5,18,45,2,895.8,10,0.0,0.0,0,0.0,0,0.0,0,0.0,0,0.0,0,0
183,-0.9999629591162655,6,0.2588,19,37,6,895.8,10,0.0,0.0,0,0.0,0,0.0,0,0.0,0,0.0,0,0
183,-0.9999629591162655,7,0.0,22,38,2,895.8,10,0.0,0.0,0,0.0,0,0.0,0,0.0,0,0.0,0,0
183,-0.9999629591162655,8,-0.2588,24,31,6,895.8,10,302.0,0.29051530503682227,33,0.07438340643925431,21,0.18888543112770736,25,0.29051530503682227,26,0.37234712621231586,26,131
183,-0.9999629591162655,9,-0.5,27,24,7,895.8,10,496.0,0.51026561008951,84,0.28019331075380743,50,0.409171602529493,39,0.51026561008951,45,0.5765859523683003,61,279
183,-0.9999629591162655,10,-0.7071,30,23,11,894.9,10,667.0,0.6989694441298742,141,0.456926248862176,98,0.5983355924650856,108,0.6989694441298742,140,0.7519697831404552,157,644
183,-0.9999629591162655,11,-0.866,32,20,15,894.9,10,797.0,0.8437669719508192,177,0.592538184147466,138,0.7434862089175812,169,0.8437669719508192,182,0.8865465158102689,191,857
183,-0.9999629591162655,12,-0.9659,33,17,15,894.9,10,888.0,0.9347904964285791,203,0.6777874034274127,164,0.8347316936731372,196,0.9347904964285791,206,0.971144980942272,212,981
183,-0.9999629591162655,13,-1.0,35,16,15,894.1,10,945.0,0.9658369244087788,215,0.7068643233881198,178,0.8658538280893927,211,0.9658369244087788,219,0.999999941006711,222,1045
183,-0.9999629591162655,14,-0.9659,36,13,24,893.2,7,955.0,0.9347904964285791,220,0.6777874034274127,183,0.8347316936731372,215,0.9347904964285791,221,0.971144980942272,225,1064
183,-0.9999629591162655,15,-0.866,36,13,19,892.3,7,887.0,0.8437669719508192,211,0.5925381841474661,171,0.7434862089175813,205,0.8437669719508192,212,0.886546515810269,215,1014
183,-0.9999629591162655,16,-0.7071,36,11,24,892.3,7,765.0,0.6989694441298742,188,0.456926248862176,146,0.5983355924650856,177,0.6989694441298742,187,0.7519697831404552,193,891
183,-0.9999629591162655,17,-0.5,36,13,28,891.4,7,593.0,0.51026561008951,150,0.28019331075380743,107,0.409171602529493,134,0.51026561008951,144,0.5765859523683003,153,688
183,-0.9999629591162655,18,-0.2588,35,14,20,891.4,7,411.0,0.2905153050368225,99,0.07438340643925453,59,0.1888854311277076,80,0.2905153050368225,92,0.3723471262123161,104,434
183,-0.9999629591162655,19,0.0,34,16,22,891.4,10,166.0,0.05469412766848543,31,1.326794896677558e-06,21,1.326794896677558e-06,26,0.05469412766848543,28,0.15317182665036033,36,142
183,-0.9999629591162655,20,0.2588,32,20,20,891.4,10,0.0,0.0,0,0.0,0,0.0,0,0.0,0,0.0,0,0
183,-0.9999629591162655,21,0.5,30,20,15,891.4,10,0.0,0.0,0,0.0,0,0.0,0,0.0,0,0.0,0,0
183,-0.9999629591162655,22,0.7071,29,22,17,891.4,10,0.0,0.0,0,0.0,0,0.0,0,0.0,0,0.0,0,0
183,-0.9999629591162655,23,0.866,29,19,20,891.4,10,0.0,0.0,0,0.0,0,0.0,0,0.0,0,0.0,0,0
183,-0.9999629591162655,24,0.9659,27,23,13,891.4,10,0.0,0.0,0,0.0,0,0.0,0,0.0,0,0.0,0,0
184,-0.9996666485105112,1,1.0,21,33,6,891.4,10,0.0,0.0,0,0.0,0,0.0,0,0.0,0,0.0,0,0
184,-0.9996666485105112,2,0.9659,21,33,11,891.4,10,0.0,0.0,0,0.0,0,0.0,0,0.0,0,0.0,0,0
184,-0.9996666485105112,3,0.866,22,31,7,890.5,10,0.0,0.0,0,0.0,0,0.0,0,0.0,0,0.0,0,0
184,-0.9996666485105112,4,0.7071,20,37,7,890.5,10,0.0,0.0,0,0.0,0,0.0,0,0.0,0,0.0,0,0
184,-0.9996666485105112,5,0.5,19,43,7,890.5,10,0.0,0.0,0,0.0,0,0.0,0,0.0,0,0.0,0,0
184,-0.9996666485105112,6,0.2588,19,43,4,890.5,10,0.0,0.0,0,0.0,0,0.0,0,0.0,0,0.0,0,0
184,-0.9996666485105112,7,0.0,21,38,6,890.5,10,0.0,0.0,0,0.0,0,0.0,0,0.0,0,0.0,0,0
184,-0.9996666485105112,8,-0.2588,22,46,9,890.5,10,283.0,0.29047680583815855,34,0.07497752786454465,21,0.18917304231399223,25,0.29047680583815855,26,0.37198514034239427,28,134
184,-0.9996666485105112,9,-0.5,25,39,6,890.5,10,485.0,0.5103536885625486,88,0.28090597994391353,49,0.409586099980895,38,0.5103536885625486,44,0.5763416095076328,59,278
184,-0.9996666485105112,10,-0.7071,28,37,9,889.6,10,663.0,0.6991662172800761,140,0.45774071731051585,98,0.5988590495956247,106,0.6991662172800761,140,0.751826462587838,158,642
184,-0.9996666485105112,11,-0.866,28,35,7,889.6,10,804.0,0.8440471494431806,181,0.5934307659057843,138,0.7440932737367977,171,0.8440471494431806,185,0.8864807123834381,194,869
184,-0.9996666485105112,12,-0.9659,29,37,11,889.6,7,723.0,0.9351231040756883,171,0.6787290892618809,138,0.8353913164773233,165,0.9351231040756883,174,0.9711279068110296,182,830
184,-0.9996666485105112,13,-1.0,29,37,19,888.7,5,302.0,0.966187415004218,129,0.707822757707968,106,0.8665313774426178,124,0.966187415004218,130,0.9999994875296179,134,623
184,-0.9996666485105112,14,-0.9659,30,35,24,888.7,5,291.0,0.9351231040756883,123,0.6787290892618809,101,0.8353913164773233,118,0.9351231040756883,124,0.9711279068110296,126,592
184,-0.9996666485105112,15,-0.866,23,53,41,889.6,1,187.0,0.8440471494431806,69,0.5934307659057843,55,0.7440932737367977,66,0.8440471494431806,70,0.8864807123834381,73,333
184,-0.9996666485105112,16,-0.7071,17,94,33,890.5,1,141.0,0.6991662172800761,39,0.45774071731051585,27,0.5988590495956247,33,0.6991662172800761,38,0.751826462587838,45,182
184,-0.9996666485105112,17,-0.5,21,68,22,889.6,5,139.0,0.5103536885625483,38,0.2809059799439133,27,0.40958609998089485,34,0.5103536885625483,38,0.5763416095076328,42,179
184,-0.9996666485105112,18,-0.2588,24,57,22,889.6,5,232.0,0.29047680583815855,63,0.0749775278645442,42,0.1891730423139918,52,0.29047680583815855,60,0.37198514034239427,66,283
184,-0.9996666485105112,19,0.0,25,47,17,889.6,7,206.0,0.05451979383346762,37,1.326794896677558e-06,19,1.326794896677558e-06,26,0.05451979383346762,33,0.15268359421843827,45,160
184,-0.9996666485105112,20,0.2588,22,60,30,890.5,7,0.0,0.0,0,0.0,0,0.0,0,0.0,0,0.0,0,0
184,-0.9996666485105112,21,0.5,20,68,35,891.4,6,0.0,0.0,0,0.0,0,0.0,0,0.0,0,0.0,0,0
184,-0.9996666485105112,22,0.7071,19,64,19,891.4,5,0.0,0.0,0,0.0,0,0.0,0,0.0,0,0.0,0,0
184,-0.9996666485105112,23,0.866,18,68,17,892.3,7,0.0,0.0,0,0.0,0,0.0,0,0.0,0,0.0,0,0
184,-0.9996666485105112,24,0.9659,18,73,17,892.3,7,0.0,0.0,0,0.0,0,0.0,0,0.0,0,0.0,0,0
185,-0.99907411510223,1,1.0,18,68,17,892.3,7,0.0,0.0,0,0.0,0,0.0,0,0.0,0,0.0,0,0
185,-0.99907411510223,2,0.9659,18,68,19,892.3,10,0.0,0.0,0,0.0,0,0.0,0,0.0,0,0.0,0,0
185,-0.99907411510223,3,0.866,18,68,13,892.3,7,0.0,0.0,0,0.0,0,0.0,0,0.0,0,0.0,0,0
185,-0.99907411510223,4,0.7071,16,77,15,892.3,10,0.0,0.0,0,0.0,0,0.0,0,0.0,0,0.0,0,0
185,-0.99907411510223,5,0.5,16,82,15,892.3,10,0.0,0.0,0,0.0,0,0.0,0,0.0,0,0.0,0,0
185,-0.99907411510223,6,0.2588,15,82,19,893.2,10,0.0,0.0,0,0.0,0,0.0,0,0.0,0,0.0,0,0
185,-0.99907411510223,7,0.0,17,72,15,893.2,10,0.0,0.0,0,0.0,0,0.0,0,0.0,0,0.0,0,0
185,-0.99907411510223,8,-0.2588,18,64,11,893.2,7,322.0,0.29043432699470434,32,0.2115446384308851,28,0.3004645509301997,21,0.36890838843733553,20,0.41221182107186805,20,121
185,-0.99907411510223,9,-0.5,19,60,24,894.1,7,526.0,0.51044841951034,95,0.40195996546204366,80,0.5082438170635273,37,0.5798917844422611,61,0.6120211833419459,64,337
185,-0.99907411510223,10,-0.7071,20,52,20,894.1,7,714.0,0.6993787729101975,159,0.5553412684931162,139,0.6783951314026554,164,0.7552175834622789,184,0.7805733093191771,191,837
185,-0.99907411510223,11,-0.866,21,49,19,894.1,7,863.0,0.8443501151133748,213,0.66123588339627,187,0.7993229822351495,218,0.882937640049097,230,0.9063816652394939,230,1078
185,-0.99907411510223,12,-0.9659,22,46,17,894.1,7,449.0,0.9354829038658887,216,0.7124272796996772,189,0.862786350052225,219,0.954348056791484,224,0.9808726313082006,221,1069
185,-0.99907411510223,13,-1.0,23,44,26,893.2,7,504.0,0.9665665998531939,265,0.7054268543947034,222,0.8644603184107615,261,0.9645823393534324,261,0.998969778410232,257,1266
185,-0.99907411510223,14,-0.9659,24,38,17,893.2,7,325.0,0.9354829038658887,187,0.6407116740698543,152,0.8042308093234027,179,0.9129430393777078,181,0.9594398176233849,181,880
185,-0.99907411510223,15,-0.866,25,34,22,893.2,7,869.0,0.8443501151133748,231,0.5226919636653047,173,0.6862023574712453,210,0.8029492843476215,226,0.8649766466432911,232,1072
185,-0.99907411510223,16,-0.7071,25,34,24,893.2,7,794.0,0.6993787729101975,206,0.3594105574319205,133,0.5184183934400466,170,0.6420969553272496,189,0.7220177654954673,203,901
185,-0.99907411510223,17,-0.5,24,36,31,893.2,7,599.0,0.51044841951034,148,0.16199479398064115,73,0.31231309819200087,105,0.44134785606320204,127,0.540305572500185,144,597
185,-0.99907411510223,18,-0.2588,24,36,31,893.2,10,404.0,0.29043432699470456,99,1.326794896677558e-06,31,0.08193218394644629,50,0.2143826857258381,72,0.332223437454361,96,348
185,-0.99907411510223,19,0.0,23,36,30,893.2,10,222.0,0.054330070678610676,42,1.326794896677558e-06,17,1.326794896677558e-06,19,1.326794896677558e-06,23,0.11195179759139036,40,141
185,-0.99907411510223,20,0.2588,22,41,22,894.1,10,0.0,0.0,0,0.0,0,0.0,0,0.0,0,0.0,0,0
185,-0.99907411510223,21,0.5,20,46,13,894.1,10,0.0,0.0,0,0.0,0,0.0,0,0.0,0,0.0,0,0
185,-0.99907411510223,22,0.7071,18,59,20,894.9,10,0.0,0.0,0,0.0,0,0.0,0,0.0,0,0.0,0,0
185,-0.99907411510223,23,0.866,17,59,13,894.9,10,0.0,0.0,0,0.0,0,0.0,0,0.0,0,0.0,0,0
185,-0.99907411510223,24,0.9659,16,63,15,894.9,10,0.0,0.0,0,0.0,0,0.0,0,0.0,0,0.0,0,0
186,-0.9981855344718586,1,1.0,16,63,11,895.8,10,0.0,0.0,0,0.0,0,0.0,0,0.0,0,0.0,0,0
186,-0.9981855344718586,2,0.9659,15,67,9,894.9,10,0.0,0.0,0,0.0,0,0.0,0,0.0,0,0.0,0,0
186,-0.9981855344718586,3,0.866,16,63,15,894.9,10,0.0,0.0,0,0.0,0,0.0,0,0.0,0,0.0,0,0
186,-0.9981855344718586,4,0.7071,14,72,11,894.9,10,0.0,0.0,0,0.0,0,0.0,0,0.0,0,0.0,0,0
186,-0.9981855344718586,5,0.5,14,72,6,894.9,10,0.0,0.0,0,0.0,0,0.0,0,0.0,0,0.0,0,0
186,-0.9981855344718586,6,0.2588,14,72,7,894.9,10,0.0,0.0,0,0.0,0,0.0,0,0.0,0,0.0,0,0
186,-0.9981855344718586,7,0.0,15,72,7,894.9,10,0.0,0.0,0,0.0,0,0.0,0,0.0,0,0.0,0,0
186,-0.9981855344718586,8,-0.2588,17,63,7,895.8,7,248.0,0.29038772881826386,42,0.21231564814947873,36,0.3008614453486642,40,0.36890411992533584,44,0.4118066805617597,46,208
186,-0.9981855344718586,9,-0.5,19,56,7,895.8,7,400.0,0.5105495069045095,89,0.4028587922838879,80,0.5087801842842421,59,0.5800291395936807,80,0.6117501659334396,83,391
186,-0.9981855344718586,10,-0.7071,20,52,7,894.9,10,701.0,0.6996066807395405,145,0.5563430531739371,126,0.6790457134811502,149,0.7554726269214133,165,0.780415433405044,172,757
186,-0.9981855344718586,11,-0.866,21,49,9,894.9,7,799.0,0.8446753356652906,179,0.6623087502938042,153,0.800054737691053,181,0.8832784162199371,193,0.9063082388313909,198,904
186,-0.9981855344718586,12,-0.9659,23,44,7,894.1,7,336.0,0.935869297744879,129,0.7135345090429761,109,0.863560705585682,127,0.9547367675512913,130,0.9808492073409568,134,629
186,-0.9981855344718586,13,-1.0,24,41,13,894.1,7,400.0,0.9669738588135943,160,0.7065293846722828,133,0.865235797603173,153,0.9649779199249942,157,0.9989585022449364,160,763
186,-0.9981855344718586,14,-0.9659,25,39,13,893.2,7,525.0,0.935869297744879,194,0.6417707640033335,157,0.8049658591808289,186,0.9133039568186996,189,0.9594020067708843,192,918
186,-0.9981855344718586,15,-0.866,25,36,15,893.2,7,452.0,0.8446753356652906,162,0.5236718323597251,128,0.6868581801862909,151,0.8032363679446481,157,0.8648754269042854,161,759
186,-0.9981855344718586,16,-0.7071,25,36,15,893.2,7,341.0,0.6996066807395404,95,0.3602808227811488,75,0.518961590392412,87,0.6422760660078922,93,0.7218205838687017,98,448
186,-0.9981855344718586,17,-0.5,26,34,15,892.3,7,280.0,0.5105495069045095,75,0.16273254315481406,50,0.31271794600340064,63,0.4413922129099732,69,0.5399864156082688,78,335
186,-0.9981855344718586,18,-0.2588,26,32,15,892.3,7,326.0,0.2903877288182641,83,1.326794896677558e-06,38,0.08218238748019993,53,0.21427469104368302,68,0.33176460430522814,84,326
186,-0.9981855344718586,19,0.0,25,32,11,892.3,7,185.0,0.05412498628945215,38,1.326794896677558e-06,20,1.326794896677558e-06,22,1.326794896677558e-06,26,0.11134510586481156,38,144
186,-0.9981855344718586,20,0.2588,24,36,11,892.3,7,0.0,0.0,0,0.0,0,0.0,0,0.0,0,0.0,0,0
186,-0.9981855344718586,21,0.5,23,38,13,893.2,7,0.0,0.0,0,0.0,0,0.0,0,0.0,0,0.0,0,0
186,-0.9981855344718586,22,0.7071,22,41,17,893.2,7,0.0,0.0,0,0.0,0,0.0,0,0.0,0,0.0,0,0
186,-0.9981855344718586,23,0.866,21,43,9,893.2,7,0.0,0.0,0,0.0,0,0.0,0,0.0,0,0.0,0,0
186,-0.9981855344718586,24,0.9659,20,46,9,893.2,10,0.0,0.0,0,0.0,0,0.0,0,0.0,0,0.0,0,0
187,-0.9970011699250151,1,1.0,20,46,9,893.2,10,0.0,0.0,0,0.0,0,0.0,0,0.0,0,0.0,0,0
187,-0.9970011699250151,2,0.9659,21,43,19,893.2,10,0.0,0.0,0,0.0,0,0.0,0,0.0,0,0.0,0,0
187,-0.9970011699250151,3,0.866,20,49,17,893.2,10,0.0,0.0,0,0.0,0,0.0,0,0.0,0,0.0,0,0
187,-0.9970011699250151,4,0.7071,20,52,19,892.3,10,0.0,0.0,0,0.0,0,0.0,0,0.0,0,0.0,0,0
187,-0.9970011699250151,5,0.5,19,56,22,893.2,10,0.0,0.0,0,0.0,0,0.0,0,0.0,0,0.0,0,0
187,-0.9970011699250151,6,0.2588,19,52,17,893.2,10,0.0,0.0,0,0.0,0,0.0,0,0.0,0,0.0,0,0
187,-0.9970011699250151,7,0.0,19,56,20,893.2,7,0.0,0.0,0,0.0,0,0.0,0,0.0,0,0.0,0,0
187,-0.9970011699250151,8,-0.2588,20,52,17,893.2,7,199.0,0.290336861293094,39,0.21314311745464026,34,0.3012868621298588,35,0.3688984928050509,37,0.4113703930619094,39,184
187,-0.9970011699250151,9,-0.5,22,46,20,894.1,7,370.0,0.5106566323444187,79,0.4038229994093969,69,0.5093548080693657,65,0.5801750204535899,80,0.6114573623668969,84,377
187,-0.9970011699250151,10,-0.7071,23,41,20,893.2,7,645.0,0.699849477772113,143,0.5574174038786177,125,0.6797425235023052,147,0.7557444098894734,165,0.7802436677986058,171,751
187,-0.9970011699250151,11,-0.866,24,38,15,893.2,7,777.0,0.8450222371510376,167,0.6634591442441817,141,0.8008383864094233,167,0.8836419154285389,178,0.906226816701444,184,837
187,-0.9970011699250151,12,-0.9659,24,38,11,893.2,7,435.0,0.9362816420174976,192,0.7147216636914195,164,0.8643899275616191,191,0.9551515468396214,195,0.9808212774639726,196,938
187,-0.9970011699250151,13,-1.0,25,36,11,893.2,7,372.0,0.9674085244007623,185,0.7077115147368975,155,0.8660662236560897,181,0.9654000498991578,183,0.9989435687295412,186,890
187,-0.9970011699250151,14,-0.9659,26,36,24,893.2,5,382.0,0.9362816420174976,162,0.6429064194563611,131,0.8057530322263309,155,0.9136890030137571,158,0.9593586859071356,160,766
187,-0.9970011699250151,15,-0.866,25,39,20,893.2,5,399.0,0.8450222371510376,117,0.5247227374993214,93,0.6875605966028576,110,0.8035424272225976,114,0.8647642716680748,117,551
187,-0.9970011699250151,16,-0.7071,25,36,13,893.2,5,181.0,0.699849477772113,54,0.3612144750480905,45,0.5195435205754925,53,0.6424666166337162,55,0.7216067692924938,57,264
187,-0.9970011699250151,17,-0.5,21,56,28,893.2,1,105.0,0.5106566323444183,33,0.16352443056811602,25,0.313151871267336,30,0.4414386048500402,33,0.5396421127672352,35,156
187,-0.9970011699250151,18,-0.2588,22,64,7,893.2,7,214.0,0.290336861293094,61,1.326794896677558e-06,29,0.08245087540462467,39,0.21415809840985983,48,0.331270876804731,61,238
187,-0.9970011699250151,19,0.0,24,47,20,893.2,7,242.0,0.053904571349561815,48,1.326794896677558e-06,24,1.326794896677558e-06,27,1.326794896677558e-06,33,0.11069320031703889,47,179
187,-0.9970011699250151,20,0.2588,22,50,26,893.2,7,0.0,0.0,0,0.0,0,0.0,0,0.0,0,0.0,0,0
187,-0.9970011699250151,21,0.5,20,60,11,894.1,7,0.0,0.0,0,0.0,0,0.0,0,0.0,0,0.0,0,0
187,-0.9970011699250151,22,0.7071,19,64,11,894.9,7,0.0,0.0,0,0.0,0,0.0,0,0.0,0,0.0,0,0
187,-0.9970011699250151,23,0.866,19,64,19,894.9,7,0.0,0.0,0,0.0,0,0.0,0,0.0,0,0.0,0,0
187,-0.9970011699250151,24,0.9659,18,68,11,894.9,7,0.0,0.0,0,0.0,0,0.0,0,0.0,0,0.0,0,0
188,-0.9955213724144752,1,1.0,18,73,15,894.9,7,0.0,0.0,0,0.0,0,0.0,0,0.0,0,0.0,0,0
188,-0.9955213724144752,2,0.9659,17,77,22,894.9,7,0.0,0.0,0,0.0,0,0.0,0,0.0,0,0.0,0,0
188,-0.9955213724144752,3,0.866,16,82,11,894.9,7,0.0,0.0,0,0.0,0,0.0,0,0.0,0,0.0,0,0
188,-0.9955213724144752,4,0.7071,15,88,11,894.9,7,0.0,0.0,0,0.0,0,0.0,0,0.0,0,0.0,0,0
188,-0.9955213724144752,5,0.5,15,88,7,895.8,10,0.0,0.0,0,0.0,0,0.0,0,0.0,0,0.0,0,0
188,-0.9955213724144752,6,0.2588,14,94,6,895.8,10,0.0,0.0,0,0.0,0,0.0,0,0.0,0,0.0,0,0
188,-0.9955213724144752,7,0.0,16,82,9,895.8,10,0.0,0.0,0,0.0,0,0.0,0,0.0,0,0.0,0,0
188,-0.9955213724144752,8,-0.2588,17,77,9,896.7,10,316.0,0.2902815643254966,30,0.3501350074178435,51,0.4128724762340735,19,0.44747346200801785,18,0.4515799673211843,17,135
188,-0.9955213724144752,9,-0.5,20,64,7,896.7,10,507.0,0.5107694554750728,90,0.5221516050629569,108,0.6057418836843707,89,0.6480519521277565,94,0.6461984530847618,86,467
188,-0.9955213724144752,10,-0.7071,22,57,6,896.7,7,706.0,0.7001066688590755,139,0.6498664301812314,143,0.7550333341011767,164,0.8087460656159556,171,0.807344196437735,172,789
188,-0.9955213724144752,11,-0.866,23,53,9,896.7,7,615.0,0.8453902056442999,143,0.7245759435642692,135,0.8505728786188188,154,0.9186047807493933,159,0.9240353957935726,161,752
188,-0.9955213724144752,12,-0.9659,24,50,6,896.7,7,323.0,0.936719248090793,99,0.7411888241380683,88,0.885849665933191,101,0.9701414191431064,102,0.9883197496917634,102,492
188,-0.9955213724144752,13,-1.0,24,50,6,896.7,5,164.0,0.9678698825543498,44,0.6985729373975549,38,0.8584596484503224,44,0.9598438517467015,44,0.9958163929605971,46,216
188,-0.9955213724144752,14,-0.9659,25,47,19,896.7,5,358.0,0.936719248090793,101,0.5996324691570772,82,0.7702693981778183,94,0.8884138330766939,101,0.9460144390580502,105,483
188,-0.9955213724144752,15,-0.866,27,42,15,895.8,7,434.0,0.8453902056442999,111,0.45111004858399256,88,0.6272889343148798,102,0.7607191999338264,109,0.8423078074785231,116,526
188,-0.9955213724144752,16,-0.7071,27,39,19,895.8,7,582.0,0.7001066688590755,167,0.2631272117636606,102,0.4392621199403053,132,0.5854621149803847,151,0.6917639228327904,166,718
188,-0.9955213724144752,17,-0.5,28,35,20,895.8,7,582.0,0.5107694554750727,155,0.04849465610963896,58,0.21900265073668035,91,0.37458604102334736,118,0.5046420883396834,142,564
188,-0.9955213724144752,18,-0.2588,28,39,20,895.8,7,441.0,0.2902815643254966,99,1.326794896677558e-06,29,1.326794896677558e-06,39,0.14246181325761711,61,0.29369433173643744,89,317
188,-0.9955213724144752,19,0.0,26,44,28,895.8,10,163.0,0.053668859209504566,34,1.326794896677558e-06,15,1.326794896677558e-06,17,1.326794896677558e-06,17,0.07329637793167111,29,112
188,-0.9955213724144752,20,0.2588,25,50,17,896.7,7,0.0,0.0,0,0.0,0,0.0,0,0.0,0,0.0,0,0
188,-0.9955213724144752,21,0.5,23,53,19,897.6,10,0.0,0.0,0,0.0,0,0.0,0,0.0,0,0.0,0,0
188,-0.9955213724144752,22,0.7071,23,53,11,897.6,10,0.0,0.0,0,0.0,0,0.0,0,0.0,0,0.0,0,0
188,-0.9955213724144752,23,0.866,22,60,22,897.6,10,0.0,0.0,0,0.0,0,0.0,0,0.0,0,0.0,0,0
188,-0.9955213724144752,24,0.9659,22,60,26,897.6,10,0.0,0.0,0,0.0,0,0.0,0,0.0,0,0.0,0,0
189,-0.9937465804361781,1,1.0,21,64,26,897.6,10,0.0,0.0,0,0.0,0,0.0,0,0.0,0,0.0,0,0
189,-0.9937465804361781,2,0.9659,20,68,24,897.6,10,0.0,0.0,0,0.0,0,0.0,0,0.0,0,0.0,0,0
189,-0.9937465804361781,3,0.866,20,68,17,897.6,10,0.0,0.0,0,0.0,0,0.0,0,0.0,0,0.0,0,0
189,-0.9937465804361781,4,0.7071,19,73,15,897.6,10,0.0,0.0,0,0.0,0,0.0,0,0.0,0,0.0,0,0
189,-0.9937465804361781,5,0.5,18,77,20,897.6,10,0.0,0.0,0,0.0,0,0.0,0,0.0,0,0.0,0,0
189,-0.9937465804361781,6,0.2588,19,73,11,897.6,10,0.0,0.0,0,0.0,0,0.0,0,0.0,0,0.0,0,0
189,-0.9937465804361781,7,0.0,20,68,17,897.6,10,0.0,0.0,0,0.0,0,0.0,0,0.0,0,0.0,0,0
189,-0.9937465804361781,8,-0.2588,22,60,9,898.5,10,306.0,0.2902216680109212,31,0.35111931522644535,50,0.4133907923080719,22,0.4474904640174225,21,0.4510944966237911,20,144
189,-0.9937465804361781,9,-0.5,24,53,9,898.5,10,501.0,0.5108876144350154,99,0.5232748249430048,117,0.6064159516049039,100,0.6482309315395492,107,0.6458701468566838,100,523
189,-0.9937465804361781,10,-0.7071,25,50,19,898.5,7,575.0,0.7003777273018765,122,0.6510927862203101,125,0.7558279624479584,142,0.8090548137391651,148,0.8071460236902958,148,685
189,-0.9937465804361781,11,-0.866,25,50,24,898.5,7,853.0,0.8457785879625969,200,0.7258626313018438,190,0.8514446599966128,219,0.9190022453952759,226,0.9239314571848326,225,1060
189,-0.9937465804361781,12,-0.9659,26,51,20,898.5,7,921.0,0.9371813832711708,223,0.7424889276142871,199,0.8867499351067547,229,0.9705805022549243,239,0.9882677239984516,239,1129
189,-0.9937465804361781,13,-1.0,27,42,19,898.5,7,970.0,0.968357173461003,237,0.6998386282930108,198,0.859337800343309,233,0.9602746201421734,245,0.9957704217581239,248,1161
189,-0.9937465804361781,14,-0.9659,28,42,22,897.6,7,974.0,0.9371813832711708,225,0.6008182587403317,175,0.7710763304196998,209,0.8887869169909793,222,0.9459282496551412,227,1058
189,-0.9937465804361781,15,-0.866,28,39,19,896.7,7,856.0,0.8457785879625968,221,0.45217589882671855,157,0.6279804025730857,195,0.7609891639089773,210,0.8421378696441185,221,1004
189,-0.9937465804361781,16,-0.7071,29,37,13,896.7,5,398.0,0.7003777273018765,166,0.26404125639345627,104,0.4398017469930859,133,0.5855905498958417,149,0.6914724130682153,161,713
189,-0.9937465804361781,17,-0.5,29,37,17,896.7,7,270.0,0.5108876144350154,52,0.04923537413983071,38,0.2193644070641429,46,0.3745441827015609,50,0.5041994680462972,54,240
189,-0.9937465804361781,18,-0.2588,28,39,13,896.7,5,112.0,0.29022166801092136,25,1.326794896677558e-06,19,1.326794896677558e-06,24,0.1422325026854523,25,0.2930813602136322,29,122
189,-0.9937465804361781,19,0.0,24,61,24,896.7,4,60.0,0.05341788595993756,14,1.326794896677558e-06,12,1.326794896677558e-06,15,1.326794896677558e-06,15,0.07250542359069587,16,72
189,-0.9937465804361781,20,0.2588,27,42,20,896.7,7,0.0,0.0,0,0.0,0,0.0,0,0.0,0,0.0,0,0
189,-0.9937465804361781,21,0.5,24,53,35,897.6,6,0.0,0.0,0,0.0,0,0.0,0,0.0,0,0.0,0,0
189,-0.9937465804361781,22,0.7071,22,57,24,898.5,7,0.0,0.0,0,0.0,0,0.0,0,0.0,0,0.0,0,0
189,-0.9937465804361781,23,0.866,21,60,20,898.5,7,0.0,0.0,0,0.0,0,0.0,0,0.0,0,0.0,0,0
189,-0.9937465804361781,24,0.9659,21,60,19,898.5,7,0.0,0.0,0,0.0,0,0.0,0,0.0,0,0.0,0,0
190,-0.99167731989929,1,1.0,21,64,19,898.5,7,0.0,0.0,0,0.0,0,0.0,0,0.0,0,0.0,0,0
190,-0.99167731989929,2,0.9659,20,64,19,898.5,7,0.0,0.0,0,0.0,0,0.0,0,0.0,0,0.0,0,0
190,-0.99167731989929,3,0.866,21,60,9,898.5,7,0.0,0.0,0,0.0,0,0.0,0,0.0,0,0.0,0,0
190,-0.99167731989929,4,0.7071,19,68,4,898.5,7,0.0,0.0,0,0.0,0,0.0,0,0.0,0,0.0,0,0
190,-0.99167731989929,5,0.5,19,73,17,898.5,7,0.0,0.0,0,0.0,0,0.0,0,0.0,0,0.0,0,0
190,-0.99167731989929,6,0.2588,19,68,22,898.5,7,0.0,0.0,0,0.0,0,0.0,0,0.0,0,0.0,0,0
190,-0.99167731989929,7,0.0,19,68,19,898.5,7,0.0,0.0,0,0.0,0,0.0,0,0.0,0,0.0,0,0
190,-0.99167731989929,8,-0.2588,21,60,22,898.5,7,302.0,0.29015699291829466,32,0.3521610087129354,50,0.413938382837875,24,0.44750663425748416,26,0.45057814461609885,23,155
190,-0.99167731989929,9,-0.5,22,57,26,898.5,7,458.0,0.5110107263338468,86,0.5244630228219758,103,0.6071278066905561,84,0.648417932153266,116,0.6455195492363948,82,471
190,-0.99167731989929,10,-0.7071,23,53,22,898.5,7,459.0,0.7006620954956756,116,0.6523897572258405,115,0.7566669672612895,131,0.8093786756503546,142,0.8069326720737593,138,642
190,-0.99167731989929,11,-0.866,24,50,24,897.6,7,573.0,0.8461866924380044,175,0.7272232314704077,163,0.8523650346855207,188,0.9194196726833986,214,0.9238174901300807,194,934
190,-0.99167731989929,12,-0.9659,26,44,20,897.6,7,847.0,0.9376672716151385,206,0.7438636767665985,184,0.8877003546087682,212,0.9710418226909625,211,0.988208507190485,222,1035
190,-0.99167731989929,13,-1.0,27,39,17,896.7,7,597.0,0.9688695924324043,195,0.7011770762255386,165,0.8602648873637206,193,0.960727166913272,191,0.9957175880219662,201,945
190,-0.99167731989929,14,-0.9659,27,39,24,896.7,7,327.0,0.9376672716151385,172,0.6020724461064931,137,0.771928311604798,162,0.8891786310041343,180,0.945833001899653,171,822
190,-0.99167731989929,15,-0.866,28,37,22,895.8,7,847.0,0.8461866924380044,214,0.4533035914970594,150,0.6287106090221614,186,0.7612721219014473,181,0.8419542961366422,211,942
190,-0.99167731989929,16,-0.7071,29,33,24,895.8,7,647.0,0.7006620954956756,169,0.26500884642577544,97,0.44037181326582236,129,0.5857242434737212,151,0.6911606230441301,160,706
190,-0.99167731989929,17,-0.5,28,35,24,894.9,7,466.0,0.5110107263338469,95,0.05002016430542587,53,0.2197468809818622,69,0.3744982755639991,59,0.5037283084570948,91,367
190,-0.99167731989929,18,-0.2588,28,35,24,894.9,7,239.0,0.29015699291829505,76,1.326794896677558e-06,32,1.326794896677558e-06,39,0.14198889798309255,45,0.292430538746483,68,260
190,-0.99167731989929,19,0.0,28,32,28,894.9,7,234.0,0.0531516905086124,46,1.326794896677558e-06,22,1.326794896677558e-06,23,1.326794896677558e-06,17,0.07166689154739501,37,145
190,-0.99167731989929,20,0.2588,26,39,19,894.9,10,0.0,0.0,0,0.0,0,0.0,0,0.0,0,0.0,0,0
190,-0.99167731989929,21,0.5,24,41,9,894.9,10,0.0,0.0,0,0.0,0,0.0,0,0.0,0,0.0,0,0
190,-0.99167731989929,22,0.7071,23,44,11,895.8,10,0.0,0.0,0,0.0,0,0.0,0,0.0,0,0.0,0,0
190,-0.99167731989929,23,0.866,23,41,13,894.9,10,0.0,0.0,0,0.0,0,0.0,0,0.0,0,0.0,0,0
190,-0.99167731989929,24,0.9659,22,43,20,895.8,10,0.0,0.0,0,0.0,0,0.0,0,0.0,0,0.0,0,0
191,-0.9893142039703664,1,1.0,20,49,13,895.8,10,0.0,0.0,0,0.0,0,0.0,0,0.0,0,0.0,0,0
191,-0.9893142039703664,2,0.9659,21,49,20,895.8,10,0.0,0.0,0,0.0,0,0.0,0,0.0,0,0.0,0,0
191,-0.9893142039703664,3,0.866,20,52,19,894.9,10,0.0,0.0,0,0.0,0,0.0,0,0.0,0,0.0,0,0
191,-0.9893142039703664,4,0.7071,20,52,20,894.9,10,0.0,0.0,0,0.0,0,0.0,0,0.0,0,0.0,0,0
191,-0.9893142039703664,5,0.5,19,60,20,894.9,10,0.0,0.0,0,0.0,0,0.0,0,0.0,0,0.0,0,0
191,-0.9893142039703664,6,0.2588,19,60,17,894.9,10,0.0,0.0,0,0.0,0,0.0,0,0.0,0,0.0,0,0
191,-0.9893142039703664,7,0.0,20,56,22,894.9,10,0.0,0.0,0,0.0,0,0.0,0,0.0,0,0.0,0,0
191,-0.9893142039703664,8,-0.2588,20,56,28,894.9,10,306.0,0.29008735039125405,30,0.4851849267194803,49,0.5222314235342096,22,0.5236888103173188,21,0.4894577686891106,20,142
191,-0.9893142039703664,9,-0.5,22,50,26,895.8,10,524.0,0.5111383877589937,97,0.6362155228822549,114,0.6980997138420039,94,0.7124096659074017,100,0.6781701808957437,94,499
191,-0.9893142039703664,10,-0.7071,23,44,24,895.8,10,682.0,0.7009591856126063,150,0.7365969390776861,157,0.8251884964260109,179,0.8575449272577907,188,0.8314611977459468,188,862
191,-0.9893142039703664,11,-0.866,24,41,19,895.8,10,840.0,0.8466137897358481,195,0.7794883594251218,186,0.8948368949442581,215,0.9492038810619616,222,0.9388843036155867,221,1039
191,-0.9893142039703664,12,-0.9659,25,36,26,894.9,7,956.0,0.9381760948331325,217,0.761966809524742,195,0.9022984939283564,225,0.9811401306418241,234,0.9931188014268402,234,1105
191,-0.9893142039703664,13,-1.0,26,34,26,894.9,7,906.0,0.9694062908381353,255,0.6852263519978858,212,0.8470647985741093,252,0.9511772767141888,262,0.9904687049535087,265,1246
191,-0.9893142039703664,14,-0.9659,26,36,20,894.1,7,829.0,0.9381760948331325,215,0.5544967132293485,159,0.7328998877603106,195,0.8613572351163491,209,0.931114613636669,217,995
191,-0.9893142039703664,15,-0.866,27,34,22,894.1,7,571.0,0.8466137897358482,207,0.3786868867556522,132,0.5675838987523943,171,0.7178010838871663,190,0.8191014050572301,203,903
191,-0.9893142039703664,16,-0.7071,28,32,26,894.1,7,674.0,0.7009591856126065,142,0.1697780011001657,72,0.3623828246658191,100,0.5302919227410714,118,0.6620625838030236,134,566
191,-0.9893142039703664,17,-0.5,27,34,19,893.2,7,420.0,0.5111383877589937,119,1.326794896677558e-06,42,0.13128075708508852,63,0.3116081723676268,85,0.47070007190108043,108,417
191,-0.9893142039703664,18,-0.2588,28,32,20,893.2,7,289.0,0.29008735039125405,68,1.326794896677558e-06,21,1.326794896677558e-06,24,0.0766527481302669,36,0.25805489225530437,56,205
191,-0.9893142039703664,19,0.0,27,32,19,893.2,7,169.0,0.05287031466104576,30,1.326794896677558e-06,14,1.326794896677558e-06,16,1.326794896677558e-06,14,0.038618446875173296,23,97
191,-0.9893142039703664,20,0.2588,26,34,17,893.2,10,0.0,0.0,0,0.0,0,0.0,0,0.0,0,0.0,0,0
191,-0.9893142039703664,21,0.5,24,41,9,893.2,10,0.0,0.0,0,0.0,0,0.0,0,0.0,0,0.0,0,0
191,-0.9893142039703664,22,0.7071,23,44,7,894.1,10,0.0,0.0,0,0.0,0,0.0,0,0.0,0,0.0,0,0
191,-0.9893142039703664,23,0.866,22,43,13,894.1,10,0.0,0.0,0,0.0,0,0.0,0,0.0,0,0.0,0,0
191,-0.9893142039703664,24,0.9659,22,41,13,894.1,10,0.0,0.0,0,0.0,0,0.0,0,0.0,0,0.0,0,0
192,-0.9866579328916572,1,1.0,22,41,20,894.1,10,0.0,0.0,0,0.0,0,0.0,0,0.0,0,0.0,0,0
192,-0.9866579328916572,2,0.9659,21,43,22,894.1,10,0.0,0.0,0,0.0,0,0.0,0,0.0,0,0.0,0,0
192,-0.9866579328916572,3,0.866,21,43,22,894.1,10,0.0,0.0,0,0.0,0,0.0,0,0.0,0,0.0,0,0
192,-0.9866579328916572,4,0.7071,20,46,22,894.1,10,0.0,0.0,0,0.0,0,0.0,0,0.0,0,0.0,0,0
192,-0.9866579328916572,5,0.5,19,52,19,894.1,10,0.0,0.0,0,0.0,0,0.0,0,0.0,0,0.0,0,0
192,-0.9866579328916572,6,0.2588,18,56,13,894.1,10,0.0,0.0,0,0.0,0,0.0,0,0.0,0,0.0,0,0
192,-0.9866579328916572,7,0.0,20,52,19,894.1,10,0.0,0.0,0,0.0,0,0.0,0,0.0,0,0.0,0,0
192,-0.9866579328916572,8,-0.2588,21,53,22,894.9,10,304.0,0.2900125428659526,31,0.48633851910451,73,0.5228352197169679,25,0.5237016626195274,25,0.4888788012322804,20,174
192,-0.9866579328916572,9,-0.5,22,50,20,894.9,10,507.0,0.5112701753113096,90,0.6375102688566829,135,0.6988678770635053,136,0.7125988973760488,137,0.6777675847974579,112,610
192,-0.9866579328916572,10,-0.7071,24,44,24,894.9,10,687.0,0.7012683803244006,148,0.7379855017859875,176,0.826075437204813,197,0.8578698026317181,199,0.8312018680085953,192,912
192,-0.9866579328916572,11,-0.866,25,41,22,894.9,10,829.0,0.8470591137208362,190,0.78091700856703,197,0.8957889293236281,223,0.9496144211986179,226,0.9387253719071015,221,1057
192,-0.9866579328916572,12,-0.9659,26,34,19,894.9,10,934.0,0.9387069932458649,238,0.7633790829802933,221,0.903257501940288,255,0.9815805185026324,260,0.9930105574762752,257,1231
192,-0.9866579328916572,13,-1.0,27,30,9,894.9,10,242.0,0.969966377092795,204,0.6865669089315222,174,0.8479721893459503,204,0.9515896642588312,210,0.9903579858002516,209,1001
192,-0.9866579328916572,14,-0.9659,27,30,13,894.1,7,344.0,0.9387069932458649,209,0.5557150845909119,157,0.7337005753291007,191,0.8616856734859375,202,0.9309484203476689,209,968
192,-0.9866579328916572,15,-0.866,28,28,9,894.1,10,750.0,0.8470591137208362,193,0.3797409457947937,126,0.5682300814972784,161,0.7179953541934513,177,0.8188305238117927,190,847
192,-0.9866579328916572,16,-0.7071,29,27,13,894.1,7,702.0,0.7012683803244009,166,0.17063681335021663,81,0.3628372258527303,116,0.5303109463354566,138,0.6616449334828122,156,657
192,-0.9866579328916572,17,-0.5,29,27,17,893.2,10,519.0,0.5112701753113096,129,1.326794896677558e-06,44,0.1315191695409383,67,0.31142281333816135,92,0.47010357342543185,115,447
192,-0.9866579328916572,18,-0.2588,29,27,13,893.2,10,442.0,0.2900125428659526,109,1.326794896677558e-06,33,1.326794896677558e-06,36,0.07624779885402683,53,0.2572596547075559,86,317
192,-0.9866579328916572,19,0.0,29,27,11,893.2,10,182.0,0.05257380320460626,35,1.326794896677558e-06,17,1.326794896677558e-06,18,1.326794896677558e-06,17,0.03761812302662885,26,113
192,-0.9866579328916572,20,0.2588,28,26,13,894.1,10,0.0,0.0,0,0.0,0,0.0,0,0.0,0,0.0,0,0
192,-0.9866579328916572,21,0.5,25,36,11,894.1,10,0.0,0.0,0,0.0,0,0.0,0,0.0,0,0.0,0,0
192,-0.9866579328916572,22,0.7071,23,36,11,894.9,10,0.0,0.0,0,0.0,0,0.0,0,0.0,0,0.0,0,0
192,-0.9866579328916572,23,0.866,22,38,11,894.9,10,0.0,0.0,0,0.0,0,0.0,0,0.0,0,0.0,0,0
192,-0.9866579328916572,24,0.9659,22,33,11,894.9,10,0.0,0.0,0,0.0,0,0.0,0,0.0,0,0.0,0,0
193,-0.9837092937736098,1,1.0,21,35,11,894.9,10,0.0,0.0,0,0.0,0,0.0,0,0.0,0,0.0,0,0
193,-0.9837092937736098,2,0.9659,20,40,7,894.9,10,0.0,0.0,0,0.0,0,0.0,0,0.0,0,0.0,0,0
193,-0.9837092937736098,3,0.866,21,35,11,894.9,10,0.0,0.0,0,0.0,0,0.0,0,0.0,0,0.0,0,0
193,-0.9837092937736098,4,0.7071,21,38,15,894.9,10,0.0,0.0,0,0.0,0,0.0,0,0.0,0,0.0,0,0
193,-0.9837092937736098,5,0.5,19,43,4,895.8,10,0.0,0.0,0,0.0,0,0.0,0,0.0,0,0.0,0,0
193,-0.9837092937736098,6,0.2588,19,49,17,895.8,10,0.0,0.0,0,0.0,0,0.0,0,0.0,0,0.0,0,0
193,-0.9837092937736098,7,0.0,21,49,17,895.8,10,0.0,0.0,0,0.0,0,0.0,0,0.0,0,0.0,0,0
193,-0.9837092937736098,8,-0.2588,22,41,7,895.8,10,302.0,0.2899323642050825,30,0.48754690522704214,72,0.5234661784684927,26,0.5237121952386377,26,0.4882681899216145,21,175
193,-0.9837092937736098,9,-0.5,25,36,7,895.8,10,500.0,0.5114056461690628,87,0.638865994905085,131,0.6996704065662871,132,0.7127935393301117,132,0.677341074672339,109,591
193,-0.9837092937736098,10,-0.7071,26,34,13,895.8,10,681.0,0.701589033563855,142,0.7394391562730321,169,0.8270019499276784,189,0.8582060333555076,188,0.8309249031786357,182,870
193,-0.9837092937736098,11,-0.866,28,30,9,895.8,10,825.0,0.8475218623700553,184,0.7824125063552891,191,0.8967833885036253,215,0.9500400711140461,217,0.9385532052499548,212,1019
193,-0.9837092937736098,12,-0.9659,29,25,11,895.8,10,920.0,0.9392590667925758,209,0.764857487385201,196,0.90425924038617,225,0.9820373242781905,227,0.9928913000691649,225,1082
193,-0.9837092937736098,13,-1.0,30,23,7,895.8,10,962.0,0.9705489176967403,223,0.6879704464121852,190,0.8489200423767375,223,0.9520172383435928,229,0.9902361425330907,230,1095
193,-0.9837092937736098,14,-0.9659,31,24,9,894.9,10,964.0,0.9392590667925758,223,0.5569910887573077,169,0.7345370546234058,205,0.8620256233607727,216,0.930768673856754,223,1036
193,-0.9837092937736098,15,-0.866,31,24,7,894.9,7,621.0,0.8475218623700554,152,0.3808454363248611,103,0.5689052844863509,129,0.7181952558222537,142,0.8185415012058527,150,676
193,-0.9837092937736098,16,-0.7071,31,24,11,894.9,7,702.0,0.701589033563855,173,0.1715375000129828,90,0.3633122420754684,125,0.5303279207159249,146,0.6612027093544369,164,698
193,-0.9837092937736098,17,-0.5,31,22,9,894.1,7,430.0,0.5114056461690628,112,1.326794896677558e-06,49,0.131768730896731,69,0.31122644761878376,87,0.4694746627640249,104,421
193,-0.9837092937736098,18,-0.2588,30,23,6,894.1,7,191.0,0.2899323642050825,48,1.326794896677558e-06,31,1.326794896677558e-06,38,0.075822218907201,41,0.25642329483695664,48,206
193,-0.9837092937736098,19,0.0,30,25,9,894.1,7,94.0,0.05226220399574433,23,1.326794896677558e-06,17,1.326794896677558e-06,20,1.326794896677558e-06,22,0.03656768853754392,24,106
193,-0.9837092937736098,20,0.2588,29,27,6,894.1,10,0.0,0.0,0,0.0,0,0.0,0,0.0,0,0.0,0,0
193,-0.9837092937736098,21,0.5,27,32,9,894.9,10,0.0,0.0,0,0.0,0,0.0,0,0.0,0,0.0,0,0
193,-0.9837092937736098,22,0.7071,26,34,0,894.9,7,0.0,0.0,0,0.0,0,0.0,0,0.0,0,0.0,0,0
193,-0.9837092937736098,23,0.866,26,36,6,895.8,7,0.0,0.0,0,0.0,0,0.0,0,0.0,0,0.0,0,0
193,-0.9837092937736098,24,0.9659,25,36,15,895.8,10,0.0,0.0,0,0.0,0,0.0,0,0.0,0,0.0,0,0
194,-0.9804691603616321,1,1.0,25,39,24,895.8,10,0.0,0.0,0,0.0,0,0.0,0,0.0,0,0.0,0,0
194,-0.9804691603616321,2,0.9659,24,41,24,895.8,10,0.0,0.0,0,0.0,0,0.0,0,0.0,0,0.0,0,0
194,-0.9804691603616321,3,0.866,23,44,20,895.8,10,0.0,0.0,0,0.0,0,0.0,0,0.0,0,0.0,0,0
194,-0.9804691603616321,4,0.7071,23,47,26,895.8,10,0.0,0.0,0,0.0,0,0.0,0,0.0,0,0.0,0,0
194,-0.9804691603616321,5,0.5,22,46,22,895.8,10,0.0,0.0,0,0.0,0,0.0,0,0.0,0,0.0,0,0
194,-0.9804691603616321,6,0.2588,22,46,20,895.8,10,0.0,0.0,0,0.0,0,0.0,0,0.0,0,0.0,0,0
194,-0.9804691603616321,7,0.0,23,47,11,895.8,10,0.0,0.0,0,0.0,0,0.0,0,0.0,0,0.0,0,0
194,-0.9804691603616321,8,-0.2588,25,41,17,895.8,10,287.0,0.28984660004772544,31,0.48880931934634547,68,0.5241236787149514,29,0.5237199740927656,29,0.4876257172490488,24,181
194,-0.9804691603616321,9,-0.5,26,36,26,896.7,10,484.0,0.511544338679835,96,0.6402817663276731,140,0.7005064845313279,143,0.7129929465642469,142,0.6768902218983067,122,643
194,-0.9804691603616321,10,-0.7071,28,32,26,895.8,10,665.0,0.7019204713245767,131,0.7409568555415957,155,0.8279670746004092,173,0.8585528118598994,175,0.8306297031461641,168,802
194,-0.9804691603616321,11,-0.866,29,30,26,895.8,10,811.0,0.8480011987322055,184,0.7839737578097259,191,0.8978192345738668,217,0.950479920699424,220,0.9383670833592023,214,1026
194,-0.9804691603616321,12,-0.9659,29,30,22,895.8,10,905.0,0.9398313760905237,213,0.7664009473607788,199,0.9053026630082723,228,0.9825096021323535,234,0.9927602482480223,231,1105
194,-0.9804691603616321,13,-1.0,30,29,15,895.8,10,951.0,0.971152938329776,226,0.6894359866243315,192,0.8499073827627318,226,0.9524590934145146,235,0.9901024006597583,235,1114
194,-0.9804691603616321,14,-0.9659,31,27,15,895.8,10,935.0,0.9398313760905237,226,0.5583238824481886,169,0.7354084688929864,206,0.8623762729067362,220,0.9305746625709891,225,1046
194,-0.9804691603616321,15,-0.866,31,27,15,894.9,10,884.0,0.8480011987322055,202,0.38199971174528013,129,0.569608835909619,166,0.7184001375368093,183,0.8182337509564998,196,876
194,-0.9804691603616321,16,-0.7071,33,23,13,894.9,10,579.0,0.7019204713245767,153,0.17247964819585143,77,0.36380743108404984,107,0.5303424044136394,126,0.660735500815509,140,603
194,-0.9804691603616321,17,-0.5,33,23,15,894.1,10,546.0,0.5115443386798345,139,1.326794896677558e-06,45,0.13202925743816166,70,0.3110188783838557,96,0.46881314339317454,121,471
194,-0.9804691603616321,18,-0.2588,32,24,19,894.1,10,397.0,0.28984660004772544,97,1.326794896677558e-06,29,1.326794896677558e-06,32,0.07537607431062483,47,0.25554585400762014,77,282
194,-0.9804691603616321,19,0.0,31,25,17,894.1,10,134.0,0.051935568050104894,39,1.326794896677558e-06,19,1.326794896677558e-06,19,1.326794896677558e-06,18,0.03546743025728685,28,123
194,-0.9804691603616321,20,0.2588,30,27,20,894.1,10,0.0,0.0,0,0.0,0,0.0,0,0.0,0,0.0,0,0
194,-0.9804691603616321,21,0.5,28,30,20,894.9,10,0.0,0.0,0,0.0,0,0.0,0,0.0,0,0.0,0,0
194,-0.9804691603616321,22,0.7071,27,28,19,894.9,10,0.0,0.0,0,0.0,0,0.0,0,0.0,0,0.0,0,0
194,-0.9804691603616321,23,0.866,27,23,26,894.9,10,0.0,0.0,0,0.0,0,0.0,0,0.0,0,0.0,0,0
194,-0.9804691603616321,24,0.9659,25,36,31,894.9,10,0.0,0.0,0,0.0,0,0.0,0,0.0,0,0.0,0,0
195,-0.9769384927771817,1,1.0,24,44,33,894.9,9,0.0,0.0,0,0.0,0,0.0,0,0.0,0,0.0,0,0
195,-0.9769384927771817,2,0.9659,23,44,17,894.9,10,0.0,0.0,0,0.0,0,0.0,0,0.0,0,0.0,0,0
195,-0.9769384927771817,3,0.866,23,47,22,894.9,10,0.0,0.0,0,0.0,0,0.0,0,0.0,0,0.0,0,0
195,-0.9769384927771817,4,0.7071,22,50,26,894.9,10,0.0,0.0,0,0.0,0,0.0,0,0.0,0,0.0,0,0
195,-0.9769384927771817,5,0.5,21,53,15,895.8,10,0.0,0.0,0,0.0,0,0.0,0,0.0,0,0.0,0,0
195,-0.9769384927771817,6,0.2588,20,56,9,895.8,10,0.0,0.0,0,0.0,0,0.0,0,0.0,0,0.0,0,0
195,-0.9769384927771817,7,0.0,21,53,15,895.8,10,0.0,0.0,0,0.0,0,0.0,0,0.0,0,0.0,0,0
195,-0.9769384927771817,8,-0.2588,23,47,20,895.8,10,292.0,0.289755028174642,31,0.6134833994907151,97,0.6255288141333208,73,0.594945575472387,92,0.523817877891449,36,329
195,-0.9769384927771817,9,-0.5,24,47,26,895.8,10,496.0,0.5116857729798205,89,0.7416792779172686,161,0.782961774867532,171,0.7708868273572222,178,0.7062773218637803,151,750
195,-0.9769384927771817,10,-0.7071,25,44,30,895.8,10,679.0,0.702261992498413,148,0.8139314884948384,196,0.8872627499162569,213,0.9001286304036868,219,0.8516523428735624,195,971
195,-0.9769384927771817,11,-0.866,26,44,30,895.8,10,823.0,0.8484962519324032,210,0.8253161708384091,231,0.9313238117007635,258,0.9738633825063205,241,0.950035886621233,247,1187
195,-0.9769384927771817,12,-0.9659,28,37,28,894.9,10,921.0,0.9404229435450093,205,0.7750574789781469,196,0.9121422765511285,223,0.9870661897834435,249,0.9947232863817503,224,1097
195,-0.9769384927771817,13,-1.0,29,33,26,894.9,10,969.0,0.9717774249970614,237,0.66658046323362,198,0.8310253398936348,234,0.938837309503404,241,0.9826691767479265,246,1156
195,-0.9769384927771817,14,-0.9659,30,25,28,894.9,10,963.0,0.9404229435450093,239,0.5072776130115135,168,0.6935009555800827,211,0.8324634393401503,221,0.9146950160353772,238,1077
195,-0.9769384927771817,15,-0.866,31,27,24,894.9,10,885.0,0.8484962519324033,224,0.30800516325065597,121,0.5089411903841508,167,0.6751937876415727,183,0.7954331327270685,213,908
195,-0.9769384927771817,16,-0.7071,30,25,30,894.9,10,765.0,0.7022619924984134,200,0.08234316969918615,64,0.28992345960346294,110,0.4777460000208655,134,0.633011013271261,178,686
195,-0.9769384927771817,17,-0.5,30,23,24,894.1,10,607.0,0.5116857729798209,160,1.326794896677558e-06,30,0.05137343629301532,48,0.25357579768541355,72,0.4384974423288977,131,441
195,-0.9769384927771817,18,-0.2588,30,22,24,894.1,10,416.0,0.289755028174642,103,1.326794896677558e-06,25,1.326794896677558e-06,23,0.017959989047071707,24,0.2251481824326812,71,246
195,-0.9769384927771817,19,0.0,30,23,22,894.1,10,207.0,0.05159394963521846,41,1.326794896677558e-06,18,1.326794896677558e-06,19,1.326794896677558e-06,13,0.007502618175754717,23,114
195,-0.9769384927771817,20,0.2588,28,25,22,894.1,10,0.0,0.0,0,0.0,0,0.0,0,0.0,0,0.0,0,0
195,-0.9769384927771817,21,0.5,27,23,22,894.1,10,0.0,0.0,0,0.0,0,0.0,0,0.0,0,0.0,0,0
195,-0.9769384927771817,22,0.7071,26,24,22,894.9,10,0.0,0.0,0,0.0,0,0.0,0,0.0,0,0.0,0,0
195,-0.9769384927771817,23,0.866,25,28,19,894.9,10,0.0,0.0,0,0.0,0,0.0,0,0.0,0,0.0,0,0
195,-0.9769384927771817,24,0.9659,24,31,13,894.9,10,0.0,0.0,0,0.0,0,0.0,0,0.0,0,0.0,0,0
196,-0.973118337233262,1,1.0,23,33,22,894.9,10,0.0,0.0,0,0.0,0,0.0,0,0.0,0,0.0,0,0
196,-0.973118337233262,2,0.9659,22,38,20,894.9,10,0.0,0.0,0,0.0,0,0.0,0,0.0,0,0.0,0,0
196,-0.973118337233262,3,0.866,21,46,17,895.8,10,0.0,0.0,0,0.0,0,0.0,0,0.0,0,0.0,0,0
196,-0.973118337233262,4,0.7071,20,49,19,895.8,10,0.0,0.0,0,0.0,0,0.0,0,0.0,0,0.0,0,0
196,-0.973118337233262,5,0.5,20,49,15,895.8,10,0.0,0.0,0,0.0,0,0.0,0,0.0,0,0.0,0,0
196,-0.973118337233262,6,0.2588,19,56,15,895.8,10,0.0,0.0,0,0.0,0,0.0,0,0.0,0,0.0,0,0
196,-0.973118337233262,7,0.0,20,56,11,895.8,10,0.0,0.0,0,0.0,0,0.0,0,0.0,0,0.0,0,0
196,-0.973118337233262,8,-0.2588,22,50,22,895.8,10,304.0,0.2896574188885603,30,0.6147840873677467,101,0.6261824396898806,74,0.5949075952171843,62,0.5230908800617247,35,302
196,-0.973118337233262,9,-0.5,23,50,20,895.8,10,508.0,0.5118294516399888,101,0.7431193430291078,183,0.7837865648958867,195,0.7710401342646198,187,0.7057486980082848,169,835
196,-0.973118337233262,10,-0.7071,24,44,22,895.8,10,685.0,0.7026128697499139,137,0.8154501077176899,182,0.8882009381838637,199,0.9004224518023918,195,0.8512817739566796,183,896
196,-0.973118337233262,11,-0.866,25,39,22,895.8,10,825.0,0.849006118221828,192,0.8268471677254425,214,0.9323099040912248,237,0.9742373699225455,237,0.9497722824593147,227,1107
196,-0.973118337233262,12,-0.9659,26,36,24,895.8,10,324.0,0.9410327545091429,221,0.7765338335667087,213,0.913107514368955,244,0.9874545315770542,247,0.9945082673423996,241,1166
196,-0.973118337233262,13,-1.0,27,34,20,895.8,10,971.0,0.9724213252264435,233,0.6679388699933013,198,0.8319023780158851,233,0.9391732104155047,242,0.9824410494205961,245,1151
196,-0.973118337233262,14,-0.9659,29,27,26,894.9,10,959.0,0.9410327545091429,234,0.5084628317397775,165,0.6942284818993392,207,0.8326836936768142,224,0.9143929885016805,233,1063
196,-0.973118337233262,15,-0.866,29,27,28,894.9,10,892.0,0.849006118221828,223,0.3089737288073111,121,0.509468059383431,167,0.6752430549939573,194,0.7950014410435703,213,918
196,-0.973118337233262,16,-0.7071,30,23,26,894.1,10,768.0,0.7026128697499139,197,0.08306639081283967,64,0.29021220782250906,110,0.47758059781970763,146,0.6324027326566058,177,694
196,-0.973118337233262,17,-0.5,30,22,30,894.1,10,603.0,0.5118294516399888,157,1.326794896677558e-06,30,0.0514028277598215,48,0.25316667268835236,86,0.43767768220563386,129,450
196,-0.973118337233262,18,-0.2588,30,20,26,894.1,10,416.0,0.2896574188885605,102,1.326794896677558e-06,25,1.326794896677558e-06,24,0.01729469725455977,31,0.22409646415084283,70,252
196,-0.973118337233262,19,0.0,29,22,28,894.1,10,206.0,0.051237406365485925,40,1.326794896677558e-06,18,1.326794896677558e-06,18,1.326794896677558e-06,14,0.006214270588772022,22,112
196,-0.973118337233262,20,0.2588,28,25,17,894.1,10,0.0,0.0,0,0.0,0,0.0,0,0.0,0,0.0,0,0
196,-0.973118337233262,21,0.5,25,32,7,894.1,10,0.0,0.0,0,0.0,0,0.0,0,0.0,0,0.0,0,0
196,-0.973118337233262,22,0.7071,24,34,11,894.9,10,0.0,0.0,0,0.0,0,0.0,0,0.0,0,0.0,0,0
196,-0.973118337233262,23,0.866,23,33,11,894.9,10,0.0,0.0,0,0.0,0,0.0,0,0.0,0,0.0,0,0
196,-0.973118337233262,24,0.9659,23,33,13,894.9,10,0.0,0.0,0,0.0,0,0.0,0,0.0,0,0.0,0,0
197,-0.9690098257244063,1,1.0,22,31,20,894.9,10,0.0,0.0,0,0.0,0,0.0,0,0.0,0,0.0,0,0
197,-0.9690098257244063,2,0.9659,22,31,22,894.9,10,0.0,0.0,0,0.0,0,0.0,0,0.0,0,0.0,0,0
197,-0.9690098257244063,3,0.866,21,35,20,894.9,10,0.0,0.0,0,0.0,0,0.0,0,0.0,0,0.0,0,0
197,-0.9690098257244063,4,0.7071,20,43,13,894.9,10,0.0,0.0,0,0.0,0,0.0,0,0.0,0,0.0,0,0
197,-0.9690098257244063,5,0.5,20,49,15,894.9,10,0.0,0.0,0,0.0,0,0.0,0,0.0,0,0.0,0,0
197,-0.9690098257244063,6,0.2588,20,49,15,895.8,10,0.0,0.0,0,0.0,0,0.0,0,0.0,0,0.0,0,0
197,-0.9690098257244063,7,0.0,21,46,17,895.8,10,0.0,0.0,0,0.0,0,0.0,0,0.0,0,0.0,0,0
197,-0.9690098257244063,8,-0.2588,22,46,22,895.8,10,310.0,0.2895535354090316,29,0.6161325856794013,104,0.6268575532242763,74,0.5948633161124376,61,0.5223302258081793,62,330
197,-0.9690098257244063,9,-0.5,22,50,22,895.8,10,512.0,0.5119748603385176,91,0.7446118421280326,169,0.7846385209311841,180,0.771193487881169,173,0.7051929983789688,169,782
197,-0.9690098257244063,10,-0.7071,24,47,19,895.8,10,691.0,0.7029723504271381,149,0.81702376679835,201,0.8891700542116282,218,0.900720981189793,214,0.8508893724144196,209,991
197,-0.9690098257244063,11,-0.866,25,44,17,894.9,10,837.0,0.849529862071438,193,0.8284336150737838,215,0.9333285133625323,239,0.9746187246703646,238,0.9494903940083221,252,1137
197,-0.9690098257244063,12,-0.9659,27,34,17,894.9,10,935.0,0.941659758492543,221,0.7780638259709481,213,0.9141045772601,242,0.9878507168792305,247,0.9942765757257238,223,1146
197,-0.9690098257244063,13,-1.0,27,32,20,894.9,10,981.0,0.97308354931637,233,0.6693470190731905,197,0.8328083293959964,232,0.9395152251369342,241,0.9821958198099623,241,1144
197,-0.9690098257244063,14,-0.9659,28,35,19,894.1,10,965.0,0.941659758492543,233,0.5096920304517066,166,0.6949799477021528,207,0.8329062155660507,223,0.9140714020623849,227,1056
197,-0.9690098257244063,15,-0.866,30,23,15,894.1,10,893.0,0.849529862071438,218,0.30997908732541735,118,0.5100122114726057,165,0.67528891775698,190,0.7945458891122826,200,891
197,-0.9690098257244063,16,-0.7071,30,29,19,894.1,10,765.0,0.702972350427138,193,0.08381826609217441,62,0.2905103399645481,108,0.47740466980760604,143,0.6317647338184479,163,669
197,-0.9690098257244063,17,-0.5,30,31,17,893.2,10,598.0,0.5119748603385176,154,1.326794896677558e-06,29,0.0514329995229601,46,0.2527389368768206,86,0.43682118845947426,111,426
197,-0.9690098257244063,18,-0.2588,30,31,17,893.2,10,406.0,0.2895535354090316,98,1.326794896677558e-06,23,1.326794896677558e-06,22,0.016602296839357284,29,0.22300031750889782,54,226
197,-0.9690098257244063,19,0.0,30,29,15,893.2,10,198.0,0.05086599929914236,39,1.326794896677558e-06,18,1.326794896677558e-06,18,1.326794896677558e-06,15,0.004873644947769965,16,106
197,-0.9690098257244063,20,0.2588,28,35,15,893.2,10,0.0,0.0,0,0.0,0,0.0,0,0.0,0,0.0,0,0
197,-0.9690098257244063,21,0.5,26,39,7,893.2,10,0.0,0.0,0,0.0,0,0.0,0,0.0,0,0.0,0,0
197,-0.9690098257244063,22,0.7071,26,42,7,894.1,10,0.0,0.0,0,0.0,0,0.0,0,0.0,0,0.0,0,0
197,-0.9690098257244063,23,0.866,24,47,9,893.2,10,0.0,0.0,0,0.0,0,0.0,0,0.0,0,0.0,0,0
197,-0.9690098257244063,24,0.9659,24,44,11,893.2,10,0.0,0.0,0,0.0,0,0.0,0,0.0,0,0.0,0,0
198,-0.9646141756912435,1,1.0,23,47,6,893.2,10,0.0,0.0,0,0.0,0,0.0,0,0.0,0,0.0,0,0
198,-0.9646141756912435,2,0.9659,21,53,6,893.2,10,0.0,0.0,0,0.0,0,0.0,0,0.0,0,0.0,0,0
198,-0.9646141756912435,3,0.866,21,49,9,893.2,10,0.0,0.0,0,0.0,0,0.0,0,0.0,0,0.0,0,0
198,-0.9646141756912435,4,0.7071,20,52,2,893.2,10,0.0,0.0,0,0.0,0,0.0,0,0.0,0,0.0,0,0
198,-0.9646141756912435,5,0.5,19,56,4,893.2,10,0.0,0.0,0,0.0,0,0.0,0,0.0,0,0.0,0,0
198,-0.9646141756912435,6,0.2588,20,52,6,893.2,10,0.0,0.0,0,0.0,0,0.0,0,0.0,0,0.0,0,0
198,-0.9646141756912435,7,0.0,22,53,0,893.2,10,0.0,0.0,0,0.0,0,0.0,0,0.0,0,0.0,0,0
198,-0.9646141756912435,8,-0.2588,26,39,15,893.2,10,303.0,0.289443134281371,28,0.7281798924765404,118,0.7179003282316369,125,0.6586971467603018,112,0.5546049412145715,68,451
198,-0.9646141756912435,9,-0.5,27,37,13,894.1,10,502.0,0.5121214685589055,87,0.8320757371124661,183,0.8556701238541488,190,0.8209521149269146,177,0.7302876815534715,156,793
198,-0.9646141756912435,10,-0.7071,29,35,9,893.2,10,682.0,0.7033396575080754,141,0.8760547269667188,204,0.9370387312076016,220,0.9341652060818253,210,0.8676299772569688,194,969
198,-0.9646141756912435,11,-0.866,29,33,11,893.2,10,826.0,0.8500665173089257,183,0.8571197715794321,213,0.9564610230141104,234,0.990621146577987,228,0.9572721901972957,217,1075
198,-0.9646141756912435,12,-0.9659,32,27,6,893.2,10,921.0,0.9423028704180665,208,0.7765612547071126,204,0.9126134043013958,231,0.9864725631306522,231,0.9931053600281756,228,1102
198,-0.9646141756912435,13,-1.0,32,26,11,892.3,10,964.0,0.9737629716334755,222,0.6398691010057586,186,0.808484016354065,219,0.9220021767602771,226,0.9726875200307478,229,1082
198,-0.9646141756912435,14,-0.9659,33,23,17,892.3,10,955.0,0.9423028704180665,221,0.4563586274057494,150,0.651169083885694,190,0.8016035243241555,206,0.8974101067811605,218,985
198,-0.9646141756912435,15,-0.866,34,21,7,891.4,10,878.0,0.8500665173089257,209,0.2385357604579555,98,0.45138935236742106,146,0.6334815697578716,173,0.7724031481111169,195,821
198,-0.9646141756912435,16,-0.7071,34,16,17,891.4,10,753.0,0.7033396575080754,186,0.0012447399465418754,47,0.22275945596354746,88,0.4290935275956069,127,0.6061856490905094,162,610
198,-0.9646141756912435,17,-0.5,35,16,11,890.5,10,589.0,0.5121214685589055,149,1.326794896677558e-06,31,1.326794896677558e-06,37,0.20236808601251224,71,0.4100850432085426,116,404
198,-0.9646141756912435,18,-0.2588,34,17,15,890.5,10,394.0,0.2894431342813712,95,1.326794896677558e-06,25,1.326794896677558e-06,25,1.326794896677558e-06,26,0.19746524720774666,61,232
198,-0.9646141756912435,19,0.0,34,15,17,890.5,10,186.0,0.05047979303688684,37,1.326794896677558e-06,18,1.326794896677558e-06,18,1.326794896677558e-06,15,1.326794896677558e-06,20,108
198,-0.9646141756912435,20,0.2588,31,22,7,890.5,10,0.0,0.0,0,0.0,0,0.0,0,0.0,0,0.0,0,0
198,-0.9646141756912435,21,0.5,28,30,7,891.4,10,0.0,0.0,0,0.0,0,0.0,0,0.0,0,0.0,0,0
198,-0.9646141756912435,22,0.7071,27,32,9,891.4,10,0.0,0.0,0,0.0,0,0.0,0,0.0,0,0.0,0,0
198,-0.9646141756912435,23,0.866,26,34,4,891.4,10,0.0,0.0,0,0.0,0,0.0,0,0.0,0,0.0,0,0
198,-0.9646141756912435,24,0.9659,24,41,0,891.4,10,0.0,0.0,0,0.0,0,0.0,0,0.0,0,0.0,0,0
199,-0.9599326896597445,1,1.0,23,44,9,891.4,10,0.0,0.0,0,0.0,0,0.0,0,0.0,0,0.0,0,0
199,-0.9599326896597445,2,0.9659,23,47,9,891.4,10,0.0,0.0,0,0.0,0,0.0,0,0.0,0,0.0,0,0
199,-0.9599326896597445,3,0.866,22,43,6,891.4,10,0.0,0.0,0,0.0,0,0.0,0,0.0,0,0.0,0,0
199,-0.9599326896597445,4,0.7071,19,52,4,891.4,10,0.0,0.0,0,0.0,0,0.0,0,0.0,0,0.0,0,0
199,-0.9599326896597445,5,0.5,21,49,7,891.4,10,0.0,0.0,0,0.0,0,0.0,0,0.0,0,0.0,0,0
199,-0.9599326896597445,6,0.2588,19,56,9,891.4,10,0.0,0.0,0,0.0,0,0.0,0,0.0,0,0.0,0,0
199,-0.9599326896597445,7,0.0,21,53,7,891.4,10,0.0,0.0,0,0.0,0,0.0,0,0.0,0,0.0,0,0
199,-0.9599326896597445,8,-0.2588,26,42,6,892.3,10,276.0,0.2893259657991973,30,0.7294749839804597,133,0.7184967753570682,136,0.6585543026061635,101,0.5537325402823985,67,467
199,-0.9599326896597445,9,-0.5,28,35,9,892.3,10,482.0,0.5122687303130967,84,0.8334942047082108,179,0.8564301723762103,188,0.8210019483461304,165,0.7296239037487727,146,762
199,-0.9599326896597445,10,-0.7071,30,33,9,892.3,10,664.0,0.7037139905818922,138,0.8775254195177031,202,0.937895404807787,217,0.9343494798946387,202,0.867129293304936,187,946
199,-0.9599326896597445,11,-0.866,31,29,4,892.3,10,811.0,0.8506150882980258,179,0.8585679789119233,207,0.9573407605512706,228,0.9908724617411752,221,0.956877956282899,211,1046
199,-0.9599326896597445,12,-0.9659,33,23,9,892.3,10,909.0,0.9429609719256263,206,0.7779137989747492,199,0.9134410728691177,228,0.9867189518568644,227,0.9927536779649819,223,1083
199,-0.9599326896597445,13,-1.0,34,23,13,891.4,10,957.0,0.9744584319588638,218,0.6410593282589483,175,0.8091880352319563,209,0.9221720096631076,222,0.9723115931867157,226,1050
199,-0.9599326896597445,14,-0.9659,34,23,19,891.4,10,896.0,0.9429609719256263,202,0.4573309317320477,125,0.6516862877691904,162,0.8016303813171362,187,0.896944786703747,198,874
199,-0.9599326896597445,15,-0.866,35,15,20,891.4,10,841.0,0.8506150882980258,207,0.23924940057432448,85,0.4516693181348255,133,0.6333087821353061,170,0.7717893823871458,193,788
199,-0.9599326896597445,16,-0.7071,35,19,13,890.5,10,757.0,0.7037139905818922,189,0.0016765974336663914,40,0.22276792404954085,74,0.42867802938569094,128,0.6053745002158563,163,594
199,-0.9599326896597445,17,-0.5,35,19,17,890.5,10,600.0,0.5122687303130967,160,1.326794896677558e-06,29,1.326794896677558e-06,29,0.20168335151059602,75,0.4090410249687501,125,418
199,-0.9599326896597445,18,-0.2588,35,16,13,890.5,10,403.0,0.28932596579919706,87,1.326794896677558e-06,23,1.326794896677558e-06,23,1.326794896677558e-06,21,0.19616874299246465,53,207
199,-0.9599326896597445,19,0.0,34,11,20,890.5,10,192.0,0.050078855821854285,38,1.326794896677558e-06,16,1.326794896677558e-06,16,1.326794896677558e-06,14,1.326794896677558e-06,19,103
199,-0.9599326896597445,20,0.2588,32,26,20,891.4,10,0.0,0.0,0,0.0,0,0.0,0,0.0,0,0.0,0,0
199,-0.9599326896597445,21,0.5,29,25,17,891.4,10,0.0,0.0,0,0.0,0,0.0,0,0.0,0,0.0,0,0
199,-0.9599326896597445,22,0.7071,28,25,13,892.3,10,0.0,0.0,0,0.0,0,0.0,0,0.0,0,0.0,0,0
199,-0.9599326896597445,23,0.866,26,30,13,892.3,10,0.0,0.0,0,0.0,0,0.0,0,0.0,0,0.0,0,0
199,-0.9599326896597445,24,0.9659,22,38,7,892.3,10,0.0,0.0,0,0.0,0,0.0,0,0.0,0,0.0,0,0
200,-0.9549667548552553,1,1.0,21,40,7,892.3,10,0.0,0.0,0,0.0,0,0.0,0,0.0,0,0.0,0,0
200,-0.9549667548552553,2,0.9659,20,43,7,892.3,10,0.0,0.0,0,0.0,0,0.0,0,0.0,0,0.0,0,0
200,-0.9549667548552553,3,0.866,19,46,6,893.2,10,0.0,0.0,0,0.0,0,0.0,0,0.0,0,0.0,0,0
200,-0.9549667548552553,4,0.7071,18,52,7,893.2,10,0.0,0.0,0,0.0,0,0.0,0,0.0,0,0.0,0,0
200,-0.9549667548552553,5,0.5,18,52,7,893.2,10,0.0,0.0,0,0.0,0,0.0,0,0.0,0,0.0,0,0
200,-0.9549667548552553,6,0.2588,17,52,17,894.1,10,0.0,0.0,0,0.0,0,0.0,0,0.0,0,0.0,0,0
200,-0.9549667548552553,7,0.0,19,52,7,894.1,10,0.0,0.0,0,0.0,0,0.0,0,0.0,0,0.0,0,0
200,-0.9549667548552553,8,-0.2588,22,46,9,894.1,10,311.0,0.28920177444005907,28,0.7308085396358585,120,0.7191071225426835,128,0.6583998471533183,114,0.5528238079792486,71,461
200,-0.9549667548552553,9,-0.5,25,41,6,894.9,10,516.0,0.5124160848889454,87,0.8349544564497945,185,0.8572085233979985,193,0.82104535533371,180,0.7289294085288708,158,803
200,-0.9549667548552553,10,-0.7071,29,30,4,894.9,10,701.0,0.704094526864176,145,0.8790393015642578,209,0.9387729810448084,223,0.9345309450064226,212,0.8666022807206747,196,985
200,-0.9549667548552553,11,-0.866,30,23,4,894.9,10,851.0,0.8511745511592391,188,0.8600587706730078,216,0.9582420213653686,238,0.9911227722559388,231,0.9564602582593176,221,1094
200,-0.9549667548552553,12,-0.9659,31,18,6,894.1,10,951.0,0.9436329127220782,214,0.7793063534215314,212,0.9142888635613845,238,0.9869642033664482,237,0.992379676843928,233,1134
200,-0.9549667548552553,13,-1.0,33,16,11,894.1,10,994.0,0.975168736882054,226,0.6422851894421604,190,0.8099088420412468,224,0.9223386404327544,230,0.9719126923664569,233,1103
200,-0.9549667548552553,14,-0.9659,33,14,13,893.2,10,978.0,0.9436329127220782,226,0.4583330141541873,152,0.6522152593130801,194,0.8016501935931644,210,0.8964540896202075,222,1004
200,-0.9549667548552553,15,-0.866,35,14,7,893.2,10,899.0,0.8511745511592391,231,0.23998585825082192,107,0.45195466759218994,159,0.6331235774487156,189,0.7711462450508195,215,901
200,-0.9549667548552553,16,-0.7071,36,14,11,892.3,10,772.0,0.704094526864176,173,0.002123689839285878,41,0.2227744699454883,80,0.4282435828784199,117,0.6045286682359472,149,560
200,-0.9549667548552553,17,-0.5,35,13,19,892.3,10,598.0,0.5124160848889454,150,1.326794896677558e-06,31,1.326794896677558e-06,37,0.2009724236826454,71,0.4079560572120893,116,405
200,-0.9549667548552553,18,-0.2588,35,12,17,892.3,10,408.0,0.28920177444005907,97,1.326794896677558e-06,25,1.326794896677558e-06,24,1.326794896677558e-06,25,0.1948244949736022,62,233
200,-0.9549667548552553,19,0.0,34,12,15,892.3,10,196.0,0.04966325964059568,39,1.326794896677558e-06,19,1.326794896677558e-06,19,1.326794896677558e-06,15,1.326794896677558e-06,20,112
200,-0.9549667548552553,20,0.2588,32,16,15,893.2,10,0.0,0.0,0,0.0,0,0.0,0,0.0,0,0.0,0,0
200,-0.9549667548552553,21,0.5,31,19,13,893.2,10,0.0,0.0,0,0.0,0,0.0,0,0.0,0,0.0,0,0
200,-0.9549667548552553,22,0.7071,29,22,11,894.1,10,0.0,0.0,0,0.0,0,0.0,0,0.0,0,0.0,0,0
200,-0.9549667548552553,23,0.866,27,21,11,894.1,10,0.0,0.0,0,0.0,0,0.0,0,0.0,0,0.0,0,0
200,-0.9549667548552553,24,0.9659,24,36,15,894.1,10,0.0,0.0,0,0.0,0,0.0,0,0.0,0,0.0,0,0
201,-0.9497178427914317,1,1.0,22,43,11,894.1,10,0.0,0.0,0,0.0,0,0.0,0,0.0,0,0.0,0,0
201,-0.9497178427914317,2,0.9659,23,36,13,894.1,10,0.0,0.0,0,0.0,0,0.0,0,0.0,0,0.0,0,0
201,-0.9497178427914317,3,0.866,20,46,9,894.1,10,0.0,0.0,0,0.0,0,0.0,0,0.0,0,0.0,0,0
201,-0.9497178427914317,4,0.7071,21,43,15,894.1,10,0.0,0.0,0,0.0,0,0.0,0,0.0,0,0.0,0,0
201,-0.9497178427914317,5,0.5,20,43,4,894.1,10,0.0,0.0,0,0.0,0,0.0,0,0.0,0,0.0,0,0
201,-0.9497178427914317,6,0.2588,20,49,7,894.1,10,0.0,0.0,0,0.0,0,0.0,0,0.0,0,0.0,0,0
201,-0.9497178427914317,7,0.0,21,46,7,894.1,10,0.0,0.0,0,0.0,0,0.0,0,0.0,0,0.0,0,0
201,-0.9497178427914317,8,-0.2588,24,38,9,894.9,10,296.0,0.28907029931360617,29,0.8263247744010147,128,0.7965998203685942,136,0.7125880101022235,125,0.5800146008586035,101,519
201,-0.9497178427914317,9,-0.5,26,39,7,894.9,10,500.0,0.5125629576212914,87,0.9053108503258137,197,0.9142244695792198,202,0.8608353130707851,185,0.7487817576986646,160,831
201,-0.9497178427914317,10,-0.7071,29,28,6,894.9,10,683.0,0.7044804222452988,143,0.921807986357504,216,0.9733204813821267,229,0.9585029073649182,216,0.8783650558089715,198,1002
201,-0.9497178427914317,11,-0.866,30,25,6,894.9,10,828.0,0.8517438550309601,184,0.8746919317878444,219,0.96986056653872,239,0.9989349175360241,230,0.9599336191337507,218,1090
201,-0.9497178427914317,12,-0.9659,31,24,11,894.1,10,927.0,0.9443175119761053,211,0.7671735625928234,209,0.9040805121578737,235,0.979375972966179,234,0.9879286923866328,231,1120
201,-0.9497178427914317,13,-1.0,33,21,11,894.1,10,975.0,0.9758926612414826,223,0.6065800747692154,184,0.7804631204416663,218,0.9011589865422965,225,0.9604424628423245,229,1079
201,-0.9497178427914317,14,-0.9659,33,20,13,893.2,10,965.0,0.9443175119761053,223,0.4038556053402699,144,0.6074326781142201,187,0.7696142938619285,205,0.8793480613123507,219,978
201,-0.9497178427914317,15,-0.866,34,17,7,893.2,10,876.0,0.8517438550309601,210,0.1728154954598446,88,0.39678092702601947,138,0.5937064504117201,169,0.7501719375274098,195,800
201,-0.9497178427914317,16,-0.7071,35,16,7,892.3,10,754.0,0.7044804222452988,188,1.326794896677558e-06,41,0.1628634074058073,78,0.38542326325591114,121,0.5817172166761746,160,588
201,-0.9497178427914317,17,-0.5,35,18,11,892.3,10,583.0,0.5125629576212917,148,1.326794896677558e-06,32,1.326794896677558e-06,34,0.15895886887797137,65,0.3854637953925923,113,392
201,-0.9497178427914317,18,-0.2588,35,18,17,891.4,10,384.0,0.28907029931360656,95,1.326794896677558e-06,27,1.326794896677558e-06,26,1.326794896677558e-06,25,0.17478600511457373,59,232
201,-0.9497178427914317,19,0.0,34,17,9,892.3,10,180.0,0.04923308032472875,37,1.326794896677558e-06,19,1.326794896677558e-06,19,1.326794896677558e-06,16,1.326794896677558e-06,20,111
201,-0.9497178427914317,20,0.2588,32,21,9,892.3,10,0.0,0.0,0,0.0,0,0.0,0,0.0,0,0.0,0,0
201,-0.9497178427914317,21,0.5,30,23,9,892.3,10,0.0,0.0,0,0.0,0,0.0,0,0.0,0,0.0,0,0
201,-0.9497178427914317,22,0.7071,29,23,6,893.2,10,0.0,0.0,0,0.0,0,0.0,0,0.0,0,0.0,0,0
201,-0.9497178427914317,23,0.866,28,25,4,893.2,10,0.0,0.0,0,0.0,0,0.0,0,0.0,0,0.0,0,0
201,-0.9497178427914317,24,0.9659,28,23,9,893.2,10,0.0,0.0,0,0.0,0,0.0,0,0.0,0,0.0,0,0
202,-0.9441875088341994,1,1.0,27,42,13,894.1,10,0.0,0.0,0,0.0,0,0.0,0,0.0,0,0.0,0,0
202,-0.9441875088341994,2,0.9659,26,51,30,893.2,10,0.0,0.0,0,0.0,0,0.0,0,0.0,0,0.0,0,0
202,-0.9441875088341994,3,0.866,25,54,31,893.2,10,0.0,0.0,0,0.0,0,0.0,0,0.0,0,0.0,0,0
202,-0.9441875088341994,4,0.7071,24,57,22,894.1,10,0.0,0.0,0,0.0,0,0.0,0,0.0,0,0.0,0,0
202,-0.9441875088341994,5,0.5,23,61,22,894.1,10,0.0,0.0,0,0.0,0,0.0,0,0.0,0,0.0,0,0
202,-0.9441875088341994,6,0.2588,22,69,19,894.1,10,0.0,0.0,0,0.0,0,0.0,0,0.0,0,0.0,0,0
202,-0.9441875088341994,7,0.0,24,57,15,894.1,10,0.0,0.0,0,0.0,0,0.0,0,0.0,0,0.0,0,0
202,-0.9441875088341994,8,-0.2588,26,47,26,894.1,10,266.0,0.28893127462174734,43,0.8274979000159692,148,0.7970442282238285,120,0.7122734144969187,111,0.5789624408388437,91,513
202,-0.9441875088341994,9,-0.5,29,35,13,894.9,10,468.0,0.5127087606858933,100,0.9065846388158522,195,0.9148187828351507,192,0.8607096496287872,177,0.747944681235352,153,817
202,-0.9441875088341994,10,-0.7071,30,31,20,894.9,10,650.0,0.704870812370964,154,0.9231027994282199,217,0.9739901088774694,226,0.9585017153162145,214,0.8776931254145167,193,1004
202,-0.9441875088341994,11,-0.866,30,35,28,894.9,10,796.0,0.8523219233699549,195,0.8759266983576435,222,0.9705257845850319,243,0.9989852536166866,236,0.9593656429261961,223,1119
202,-0.9441875088341994,12,-0.9659,31,35,30,894.9,10,894.0,0.9450135597569462,220,0.7682713036406158,210,0.9046618975625774,243,0.9794013823658312,242,0.9873963942005931,236,1151
202,-0.9441875088341994,13,-1.0,32,31,26,894.1,10,920.0,0.9766289496103889,209,0.6074731404759249,162,0.7808869558357007,212,0.9010847080544208,221,0.9598751324801965,225,1029
202,-0.9441875088341994,14,-0.9659,32,31,24,894.1,10,814.0,0.9450135597569462,227,0.40449032005360186,137,0.607636004030707,177,0.7693723747863024,197,0.8786773836988319,211,949
202,-0.9441875088341994,15,-0.866,32,29,17,893.2,7,789.0,0.8523219233699549,198,0.17315576375837394,97,0.3967157901500356,147,0.5932403474792984,171,0.7493366327642348,192,805
202,-0.9441875088341994,16,-0.7071,32,29,13,893.2,7,700.0,0.704870812370964,173,1.326794896677558e-06,66,0.16250015687368854,98,0.384691716008724,128,0.580667226537729,157,622
202,-0.9441875088341994,17,-0.5,33,26,13,893.2,7,564.0,0.5127087606858931,128,1.326794896677558e-06,54,1.326794896677558e-06,66,0.15793870638171176,90,0.3841636920555145,123,461
202,-0.9441875088341994,18,-0.2588,32,27,15,892.3,7,242.0,0.28893127462174695,57,1.326794896677558e-06,31,1.326794896677558e-06,39,1.326794896677558e-06,41,0.17321740549245532,56,224
202,-0.9441875088341994,19,0.0,32,26,9,892.3,10,200.0,0.04878839765291608,33,1.326794896677558e-06,20,1.326794896677558e-06,27,1.326794896677558e-06,27,1.326794896677558e-06,32,139
202,-0.9441875088341994,20,0.2588,31,27,20,892.3,10,0.0,0.0,0,0.0,0,0.0,0,0.0,0,0.0,0,0
202,-0.9441875088341994,21,0.5,29,30,20,893.2,10,0.0,0.0,0,0.0,0,0.0,0,0.0,0,0.0,0,0
202,-0.9441875088341994,22,0.7071,28,30,24,893.2,10,0.0,0.0,0,0.0,0,0.0,0,0.0,0,0.0,0,0
202,-0.9441875088341994,23,0.866,27,32,30,893.2,10,0.0,0.0,0,0.0,0,0.0,0,0.0,0,0.0,0,0
202,-0.9441875088341994,24,0.9659,26,39,24,894.1,10,0.0,0.0,0,0.0,0,0.0,0,0.0,0,0.0,0,0
203,-0.9383773917408642,1,1.0,25,44,37,894.1,9,0.0,0.0,0,0.0,0,0.0,0,0.0,0,0.0,0,0
203,-0.9383773917408642,2,0.9659,24,50,30,894.1,10,0.0,0.0,0,0.0,0,0.0,0,0.0,0,0.0,0,0
203,-0.9383773917408642,3,0.866,23,53,28,894.1,10,0.0,0.0,0,0.0,0,0.0,0,0.0,0,0.0,0,0
203,-0.9383773917408642,4,0.7071,22,60,24,894.1,10,0.0,0.0,0,0.0,0,0.0,0,0.0,0,0.0,0,0
203,-0.9383773917408642,5,0.5,22,60,26,894.1,10,0.0,0.0,0,0.0,0,0.0,0,0.0,0,0.0,0,0
203,-0.9383773917408642,6,0.2588,21,60,20,894.9,10,0.0,0.0,0,0.0,0,0.0,0,0.0,0,0.0,0,0
203,-0.9383773917408642,7,0.0,22,60,19,894.9,10,0.0,0.0,0,0.0,0,0.0,0,0.0,0,0.0,0,0
203,-0.9383773917408642,8,-0.2588,23,57,31,894.9,10,253.0,0.288784430130218,34,0.8286974952607572,104,0.7974928118617104,109,0.7119404162521399,102,0.5778705538620933,85,434
203,-0.9383773917408642,9,-0.5,24,53,28,894.9,10,450.0,0.5128528939154161,86,0.9078870704351892,180,0.9154205086118343,185,0.8605696629470383,172,0.7470725218734626,149,772
203,-0.9383773917408642,10,-0.7071,24,53,35,894.9,9,627.0,0.70526481375396,139,0.9244267095881955,208,0.9746687750689058,220,0.958488887598484,210,0.8769896779353937,190,967
203,-0.9383773917408642,11,-0.866,26,47,30,894.9,10,783.0,0.8529076552900617,187,0.8771892655006082,223,0.9711999461191837,243,0.9990250666172162,237,0.9587683942000894,223,1113
203,-0.9383773917408642,12,-0.9659,27,45,30,894.9,10,888.0,0.9457198185157596,221,0.7693938866246547,219,0.9052504163515377,246,0.9794157304715887,247,0.9868355938514731,240,1173
203,-0.9383773917408642,13,-1.0,28,39,26,894.9,10,938.0,0.9773763178268398,256,0.608386649150285,208,0.7813145394336216,247,0.9009972275758222,257,0.9592785496275719,261,1229
203,-0.9383773917408642,14,-0.9659,28,37,22,894.1,7,930.0,0.9457198185157596,210,0.40513987909991295,137,0.6078383003195588,174,0.7691136222937927,192,0.8779752160505374,203,916
203,-0.9383773917408642,15,-0.866,29,35,24,894.1,7,777.0,0.8529076552900619,183,0.17350451874190903,86,0.396643827032043,122,0.592752570579941,145,0.7484662833568191,167,703
203,-0.9383773917408642,16,-0.7071,29,35,19,894.1,5,412.0,0.70526481375396,107,1.326794896677558e-06,44,0.16212364326711767,58,0.38393276335340853,74,0.5795775562941115,91,374
203,-0.9383773917408642,17,-0.5,29,35,22,893.2,7,377.0,0.5128528939154161,138,1.326794896677558e-06,42,1.326794896677558e-06,47,0.156884906731336,71,0.38281850819839924,108,406
203,-0.9383773917408642,18,-0.2588,29,28,24,893.2,7,404.0,0.28878443013021754,104,1.326794896677558e-06,38,1.326794896677558e-06,38,1.326794896677558e-06,39,0.17159792800891646,69,288
203,-0.9383773917408642,19,0.0,28,32,26,892.3,7,196.0,0.048329295452819054,44,1.326794896677558e-06,22,1.326794896677558e-06,23,1.326794896677558e-06,21,1.326794896677558e-06,25,135
203,-0.9383773917408642,20,0.2588,27,34,33,893.2,6,0.0,0.0,0,0.0,0,0.0,0,0.0,0,0.0,0,0
203,-0.9383773917408642,21,0.5,25,39,37,894.1,6,0.0,0.0,0,0.0,0,0.0,0,0.0,0,0.0,0,0
203,-0.9383773917408642,22,0.7071,24,38,39,894.1,6,0.0,0.0,0,0.0,0,0.0,0,0.0,0,0.0,0,0
203,-0.9383773917408642,23,0.866,22,43,37,894.9,6,0.0,0.0,0,0.0,0,0.0,0,0.0,0,0.0,0,0
203,-0.9383773917408642,24,0.9659,21,43,37,894.9,6,0.0,0.0,0,0.0,0,0.0,0,0.0,0,0.0,0,0
204,-0.9322892131745134,1,1.0,20,49,30,894.9,7,0.0,0.0,0,0.0,0,0.0,0,0.0,0,0.0,0,0
204,-0.9322892131745134,2,0.9659,20,46,31,894.9,7,0.0,0.0,0,0.0,0,0.0,0,0.0,0,0.0,0,0
204,-0.9322892131745134,3,0.866,19,52,22,895.8,7,0.0,0.0,0,0.0,0,0.0,0,0.0,0,0.0,0,0
204,-0.9322892131745134,4,0.7071,18,56,28,895.8,7,0.0,0.0,0,0.0,0,0.0,0,0.0,0,0.0,0,0
204,-0.9322892131745134,5,0.5,17,63,24,895.8,5,0.0,0.0,0,0.0,0,0.0,0,0.0,0,0.0,0,0
204,-0.9322892131745134,6,0.2588,17,63,24,895.8,7,0.0,0.0,0,0.0,0,0.0,0,0.0,0,0.0,0,0
204,-0.9322892131745134,7,0.0,17,63,28,895.8,7,0.0,0.0,0,0.0,0,0.0,0,0.0,0,0.0,0,0
204,-0.9322892131745134,8,-0.2588,19,56,22,895.8,7,258.0,0.288629491650951,35,0.09733604589339276,23,0.19979042119610463,27,0.288629491650951,27,0.35779902650791956,29,141
204,-0.9322892131745134,9,-0.5,20,52,24,895.8,7,473.0,0.512994745636646,89,0.30746813295114617,51,0.4247027924497325,32,0.512994745636646,34,0.5663270491497605,46,252
204,-0.9322892131745134,10,-0.7071,21,53,24,894.9,10,661.0,0.7056615249160814,150,0.4879126130106589,105,0.6178393892899154,111,0.7056615249160814,147,0.7453940951486184,164,677
204,-0.9322892131745134,11,-0.866,22,50,26,894.9,10,804.0,0.8534999269379226,195,0.626372514322316,152,0.7660382937379214,184,0.8534999269379226,201,0.8827970576015215,210,942
204,-0.9322892131745134,12,-0.9659,23,44,24,894.9,10,901.0,0.9464350246083386,224,0.7134120397771508,183,0.8592000122437132,217,0.9464350246083386,231,0.9691721647914009,236,1091
204,-0.9322892131745134,13,-1.0,25,36,19,894.1,7,949.0,0.9781334545665743,239,0.7430995998150725,198,0.8909757382755928,233,0.9781334545665743,243,0.9986331043343666,246,1159
204,-0.9322892131745134,14,-0.9659,26,36,22,894.1,7,940.0,0.9464350246083386,233,0.7134120397771508,196,0.8592000122437132,227,0.9464350246083386,237,0.9691721647914009,238,1131
204,-0.9322892131745134,15,-0.866,28,30,17,893.2,7,900.0,0.8534999269379226,230,0.626372514322316,190,0.7660382937379214,224,0.8534999269379226,232,0.8827970576015215,233,1109
204,-0.9322892131745134,16,-0.7071,28,28,22,892.3,7,768.0,0.7056615249160814,177,0.4879126130106589,141,0.6178393892899154,167,0.7056615249160814,175,0.7453940951486184,178,838
204,-0.9322892131745134,17,-0.5,28,30,26,892.3,10,542.0,0.5129947456366462,142,0.3074681329511464,105,0.42470279244973297,128,0.5129947456366462,137,0.5663270491497607,143,655
204,-0.9322892131745134,18,-0.2588,27,30,20,892.3,7,445.0,0.288629491650951,120,0.09733604589339341,78,0.19979042119610485,101,0.288629491650951,112,0.35779902650791956,121,532
204,-0.9322892131745134,19,0.0,27,28,24,892.3,10,211.0,0.047855861702679185,44,1.326794896677558e-06,27,1.326794896677558e-06,35,0.047855861702679185,41,0.1340208497719637,50,197
204,-0.9322892131745134,20,0.2588,26,30,19,892.3,10,0.0,0.0,0,0.0,0,0.0,0,0.0,0,0.0,0,0
204,-0.9322892131745134,21,0.5,24,34,11,893.2,10,0.0,0.0,0,0.0,0,0.0,0,0.0,0,0.0,0,0
204,-0.9322892131745134,22,0.7071,23,36,13,893.2,10,0.0,0.0,0,0.0,0,0.0,0,0.0,0,0.0,0,0
204,-0.9322892131745134,23,0.866,23,36,20,893.2,10,0.0,0.0,0,0.0,0,0.0,0,0.0,0,0.0,0,0
204,-0.9322892131745134,24,0.9659,23,36,30,893.2,10,0.0,0.0,0,0.0,0,0.0,0,0.0,0,0.0,0,0
205,-0.9259247771938499,1,1.0,22,43,26,894.1,10,0.0,0.0,0,0.0,0,0.0,0,0.0,0,0.0,0,0
205,-0.9259247771938499,2,0.9659,20,49,22,894.1,10,0.0,0.0,0,0.0,0,0.0,0,0.0,0,0.0,0,0
205,-0.9259247771938499,3,0.866,19,56,26,894.1,10,0.0,0.0,0,0.0,0,0.0,0,0.0,0,0.0,0,0
205,-0.9259247771938499,4,0.7071,19,56,24,894.1,10,0.0,0.0,0,0.0,0,0.0,0,0.0,0,0.0,0,0
205,-0.9259247771938499,5,0.5,18,59,24,894.1,10,0.0,0.0,0,0.0,0,0.0,0,0.0,0,0.0,0,0
205,-0.9259247771938499,6,0.2588,17,63,19,894.9,10,0.0,0.0,0,0.0,0,0.0,0,0.0,0,0.0,0,0
205,-0.9259247771938499,7,0.0,18,59,20,894.9,10,0.0,0.0,0,0.0,0,0.0,0,0.0,0,0.0,0,0
205,-0.9259247771938499,8,-0.2588,20,52,24,894.9,10,277.0,0.2884661815346273,29,0.09894592619990182,17,0.20053922092447854,20,0.2884661815346273,22,0.3567347359963845,20,108
205,-0.9259247771938499,9,-0.5,21,49,26,894.9,10,478.0,0.51313369352805,88,0.3093610963877556,49,0.4257545870515726,28,0.51313369352805,47,0.5655436813693314,41,253
205,-0.9259247771938499,10,-0.7071,22,46,24,894.9,10,658.0,0.7060600275591316,147,0.4900486654119682,104,0.6191513714256647,110,0.7060600275591316,166,0.7448519610974886,162,689
205,-0.9259247771938499,11,-0.866,23,41,24,894.9,10,807.0,0.8540975929044997,191,0.6286950954300297,150,0.7675499247584174,182,0.8540975929044997,207,0.8824400286560695,205,935
205,-0.9259247771938499,12,-0.9659,24,38,19,894.9,10,906.0,0.9471578898578171,221,0.7158518777248194,182,0.8608371477874815,215,0.9471578898578171,226,0.9689314977624496,232,1076
205,-0.9259247771938499,13,-1.0,25,36,13,894.9,7,934.0,0.9788990229572823,238,0.7455794318860778,202,0.8926556810730042,236,0.9788990229572823,231,0.9984321261853378,242,1149
205,-0.9259247771938499,14,-0.9659,26,34,17,894.1,7,478.0,0.9471578898578171,203,0.7158518777248194,171,0.8608371477874815,198,0.9471578898578171,223,0.9689314977624496,204,999
205,-0.9259247771938499,15,-0.866,26,34,20,894.1,7,911.0,0.8540975929044997,215,0.6286950954300294,179,0.7675499247584173,210,0.8540975929044997,195,0.8824400286560695,219,1018
205,-0.9259247771938499,16,-0.7071,26,32,20,894.1,7,694.0,0.7060600275591316,187,0.49004866541196795,152,0.6191513714256646,180,0.7060600275591316,186,0.7448519610974886,188,893
205,-0.9259247771938499,17,-0.5,27,28,24,894.1,7,569.0,0.51313369352805,150,0.3093610963877554,112,0.4257545870515724,136,0.51313369352805,134,0.5655436813693314,152,684
205,-0.9259247771938499,18,-0.2588,27,28,26,893.2,10,390.0,0.2884661815346273,101,0.0989459261999016,61,0.20053922092447854,82,0.2884661815346273,78,0.3567347359963845,104,426
205,-0.9259247771938499,19,0.0,26,26,24,893.2,10,183.0,0.047368188632160156,38,1.326794896677558e-06,20,1.326794896677558e-06,28,0.047368188632160156,24,0.13265509187230753,43,153
205,-0.9259247771938499,20,0.2588,25,26,20,894.1,10,0.0,0.0,0,0.0,0,0.0,0,0.0,0,0.0,0,0
205,-0.9259247771938499,21,0.5,22,29,15,894.1,10,0.0,0.0,0,0.0,0,0.0,0,0.0,0,0.0,0,0
205,-0.9259247771938499,22,0.7071,22,29,15,894.1,10,0.0,0.0,0,0.0,0,0.0,0,0.0,0,0.0,0,0
205,-0.9259247771938499,23,0.866,21,31,13,894.9,10,0.0,0.0,0,0.0,0,0.0,0,0.0,0,0.0,0,0
205,-0.9259247771938499,24,0.9659,20,40,13,894.9,10,0.0,0.0,0,0.0,0,0.0,0,0.0,0,0.0,0,0
206,-0.9192859697186105,1,1.0,20,49,15,894.9,10,0.0,0.0,0,0.0,0,0.0,0,0.0,0,0.0,0,0
206,-0.9192859697186105,2,0.9659,19,56,19,894.9,10,0.0,0.0,0,0.0,0,0.0,0,0.0,0,0.0,0,0
206,-0.9192859697186105,3,0.866,18,59,28,894.9,10,0.0,0.0,0,0.0,0,0.0,0,0.0,0,0.0,0,0
206,-0.9192859697186105,4,0.7071,18,59,20,894.9,10,0.0,0.0,0,0.0,0,0.0,0,0.0,0,0.0,0,0
206,-0.9192859697186105,5,0.5,17,63,26,894.9,10,0.0,0.0,0,0.0,0,0.0,0,0.0,0,0.0,0,0
206,-0.9192859697186105,6,0.2588,17,63,24,895.8,10,0.0,0.0,0,0.0,0,0.0,0,0.0,0,0.0,0,0
206,-0.9192859697186105,7,0.0,17,63,22,895.8,10,0.0,0.0,0,0.0,0,0.0,0,0.0,0,0.0,0,0
206,-0.9192859697186105,8,-0.2588,19,60,22,896.7,10,273.0,0.2882942191727608,29,0.10059882601301988,17,0.20130581045435314,21,0.2882942191727608,20,0.3556359408306632,20,107
206,-0.9192859697186105,9,-0.5,20,52,24,896.7,10,476.0,0.5132691054967748,88,0.3113018710756567,51,0.42682930024809007,30,0.5132691054967748,32,0.5647305641175852,44,245
206,-0.9192859697186105,10,-0.7071,22,43,22,896.7,10,656.0,0.7064593877638671,149,0.49223664382901894,105,0.6204906763497265,111,0.7064593877638671,145,0.7442841609410745,162,672
206,-0.9192859697186105,11,-0.866,24,41,24,896.7,10,806.0,0.8546994876710547,194,0.6310727599232535,152,0.7690922580233923,184,0.8546994876710547,201,0.8820604668812645,208,939
206,-0.9192859697186105,12,-0.9659,25,34,22,896.7,10,905.0,0.9478871031559443,221,0.7183487838635808,181,0.8625071099905018,215,0.9478871031559443,229,0.9686702675633475,234,1080
206,-0.9192859697186105,13,-1.0,26,30,24,896.7,10,948.0,0.9796716622328439,237,0.7481170091283924,198,0.8943691751279543,232,0.9796716622328439,241,0.9982112566801694,244,1152
206,-0.9192859697186105,14,-0.9659,27,28,20,895.8,10,915.0,0.9478871031559443,233,0.7183487838635808,196,0.8625071099905018,228,0.9478871031559443,237,0.9686702675633475,238,1132
206,-0.9192859697186105,15,-0.866,27,26,24,895.8,10,865.0,0.8546994876710547,240,0.6310727599232535,198,0.7690922580233923,234,0.8546994876710547,242,0.8820604668812645,244,1158
206,-0.9192859697186105,16,-0.7071,28,21,22,894.9,10,748.0,0.7064593877638671,180,0.49223664382901894,144,0.6204906763497265,170,0.7064593877638671,179,0.7442841609410745,182,855
206,-0.9192859697186105,17,-0.5,28,19,19,894.9,7,492.0,0.5132691054967748,129,0.3113018710756567,98,0.42682930024809007,120,0.5132691054967748,125,0.5647305641175852,130,602
206,-0.9192859697186105,18,-0.2588,28,19,22,894.9,7,371.0,0.28829421917276105,95,0.10059882601302032,65,0.20130581045435336,81,0.28829421917276105,90,0.3556359408306632,96,427
206,-0.9192859697186105,19,0.0,27,20,17,895.8,7,85.0,0.046866372822105026,19,1.326794896677558e-06,16,1.326794896677558e-06,19,0.046866372822105026,19,0.1312497263747242,22,95
206,-0.9192859697186105,20,0.2588,26,24,15,895.8,7,0.0,0.0,0,0.0,0,0.0,0,0.0,0,0.0,0,0
206,-0.9192859697186105,21,0.5,24,31,9,895.8,10,0.0,0.0,0,0.0,0,0.0,0,0.0,0,0.0,0,0
206,-0.9192859697186105,22,0.7071,24,29,11,896.7,10,0.0,0.0,0,0.0,0,0.0,0,0.0,0,0.0,0,0
206,-0.9192859697186105,23,0.866,24,29,15,896.7,10,0.0,0.0,0,0.0,0,0.0,0,0.0,0,0.0,0,0
206,-0.9192859697186105,24,0.9659,23,36,15,896.7,10,0.0,0.0,0,0.0,0,0.0,0,0.0,0,0.0,0,0
207,-0.9123747579707274,1,1.0,22,41,22,896.7,10,0.0,0.0,0,0.0,0,0.0,0,0.0,0,0.0,0,0
207,-0.9123747579707274,2,0.9659,21,43,22,896.7,10,0.0,0.0,0,0.0,0,0.0,0,0.0,0,0.0,0,0
207,-0.9123747579707274,3,0.866,21,46,20,896.7,10,0.0,0.0,0,0.0,0,0.0,0,0.0,0,0.0,0,0
207,-0.9123747579707274,4,0.7071,20,49,19,897.6,10,0.0,0.0,0,0.0,0,0.0,0,0.0,0,0.0,0,0
207,-0.9123747579707274,5,0.5,19,52,19,897.6,10,0.0,0.0,0,0.0,0,0.0,0,0.0,0,0.0,0,0
207,-0.9123747579707274,6,0.2588,19,52,15,898.5,10,0.0,0.0,0,0.0,0,0.0,0,0.0,0,0.0,0,0
207,-0.9123747579707274,7,0.0,19,56,19,898.5,10,0.0,0.0,0,0.0,0,0.0,0,0.0,0,0.0,0,0
207,-0.9123747579707274,8,-0.2588,21,53,28,898.5,10,256.0,0.28811332150865077,30,0.24078413106397065,30,0.3151663313119775,24,0.3680705569300042,23,0.3958914758397108,23,130
207,-0.9123747579707274,9,-0.5,22,50,26,898.5,10,432.0,0.5134003405741298,86,0.43576300567459014,81,0.5279252972227454,45,0.5841104467458024,60,0.6004895340982387,63,335
207,-0.9123747579707274,10,-0.7071,24,44,22,898.5,10,657.0,0.7068586572156843,149,0.5928202885298515,136,0.7021545084285516,159,0.7636381579439808,172,0.7730812342133245,176,792
207,-0.9123747579707274,11,-0.866,26,36,17,899.4,10,804.0,0.8553044270882116,187,0.7012528038770441,170,0.8259805519159941,197,0.8944191925595413,206,0.9019047530452237,208,968
207,-0.9123747579707274,12,-0.9659,26,34,19,899.4,10,902.0,0.9486213321014244,221,0.753671067752408,194,0.8909649015612715,226,0.9675410531657659,235,0.9781809930785791,235,1111
207,-0.9123747579707274,13,-1.0,28,32,19,898.5,10,947.0,0.9804499894259969,236,0.7465028708458251,202,0.8926789908498342,235,0.9780206151580966,244,0.9967118628698329,244,1161
207,-0.9123747579707274,14,-0.9659,29,27,22,898.5,7,696.0,0.9486213321014244,225,0.6802367055118753,188,0.831006001439173,219,0.9251437104613165,227,0.9562345138364361,228,1087
207,-0.9123747579707274,15,-0.866,30,25,20,898.5,7,779.0,0.8553044270882116,201,0.5593885011905627,158,0.7101488447891527,187,0.8125138114263339,197,0.859507408687906,201,944
207,-0.9123747579707274,16,-0.7071,29,28,20,897.6,7,617.0,0.7068586572156843,177,0.3921938464803589,127,0.5383437205191364,156,0.6478064459926643,167,0.7131223295754401,174,801
207,-0.9123747579707274,17,-0.5,29,27,24,897.6,7,527.0,0.5134003405741298,140,0.19004676106496737,80,0.32729884439599444,106,0.44224613150563347,121,0.5270551637957529,133,580
207,-0.9123747579707274,18,-0.2588,29,25,26,897.6,10,388.0,0.28811332150865077,101,1.326794896677558e-06,37,0.09139655207668834,58,0.20984144245097505,75,0.31398606431491827,94,365
207,-0.9123747579707274,19,0.0,28,26,24,898.5,10,178.0,0.04635051530283418,40,1.326794896677558e-06,18,1.326794896677558e-06,19,1.326794896677558e-06,24,0.08843532044992515,35,136
207,-0.9123747579707274,20,0.2588,27,28,19,898.5,10,0.0,0.0,0,0.0,0,0.0,0,0.0,0,0.0,0,0
207,-0.9123747579707274,21,0.5,26,32,19,898.5,10,0.0,0.0,0,0.0,0,0.0,0,0.0,0,0.0,0,0
207,-0.9123747579707274,22,0.7071,25,34,19,899.4,10,0.0,0.0,0,0.0,0,0.0,0,0.0,0,0.0,0,0
207,-0.9123747579707274,23,0.866,24,38,28,899.4,10,0.0,0.0,0,0.0,0,0.0,0,0.0,0,0.0,0,0
207,-0.9123747579707274,24,0.9659,23,44,30,899.4,10,0.0,0.0,0,0.0,0,0.0,0,0.0,0,0.0,0,0
208,-0.9051931898913975,1,1.0,22,46,26,900.2,10,0.0,0.0,0,0.0,0,0.0,0,0.0,0,0.0,0,0
208,-0.9051931898913975,2,0.9659,21,49,22,900.2,10,0.0,0.0,0,0.0,0,0.0,0,0.0,0,0.0,0,0
208,-0.9051931898913975,3,0.866,20,52,22,900.2,10,0.0,0.0,0,0.0,0,0.0,0,0.0,0,0.0,0,0
208,-0.9051931898913975,4,0.7071,20,52,28,900.2,10,0.0,0.0,0,0.0,0,0.0,0,0.0,0,0.0,0,0
208,-0.9051931898913975,5,0.5,19,60,26,900.2,10,0.0,0.0,0,0.0,0,0.0,0,0.0,0,0.0,0,0
208,-0.9051931898913975,6,0.2588,19,60,26,900.2,10,0.0,0.0,0,0.0,0,0.0,0,0.0,0,0.0,0,0
208,-0.9051931898913975,7,0.0,19,60,37,900.2,9,0.0,0.0,0,0.0,0,0.0,0,0.0,0,0.0,0,0
208,-0.9051931898913975,8,-0.2588,20,60,30,901.1,7,267.0,0.2879232035565188,38,0.2426716021735539,36,0.3160899066651614,30,0.3679672965335314,31,0.394768416790432,34,169
208,-0.9051931898913975,9,-0.5,21,56,28,901.1,10,481.0,0.5135267498285659,91,0.43792442082004496,86,0.5291477977249027,41,0.5843107213678501,55,0.5996539345174547,91,364
208,-0.9051931898913975,10,-0.7071,23,47,28,901.1,10,645.0,0.7072568744557987,143,0.5952023681351116,132,0.7036217999797502,154,0.7640906681128737,166,0.7724881252430575,170,765
208,-0.9051931898913975,11,-0.866,23,47,26,901.1,7,573.0,0.8559112098866467,153,0.7037872304650014,136,0.8276218183481134,157,0.8950554494206483,164,0.9014926405519137,172,782
208,-0.9051931898913975,12,-0.9659,27,34,31,900.2,7,894.0,0.9493592246737431,215,0.75627914166326,188,0.8926974706306707,218,0.9682800458666033,221,0.977876048358794,236,1078
208,-0.9051931898913975,13,-1.0,26,36,28,900.2,7,967.0,0.9812326010978061,245,0.7491008726749069,210,0.894413967542407,243,0.9787743311212368,253,0.9964329536953259,252,1203
208,-0.9051931898913975,14,-0.9659,28,30,26,900.2,7,942.0,0.9493592246737431,240,0.6827416046172972,198,0.832654328598981,232,0.9258231351131252,242,0.9558987344127768,233,1145
208,-0.9051931898913975,15,-0.866,29,28,26,899.4,10,872.0,0.8559112098866467,217,0.5617236093515829,169,0.711627368337193,203,0.8130349916425069,213,0.8590357281143505,218,1020
208,-0.9051931898913975,16,-0.7071,28,30,26,899.4,10,743.0,0.7072568744557985,197,0.3942940472424225,137,0.5395808588469166,171,0.6480962131818666,184,0.7124449786015646,183,872
208,-0.9051931898913975,17,-0.5,29,30,31,898.5,10,576.0,0.5135267498285657,156,0.1918629465064817,86,0.3282394658622633,117,0.44224708744493285,135,0.526116389221462,135,629
208,-0.9051931898913975,18,-0.2588,29,30,24,898.5,10,380.0,0.28792320355651924,102,1.326794896677558e-06,37,0.09200573212501068,57,0.20951587086167575,75,0.3127479284608992,75,346
208,-0.9051931898913975,19,0.0,28,30,24,898.5,10,164.0,0.04582072165063654,31,1.326794896677558e-06,14,1.326794896677558e-06,16,1.326794896677558e-06,19,0.08688028652937038,22,102
208,-0.9051931898913975,20,0.2588,27,34,17,898.5,10,0.0,0.0,0,0.0,0,0.0,0,0.0,0,0.0,0,0
208,-0.9051931898913975,21,0.5,24,41,11,899.4,10,0.0,0.0,0,0.0,0,0.0,0,0.0,0,0.0,0,0
208,-0.9051931898913975,22,0.7071,23,44,15,899.4,10,0.0,0.0,0,0.0,0,0.0,0,0.0,0,0.0,0,0
208,-0.9051931898913975,23,0.866,23,41,17,899.4,10,0.0,0.0,0,0.0,0,0.0,0,0.0,0,0.0,0,0
208,-0.9051931898913975,24,0.9659,22,46,13,900.2,10,0.0,0.0,0,0.0,0,0.0,0,0.0,0,0.0,0,0
209,-0.8977433935342336,1,1.0,21,49,13,900.2,10,0.0,0.0,0,0.0,0,0.0,0,0.0,0,0.0,0,0
209,-0.8977433935342336,2,0.9659,20,49,17,900.2,10,0.0,0.0,0,0.0,0,0.0,0,0.0,0,0.0,0,0
209,-0.8977433935342336,3,0.866,19,46,19,900.2,10,0.0,0.0,0,0.0,0,0.0,0,0.0,0,0.0,0,0
209,-0.8977433935342336,4,0.7071,18,49,19,900.2,10,0.0,0.0,0,0.0,0,0.0,0,0.0,0,0.0,0,0
209,-0.8977433935342336,5,0.5,17,52,15,900.2,10,0.0,0.0,0,0.0,0,0.0,0,0.0,0,0.0,0,0
209,-0.8977433935342336,6,0.2588,17,52,19,900.2,10,0.0,0.0,0,0.0,0,0.0,0,0.0,0,0.0,0,0
209,-0.8977433935342336,7,0.0,19,46,17,900.2,10,0.0,0.0,0,0.0,0,0.0,0,0.0,0,0.0,0,0
209,-0.8977433935342336,8,-0.2588,21,40,22,901.1,10,285.0,0.2877235789281174,27,0.2446015343510179,27,0.31703095499564166,18,0.36785533027058137,17,0.39361106632102755,16,105
209,-0.8977433935342336,9,-0.5,22,38,28,901.1,10,488.0,0.513647677295124,90,0.44013178043891293,86,0.530391572266206,39,0.5845061498060125,51,0.5987876987887569,55,321
209,-0.8977433935342336,10,-0.7071,23,36,28,901.1,10,673.0,0.7076530661566164,152,0.597633198129607,140,0.7051134782755873,164,0.7645415394677569,177,0.7718674635822581,180,813
209,-0.8977433935342336,11,-0.866,24,31,28,901.1,10,818.0,0.8565186192178947,196,0.7063723446496809,178,0.8292896837486526,207,0.8956924039488111,217,0.9010552768792814,219,1017
209,-0.8977433935342336,12,-0.9659,25,29,26,900.2,10,918.0,0.9500994109408332,225,0.7589388396524678,200,0.894457799651426,231,0.9690210425999919,238,0.9775472151813277,239,1133
209,-0.8977433935342336,13,-1.0,26,26,30,899.4,10,959.0,0.982018075102241,241,0.7517503708209079,208,0.8961767350564527,242,0.9795302385151267,251,0.9961304872188111,250,1192
209,-0.8977433935342336,14,-0.9659,28,25,28,899.4,10,945.0,0.9500994109408332,239,0.6852968158550863,198,0.834329344509767,232,0.9265038063437686,241,0.9555386744441864,244,1154
209,-0.8977433935342336,15,-0.866,28,21,28,898.5,10,876.0,0.8565186192178947,227,0.5641068706243065,176,0.7131304214533086,211,0.8135554062373516,222,0.8585380389069475,226,1062
209,-0.8977433935342336,16,-0.7071,29,22,26,898.5,10,755.0,0.7076530661566164,202,0.3964394140906834,140,0.540839457344994,175,0.6483822721543461,189,0.7117390037343795,199,905
209,-0.8977433935342336,17,-0.5,29,20,30,897.6,10,587.0,0.513647677295124,160,0.19372068656481908,88,0.329197777060186,120,0.4422406627091358,138,0.5251456665485329,152,658
209,-0.8977433935342336,18,-0.2588,29,20,35,897.6,9,391.0,0.2877235789281176,103,1.326794896677558e-06,36,0.0926283873741475,56,0.2091787665467967,75,0.31147403789479877,95,365
209,-0.8977433935342336,19,0.0,28,21,31,897.6,10,176.0,0.045277102082082056,39,1.326794896677558e-06,16,1.326794896677558e-06,18,1.326794896677558e-06,21,0.08528546828772379,34,128
209,-0.8977433935342336,20,0.2588,26,26,24,898.5,10,0.0,0.0,0,0.0,0,0.0,0,0.0,0,0.0,0,0
209,-0.8977433935342336,21,0.5,24,31,19,898.5,10,0.0,0.0,0,0.0,0,0.0,0,0.0,0,0.0,0,0
209,-0.8977433935342336,22,0.7071,22,33,13,898.5,10,0.0,0.0,0,0.0,0,0.0,0,0.0,0,0.0,0,0
209,-0.8977433935342336,23,0.866,22,33,13,899.4,10,0.0,0.0,0,0.0,0,0.0,0,0.0,0,0.0,0,0
209,-0.8977433935342336,24,0.9659,20,37,11,899.4,10,0.0,0.0,0,0.0,0,0.0,0,0.0,0,0.0,0,0
210,-0.8900275764346766,1,1.0,19,40,9,899.4,10,0.0,0.0,0,0.0,0,0.0,0,0.0,0,0.0,0,0
210,-0.8900275764346766,2,0.9659,19,37,17,899.4,10,0.0,0.0,0,0.0,0,0.0,0,0.0,0,0.0,0,0
210,-0.8900275764346766,3,0.866,18,40,17,898.5,10,0.0,0.0,0,0.0,0,0.0,0,0.0,0,0.0,0,0
210,-0.8900275764346766,4,0.7071,17,39,17,898.5,10,0.0,0.0,0,0.0,0,0.0,0,0.0,0,0.0,0,0
210,-0.8900275764346766,5,0.5,16,42,17,898.5,10,0.0,0.0,0,0.0,0,0.0,0,0.0,0,0.0,0,0
210,-0.8900275764346766,6,0.2588,15,48,15,899.4,10,0.0,0.0,0,0.0,0,0.0,0,0.0,0,0.0,0,0
210,-0.8900275764346766,7,0.0,16,48,15,899.4,10,0.0,0.0,0,0.0,0,0.0,0,0.0,0,0.0,0,0
210,-0.8900275764346766,8,-0.2588,18,42,20,899.4,10,288.0,0.2875141603660898,27,0.38395678903353214,52,0.4301621627688999,18,0.44705279151799615,17,0.4334776081090194,16,130
210,-0.8900275764346766,9,-0.5,20,40,26,899.4,10,494.0,0.5137624609202782,90,0.5604674423708074,118,0.6280704232132166,91,0.652871542865639,101,0.6331806483268305,73,473
210,-0.8900275764346766,10,-0.7071,21,40,24,899.4,10,677.0,0.7080462484199322,153,0.6915189080072701,168,0.7812622207480434,189,0.8177639082878072,194,0.7985364447629639,190,894
210,-0.8900275764346766,11,-0.866,22,38,26,898.5,10,823.0,0.8571254242236853,199,0.7681802605170942,199,0.8792978049017393,224,0.9304927629757458,230,0.9182762886384234,227,1079
210,-0.8900275764346766,12,-0.9659,23,38,22,898.5,10,921.0,0.9508405047988538,229,0.7852271644036454,212,0.9154962237643041,242,0.9833758338204559,249,0.9842401190672844,245,1177
210,-0.8900275764346766,13,-1.0,24,36,20,897.6,10,964.0,0.9828049723840907,243,0.7414979058701496,210,0.8873906210966742,244,0.9728092340854507,252,0.9919326172719497,252,1201
210,-0.8900275764346766,14,-0.9659,26,32,26,897.6,10,951.0,0.9508405047988538,243,0.6399725490648045,194,0.7968963380111163,230,0.8995130546533627,241,0.9408295507541714,245,1153
210,-0.8900275764346766,15,-0.866,26,32,24,896.7,10,881.0,0.8571254242236854,230,0.4875698747964521,164,0.6501804061339378,202,0.7684823054463435,218,0.8344135062186502,225,1039
210,-0.8900275764346766,16,-0.7071,27,28,26,896.7,10,756.0,0.7080462484199322,202,0.29467585301905874,117,0.4572412550533213,156,0.588646500067243,176,0.679936550118321,191,842
210,-0.8900275764346766,17,-0.5,26,32,24,896.7,10,587.0,0.5137624609202782,161,0.0744358698209649,61,0.23122734726762034,95,0.3722611326042128,122,0.4879260171038811,145,584
210,-0.8900275764346766,18,-0.2588,28,23,31,895.8,10,394.0,0.2875141603660898,103,1.326794896677558e-06,24,1.326794896677558e-06,35,0.13407248621665993,57,0.2714670904437284,85,304
210,-0.8900275764346766,19,0.0,28,21,28,895.8,10,177.0,0.04471977154580074,40,1.326794896677558e-06,16,1.326794896677558e-06,17,1.326794896677558e-06,15,0.04531107068372942,28,116
210,-0.8900275764346766,20,0.2588,25,26,17,895.8,10,0.0,0.0,0,0.0,0,0.0,0,0.0,0,0.0,0,0
210,-0.8900275764346766,21,0.5,23,29,13,895.8,10,0.0,0.0,0,0.0,0,0.0,0,0.0,0,0.0,0,0
210,-0.8900275764346766,22,0.7071,24,25,19,895.8,10,0.0,0.0,0,0.0,0,0.0,0,0.0,0,0.0,0,0
210,-0.8900275764346766,23,0.866,23,25,17,895.8,10,0.0,0.0,0,0.0,0,0.0,0,0.0,0,0.0,0,0
210,-0.8900275764346766,24,0.9659,21,28,13,895.8,10,0.0,0.0,0,0.0,0,0.0,0,0.0,0,0.0,0,0
211,-0.8820480249558535,1,1.0,21,31,15,895.8,10,0.0,0.0,0,0.0,0,0.0,0,0.0,0,0.0,0,0
211,-0.8820480249558535,2,0.9659,20,37,15,895.8,10,0.0,0.0,0,0.0,0,0.0,0,0.0,0,0.0,0,0
211,-0.8820480249558535,3,0.866,19,49,15,896.7,10,0.0,0.0,0,0.0,0,0.0,0,0.0,0,0.0,0,0
211,-0.8820480249558535,4,0.7071,19,49,19,896.7,10,0.0,0.0,0,0.0,0,0.0,0,0.0,0,0.0,0,0
211,-0.8820480249558535,5,0.5,18,49,17,896.7,10,0.0,0.0,0,0.0,0,0.0,0,0.0,0,0.0,0,0
211,-0.8820480249558535,6,0.2588,17,45,15,896.7,10,0.0,0.0,0,0.0,0,0.0,0,0.0,0,0.0,0,0
211,-0.8820480249558535,7,0.0,18,40,15,896.7,10,0.0,0.0,0,0.0,0,0.0,0,0.0,0,0.0,0,0
211,-0.8820480249558535,8,-0.2588,20,33,20,897.6,10,286.0,0.28729466028333966,27,0.3860277291722418,50,0.43118412384529253,17,0.446956128656632,16,0.43226890872384227,15,125
211,-0.8820480249558535,9,-0.5,22,29,22,897.6,10,490.0,0.5138704335210846,91,0.5627938643992174,119,0.6293788372967998,89,0.6530727828589953,99,0.6322610000663724,72,470
211,-0.8820480249558535,10,-0.7071,23,31,24,896.7,10,676.0,0.7084354280965435,153,0.6940350142077554,168,0.782792365087488,189,0.81820381409797,194,0.7978561332164794,190,894
211,-0.8820480249558535,11,-0.866,24,31,24,896.7,10,825.0,0.8577303816321541,199,0.7708073265254487,198,0.880969846229108,224,0.9310958329334731,228,0.917769289052254,224,1073
211,-0.8820480249558535,12,-0.9659,26,26,26,896.7,10,926.0,0.9515811057422804,228,0.7878789041378416,211,0.9172206587872148,242,0.9840554469212791,248,0.9838285958038221,245,1174
211,-0.8820480249558535,13,-1.0,27,24,28,895.8,10,971.0,0.9835918388083598,242,0.7440863492425164,210,0.8890743739173532,243,0.9734735515874896,251,0.9915322274036674,250,1196
211,-0.8820480249558535,14,-0.9659,29,18,30,894.9,10,958.0,0.9515811057422804,242,0.6424140469543952,194,0.7984491112172456,229,0.9000712844712832,240,0.9403551948539506,245,1150
211,-0.8820480249558535,15,-0.866,30,17,30,894.9,10,887.0,0.8577303816321541,228,0.4897907847315165,163,0.6515208222719194,202,0.7688508808854098,216,0.8337851232855307,225,1034
211,-0.8820480249558535,16,-0.7071,30,15,31,894.9,10,764.0,0.7084354280965435,203,0.2966175677479126,118,0.45830241048972137,156,0.5887547804907103,177,0.679084576561584,191,845
211,-0.8820480249558535,17,-0.5,30,19,30,894.1,10,590.0,0.5138704335210846,161,0.0760588087612635,60,0.2319613694787582,95,0.3720562159946419,121,0.48679612661062494,144,581
211,-0.8820480249558535,18,-0.2588,30,19,33,894.1,9,390.0,0.28729466028333966,101,1.326794896677558e-06,24,1.326794896677558e-06,35,0.13352281434068158,56,0.27002389620808886,84,300
211,-0.8820480249558535,19,0.0,29,20,28,894.1,10,174.0,0.04414884981137688,36,1.326794896677558e-06,15,1.326794896677558e-06,16,1.326794896677558e-06,16,0.04354053693939735,26,109
211,-0.8820480249558535,20,0.2588,27,24,15,894.1,10,0.0,0.0,0,0.0,0,0.0,0,0.0,0,0.0,0,0
211,-0.8820480249558535,21,0.5,25,28,13,894.1,10,0.0,0.0,0,0.0,0,0.0,0,0.0,0,0.0,0,0
211,-0.8820480249558535,22,0.7071,23,31,13,894.9,10,0.0,0.0,0,0.0,0,0.0,0,0.0,0,0.0,0,0
211,-0.8820480249558535,23,0.866,24,29,17,894.9,10,0.0,0.0,0,0.0,0,0.0,0,0.0,0,0.0,0,0
211,-0.8820480249558535,24,0.9659,23,33,11,894.9,10,0.0,0.0,0,0.0,0,0.0,0,0.0,0,0.0,0,0
212,-0.8738071036110807,1,1.0,22,41,11,895.8,10,0.0,0.0,0,0.0,0,0.0,0,0.0,0,0.0,0,0
212,-0.8738071036110807,2,0.9659,21,43,11,895.8,10,0.0,0.0,0,0.0,0,0.0,0,0.0,0,0.0,0,0
212,-0.8738071036110807,3,0.866,21,46,13,895.8,10,0.0,0.0,0,0.0,0,0.0,0,0.0,0,0.0,0,0
212,-0.8738071036110807,4,0.7071,20,52,19,895.8,10,0.0,0.0,0,0.0,0,0.0,0,0.0,0,0.0,0,0
212,-0.8738071036110807,5,0.5,20,52,20,895.8,10,0.0,0.0,0,0.0,0,0.0,0,0.0,0,0.0,0,0
212,-0.8738071036110807,6,0.2588,19,56,19,895.8,10,0.0,0.0,0,0.0,0,0.0,0,0.0,0,0.0,0,0
212,-0.8738071036110807,7,0.0,20,49,19,895.8,10,0.0,0.0,0,0.0,0,0.0,0,0.0,0,0.0,0,0
212,-0.8738071036110807,8,-0.2588,22,46,24,896.7,10,275.0,0.2870647913076402,26,0.3881370282087472,50,0.43222039176856003,18,0.4468487456027636,17,0.43102519266779193,16,127
212,-0.8738071036110807,9,-0.5,23,47,26,896.7,10,480.0,0.5139709237574759,89,0.5651608972820116,116,0.6307040831826097,88,0.6532659285432612,98,0.6313088829972682,71,462
212,-0.8738071036110807,10,-0.7071,24,44,26,896.7,10,664.0,0.7088196041258124,150,0.6965934032425265,165,0.7843412956824302,185,0.8186377293336256,189,0.7971454625116575,186,875
212,-0.8738071036110807,11,-0.866,26,42,24,895.8,10,813.0,0.8583322373792166,194,0.7734776534285264,194,0.8826619245706376,219,0.9316943505370547,225,0.9172334579779504,220,1052
212,-0.8738071036110807,12,-0.9659,28,32,26,895.8,10,912.0,0.95231980066243,224,0.7905741222544836,208,0.91896559265135,237,0.9847311823621524,243,0.9833890826347624,240,1152
212,-0.8738071036110807,13,-1.0,29,28,24,895.8,10,947.0,0.984377207019218,257,0.7467177156250798,224,0.8907782690711726,259,0.9741338580815991,267,0.9911039465298904,266,1273
212,-0.8738071036110807,14,-0.9659,29,23,28,894.9,10,948.0,0.95231980066243,217,0.6448971700398449,175,0.8000208701422387,207,0.9006245666889089,216,0.9398522952055903,218,1033
212,-0.8738071036110807,15,-0.866,30,19,24,894.9,10,876.0,0.8583322373792166,224,0.4920513754798286,161,0.6528783522959543,198,0.7692128370040257,211,0.8331268389224319,219,1013
212,-0.8738071036110807,16,-0.7071,30,19,30,894.9,10,752.0,0.7088196041258124,198,0.2985965023115667,116,0.45937821825377223,154,0.5888541472071632,173,0.6782007307196886,188,829
212,-0.8738071036110807,17,-0.5,30,18,26,894.9,10,585.0,0.5139709237574759,158,0.0777161576740026,62,0.2327071604843807,95,0.3718396249830003,120,0.4856319141133198,141,576
212,-0.8738071036110807,18,-0.2588,30,17,28,894.1,10,388.0,0.2870647913076402,101,1.326794896677558e-06,25,1.326794896677558e-06,36,0.13295842919480882,56,0.26854361832878454,83,301
212,-0.8738071036110807,19,0.0,30,17,26,894.9,10,171.0,0.043564461554990566,38,1.326794896677558e-06,16,1.326794896677558e-06,17,1.326794896677558e-06,16,0.041730034190391306,27,114
212,-0.8738071036110807,20,0.2588,27,20,13,894.9,10,0.0,0.0,0,0.0,0,0.0,0,0.0,0,0.0,0,0
212,-0.8738071036110807,21,0.5,25,24,9,894.9,10,0.0,0.0,0,0.0,0,0.0,0,0.0,0,0.0,0,0
212,-0.8738071036110807,22,0.7071,24,25,11,894.9,10,0.0,0.0,0,0.0,0,0.0,0,0.0,0,0.0,0,0
212,-0.8738071036110807,23,0.866,24,25,13,894.9,10,0.0,0.0,0,0.0,0,0.0,0,0.0,0,0.0,0,0
212,-0.8738071036110807,24,0.9659,24,24,15,895.8,10,0.0,0.0,0,0.0,0,0.0,0,0.0,0,0.0,0,0
213,-0.8653072543632061,1,1.0,22,27,9,894.9,10,0.0,0.0,0,0.0,0,0.0,0,0.0,0,0.0,0,0
213,-0.8653072543632061,2,0.9659,22,25,13,895.8,10,0.0,0.0,0,0.0,0,0.0,0,0.0,0,0.0,0,0
213,-0.8653072543632061,3,0.866,22,27,17,895.8,10,0.0,0.0,0,0.0,0,0.0,0,0.0,0,0.0,0,0
213,-0.8653072543632061,4,0.7071,22,29,20,895.8,10,0.0,0.0,0,0.0,0,0.0,0,0.0,0,0.0,0,0
213,-0.8653072543632061,5,0.5,21,35,20,895.8,10,0.0,0.0,0,0.0,0,0.0,0,0.0,0,0.0,0,0
213,-0.8653072543632061,6,0.2588,21,35,19,895.8,10,0.0,0.0,0,0.0,0,0.0,0,0.0,0,0.0,0,0
213,-0.8653072543632061,7,0.0,22,33,19,896.7,10,0.0,0.0,0,0.0,0,0.0,0,0.0,0,0.0,0,0
213,-0.8653072543632061,8,-0.2588,24,31,17,896.7,10,266.0,0.28682426683071127,27,0.521806814509405,53,0.5406584038710259,26,0.5226651157435018,20,0.4690531614638675,18,144
213,-0.8653072543632061,9,-0.5,25,32,24,896.7,10,474.0,0.514063257116538,88,0.6770652542733018,142,0.7214498291163126,147,0.7166688947898524,135,0.6630482635947473,111,623
213,-0.8653072543632061,10,-0.7071,27,28,20,896.7,10,660.0,0.709197768893654,149,0.7802566768012921,183,0.8520962467767447,201,0.8658669736405622,200,0.8206304065968468,189,922
213,-0.8653072543632061,11,-0.866,27,30,22,896.7,10,807.0,0.8589297282533156,193,0.8243487692242468,205,0.9236943341248326,228,0.960091765512742,228,0.9310606426838477,220,1074
213,-0.8653072543632061,12,-0.9659,29,27,28,896.7,10,908.0,0.9530551656724756,221,0.8063367334520758,213,0.9313648079198547,242,0.9929220165968523,245,0.9868133444821161,240,1161
213,-0.8653072543632061,13,-1.0,29,27,26,895.8,10,955.0,0.9851595983264988,235,0.7274480622940594,205,0.8745849425400486,237,0.9621204056145638,243,0.9840890643215677,242,1162
213,-0.8653072543632061,14,-0.9659,30,23,26,895.8,10,933.0,0.9530551656724756,235,0.5930588661027452,182,0.7572241749351386,219,0.8697860006403906,230,0.9230734532344061,235,1101
213,-0.8653072543632061,15,-0.866,31,22,26,895.8,10,870.0,0.8589297282533156,225,0.4123275438266345,146,0.5872804448514882,186,0.7222112364528209,204,0.8079246221634993,215,976
213,-0.8653072543632061,16,-0.7071,31,19,28,894.9,10,748.0,0.709197768893654,199,0.19757061082295388,93,0.37633511391655133,135,0.5294530712243818,162,0.6464897611712249,182,771
213,-0.8653072543632061,17,-0.5,31,19,22,894.9,10,579.0,0.514063257116538,158,1.326794896677558e-06,41,0.1387637342711991,71,0.30464763544263784,103,0.44977037410352483,133,506
213,-0.8653072543632061,18,-0.2588,31,19,22,894.1,10,381.0,0.28682426683071127,99,1.326794896677558e-06,23,1.326794896677558e-06,26,0.06311502567451736,42,0.2311725446971328,73,263
213,-0.8653072543632061,19,0.0,30,22,19,894.1,10,167.0,0.042966736441476965,39,1.326794896677558e-06,16,1.326794896677558e-06,17,1.326794896677558e-06,15,0.005593336525696721,23,110
213,-0.8653072543632061,20,0.2588,28,23,11,894.9,10,0.0,0.0,0,0.0,0,0.0,0,0.0,0,0.0,0,0
213,-0.8653072543632061,21,0.5,25,28,7,895.8,10,0.0,0.0,0,0.0,0,0.0,0,0.0,0,0.0,0,0
213,-0.8653072543632061,22,0.7071,24,29,11,895.8,10,0.0,0.0,0,0.0,0,0.0,0,0.0,0,0.0,0,0
213,-0.8653072543632061,23,0.866,24,27,11,895.8,10,0.0,0.0,0,0.0,0,0.0,0,0.0,0,0.0,0,0
213,-0.8653072543632061,24,0.9659,23,25,11,895.8,10,0.0,0.0,0,0.0,0,0.0,0,0.0,0,0.0,0,0
214,-0.8565509959010037,1,1.0,23,23,13,894.9,10,0.0,0.0,0,0.0,0,0.0,0,0.0,0,0.0,0,0
214,-0.8565509959010037,2,0.9659,22,25,15,895.8,10,0.0,0.0,0,0.0,0,0.0,0,0.0,0,0.0,0,0
214,-0.8565509959010037,3,0.866,22,31,19,895.8,10,0.0,0.0,0,0.0,0,0.0,0,0.0,0,0.0,0,0
214,-0.8565509959010037,4,0.7071,21,40,20,895.8,10,0.0,0.0,0,0.0,0,0.0,0,0.0,0,0.0,0,0
214,-0.8565509959010037,5,0.5,21,46,22,895.8,10,0.0,0.0,0,0.0,0,0.0,0,0.0,0,0.0,0,0
214,-0.8565509959010037,6,0.2588,20,52,19,896.7,10,0.0,0.0,0,0.0,0,0.0,0,0.0,0,0.0,0,0
214,-0.8565509959010037,7,0.0,21,49,20,896.7,10,0.0,0.0,0,0.0,0,0.0,0,0.0,0,0.0,0,0
214,-0.8565509959010037,8,-0.2588,22,50,22,897.6,10,268.0,0.28657280156097426,27,0.5239406743936674,70,0.5416809212284788,26,0.5225066077341155,19,0.46772443007400405,17,159
214,-0.8565509959010037,9,-0.5,24,44,22,897.6,10,474.0,0.514146756907551,89,0.6794279749322091,144,0.7227388446360249,150,0.716796360964357,136,0.6620054937711974,112,631
214,-0.8565509959010037,10,-0.7071,25,39,24,897.6,10,659.0,0.7095689096073778,149,0.7827715081556844,183,0.8535778434917127,201,0.8662143674590057,200,0.8198199231930874,190,923
214,-0.8565509959010037,11,-0.866,26,36,24,897.6,10,810.0,0.8595215835616944,193,0.8269285951172562,206,0.9252814710082975,229,0.9605780527759958,230,0.9304129406755514,220,1078
214,-0.8565509959010037,12,-0.9659,27,34,19,897.6,10,906.0,0.9537857679569198,225,0.8088900084627887,215,0.9329632515731008,243,0.9934566977746953,247,0.9862478255999467,242,1172
214,-0.8565509959010037,13,-1.0,28,32,28,896.7,10,920.0,0.9859375246176595,237,0.729885051904326,206,0.876099690258531,239,0.9626096840906887,245,0.9835195301207825,244,1171
214,-0.8565509959010037,14,-0.9659,31,25,24,896.7,10,934.0,0.9537857679569198,237,0.595297756023784,183,0.7585659241346437,220,0.8701391713585409,233,0.9224139775865885,237,1110
214,-0.8565509959010037,15,-0.866,30,27,28,895.8,10,867.0,0.8595215835616944,224,0.4143000243340307,144,0.5883716860905083,186,0.722346872398714,203,0.8070954096009585,215,972
214,-0.8565509959010037,16,-0.7071,31,24,24,895.8,10,747.0,0.7095689096073778,198,0.1992265260212633,92,0.3771154081854598,133,0.5293045691034302,160,0.6454225830263507,181,764
214,-0.8565509959010037,17,-0.5,31,22,26,894.9,10,580.0,0.5141467569075509,156,1.326794896677558e-06,38,0.13919383302562297,69,0.3041677554344019,102,0.44841321861020833,132,497
214,-0.8565509959010037,18,-0.2588,31,22,24,894.9,10,383.0,0.2865728015609747,99,1.326794896677558e-06,22,1.326794896677558e-06,24,0.06227911072557286,40,0.229493161486327,72,257
214,-0.8565509959010037,19,0.0,30,25,22,895.8,10,164.0,0.042355809202438886,36,1.326794896677558e-06,16,1.326794896677558e-06,16,1.326794896677558e-06,13,0.0035814344137845007,20,101
214,-0.8565509959010037,20,0.2588,28,26,15,895.8,10,0.0,0.0,0,0.0,0,0.0,0,0.0,0,0.0,0,0
214,-0.8565509959010037,21,0.5,25,29,13,895.8,10,0.0,0.0,0,0.0,0,0.0,0,0.0,0,0.0,0,0
214,-0.8565509959010037,22,0.7071,24,34,9,896.7,10,0.0,0.0,0,0.0,0,0.0,0,0.0,0,0.0,0,0
214,-0.8565509959010037,23,0.866,25,29,15,896.7,10,0.0,0.0,0,0.0,0,0.0,0,0.0,0,0.0,0,0
214,-0.8565509959010037,24,0.9659,23,33,11,896.7,10,0.0,0.0,0,0.0,0,0.0,0,0.0,0,0.0,0,0
215,-0.8475409228928312,1,1.0,23,33,13,896.7,10,0.0,0.0,0,0.0,0,0.0,0,0.0,0,0.0,0,0
215,-0.8475409228928312,2,0.9659,22,35,11,896.7,10,0.0,0.0,0,0.0,0,0.0,0,0.0,0,0.0,0,0
215,-0.8475409228928312,3,0.866,22,35,15,897.6,10,0.0,0.0,0,0.0,0,0.0,0,0.0,0,0.0,0,0
215,-0.8475409228928312,4,0.7071,21,38,13,897.6,10,0.0,0.0,0,0.0,0,0.0,0,0.0,0,0.0,0,0
215,-0.8475409228928312,5,0.5,21,38,17,897.6,10,0.0,0.0,0,0.0,0,0.0,0,0.0,0,0.0,0,0
215,-0.8475409228928312,6,0.2588,21,40,19,898.5,10,0.0,0.0,0,0.0,0,0.0,0,0.0,0,0.0,0,0
215,-0.8475409228928312,7,0.0,22,43,15,898.5,10,0.0,0.0,0,0.0,0,0.0,0,0.0,0,0.0,0,0
215,-0.8475409228928312,8,-0.2588,24,41,15,898.5,10,266.0,0.28631011207916385,26,0.5261055603746034,68,0.5427119916201699,25,0.522333596819528,35,0.4663591281845262,17,171
215,-0.8475409228928312,9,-0.5,26,34,15,899.4,10,473.0,0.5142207452665419,88,0.6818228919197666,141,0.7240377758752142,148,0.7169107865084069,161,0.6609276156614059,110,648
215,-0.8475409228928312,10,-0.7071,26,34,17,899.4,10,658.0,0.7099320096857537,147,0.785319313625276,182,0.8550703406517417,199,0.8665498452050423,206,0.8189755192575434,186,920
215,-0.8475409228928312,11,-0.866,27,34,15,899.4,10,806.0,0.860106526816279,189,0.8295417274616124,204,0.9268800479954624,226,0.9610531341718873,229,0.9297321504883294,217,1065
215,-0.8475409228928312,12,-0.9659,28,32,19,898.5,10,892.0,0.954510167643434,213,0.8114764541623939,205,0.9345731931449633,232,0.993980420538181,237,0.9856496387671465,229,1116
215,-0.8475409228928312,13,-1.0,31,27,17,898.5,10,952.0,0.9867094902930488,236,0.7323546157161615,205,0.8776255063932384,237,0.9630877709055772,242,0.9829173068741349,241,1161
215,-0.8475409228928312,14,-0.9659,30,29,20,897.6,10,932.0,0.954510167643434,251,0.5975682090907118,194,0.759917858696792,234,0.8704804555433567,222,0.921721353557502,250,1151
215,-0.8475409228928312,15,-0.866,32,22,17,897.6,10,861.0,0.8601065268162789,203,0.4163027057584013,130,0.5894718317696338,166,0.7224695094887227,191,0.8062321807384966,193,883
215,-0.8475409228928312,16,-0.7071,33,21,26,896.7,10,732.0,0.7099320096857537,194,0.20091102344660472,92,0.3779030169291597,132,0.5291416152404969,144,0.6443201717876822,176,738
215,-0.8475409228928312,17,-0.5,33,20,24,896.7,10,569.0,0.5142207452665419,155,1.326794896677558e-06,40,0.13962945560001222,70,0.30367172924561414,86,0.4470193472756448,129,480
215,-0.8475409228928312,18,-0.2588,32,20,19,896.7,10,375.0,0.2863101120791634,97,1.326794896677558e-06,23,1.326794896677558e-06,25,0.06142522907714054,29,0.2277754147787697,71,245
215,-0.8475409228928312,19,0.0,32,20,22,896.7,10,159.0,0.04173181971009072,36,1.326794896677558e-06,16,1.326794896677558e-06,17,1.326794896677558e-06,12,0.0015294685247463436,21,102
215,-0.8475409228928312,20,0.2588,30,23,7,896.7,10,0.0,0.0,0,0.0,0,0.0,0,0.0,0,0.0,0,0
215,-0.8475409228928312,21,0.5,26,28,7,897.6,10,0.0,0.0,0,0.0,0,0.0,0,0.0,0,0.0,0,0
215,-0.8475409228928312,22,0.7071,27,26,7,898.5,10,0.0,0.0,0,0.0,0,0.0,0,0.0,0,0.0,0,0
215,-0.8475409228928312,23,0.866,25,29,9,898.5,10,0.0,0.0,0,0.0,0,0.0,0,0.0,0,0.0,0,0
215,-0.8475409228928312,24,0.9659,25,28,11,898.5,10,0.0,0.0,0,0.0,0,0.0,0,0.0,0,0.0,0,0
216,-0.8382797052177745,1,1.0,25,28,19,898.5,10,0.0,0.0,0,0.0,0,0.0,0,0.0,0,0.0,0,0
216,-0.8382797052177745,2,0.9659,25,28,13,898.5,10,0.0,0.0,0,0.0,0,0.0,0,0.0,0,0.0,0,0
216,-0.8382797052177745,3,0.866,22,33,15,898.5,10,0.0,0.0,0,0.0,0,0.0,0,0.0,0,0.0,0,0
216,-0.8382797052177745,4,0.7071,24,29,19,898.5,10,0.0,0.0,0,0.0,0,0.0,0,0.0,0,0.0,0,0
216,-0.8382797052177745,5,0.5,24,27,15,898.5,10,0.0,0.0,0,0.0,0,0.0,0,0.0,0,0.0,0,0
216,-0.8382797052177745,6,0.2588,22,33,11,899.4,10,0.0,0.0,0,0.0,0,0.0,0,0.0,0,0.0,0,0
216,-0.8382797052177745,7,0.0,23,36,15,899.4,10,0.0,0.0,0,0.0,0,0.0,0,0.0,0,0.0,0,0
216,-0.8382797052177745,8,-0.2588,27,30,13,899.4,10,255.0,0.2860359173959814,26,0.6493271299264763,85,0.6425687401789323,78,0.592020454310026,64,0.501127049781969,34,287
216,-0.8382797052177745,9,-0.5,28,28,20,900.2,10,463.0,0.5142845441690731,86,0.7811724605960347,164,0.8044834700985316,172,0.7729703680349602,162,0.6887807169603407,143,727
216,-0.8382797052177745,10,-0.7071,30,25,19,900.2,10,650.0,0.710286050162635,144,0.8554815313051104,198,0.9117536637513145,213,0.9058914015947414,205,0.8382942476667149,188,948
216,-0.8382797052177745,11,-0.866,30,25,20,900.2,10,798.0,0.8606832774371946,190,0.8671903102959443,216,0.9570690467112136,237,0.9817252201628313,232,0.9394785559777202,220,1095
216,-0.8382797052177745,12,-0.9659,31,25,22,899.4,10,897.0,0.9552269196948984,219,0.8155008649863213,217,0.9373414555960503,246,0.9953038823606387,246,0.9854381083172413,238,1166
216,-0.8382797052177745,13,-1.0,32,26,22,899.4,10,941.0,0.9874739942222454,236,0.7039357490320417,204,0.8539152985751106,236,0.9457020316512913,242,0.9730408444655092,241,1159
216,-0.8382797052177745,14,-0.9659,32,22,17,898.5,10,926.0,0.9552269196948984,232,0.5400979003233072,171,0.7124758986163532,209,0.8362999310666055,222,0.9031316080361791,229,1063
216,-0.8382797052177745,15,-0.866,34,17,22,898.5,10,854.0,0.8606832774371946,220,0.33515260595786583,125,0.5226621237261492,167,0.6745531572832464,189,0.7804745993211516,204,905
216,-0.8382797052177745,16,-0.7071,34,19,26,897.6,10,731.0,0.7102860501626352,194,0.10306651590324066,69,0.2974094402887703,110,0.4714844634122483,143,0.613428676174892,169,685
216,-0.8382797052177745,17,-0.5,34,17,22,897.6,10,558.0,0.5142845441690731,153,1.326794896677558e-06,32,0.05206842176787024,50,0.24093262480169875,83,0.41337772671954137,120,438
216,-0.8382797052177745,18,-0.2588,34,17,19,897.6,10,364.0,0.2860359173959814,97,1.326794896677558e-06,25,1.326794896677558e-06,24,1.326794896677558e-06,30,0.1939548752197471,62,238
216,-0.8382797052177745,19,0.0,33,18,20,897.6,10,155.0,0.04109491304649464,31,1.326794896677558e-06,16,1.326794896677558e-06,17,1.326794896677558e-06,15,1.326794896677558e-06,18,97
216,-0.8382797052177745,20,0.2588,30,22,7,897.6,10,0.0,0.0,0,0.0,0,0.0,0,0.0,0,0.0,0,0
216,-0.8382797052177745,21,0.5,29,22,13,898.5,10,0.0,0.0,0,0.0,0,0.0,0,0.0,0,0.0,0,0
216,-0.8382797052177745,22,0.7071,28,23,13,898.5,10,0.0,0.0,0,0.0,0,0.0,0,0.0,0,0.0,0,0
216,-0.8382797052177745,23,0.866,27,23,15,898.5,10,0.0,0.0,0,0.0,0,0.0,0,0.0,0,0.0,0,0
216,-0.8382797052177745,24,0.9659,26,24,15,898.5,10,0.0,0.0,0,0.0,0,0.0,0,0.0,0,0.0,0,0
217,-0.828770087174504,1,1.0,27,24,20,897.6,10,0.0,0.0,0,0.0,0,0.0,0,0.0,0,0.0,0,0
217,-0.828770087174504,2,0.9659,25,28,20,898.5,10,0.0,0.0,0,0.0,0,0.0,0,0.0,0,0.0,0,0
217,-0.828770087174504,3,0.866,25,28,19,898.5,10,0.0,0.0,0,0.0,0,0.0,0,0.0,0,0.0,0,0
217,-0.828770087174504,4,0.7071,24,31,22,898.5,10,0.0,0.0,0,0.0,0,0.0,0,0.0,0,0.0,0,0
217,-0.828770087174504,5,0.5,24,34,15,898.5,10,0.0,0.0,0,0.0,0,0.0,0,0.0,0,0.0,0,0
217,-0.828770087174504,6,0.2588,23,38,17,898.5,10,0.0,0.0,0,0.0,0,0.0,0,0.0,0,0.0,0,0
217,-0.828770087174504,7,0.0,24,36,13,898.5,10,0.0,0.0,0,0.0,0,0.0,0,0.0,0,0.0,0,0
217,-0.828770087174504,8,-0.2588,26,32,19,898.5,10,247.0,0.2857499395109574,28,0.6513826952554791,84,0.6434772675852874,80,0.5917200291304738,66,0.4996381453573061,37,295
217,-0.828770087174504,9,-0.5,28,30,26,898.5,10,457.0,0.5143374764499511,87,0.783423793480559,163,0.8056324130516845,170,0.7729386225254478,161,0.6875704462995865,142,723
217,-0.828770087174504,10,-0.7071,29,27,24,898.5,10,626.0,0.7106300111024038,143,0.8578432003318562,195,0.9130618844994988,209,0.9060570210625879,201,0.8373059791150858,184,932
217,-0.828770087174504,11,-0.866,30,25,22,898.5,10,768.0,0.8612505524718747,185,0.8695693648382514,210,0.9584445530107992,230,0.9820034398610022,225,0.9386405288601523,213,1063
217,-0.828770087174504,12,-0.9659,31,24,19,898.5,10,879.0,0.9559345758193986,214,0.8178031696253207,213,0.9386876698152221,239,0.9956022640456964,238,0.9846683232893448,230,1134
217,-0.828770087174504,13,-1.0,31,24,13,897.6,10,936.0,0.9882295317191659,227,0.7060723923520915,199,0.8551376340853476,229,0.9459267594016587,234,0.9722526497102502,232,1121
217,-0.828770087174504,14,-0.9659,32,21,13,896.7,10,926.0,0.9559345758193986,230,0.5419912791029814,172,0.7134882261402008,207,0.8363622191174935,218,0.9022396119037962,223,1050
217,-0.828770087174504,15,-0.866,32,22,13,896.7,10,857.0,0.8612505524718745,207,0.3367416763563386,127,0.5233926104049416,168,0.6743752790547846,188,0.7794004784507306,202,892
217,-0.828770087174504,16,-0.7071,33,20,13,895.8,10,717.0,0.7106300111024035,186,0.10431097852389219,71,0.297805465397841,110,0.4710050628815059,139,0.6121065205636219,163,669
217,-0.828770087174504,17,-0.5,33,21,20,895.8,10,543.0,0.5143374764499511,149,1.326794896677558e-06,35,0.05210015751440754,52,0.24011089411642636,83,0.411758529456933,117,436
217,-0.828770087174504,18,-0.2588,33,23,15,894.9,10,355.0,0.2857499395109574,94,1.326794896677558e-06,26,1.326794896677558e-06,26,1.326794896677558e-06,32,0.1920098722062972,61,239
217,-0.828770087174504,19,0.0,32,22,19,894.9,10,152.0,0.040445239567866574,35,1.326794896677558e-06,17,1.326794896677558e-06,18,1.326794896677558e-06,16,1.326794896677558e-06,20,106
217,-0.828770087174504,20,0.2588,30,25,13,894.9,10,0.0,0.0,0,0.0,0,0.0,0,0.0,0,0.0,0,0
217,-0.828770087174504,21,0.5,27,30,11,894.9,10,0.0,0.0,0,0.0,0,0.0,0,0.0,0,0.0,0,0
217,-0.828770087174504,22,0.7071,26,32,9,894.9,10,0.0,0.0,0,0.0,0,0.0,0,0.0,0,0.0,0,0
217,-0.828770087174504,23,0.866,26,32,9,894.9,10,0.0,0.0,0,0.0,0,0.0,0,0.0,0,0.0,0,0
217,-0.828770087174504,24,0.9659,25,29,9,894.9,10,0.0,0.0,0,0.0,0,0.0,0,0.0,0,0.0,0,0
218,-0.8190148866680802,1,1.0,26,26,17,894.9,10,0.0,0.0,0,0.0,0,0.0,0,0.0,0,0.0,0,0
218,-0.8190148866680802,2,0.9659,26,26,15,894.1,10,0.0,0.0,0,0.0,0,0.0,0,0.0,0,0.0,0,0
218,-0.8190148866680802,3,0.866,22,33,9,894.1,10,0.0,0.0,0,0.0,0,0.0,0,0.0,0,0.0,0,0
218,-0.8190148866680802,4,0.7071,22,33,7,894.1,10,0.0,0.0,0,0.0,0,0.0,0,0.0,0,0.0,0,0
218,-0.8190148866680802,5,0.5,22,33,6,894.1,10,0.0,0.0,0,0.0,0,0.0,0,0.0,0,0.0,0,0
218,-0.8190148866680802,6,0.2588,19,40,0,894.1,10,0.0,0.0,0,0.0,0,0.0,0,0.0,0,0.0,0,0
218,-0.8190148866680802,7,0.0,21,38,6,894.1,10,0.0,0.0,0,0.0,0,0.0,0,0.0,0,0.0,0,0
218,-0.8190148866680802,8,-0.2588,25,32,4,894.1,10,236.0,0.2854519039716684,39,0.6534592376656031,111,0.6443864322557692,109,0.5913998579667312,65,0.4981104573512833,37,361
218,-0.8190148866680802,9,-0.5,28,26,4,894.1,10,455.0,0.5143788668285096,96,0.7856964013611185,169,0.8067823591303752,177,0.7728875399078406,154,0.6863218160849626,137,733
218,-0.8190148866680802,10,-0.7071,30,23,7,894.1,10,642.0,0.710962873025474,153,0.8602263122619014,199,0.9143713507601894,214,0.9062036037716527,197,0.836279688853816,182,945
218,-0.8190148866680802,11,-0.866,31,22,6,893.2,10,790.0,0.8618070683276624,191,0.8719698887407804,210,0.9598214072172039,230,0.982262794154939,221,0.9377647086710479,209,1061
218,-0.8190148866680802,12,-0.9659,33,17,15,893.2,10,880.0,0.9566316863958798,215,0.8201268268281138,207,0.9400351873648903,232,0.9958818110089392,229,0.9838608490409747,223,1106
218,-0.8190148866680802,13,-1.0,34,17,13,892.3,10,925.0,0.988974596533564,225,0.7082301491201473,190,0.8563610950105063,219,0.9461325478403748,227,0.971426741598949,226,1087
218,-0.8190148866680802,14,-0.9659,34,17,11,891.4,7,937.0,0.9566316863958798,212,0.5439053881518507,151,0.7145013488899157,186,0.8364053131602442,209,0.9013097405696049,214,972
218,-0.8190148866680802,15,-0.866,35,15,15,890.5,10,818.0,0.8618070683276624,194,0.33835101393458217,108,0.5241234634076577,145,0.6741778413338517,173,0.7782882052201228,188,808
218,-0.8190148866680802,16,-0.7071,36,16,24,888.7,7,335.0,0.710962873025474,66,0.10557518390902251,40,0.2982013478512339,50,0.47050564400202816,73,0.6107458351310364,81,310
218,-0.8190148866680802,17,-0.5,35,15,17,889.6,10,425.0,0.5143788668285096,138,1.326794896677558e-06,37,0.052131196233902666,46,0.23926862412382216,76,0.4101003503316851,103,400
218,-0.8190148866680802,18,-0.2588,35,8,22,888.7,10,366.0,0.2854519039716684,80,1.326794896677558e-06,25,1.326794896677558e-06,25,1.326794896677558e-06,33,0.1900253915133508,62,225
218,-0.8190148866680802,19,0.0,34,11,15,888.7,10,144.0,0.03978295496364878,25,1.326794896677558e-06,13,1.326794896677558e-06,15,1.326794896677558e-06,16,1.326794896677558e-06,21,90
218,-0.8190148866680802,20,0.2588,30,15,7,889.6,7,0.0,0.0,0,0.0,0,0.0,0,0.0,0,0.0,0,0
218,-0.8190148866680802,21,0.5,27,18,4,889.6,7,0.0,0.0,0,0.0,0,0.0,0,0.0,0,0.0,0,0
218,-0.8190148866680802,22,0.7071,31,21,15,890.5,7,0.0,0.0,0,0.0,0,0.0,0,0.0,0,0.0,0,0
218,-0.8190148866680802,23,0.866,30,22,9,889.6,7,0.0,0.0,0,0.0,0,0.0,0,0.0,0,0.0,0,0
218,-0.8190148866680802,24,0.9659,30,19,15,889.6,7,0.0,0.0,0,0.0,0,0.0,0,0.0,0,0.0,0,0
219,-0.8090169943749472,1,1.0,30,17,15,889.6,10,0.0,0.0,0,0.0,0,0.0,0,0.0,0,0.0,0,0
219,-0.8090169943749472,2,0.9659,28,20,6,888.7,10,0.0,0.0,0,0.0,0,0.0,0,0.0,0,0.0,0,0
219,-0.8090169943749472,3,0.866,25,29,7,888.7,10,0.0,0.0,0,0.0,0,0.0,0,0.0,0,0.0,0,0
219,-0.8090169943749472,4,0.7071,24,31,6,888.7,10,0.0,0.0,0,0.0,0,0.0,0,0.0,0,0.0,0,0
219,-0.8090169943749472,5,0.5,24,31,4,888.7,10,0.0,0.0,0,0.0,0,0.0,0,0.0,0,0.0,0,0
219,-0.8090169943749472,6,0.2588,23,36,15,888.7,10,0.0,0.0,0,0.0,0,0.0,0,0.0,0,0.0,0,0
219,-0.8090169943749472,7,0.0,22,41,6,888.7,10,0.0,0.0,0,0.0,0,0.0,0,0.0,0,0.0,0,0
219,-0.8090169943749472,8,-0.2588,23,38,2,888.7,10,93.0,0.2851415404324545,22,0.7617374597328253,20,0.7319925257278166,24,0.6523636137736254,25,0.5282772946553986,27,118
219,-0.8090169943749472,9,-0.5,25,34,0,889.6,5,126.0,0.5144080429380956,32,0.8687071676001953,31,0.8738383812688139,35,0.8194190628321597,37,0.7091577930269047,38,173
219,-0.8090169943749472,10,-0.7071,27,32,19,889.6,7,351.0,0.7112836183420354,97,0.9139873201636873,118,0.9576143617586588,127,0.9359816799540507,125,0.8505635038325292,117,584
219,-0.8090169943749472,11,-0.866,29,30,28,889.6,7,766.0,0.8623515425157519,180,0.8944921550512867,202,0.977611281843135,221,0.9941079275428871,218,0.9428578748935801,205,1026
219,-0.8090169943749472,12,-0.9659,30,29,31,889.6,7,795.0,0.9573168024130845,209,0.8115502333108386,206,0.932466386681841,231,0.9898366039871546,231,0.9797512062765065,223,1100
219,-0.8090169943749472,13,-1.0,29,30,28,888.7,5,711.0,0.9897076828564783,180,0.6708139003239317,158,0.8252562212719687,180,0.9234587924788663,184,0.9587292820300969,182,884
219,-0.8090169943749472,14,-0.9659,28,32,24,888.7,2,526.0,0.9573168024130845,131,0.4818740884641818,103,0.6632869693675862,121,0.7994980242133686,128,0.8812247094895668,132,615
219,-0.8090169943749472,15,-0.866,19,68,43,890.5,2,22.0,0.862351542515752,10,0.257606712021956,10,0.45759655003552113,10,0.6264020078147875,10,0.7525192896575751,10,50
219,-0.8090169943749472,16,-0.7071,17,82,39,891.4,2,3.0,0.7112836183420355,10,0.013295196436485811,10,0.22220240311525516,10,0.4159669331096219,10,0.5813840719588682,10,50
219,-0.8090169943749472,17,-0.5,17,77,41,891.4,2,31.0,0.5144080429380956,11,1.326794896677558e-06,10,1.326794896677558e-06,10,0.18253358199837252,10,0.3794816230459884,10,51
219,-0.8090169943749472,18,-0.2588,18,68,41,892.3,4,83.0,0.2851415404324545,22,1.326794896677558e-06,16,1.326794896677558e-06,20,1.326794896677558e-06,10,0.16057124407937398,10,78
219,-0.8090169943749472,19,0.0,19,60,24,892.3,5,56.0,0.03910822031002649,13,1.326794896677558e-06,10,1.326794896677558e-06,12,1.326794896677558e-06,10,1.326794896677558e-06,10,55
219,-0.8090169943749472,20,0.2588,17,82,15,894.1,2,0.0,0.0,0,0.0,0,0.0,0,0.0,0,0.0,0,0
219,-0.8090169943749472,21,0.5,18,73,17,894.9,5,0.0,0.0,0,0.0,0,0.0,0,0.0,0,0.0,0,0
219,-0.8090169943749472,22,0.7071,17,77,4,894.9,5,0.0,0.0,0,0.0,0,0.0,0,0.0,0,0.0,0,0
219,-0.8090169943749472,23,0.866,17,77,2,894.9,5,0.0,0.0,0,0.0,0,0.0,0,0.0,0,0.0,0,0
219,-0.8090169943749472,24,0.9659,17,77,4,894.9,7,0.0,0.0,0,0.0,0,0.0,0,0.0,0,0.0,0,0
220,-0.7987793728863648,1,1.0,17,77,7,894.9,7,0.0,0.0,0,0.0,0,0.0,0,0.0,0,0.0,0,0
220,-0.7987793728863648,2,0.9659,18,68,26,894.9,7,0.0,0.0,0,0.0,0,0.0,0,0.0,0,0.0,0,0
220,-0.7987793728863648,3,0.866,18,68,26,894.1,7,0.0,0.0,0,0.0,0,0.0,0,0.0,0,0.0,0,0
220,-0.7987793728863648,4,0.7071,17,72,28,894.9,7,0.0,0.0,0,0.0,0,0.0,0,0.0,0,0.0,0,0
220,-0.7987793728863648,5,0.5,17,72,24,894.9,7,0.0,0.0,0,0.0,0,0.0,0,0.0,0,0.0,0,0
220,-0.7987793728863648,6,0.2588,17,72,28,894.9,7,0.0,0.0,0,0.0,0,0.0,0,0.0,0,0.0,0,0
220,-0.7987793728863648,7,0.0,17,72,33,894.9,6,0.0,0.0,0,0.0,0,0.0,0,0.0,0,0.0,0,0
220,-0.7987793728863648,8,-0.2588,18,73,20,895.8,7,243.0,0.2848185832117716,47,0.7635602080222313,94,0.732661823730767,100,0.651833849871359,95,0.5265845711883002,69,405
220,-0.7987793728863648,9,-0.5,19,68,30,896.7,7,293.0,0.5144243363583537,40,0.8706882011541601,81,0.8747175715861503,85,0.8191364945415707,83,0.7077327225569074,76,365
220,-0.7987793728863648,10,-0.7071,20,64,28,896.7,7,152.0,0.7115912327921737,45,0.9160353556850676,33,0.9586175171618952,39,0.9358715919064624,42,0.8493476745767833,44,203
220,-0.7987793728863648,11,-0.866,21,64,28,897.6,7,312.0,0.8628826954042502,82,0.8965113431783377,69,0.978644027110398,78,0.9940838501649718,82,0.9417786156812846,84,395
220,-0.7987793728863648,12,-0.9659,22,60,24,897.6,7,336.0,0.9579884774193405,149,0.8134466905803087,100,0.933432330096151,114,0.9898062062392022,116,0.9787265389480873,117,596
220,-0.7987793728863648,13,-1.0,23,53,19,897.6,7,425.0,0.9904272873371189,161,0.6725021071615244,165,0.8260635235403697,192,0.9233301740425882,188,0.9576735080925227,187,893
220,-0.7987793728863648,14,-0.9659,25,50,20,896.7,7,757.0,0.9579884774193405,241,0.4832827171901641,143,0.6638546023000016,174,0.7991859783267291,189,0.8800542503063111,197,944
220,-0.7987793728863648,15,-0.866,26,44,20,896.7,7,901.0,0.8628826954042502,194,0.2586834877029087,129,0.4578598184643362,171,0.6258338279516961,195,0.7511583821738238,212,901
220,-0.7987793728863648,16,-0.7071,25,44,22,896.7,5,452.0,0.7115912327921736,133,0.014010459323356112,66,0.22211735374483835,90,0.41508736778821587,108,0.5797699318075702,125,522
220,-0.7987793728863648,17,-0.5,24,53,22,896.7,5,243.0,0.5144243363583537,40,1.326794896677558e-06,31,1.326794896677558e-06,38,0.1813086000545613,44,0.37756872317736234,49,202
220,-0.7987793728863648,18,-0.2588,25,47,24,896.7,7,250.0,0.2848185832117716,45,1.326794896677558e-06,26,1.326794896677558e-06,30,1.326794896677558e-06,30,0.1583344173321098,41,172
220,-0.7987793728863648,19,0.0,22,60,26,897.6,5,50.0,0.03842120211761758,12,1.326794896677558e-06,10,1.326794896677558e-06,12,1.326794896677558e-06,13,1.326794896677558e-06,14,61
220,-0.7987793728863648,20,0.2588,23,57,15,897.6,5,0.0,0.0,0,0.0,0,0.0,0,0.0,0,0.0,0,0
220,-0.7987793728863648,21,0.5,22,60,24,898.5,5,0.0,0.0,0,0.0,0,0.0,0,0.0,0,0.0,0,0
220,-0.7987793728863648,22,0.7071,23,57,22,898.5,7,0.0,0.0,0,0.0,0,0.0,0,0.0,0,0.0,0,0
220,-0.7987793728863648,23,0.866,21,64,28,898.5,7,0.0,0.0,0,0.0,0,0.0,0,0.0,0,0.0,0,0
220,-0.7987793728863648,24,0.9659,21,64,26,898.5,10,0.0,0.0,0,0.0,0,0.0,0,0.0,0,0.0,0,0
221,-0.7883050558305253,1,1.0,20,68,20,899.4,7,0.0,0.0,0,0.0,0,0.0,0,0.0,0,0.0,0,0
221,-0.7883050558305253,2,0.9659,20,68,15,899.4,7,0.0,0.0,0,0.0,0,0.0,0,0.0,0,0.0,0,0
221,-0.7883050558305253,3,0.866,20,68,22,899.4,7,0.0,0.0,0,0.0,0,0.0,0,0.0,0,0.0,0,0
221,-0.7883050558305253,4,0.7071,19,73,22,899.4,10,0.0,0.0,0,0.0,0,0.0,0,0.0,0,0.0,0,0
221,-0.7883050558305253,5,0.5,19,68,20,898.5,7,0.0,0.0,0,0.0,0,0.0,0,0.0,0,0.0,0,0
221,-0.7883050558305253,6,0.2588,19,73,22,899.4,10,0.0,0.0,0,0.0,0,0.0,0,0.0,0,0.0,0,0
221,-0.7883050558305253,7,0.0,19,73,17,899.4,10,0.0,0.0,0,0.0,0,0.0,0,0.0,0,0.0,0,0
221,-0.7883050558305253,8,-0.2588,19,73,22,899.4,7,176.0,0.2844827718473066,30,0.7653918570040751,39,0.7333222490049937,45,0.6512780444775473,48,0.524850412145892,43,205
221,-0.7883050558305253,9,-0.5,21,64,20,899.4,7,269.0,0.5144270836488909,66,0.8726778125360696,100,0.8755874610460291,106,0.818827380543733,102,0.7062656705714193,93,467
221,-0.7883050558305253,10,-0.7071,21,64,22,900.2,7,617.0,0.7118847068904718,150,0.918091832366248,216,0.9596111188493297,230,0.9357346063358734,218,0.8480894370089926,197,1011
221,-0.7883050558305253,11,-0.866,23,57,20,900.2,7,788.0,0.8633992519781049,189,0.8985390313070399,220,0.9796671583057961,240,0.9940326998241367,232,0.940656669590023,216,1097
221,-0.7883050558305253,12,-0.9659,23,57,19,900.2,7,874.0,0.9586452694807066,212,0.8153518981933279,211,0.9343887956979847,235,0.9897487484202812,234,0.977659073387583,225,1117
221,-0.7883050558305253,13,-1.0,25,47,19,900.2,7,816.0,0.9911319111086242,254,0.6741994956391889,214,0.8268616769046272,248,0.9231746996419404,255,0.9565750013192057,253,1224
221,-0.7883050558305253,14,-0.9659,25,47,20,899.4,7,953.0,0.9586452694807066,228,0.48470109131485994,159,0.6644135698754143,196,0.7988474468596068,210,0.8788412902680338,218,1011
221,-0.7883050558305253,15,-0.866,27,42,17,899.4,7,878.0,0.8633992519781049,201,0.25977068568502415,103,0.4581150423646582,142,0.6252396849557306,164,0.7497553622991747,181,791
221,-0.7883050558305253,16,-0.7071,27,39,19,898.5,7,634.0,0.7118847068904718,152,0.014736881913504401,52,0.2220249703278925,81,0.4141824744795563,105,0.5781141957922399,128,518
221,-0.7883050558305253,17,-0.5,27,39,20,898.5,7,502.0,0.5144270836488909,153,1.326794896677558e-06,34,1.326794896677558e-06,40,0.1800589946823077,73,0.37561483683311714,113,413
221,-0.7883050558305253,18,-0.2588,27,37,19,898.5,10,344.0,0.2844827718473066,96,1.326794896677558e-06,25,1.326794896677558e-06,25,1.326794896677558e-06,24,0.1560572648292237,54,224
221,-0.7883050558305253,19,0.0,27,37,17,898.5,10,135.0,0.03772207237303687,35,1.326794896677558e-06,17,1.326794896677558e-06,17,1.326794896677558e-06,15,1.326794896677558e-06,17,101
221,-0.7883050558305253,20,0.2588,25,41,13,898.5,10,0.0,0.0,0,0.0,0,0.0,0,0.0,0,0.0,0,0
221,-0.7883050558305253,21,0.5,23,44,9,899.4,10,0.0,0.0,0,0.0,0,0.0,0,0.0,0,0.0,0,0
221,-0.7883050558305253,22,0.7071,23,36,11,899.4,10,0.0,0.0,0,0.0,0,0.0,0,0.0,0,0.0,0,0
221,-0.7883050558305253,23,0.866,23,36,26,898.5,10,0.0,0.0,0,0.0,0,0.0,0,0.0,0,0.0,0,0
221,-0.7883050558305253,24,0.9659,22,46,31,898.5,10,0.0,0.0,0,0.0,0,0.0,0,0.0,0,0.0,0,0
222,-0.7775971469736268,1,1.0,21,49,26,898.5,10,0.0,0.0,0,0.0,0,0.0,0,0.0,0,0.0,0,0
222,-0.7775971469736268,2,0.9659,21,49,30,898.5,10,0.0,0.0,0,0.0,0,0.0,0,0.0,0,0.0,0,0
222,-0.7775971469736268,3,0.866,20,56,19,898.5,10,0.0,0.0,0,0.0,0,0.0,0,0.0,0,0.0,0,0
222,-0.7775971469736268,4,0.7071,19,64,19,898.5,10,0.0,0.0,0,0.0,0,0.0,0,0.0,0,0.0,0,0
222,-0.7775971469736268,5,0.5,19,64,20,898.5,10,0.0,0.0,0,0.0,0,0.0,0,0.0,0,0.0,0,0
222,-0.7775971469736268,6,0.2588,18,68,19,898.5,10,0.0,0.0,0,0.0,0,0.0,0,0.0,0,0.0,0,0
222,-0.7775971469736268,7,0.0,18,68,19,899.4,10,0.0,0.0,0,0.0,0,0.0,0,0.0,0,0.0,0,0
222,-0.7775971469736268,8,-0.2588,19,64,28,899.4,7,167.0,0.28413385164796967,26,0.7672308386903758,40,0.7339726524959457,49,0.6506955457771536,51,0.5230747073727231,39,205
222,-0.7775971469736268,9,-0.5,20,60,33,899.4,6,175.0,0.514415627382862,44,0.8746742458521195,50,0.8764466514236798,54,0.8184907755695071,55,0.7047562091753984,54,257
222,-0.7775971469736268,10,-0.7071,22,57,28,899.4,7,477.0,0.7121630373731486,106,0.9201549147731101,131,0.960593621433069,141,0.935569573216121,138,0.8467881148370233,129,645
222,-0.7775971469736268,11,-0.866,23,50,24,899.4,7,654.0,0.8638999436035706,187,0.9005734182489976,198,0.9806790949143136,219,0.9939532243880944,214,0.9394911982008814,205,1023
222,-0.7775971469736268,12,-0.9659,25,44,26,898.5,7,735.0,0.9592857431449243,202,0.8172642006594764,203,0.9353342822750522,226,0.9896629859012253,220,0.976547906368261,211,1062
222,-0.7775971469736268,13,-1.0,25,44,26,898.5,7,417.0,0.9918200618200499,179,0.6759046472746916,155,0.8276493601418173,180,0.9229912353523276,177,0.9554328923588526,175,866
222,-0.7775971469736268,14,-0.9659,26,42,19,897.6,7,324.0,0.9592857431449243,139,0.48612813446573094,102,0.6649628437292963,121,0.7984815195366951,129,0.8775850992222997,136,627
222,-0.7775971469736268,15,-0.866,26,39,19,897.6,7,520.0,0.8638999436035706,174,0.26086762354984183,104,0.4583615546932818,135,0.6246189726167125,152,0.7483097259686078,164,729
222,-0.7775971469736268,16,-0.7071,27,39,13,896.7,7,422.0,0.7121630373731486,130,0.01547421095268616,56,0.22192499932095466,77,0.41325201662942523,97,0.5764166604686176,114,474
222,-0.7775971469736268,17,-0.5,27,39,20,896.7,7,541.0,0.514415627382862,141,1.326794896677558e-06,45,1.326794896677558e-06,55,0.17878493938280857,80,0.3736201152363386,115,436
222,-0.7775971469736268,18,-0.2588,27,37,17,895.8,7,408.0,0.28413385164796945,107,1.326794896677558e-06,36,1.326794896677558e-06,37,1.326794896677558e-06,40,0.1537403223377882,68,288
222,-0.7775971469736268,19,0.0,26,42,20,895.8,7,109.0,0.03701100857408311,27,1.326794896677558e-06,16,1.326794896677558e-06,17,1.326794896677558e-06,16,1.326794896677558e-06,19,95
222,-0.7775971469736268,20,0.2588,24,47,9,896.7,10,0.0,0.0,0,0.0,0,0.0,0,0.0,0,0.0,0,0
222,-0.7775971469736268,21,0.5,22,53,7,896.7,10,0.0,0.0,0,0.0,0,0.0,0,0.0,0,0.0,0,0
222,-0.7775971469736268,22,0.7071,20,60,6,896.7,10,0.0,0.0,0,0.0,0,0.0,0,0.0,0,0.0,0,0
222,-0.7775971469736268,23,0.866,21,43,19,897.6,10,0.0,0.0,0,0.0,0,0.0,0,0.0,0,0.0,0,0
222,-0.7775971469736268,24,0.9659,21,46,28,897.6,10,0.0,0.0,0,0.0,0,0.0,0,0.0,0,0.0,0,0
223,-0.7666588193001592,1,1.0,20,49,35,897.6,9,0.0,0.0,0,0.0,0,0.0,0,0.0,0,0.0,0,0
223,-0.7666588193001592,2,0.9659,19,52,22,897.6,10,0.0,0.0,0,0.0,0,0.0,0,0.0,0,0.0,0,0
223,-0.7666588193001592,3,0.866,19,49,22,897.6,10,0.0,0.0,0,0.0,0,0.0,0,0.0,0,0.0,0,0
223,-0.7666588193001592,4,0.7071,18,56,22,896.7,10,0.0,0.0,0,0.0,0,0.0,0,0.0,0,0.0,0,0
223,-0.7666588193001592,5,0.5,18,56,20,896.7,10,0.0,0.0,0,0.0,0,0.0,0,0.0,0,0.0,0,0
223,-0.7666588193001592,6,0.2588,17,59,17,897.6,10,0.0,0.0,0,0.0,0,0.0,0,0.0,0,0.0,0,0
223,-0.7666588193001592,7,0.0,18,56,20,897.6,10,0.0,0.0,0,0.0,0,0.0,0,0.0,0,0.0,0,0
223,-0.7666588193001592,8,-0.2588,20,46,20,897.6,7,179.0,0.2837715742418897,23,0.856101730802899,58,0.8056684449963902,63,0.700330289656172,63,0.5472658747985996,54,261
223,-0.7666588193001592,9,-0.5,20,49,22,897.6,5,287.0,0.5143893171790115,69,0.9376059301759566,95,0.9270430400019243,101,0.8533038093713301,98,0.7214134367747563,92,455
223,-0.7666588193001592,10,-0.7071,21,49,30,898.5,5,317.0,0.7124252286457651,84,0.9546290047878563,92,0.9880230687461221,101,0.9540851073737091,103,0.8551279327877637,100,480
223,-0.7666588193001592,11,-0.866,22,50,28,897.6,7,558.0,0.8643835097948657,143,0.906010862166033,158,0.9844528497061519,172,0.9958061151405289,168,0.9392969534913345,159,800
223,-0.7666588193001592,12,-0.9659,22,50,28,897.6,7,799.0,0.9599084714085722,219,0.7950647428731159,218,0.9165756870189392,243,0.9756236192742679,237,0.968184527340115,227,1144
223,-0.7666588193001592,13,-1.0,24,44,26,897.6,7,641.0,0.9924902556719118,184,0.6293514377522339,156,0.7890172968598166,183,0.8949130264527154,182,0.9398220193399432,184,889
223,-0.7666588193001592,14,-0.9659,25,41,20,897.6,5,397.0,0.9599084714085722,135,0.4201639903952415,97,0.6104705379790107,115,0.7591746070796755,123,0.8561422771293342,131,601
223,-0.7666588193001592,15,-0.866,26,39,22,896.7,5,448.0,0.8643835097948657,154,0.18175818169630578,87,0.3931030786308617,114,0.5776587110317329,130,0.7228479364229707,142,627
223,-0.7666588193001592,16,-0.7071,26,39,22,896.7,5,208.0,0.7124252286457651,53,1.326794896677558e-06,45,0.15172812193839016,52,0.362735323566751,55,0.5490227711057103,58,263
223,-0.7666588193001592,17,-0.5,26,39,24,895.8,5,286.0,0.5143893171790115,87,1.326794896677558e-06,47,1.326794896677558e-06,53,0.12905109799226244,62,0.3465126633094748,78,327
223,-0.7666588193001592,18,-0.2588,26,36,13,895.8,5,159.0,0.2837715742418897,47,1.326794896677558e-06,24,1.326794896677558e-06,27,1.326794896677558e-06,28,0.12911832551154392,35,161
223,-0.7666588193001592,19,0.0,26,34,17,895.8,5,172.0,0.036288193758274585,44,1.326794896677558e-06,25,1.326794896677558e-06,26,1.326794896677558e-06,24,1.326794896677558e-06,26,145
223,-0.7666588193001592,20,0.2588,24,41,11,895.8,5,0.0,0.0,0,0.0,0,0.0,0,0.0,0,0.0,0,0
223,-0.7666588193001592,21,0.5,22,53,15,896.7,5,0.0,0.0,0,0.0,0,0.0,0,0.0,0,0.0,0,0
223,-0.7666588193001592,22,0.7071,20,64,15,897.6,5,0.0,0.0,0,0.0,0,0.0,0,0.0,0,0.0,0,0
223,-0.7666588193001592,23,0.866,18,68,9,897.6,7,0.0,0.0,0,0.0,0,0.0,0,0.0,0,0.0,0,0
223,-0.7666588193001592,24,0.9659,19,56,11,897.6,10,0.0,0.0,0,0.0,0,0.0,0,0.0,0,0.0,0,0
224,-0.7554933140726804,1,1.0,19,64,11,897.6,10,0.0,0.0,0,0.0,0,0.0,0,0.0,0,0.0,0,0
224,-0.7554933140726804,2,0.9659,19,60,17,897.6,10,0.0,0.0,0,0.0,0,0.0,0,0.0,0,0.0,0,0
224,-0.7554933140726804,3,0.866,18,68,13,897.6,7,0.0,0.0,0,0.0,0,0.0,0,0.0,0,0.0,0,0
224,-0.7554933140726804,4,0.7071,17,72,17,897.6,7,0.0,0.0,0,0.0,0,0.0,0,0.0,0,0.0,0,0
224,-0.7554933140726804,5,0.5,16,72,13,897.6,7,0.0,0.0,0,0.0,0,0.0,0,0.0,0,0.0,0,0
224,-0.7554933140726804,6,0.2588,17,68,11,897.6,10,0.0,0.0,0,0.0,0,0.0,0,0.0,0,0.0,0,0
224,-0.7554933140726804,7,0.0,17,68,11,897.6,10,0.0,0.0,0,0.0,0,0.0,0,0.0,0,0.0,0,0
224,-0.7554933140726804,8,-0.2588,20,56,15,897.6,10,224.0,0.28339569811951476,29,0.8575280097615267,99,0.8059502840485397,103,0.699448481828947,95,0.5452805135970696,77,403
224,-0.7554933140726804,9,-0.5,20,56,17,898.5,10,435.0,0.5143475107306831,86,0.9391502749029654,195,0.9275007005641493,197,0.8526435969181421,179,0.7196803435251365,149,806
224,-0.7554933140726804,10,-0.7071,21,56,22,898.5,10,622.0,0.7126702942294864,150,0.9561980088867693,229,0.9885690641057765,239,0.9535708853320392,222,0.8535885366248291,197,1037
224,-0.7554933140726804,11,-0.866,22,46,20,898.5,10,787.0,0.864848699980606,200,0.9075094387486894,242,0.9849936732976373,261,0.9953523295776403,250,0.9378794834671828,230,1183
224,-0.7554933140726804,12,-0.9659,24,36,22,898.5,10,884.0,0.9605120376847679,231,0.7964026045594095,231,0.9170181847230985,257,0.9751405976253061,255,0.9668089034740499,245,1219
224,-0.7554933140726804,13,-1.0,25,34,19,898.5,10,932.0,0.9931410194525366,265,0.6304492452852257,217,0.7892750117687285,254,0.8943130860508746,263,0.9384053086285568,264,1263
224,-0.7554933140726804,14,-0.9659,26,32,20,897.6,10,917.0,0.9605120376847679,224,0.4209587763968744,143,0.6104696160966595,182,0.7583780403392947,200,0.8546043503323626,210,959
224,-0.7554933140726804,15,-0.866,26,34,20,897.6,10,872.0,0.8648486999806059,234,0.1822076165247578,105,0.3927872812644874,155,0.57659920278906,185,0.7211169211711193,209,888
224,-0.7554933140726804,16,-0.7071,26,34,20,897.6,10,678.0,0.7126702942294864,196,1.326794896677558e-06,51,0.15106267207380655,87,0.36136448010110084,126,0.5470399549222359,161,621
224,-0.7554933140726804,17,-0.5,27,30,22,897.6,10,543.0,0.5143475107306831,143,1.326794896677558e-06,33,1.326794896677558e-06,34,0.1273417424662701,57,0.34423649345938984,101,368
224,-0.7554933140726804,18,-0.2588,26,32,24,897.6,10,342.0,0.2833956981195143,98,1.326794896677558e-06,26,1.326794896677558e-06,25,1.326794896677558e-06,23,0.12652724072904156,51,223
224,-0.7554933140726804,19,0.0,25,36,20,897.6,10,133.0,0.03555381652452213,34,1.326794896677558e-06,17,1.326794896677558e-06,17,1.326794896677558e-06,14,1.326794896677558e-06,16,98
224,-0.7554933140726804,20,0.2588,24,41,11,898.5,10,0.0,0.0,0,0.0,0,0.0,0,0.0,0,0.0,0,0
224,-0.7554933140726804,21,0.5,23,36,11,898.5,10,0.0,0.0,0,0.0,0,0.0,0,0.0,0,0.0,0,0
224,-0.7554933140726804,22,0.7071,22,33,11,898.5,10,0.0,0.0,0,0.0,0,0.0,0,0.0,0,0.0,0,0
224,-0.7554933140726804,23,0.866,21,53,33,899.4,9,0.0,0.0,0,0.0,0,0.0,0,0.0,0,0.0,0,0
224,-0.7554933140726804,24,0.9659,20,56,22,899.4,10,0.0,0.0,0,0.0,0,0.0,0,0.0,0,0.0,0,0
225,-0.7441039398713608,1,1.0,20,56,24,899.4,10,0.0,0.0,0,0.0,0,0.0,0,0.0,0,0.0,0,0
225,-0.7441039398713608,2,0.9659,19,60,24,899.4,10,0.0,0.0,0,0.0,0,0.0,0,0.0,0,0.0,0,0
225,-0.7441039398713608,3,0.866,19,56,22,900.2,10,0.0,0.0,0,0.0,0,0.0,0,0.0,0,0.0,0,0
225,-0.7441039398713608,4,0.7071,19,56,22,900.2,10,0.0,0.0,0,0.0,0,0.0,0,0.0,0,0.0,0,0
225,-0.7441039398713608,5,0.5,18,59,26,900.2,10,0.0,0.0,0,0.0,0,0.0,0,0.0,0,0.0,0,0
225,-0.7441039398713608,6,0.2588,18,64,24,900.2,10,0.0,0.0,0,0.0,0,0.0,0,0.0,0,0.0,0,0
225,-0.7441039398713608,7,0.0,18,64,20,900.2,10,0.0,0.0,0,0.0,0,0.0,0,0.0,0,0.0,0,0
225,-0.7441039398713608,8,-0.2588,19,60,22,901.1,10,208.0,0.28300598917094133,27,0.8589483667450665,98,0.8062117180461659,101,0.6985331764346326,92,0.543250845114118,74,392
225,-0.7441039398713608,9,-0.5,20,56,24,901.1,10,430.0,0.5142895748302858,87,0.9406878859876295,198,0.9279367473527383,200,0.8519483635000035,180,0.7179012087355061,149,814
225,-0.7441039398713608,10,-0.7071,21,56,26,901.1,10,595.0,0.7128972582038691,148,0.9577601098174459,227,0.9890928384170291,237,0.9530206386874104,221,0.8520017673177984,185,1018
225,-0.7441039398713608,11,-0.866,22,50,22,902.0,5,540.0,0.865294275267577,170,0.9090015963314629,199,0.9855123113950494,215,0.9948621039300194,205,0.9364138020963397,191,980
225,-0.7441039398713608,12,-0.9659,23,50,24,901.1,5,327.0,0.9610950377687222,133,0.7977351521132308,121,0.9174391728936395,139,0.9746213368805077,135,0.9653847805825051,136,664
225,-0.7441039398713608,13,-1.0,25,41,28,901.1,7,331.0,0.9937708925724379,181,0.6315433888457045,148,0.7895124873537399,172,0.8936777102511223,173,0.9369403813081839,174,848
225,-0.7441039398713608,14,-0.9659,26,42,28,901.1,7,491.0,0.9610950377687222,182,0.4217519817509879,120,0.610450233054415,149,0.7575473900264716,161,0.8530190402898822,171,783
225,-0.7441039398713608,15,-0.866,26,36,30,900.2,7,475.0,0.8652942752675767,140,0.1826578448931583,74,0.392455187409906,97,0.5755074186128255,112,0.7193398500937062,126,549
225,-0.7441039398713608,16,-0.7071,27,32,24,900.2,7,460.0,0.7128972582038691,116,1.326794896677558e-06,44,0.15038332947280175,59,0.3599635010307899,79,0.5450128139611905,99,397
225,-0.7441039398713608,17,-0.5,27,32,26,899.4,7,491.0,0.5142895748302854,133,1.326794896677558e-06,32,1.326794896677558e-06,34,0.1256045784940049,56,0.34191801553907547,95,350
225,-0.7441039398713608,18,-0.2588,26,34,22,899.4,7,339.0,0.28300598917094133,97,1.326794896677558e-06,27,1.326794896677558e-06,26,1.326794896677558e-06,23,0.12389601280668612,50,223
225,-0.7441039398713608,19,0.0,26,34,26,899.4,7,122.0,0.03480807104767923,33,1.326794896677558e-06,16,1.326794896677558e-06,17,1.326794896677558e-06,15,1.326794896677558e-06,16,97
225,-0.7441039398713608,20,0.2588,24,36,19,899.4,10,0.0,0.0,0,0.0,0,0.0,0,0.0,0,0.0,0,0
225,-0.7441039398713608,21,0.5,23,41,19,899.4,10,0.0,0.0,0,0.0,0,0.0,0,0.0,0,0.0,0,0
225,-0.7441039398713608,22,0.7071,22,43,11,899.4,10,0.0,0.0,0,0.0,0,0.0,0,0.0,0,0.0,0,0
225,-0.7441039398713608,23,0.866,23,38,22,899.4,10,0.0,0.0,0,0.0,0,0.0,0,0.0,0,0.0,0,0
225,-0.7441039398713608,24,0.9659,22,41,20,900.2,5,0.0,0.0,0,0.0,0,0.0,0,0.0,0,0.0,0,0
226,-0.732494071613579,1,1.0,21,43,20,900.2,10,0.0,0.0,0,0.0,0,0.0,0,0.0,0,0.0,0,0
226,-0.732494071613579,2,0.9659,20,49,20,900.2,10,0.0,0.0,0,0.0,0,0.0,0,0.0,0,0.0,0,0
226,-0.732494071613579,3,0.866,19,56,19,900.2,10,0.0,0.0,0,0.0,0,0.0,0,0.0,0,0.0,0,0
226,-0.732494071613579,4,0.7071,18,64,20,900.2,10,0.0,0.0,0,0.0,0,0.0,0,0.0,0,0.0,0,0
226,-0.732494071613579,5,0.5,17,63,19,900.2,10,0.0,0.0,0,0.0,0,0.0,0,0.0,0,0.0,0,0
226,-0.732494071613579,6,0.2588,17,63,19,900.2,7,0.0,0.0,0,0.0,0,0.0,0,0.0,0,0.0,0,0
226,-0.732494071613579,7,0.0,17,68,19,901.1,10,0.0,0.0,0,0.0,0,0.0,0,0.0,0,0.0,0,0
226,-0.732494071613579,8,-0.2588,18,64,22,901.1,10,221.0,0.2826022212165755,26,0.14159208702837764,17,0.21957908654934444,18,0.2826022212165755,18,0.32636657198403846,19,98
226,-0.732494071613579,9,-0.5,19,56,22,901.1,10,439.0,0.5142148863877051,90,0.35851181665655285,60,0.4517565363140006,29,0.5142148863877051,33,0.5416304386489893,31,243
226,-0.732494071613579,10,-0.7071,20,56,22,901.1,10,629.0,0.713105156644107,154,0.5447849769912072,120,0.6511317960610683,122,0.713105156644107,153,0.7264816827160281,160,709
226,-0.732494071613579,11,-0.866,22,46,22,900.2,10,784.0,0.8657190101993654,201,0.687717381666375,168,0.8041177941861379,197,0.8657190101993654,210,0.8683230152750505,212,988
226,-0.732494071613579,12,-0.9659,23,44,26,900.2,7,787.0,0.9616560817984008,186,0.7775684401387716,161,0.9002888052930841,186,0.9616560817984008,188,0.9574881981017221,188,909
226,-0.732494071613579,13,-1.0,24,36,31,900.2,10,280.0,0.9943784290938892,205,0.8082149617082587,180,0.93309094494332,207,0.9943784290938892,200,0.9879007804128284,196,988
226,-0.732494071613579,14,-0.9659,25,34,26,899.4,10,814.0,0.9616560817984008,227,0.7775684401387716,200,0.9002888052930841,229,0.9616560817984008,228,0.9574881981017221,224,1108
226,-0.732494071613579,15,-0.866,25,34,26,899.4,10,846.0,0.8657190101993654,215,0.687717381666375,187,0.8041177941861379,213,0.8657190101993654,217,0.8683230152750505,215,1047
226,-0.732494071613579,16,-0.7071,26,32,24,899.4,10,624.0,0.713105156644107,166,0.5447849769912071,140,0.6511317960610682,162,0.713105156644107,166,0.7264816827160279,166,800
226,-0.732494071613579,17,-0.5,25,34,26,898.5,10,434.0,0.5142148863877051,126,0.35851181665655285,103,0.4517565363140006,121,0.5142148863877051,124,0.5416304386489893,126,600
226,-0.732494071613579,18,-0.2588,26,32,28,898.5,10,303.0,0.2826022212165753,93,0.14159208702837697,64,0.219579086549344,80,0.2826022212165753,86,0.32636657198403846,90,413
226,-0.732494071613579,19,0.0,25,34,26,898.5,10,118.0,0.034051157085796147,34,1.326794896677558e-06,19,1.326794896677558e-06,25,0.034051157085796147,30,0.09535993989477538,35,143
226,-0.732494071613579,20,0.2588,23,38,11,898.5,10,0.0,0.0,0,0.0,0,0.0,0,0.0,0,0.0,0,0
226,-0.732494071613579,21,0.5,21,43,11,898.5,10,0.0,0.0,0,0.0,0,0.0,0,0.0,0,0.0,0,0
226,-0.732494071613579,22,0.7071,21,40,11,899.4,10,0.0,0.0,0,0.0,0,0.0,0,0.0,0,0.0,0,0
226,-0.732494071613579,23,0.866,21,49,28,899.4,10,0.0,0.0,0,0.0,0,0.0,0,0.0,0,0.0,0,0
226,-0.732494071613579,24,0.9659,18,59,11,899.4,10,0.0,0.0,0,0.0,0,0.0,0,0.0,0,0.0,0,0
227,-0.7206671495538615,1,1.0,18,59,19,899.4,10,0.0,0.0,0,0.0,0,0.0,0,0.0,0,0.0,0,0
227,-0.7206671495538615,2,0.9659,18,59,15,899.4,10,0.0,0.0,0,0.0,0,0.0,0,0.0,0,0.0,0,0
227,-0.7206671495538615,3,0.866,17,63,15,898.5,10,0.0,0.0,0,0.0,0,0.0,0,0.0,0,0.0,0,0
227,-0.7206671495538615,4,0.7071,16,68,24,898.5,10,0.0,0.0,0,0.0,0,0.0,0,0.0,0,0.0,0,0
227,-0.7206671495538615,5,0.5,15,72,26,899.4,10,0.0,0.0,0,0.0,0,0.0,0,0.0,0,0.0,0,0
227,-0.7206671495538615,6,0.2588,15,72,22,899.4,10,0.0,0.0,0,0.0,0,0.0,0,0.0,0,0.0,0,0
227,-0.7206671495538615,7,0.0,15,67,19,899.4,10,0.0,0.0,0,0.0,0,0.0,0,0.0,0,0.0,0,0
227,-0.7206671495538615,8,-0.2588,17,59,24,899.4,10,239.0,0.2821841765302505,25,0.1439762680149102,15,0.22059683347280332,15,0.2821841765302505,15,0.32454122488055753,16,86
227,-0.7206671495538615,9,-0.5,18,56,24,900.2,10,448.0,0.5141228334411237,91,0.3612013086705024,60,0.4531010695983389,26,0.5141228334411237,29,0.5401080728266588,27,233
227,-0.7206671495538615,10,-0.7071,20,49,22,899.4,10,636.0,0.7132930390506546,155,0.5477366455162117,122,0.6527569470942154,123,0.7132930390506546,154,0.7252194927003458,161,715
227,-0.7206671495538615,11,-0.866,21,49,19,899.4,10,787.0,0.8661216945073421,219,0.6908702252954734,185,0.8059582707597995,217,0.8661216945073421,229,0.8672604651184173,232,1082
227,-0.7206671495538615,12,-0.9659,22,43,19,899.4,10,870.0,0.9621937962075197,201,0.7808477477212359,174,0.9022646411479374,200,0.9621937962075197,205,0.9565511467844553,203,983
227,-0.7206671495538615,13,-1.0,24,38,28,898.5,10,906.0,0.9949621997528207,241,0.8115374037894355,212,0.9351129493262359,243,0.9949621997528207,244,0.9870065344089182,240,1180
227,-0.7206671495538615,14,-0.9659,25,34,22,898.5,10,916.0,0.9621937962075197,249,0.7808477477212359,217,0.9022646411479374,248,0.9621937962075197,252,0.9565511467844553,248,1214
227,-0.7206671495538615,15,-0.866,26,30,30,897.6,10,843.0,0.8661216945073421,233,0.6908702252954734,202,0.8059582707597995,231,0.8661216945073421,237,0.8672604651184173,233,1136
227,-0.7206671495538615,16,-0.7071,26,26,26,897.6,10,716.0,0.7132930390506546,205,0.5477366455162117,172,0.6527569470942154,200,0.7132930390506546,204,0.7252194927003458,202,983
227,-0.7206671495538615,17,-0.5,26,24,24,897.6,10,544.0,0.5141228334411237,162,0.3612013086705024,128,0.4531010695983391,152,0.5141228334411237,157,0.5401080728266588,158,757
227,-0.7206671495538615,18,-0.2588,26,23,30,897.6,10,345.0,0.2821841765302505,101,0.1439762680149102,69,0.22059683347280332,83,0.2821841765302505,93,0.324541224880558,98,444
227,-0.7206671495538615,19,0.0,25,24,24,897.6,10,120.0,0.03328327997985827,34,1.326794896677558e-06,19,1.326794896677558e-06,26,0.03328327997985827,29,0.0932094536043447,35,143
227,-0.7206671495538615,20,0.2588,23,29,9,897.6,10,0.0,0.0,0,0.0,0,0.0,0,0.0,0,0.0,0,0
227,-0.7206671495538615,21,0.5,21,35,7,898.5,10,0.0,0.0,0,0.0,0,0.0,0,0.0,0,0.0,0,0
227,-0.7206671495538615,22,0.7071,20,37,11,898.5,10,0.0,0.0,0,0.0,0,0.0,0,0.0,0,0.0,0,0
227,-0.7206671495538615,23,0.866,20,37,13,898.5,10,0.0,0.0,0,0.0,0,0.0,0,0.0,0,0.0,0,0
227,-0.7206671495538615,24,0.9659,19,43,15,898.5,10,0.0,0.0,0,0.0,0,0.0,0,0.0,0,0.0,0,0
228,-0.70862667826446,1,1.0,18,42,9,898.5,10,0.0,0.0,0,0.0,0,0.0,0,0.0,0,0.0,0,0
228,-0.70862667826446,2,0.9659,18,42,13,898.5,10,0.0,0.0,0,0.0,0,0.0,0,0.0,0,0.0,0,0
228,-0.70862667826446,3,0.866,17,55,9,898.5,10,0.0,0.0,0,0.0,0,0.0,0,0.0,0,0.0,0,0
228,-0.70862667826446,4,0.7071,16,55,11,898.5,10,0.0,0.0,0,0.0,0,0.0,0,0.0,0,0.0,0,0
228,-0.70862667826446,5,0.5,15,59,6,898.5,10,0.0,0.0,0,0.0,0,0.0,0,0.0,0,0.0,0,0
228,-0.70862667826446,6,0.2588,16,55,9,898.5,10,0.0,0.0,0,0.0,0,0.0,0,0.0,0,0.0,0,0
228,-0.70862667826446,7,0.0,16,59,11,899.4,10,0.0,0.0,0,0.0,0,0.0,0,0.0,0,0.0,0,0
228,-0.70862667826446,8,-0.2588,19,52,17,899.4,10,242.0,0.28175164635391214,25,0.1463857493530352,14,0.221620178581361,15,0.28175164635391214,14,0.3226822957719585,16,84
228,-0.70862667826446,9,-0.5,20,49,20,899.4,10,457.0,0.5140128161587144,91,0.3639128428710961,61,0.4544477137341198,23,0.5140128161587144,27,0.5385488917185572,49,251
228,-0.70862667826446,10,-0.7071,21,46,15,900.2,10,649.0,0.7134599697691241,154,0.5507075583798844,122,0.6543812143386742,123,0.7134599697691241,152,0.7239177109174582,180,731
228,-0.70862667826446,11,-0.866,22,43,13,900.2,10,800.0,0.8665011348514539,198,0.6940401663997976,168,0.8077955656771573,197,0.8665011348514539,207,0.8661561927253016,217,987
228,-0.70862667826446,12,-0.9659,24,36,9,899.4,10,895.0,0.9627068256680656,227,0.7841428032044537,199,0.9042358508467361,228,0.9627068256680656,236,0.9555710339616919,238,1128
228,-0.70862667826446,13,-1.0,24,34,17,899.4,10,443.0,0.9955207939701454,241,0.8148751334566944,214,0.9371298348611671,245,0.9955207939701454,249,0.9860687700997866,248,1197
228,-0.70862667826446,14,-0.9659,25,32,17,898.5,10,922.0,0.9627068256680656,243,0.7841428032044537,215,0.9042358508467361,245,0.9627068256680656,248,0.9555710339616919,242,1193
228,-0.70862667826446,15,-0.866,26,30,17,898.5,10,849.0,0.8665011348514539,228,0.6940401663997976,200,0.8077955656771573,229,0.8665011348514539,232,0.8661561927253016,222,1111
228,-0.70862667826446,16,-0.7071,26,26,15,897.6,10,716.0,0.7134599697691241,201,0.5507075583798844,171,0.6543812143386745,198,0.7134599697691241,200,0.7239177109174582,189,959
228,-0.70862667826446,17,-0.5,27,26,15,897.6,10,543.0,0.5140128161587144,159,0.3639128428710961,127,0.4544477137341198,150,0.5140128161587144,155,0.5385488917185572,143,734
228,-0.70862667826446,18,-0.2588,26,26,15,897.6,10,342.0,0.28175164635391214,99,0.1463857493530352,68,0.22162017858136054,85,0.28175164635391214,92,0.3226822957719585,80,424
228,-0.70862667826446,19,0.0,26,28,15,897.6,10,115.0,0.032504650645850834,33,1.326794896677558e-06,19,1.326794896677558e-06,25,0.032504650645850834,29,0.09102885504526619,22,128
228,-0.70862667826446,20,0.2588,24,31,9,897.6,10,0.0,0.0,0,0.0,0,0.0,0,0.0,0,0.0,0,0
228,-0.70862667826446,21,0.5,21,40,6,898.5,10,0.0,0.0,0,0.0,0,0.0,0,0.0,0,0.0,0,0
228,-0.70862667826446,22,0.7071,20,40,7,898.5,10,0.0,0.0,0,0.0,0,0.0,0,0.0,0,0.0,0,0
228,-0.70862667826446,23,0.866,20,43,11,898.5,10,0.0,0.0,0,0.0,0,0.0,0,0.0,0,0.0,0,0
228,-0.70862667826446,24,0.9659,20,43,13,898.5,10,0.0,0.0,0,0.0,0,0.0,0,0.0,0,0.0,0,0
229,-0.6963762255968726,1,1.0,19,43,11,898.5,10,0.0,0.0,0,0.0,0,0.0,0,0.0,0,0.0,0,0
229,-0.6963762255968726,2,0.9659,20,40,13,897.6,10,0.0,0.0,0,0.0,0,0.0,0,0.0,0,0.0,0,0
229,-0.6963762255968726,3,0.866,18,42,13,897.6,10,0.0,0.0,0,0.0,0,0.0,0,0.0,0,0.0,0,0
229,-0.6963762255968726,4,0.7071,18,45,9,897.6,10,0.0,0.0,0,0.0,0,0.0,0,0.0,0,0.0,0,0
229,-0.6963762255968726,5,0.5,18,45,17,897.6,10,0.0,0.0,0,0.0,0,0.0,0,0.0,0,0.0,0,0
229,-0.6963762255968726,6,0.2588,18,45,15,897.6,10,0.0,0.0,0,0.0,0,0.0,0,0.0,0,0.0,0,0
229,-0.6963762255968726,7,0.0,18,49,13,897.6,10,0.0,0.0,0,0.0,0,0.0,0,0.0,0,0.0,0,0
229,-0.6963762255968726,8,-0.2588,22,41,9,897.6,10,241.0,0.28130443140300493,24,0.2905955791991882,31,0.33840814334538144,15,0.36315884487174344,24,0.363160965978652,24,118
229,-0.6963762255968726,9,-0.5,23,38,7,897.6,10,455.0,0.5138842478296687,89,0.49188613186416397,92,0.5580543537012533,49,0.5861921915819772,89,0.5743821008303769,89,408
229,-0.6963762255968726,10,-0.7071,25,34,9,898.5,10,645.0,0.7136050293983385,150,0.6540275300168522,151,0.7379235580995117,169,0.771531418066875,150,0.7525607932218186,150,770
229,-0.6963762255968726,11,-0.866,25,34,9,897.6,10,795.0,0.866856156548278,192,0.7659701241392877,185,0.8657579881367147,209,0.9065459824747539,192,0.8855544772211214,192,970
229,-0.6963762255968726,12,-0.9659,27,30,13,897.6,10,893.0,0.963193835019505,222,0.8200852244230777,207,0.9328459533280349,234,0.982034880175035,222,0.9642998664799688,222,1107
229,-0.6963762255968726,13,-1.0,28,26,9,897.6,10,937.0,0.9960528218495792,235,0.8126849824904571,214,0.9346155274115729,242,0.9928536758614264,235,0.9834306009249818,235,1161
229,-0.6963762255968726,14,-0.9659,28,28,11,896.7,10,918.0,0.963193835019505,236,0.7442737117413027,206,0.8709461170409479,235,0.938265087681323,236,0.9416429545912851,236,1149
229,-0.6963762255968726,15,-0.866,29,25,15,896.7,10,844.0,0.8668561565482779,221,0.6195135192864962,183,0.7461766800086761,214,0.8219892316851907,221,0.8417846822162125,221,1060
229,-0.6963762255968726,16,-0.7071,29,23,13,895.8,10,713.0,0.7136050293983385,198,0.44690659159090607,148,0.5688100329429068,177,0.651950102523344,198,0.690660949846519,198,919
229,-0.6963762255968726,17,-0.5,29,23,17,895.8,10,540.0,0.5138842478296689,157,0.23821578550075204,95,0.35093339938700735,122,0.4397355672943108,157,0.49857057496396445,157,688
229,-0.6963762255968726,18,-0.2588,29,23,20,894.9,10,338.0,0.2813044314030051,98,0.007663010360436992,38,0.1073946868907431,57,0.19980767304293048,98,0.27860418060045655,98,389
229,-0.6963762255968726,19,0.0,28,26,17,894.9,10,110.0,0.031715485558990925,27,1.326794896677558e-06,13,1.326794896677558e-06,15,1.326794896677558e-06,27,0.04575209312199699,27,109
229,-0.6963762255968726,20,0.2588,26,28,11,894.9,10,0.0,0.0,0,0.0,0,0.0,0,0.0,0,0.0,0,0
229,-0.6963762255968726,21,0.5,24,34,6,895.8,10,0.0,0.0,0,0.0,0,0.0,0,0.0,0,0.0,0,0
229,-0.6963762255968726,22,0.7071,22,38,9,895.8,10,0.0,0.0,0,0.0,0,0.0,0,0.0,0,0.0,0,0
229,-0.6963762255968726,23,0.866,21,40,7,895.8,10,0.0,0.0,0,0.0,0,0.0,0,0.0,0,0.0,0,0
229,-0.6963762255968726,24,0.9659,21,40,11,894.9,10,0.0,0.0,0,0.0,0,0.0,0,0.0,0,0.0,0,0
230,-0.6839194216246105,1,1.0,21,40,9,894.9,10,0.0,0.0,0,0.0,0,0.0,0,0.0,0,0.0,0,0
230,-0.6839194216246105,2,0.9659,20,43,9,894.1,10,0.0,0.0,0,0.0,0,0.0,0,0.0,0,0.0,0,0
230,-0.6839194216246105,3,0.866,18,45,2,894.1,10,0.0,0.0,0,0.0,0,0.0,0,0.0,0,0.0,0,0
230,-0.6839194216246105,4,0.7071,19,43,4,894.1,10,0.0,0.0,0,0.0,0,0.0,0,0.0,0,0.0,0,0
230,-0.6839194216246105,5,0.5,16,52,4,894.1,10,0.0,0.0,0,0.0,0,0.0,0,0.0,0,0.0,0,0
230,-0.6839194216246105,6,0.2588,17,48,6,894.1,10,0.0,0.0,0,0.0,0,0.0,0,0.0,0,0.0,0,0
230,-0.6839194216246105,7,0.0,20,40,6,894.1,10,0.0,0.0,0,0.0,0,0.0,0,0.0,0,0.0,0,0
230,-0.6839194216246105,8,-0.2588,22,38,2,894.9,10,234.0,0.28084234236168837,23,0.29318189976482417,31,0.33954632611772045,15,0.36277132469868195,14,0.36127415174312666,14,97
230,-0.6839194216246105,9,-0.5,26,30,20,894.9,10,445.0,0.5137365558430049,84,0.4947445527061778,84,0.5594894498255923,50,0.5861061637074968,55,0.5727808116290881,37,310
230,-0.6839194216246105,10,-0.7071,27,28,19,894.1,10,636.0,0.7137273161844173,149,0.6571051301675486,149,0.7396017978087736,167,0.7716959282442516,173,0.7512003627893157,168,806
230,-0.6839194216246105,11,-0.866,28,26,13,894.1,10,786.0,0.8671856052837523,209,0.7691990459285647,201,0.8676090318635387,227,0.906893002762068,230,0.8843738252391646,221,1088
230,-0.6839194216246105,12,-0.9659,29,22,11,894.1,10,888.0,0.9636535111818293,203,0.8233872978665842,190,0.9347876852194618,214,0.9824839449072057,215,0.9632256610764655,210,1032
230,-0.6839194216246105,13,-1.0,30,20,6,894.1,10,931.0,0.996556916159009,231,0.815977054353858,211,0.9365596529383414,238,0.9933173663374517,239,0.9823822566688823,235,1154
230,-0.6839194216246105,14,-0.9659,31,19,7,893.2,10,908.0,0.9636535111818293,232,0.7474733047771535,203,0.8728041739762913,233,0.9386549852474774,235,0.9405381219890194,231,1134
230,-0.6839194216246105,15,-0.866,30,19,7,893.2,10,832.0,0.8671856052837523,219,0.6225444641267586,182,0.7478660761225919,211,0.8222219497730657,215,0.8405448630217055,213,1040
230,-0.6839194216246105,16,-0.7071,31,18,11,892.3,10,702.0,0.7137273161844171,195,0.4497042100463943,146,0.5702596683789771,174,0.6519529649496169,182,0.6892168443192394,185,882
230,-0.6839194216246105,17,-0.5,31,17,15,892.3,10,525.0,0.5137365558430051,152,0.24073130018510222,95,0.3520885135501297,121,0.4394515621068897,131,0.49686680508025605,139,638
230,-0.6839194216246105,18,-0.2588,31,17,11,892.3,10,327.0,0.28084234236168837,95,0.009866868794041153,38,0.10822059028059824,55,0.199199337769493,69,0.2766030639495831,81,338
230,-0.6839194216246105,19,0.0,30,15,15,891.4,10,108.0,0.030916006729976058,31,1.326794896677558e-06,14,1.326794896677558e-06,16,1.326794896677558e-06,17,0.04343621087159291,25,103
230,-0.6839194216246105,20,0.2588,27,20,7,892.3,10,0.0,0.0,0,0.0,0,0.0,0,0.0,0,0.0,0,0
230,-0.6839194216246105,21,0.5,26,23,4,892.3,10,0.0,0.0,0,0.0,0,0.0,0,0.0,0,0.0,0,0
230,-0.6839194216246105,22,0.7071,22,29,6,892.3,10,0.0,0.0,0,0.0,0,0.0,0,0.0,0,0.0,0,0
230,-0.6839194216246105,23,0.866,22,29,6,892.3,10,0.0,0.0,0,0.0,0,0.0,0,0.0,0,0.0,0,0
230,-0.6839194216246105,24,0.9659,22,29,9,892.3,10,0.0,0.0,0,0.0,0,0.0,0,0.0,0,0.0,0,0
231,-0.6712599575675315,1,1.0,22,27,11,892.3,10,0.0,0.0,0,0.0,0,0.0,0,0.0,0,0.0,0,0
231,-0.6712599575675315,2,0.9659,24,27,20,892.3,10,0.0,0.0,0,0.0,0,0.0,0,0.0,0,0.0,0,0
231,-0.6712599575675315,3,0.866,22,33,17,892.3,10,0.0,0.0,0,0.0,0,0.0,0,0.0,0,0.0,0,0
231,-0.6712599575675315,4,0.7071,23,31,22,892.3,10,0.0,0.0,0,0.0,0,0.0,0,0.0,0,0.0,0,0
231,-0.6712599575675315,5,0.5,22,35,19,892.3,10,0.0,0.0,0,0.0,0,0.0,0,0.0,0,0.0,0,0
231,-0.6712599575675315,6,0.2588,23,33,19,892.3,10,0.0,0.0,0,0.0,0,0.0,0,0.0,0,0.0,0,0
231,-0.6712599575675315,7,0.0,22,35,9,893.2,10,0.0,0.0,0,0.0,0,0.0,0,0.0,0,0.0,0,0
231,-0.6712599575675315,8,-0.2588,23,33,11,893.2,10,221.0,0.28036520036703083,29,0.2957870590116596,35,0.3406854157231607,21,0.3623667177083205,20,0.35935342147405275,19,124
231,-0.6712599575675315,9,-0.5,24,34,11,893.2,10,430.0,0.5135691826526255,81,0.497617806617218,81,0.5609210819028722,51,0.585998610736563,55,0.5711414031777243,38,306
231,-0.6712599575675315,10,-0.7071,28,25,4,893.2,10,619.0,0.7138259473987545,145,0.6601943368304415,147,0.741272994139338,164,0.7718352251447202,169,0.7497982674210375,164,789
231,-0.6712599575675315,11,-0.866,30,19,26,893.2,10,770.0,0.867488348808008,193,0.772437346612069,186,0.8694504883532842,210,0.9072121230337402,213,0.883148861799303,207,1009
231,-0.6712599575675315,12,-0.9659,29,23,30,893.2,10,866.0,0.9640845650495634,224,0.8266976733330675,208,0.936718494847908,234,0.9829036074232379,238,0.962105577212617,232,1136
231,-0.6712599575675315,13,-1.0,30,25,28,893.2,10,911.0,0.9970317342924365,260,0.8192775730482231,235,0.9384928189844146,266,0.9937514378904699,269,0.9812876525248415,263,1293
231,-0.6712599575675315,14,-0.9659,30,23,28,893.2,10,892.0,0.9640845650495634,221,0.7506827084581355,192,0.8746525404326925,218,0.9390163515997998,223,0.9393878617900976,219,1073
231,-0.6712599575675315,15,-0.866,30,23,28,893.2,10,813.0,0.867488348808008,226,0.625587702295853,187,0.7495482646237007,217,0.822428450492639,222,0.8392616033710633,220,1072
231,-0.6712599575675315,16,-0.7071,31,22,26,892.3,10,681.0,0.7138259473987545,198,0.4525175566480579,149,0.5717056257338785,176,0.6519329937219003,184,0.6877323056387056,186,893
231,-0.6712599575675315,17,-0.5,31,19,24,892.3,10,510.0,0.5135691826526255,153,0.24326669589058916,96,0.3532442852982657,120,0.43914894625439077,131,0.4951264245657753,139,639
231,-0.6712599575675315,18,-0.2588,30,20,22,893.2,10,313.0,0.28036520036703044,93,0.01209519617138853,41,0.109051997588822,58,0.19857716630518635,69,0.27456971391123214,80,341
231,-0.6712599575675315,19,0.0,29,20,19,893.2,10,104.0,0.03010644167315614,32,1.326794896677558e-06,14,1.326794896677558e-06,16,1.326794896677558e-06,18,0.04109272889537018,25,105
231,-0.6712599575675315,20,0.2588,26,21,11,894.1,10,0.0,0.0,0,0.0,0,0.0,0,0.0,0,0.0,0,0
231,-0.6712599575675315,21,0.5,25,22,17,894.1,10,0.0,0.0,0,0.0,0,0.0,0,0.0,0,0.0,0,0
231,-0.6712599575675315,22,0.7071,24,34,20,894.9,10,0.0,0.0,0,0.0,0,0.0,0,0.0,0,0.0,0,0
231,-0.6712599575675315,23,0.866,23,44,22,894.9,10,0.0,0.0,0,0.0,0,0.0,0,0.0,0,0.0,0,0
231,-0.6712599575675315,24,0.9659,23,44,26,894.9,10,0.0,0.0,0,0.0,0,0.0,0,0.0,0,0.0,0,0
232,-0.6584015846980489,1,1.0,22,46,22,895.8,10,0.0,0.0,0,0.0,0,0.0,0,0.0,0,0.0,0,0
232,-0.6584015846980489,2,0.9659,22,46,24,895.8,10,0.0,0.0,0,0.0,0,0.0,0,0.0,0,0.0,0,0
232,-0.6584015846980489,3,0.866,21,49,22,895.8,10,0.0,0.0,0,0.0,0,0.0,0,0.0,0,0.0,0,0
232,-0.6584015846980489,4,0.7071,20,52,20,895.8,10,0.0,0.0,0,0.0,0,0.0,0,0.0,0,0.0,0,0
232,-0.6584015846980489,5,0.5,20,52,24,895.8,10,0.0,0.0,0,0.0,0,0.0,0,0.0,0,0.0,0,0
232,-0.6584015846980489,6,0.2588,18,59,15,895.8,10,0.0,0.0,0,0.0,0,0.0,0,0.0,0,0.0,0,0
232,-0.6584015846980489,7,0.0,19,56,19,895.8,10,0.0,0.0,0,0.0,0,0.0,0,0.0,0,0.0,0,0
232,-0.6584015846980489,8,-0.2588,21,49,22,896.7,10,214.0,0.27987283748133207,24,0.43648614336679104,46,0.45456345681552857,19,0.44166311886152065,18,0.39866426523986476,18,125
232,-0.6584015846980489,9,-0.5,23,44,24,896.7,10,426.0,0.5133815867270738,89,0.6186611246405633,124,0.6588227113576711,110,0.654086721548364,98,0.6047759046447421,78,499
232,-0.6584015846980489,10,-0.7071,24,44,24,896.7,10,615.0,0.713900060697761,150,0.7539181070631485,174,0.8169305248467486,190,0.824270584492387,189,0.7754380738387668,179,882
232,-0.6584015846980489,11,-0.866,25,41,26,896.7,10,766.0,0.8677632786096958,197,0.8330395664680841,205,0.9181121291765798,226,0.9406169772383334,226,0.8990204449600628,215,1069
232,-0.6584015846980489,12,-0.9659,25,39,26,896.7,10,866.0,0.9644857333638561,224,0.8506335153117602,218,0.9554721768088892,243,0.995197098177772,243,0.9671010962141653,235,1163
232,-0.6584015846980489,13,-1.0,26,36,19,896.7,10,908.0,0.9974759602095219,237,0.8055009570926155,216,0.9264646465167506,244,0.9842914082864069,246,0.9750404507376399,242,1185
232,-0.6584015846980489,14,-0.9659,28,32,15,896.7,10,887.0,0.9644857333638561,233,0.7007175958432849,199,0.8330663502301214,227,0.9086431111039904,231,0.9222974554613086,229,1119
232,-0.6584015846980489,15,-0.866,28,32,19,895.8,10,805.0,0.8677632786096958,219,0.5434242323377113,168,0.6816422167975822,198,0.7734075047324739,206,0.8124664529098613,208,999
232,-0.6584015846980489,16,-0.7071,29,30,11,895.8,10,642.0,0.7139000606977609,176,0.3443401311426328,115,0.4825115333385988,144,0.5878006574263889,154,0.6530322331864993,161,750
232,-0.6584015846980489,17,-0.5,29,30,11,895.8,10,489.0,0.5133815867270738,150,0.11703252169304992,70,0.24924470407459362,96,0.36447134893051003,114,0.45485995894095127,129,559
232,-0.6584015846980489,18,-0.2588,29,30,17,894.9,10,305.0,0.27987283748133246,87,1.326794896677558e-06,28,1.326794896677558e-06,39,0.11863907869715969,51,0.231454724096799,65,270
232,-0.6584015846980489,19,0.0,28,28,19,895.8,10,97.0,0.029287023366502307,30,1.326794896677558e-06,14,1.326794896677558e-06,16,1.326794896677558e-06,14,1.326794896677558e-06,20,94
232,-0.6584015846980489,20,0.2588,26,32,15,895.8,10,0.0,0.0,0,0.0,0,0.0,0,0.0,0,0.0,0,0
232,-0.6584015846980489,21,0.5,25,32,20,896.7,10,0.0,0.0,0,0.0,0,0.0,0,0.0,0,0.0,0,0
232,-0.6584015846980489,22,0.7071,25,32,22,896.7,10,0.0,0.0,0,0.0,0,0.0,0,0.0,0,0.0,0,0
232,-0.6584015846980489,23,0.866,24,34,19,897.6,10,0.0,0.0,0,0.0,0,0.0,0,0.0,0,0.0,0,0
232,-0.6584015846980489,24,0.9659,23,36,11,897.6,10,0.0,0.0,0,0.0,0,0.0,0,0.0,0,0.0,0,0
233,-0.64534811322955,1,1.0,21,40,9,897.6,10,0.0,0.0,0,0.0,0,0.0,0,0.0,0,0.0,0,0
233,-0.64534811322955,2,0.9659,22,41,28,897.6,10,0.0,0.0,0,0.0,0,0.0,0,0.0,0,0.0,0,0
233,-0.64534811322955,3,0.866,21,46,15,897.6,10,0.0,0.0,0,0.0,0,0.0,0,0.0,0,0.0,0,0
233,-0.64534811322955,4,0.7071,20,49,15,897.6,10,0.0,0.0,0,0.0,0,0.0,0,0.0,0,0.0,0,0
233,-0.64534811322955,5,0.5,18,56,9,897.6,10,0.0,0.0,0,0.0,0,0.0,0,0.0,0,0.0,0,0
233,-0.64534811322955,6,0.2588,18,59,17,897.6,10,0.0,0.0,0,0.0,0,0.0,0,0.0,0,0.0,0,0
233,-0.64534811322955,7,0.0,18,59,22,897.6,10,0.0,0.0,0,0.0,0,0.0,0,0.0,0,0.0,0,0
233,-0.64534811322955,8,-0.2588,21,49,19,897.6,10,218.0,0.2793650971517496,23,0.43911147356653796,47,0.4556907101633296,17,0.4412154749374876,17,0.39667223015023584,16,120
233,-0.64534811322955,9,-0.5,21,53,26,898.5,10,432.0,0.5131732434824686,89,0.6215200330415617,127,0.6602118588083876,114,0.6539114400257445,98,0.6030481392269853,78,506
233,-0.64534811322955,10,-0.7071,23,47,22,898.5,10,621.0,0.7139488154622338,150,0.7569504371107287,175,0.8185223926243815,190,0.8243135069634235,189,0.7739291258664456,179,883
233,-0.64534811322955,11,-0.866,25,41,19,898.5,10,771.0,0.8680093115672315,194,0.8361733432148067,203,0.919833728478247,224,0.9408090751059128,222,0.897669950229484,212,1055
233,-0.64534811322955,12,-0.9659,26,39,11,898.5,10,874.0,0.9648557805597706,221,0.8537898503894631,216,0.9572416778602577,240,0.9954591768209746,239,0.9658378922414116,231,1147
233,-0.64534811322955,13,-1.0,27,34,9,897.6,10,918.0,0.9978883063497433,234,0.8085994267750635,215,0.9281969567201326,241,0.9845395051530138,241,0.9737874269260698,236,1167
233,-0.64534811322955,14,-0.9659,29,28,7,897.6,10,902.0,0.9648557805597706,234,0.7036817141042264,200,0.8346789068003622,230,0.9087942131664282,233,0.9209768057438585,229,1126
233,-0.64534811322955,15,-0.866,30,23,7,896.7,10,831.0,0.8680093115672317,222,0.5461866747016402,171,0.6830606226229566,202,0.7733852122854225,209,0.8110049815066123,211,1015
233,-0.64534811322955,16,-0.7071,30,23,13,896.7,10,698.0,0.7139488154622338,195,0.3468473150534635,125,0.4836746207374124,158,0.5875403861465759,171,0.6513663404582656,180,829
233,-0.64534811322955,17,-0.5,30,20,17,896.7,10,515.0,0.5131732434824686,153,0.11924826003375603,68,0.2501087048561854,96,0.36392473229974576,114,0.4529399761603634,130,561
233,-0.64534811322955,18,-0.2588,29,20,17,895.8,10,314.0,0.2793650971517496,94,1.326794896677558e-06,23,1.326794896677558e-06,35,0.11777726407689783,51,0.2292482982642075,70,273
233,-0.64534811322955,19,0.0,29,23,17,896.7,10,94.0,0.028457990203311374,31,1.326794896677558e-06,13,1.326794896677558e-06,13,1.326794896677558e-06,12,1.326794896677558e-06,18,87
233,-0.64534811322955,20,0.2588,26,26,11,896.7,10,0.0,0.0,0,0.0,0,0.0,0,0.0,0,0.0,0,0
233,-0.64534811322955,21,0.5,24,31,7,896.7,10,0.0,0.0,0,0.0,0,0.0,0,0.0,0,0.0,0,0
233,-0.64534811322955,22,0.7071,23,31,7,896.7,10,0.0,0.0,0,0.0,0,0.0,0,0.0,0,0.0,0,0
233,-0.64534811322955,23,0.866,22,31,7,896.7,10,0.0,0.0,0,0.0,0,0.0,0,0.0,0,0.0,0,0
233,-0.64534811322955,24,0.9659,22,33,11,896.7,10,0.0,0.0,0,0.0,0,0.0,0,0.0,0,0.0,0,0
234,-0.6321034111873488,1,1.0,22,33,13,896.7,10,0.0,0.0,0,0.0,0,0.0,0,0.0,0,0.0,0,0
234,-0.6321034111873488,2,0.9659,21,35,11,896.7,10,0.0,0.0,0,0.0,0,0.0,0,0.0,0,0.0,0,0
234,-0.6321034111873488,3,0.866,21,35,15,896.7,10,0.0,0.0,0,0.0,0,0.0,0,0.0,0,0.0,0,0
234,-0.6321034111873488,4,0.7071,20,37,17,896.7,10,0.0,0.0,0,0.0,0,0.0,0,0.0,0,0.0,0,0
234,-0.6321034111873488,5,0.5,20,40,15,896.7,10,0.0,0.0,0,0.0,0,0.0,0,0.0,0,0.0,0,0
234,-0.6321034111873488,6,0.2588,19,49,17,896.7,10,0.0,0.0,0,0.0,0,0.0,0,0.0,0,0.0,0,0
234,-0.6321034111873488,7,0.0,19,49,19,896.7,10,0.0,0.0,0,0.0,0,0.0,0,0.0,0,0.0,0,0
234,-0.6321034111873488,8,-0.2588,21,46,20,897.6,10,218.0,0.27884183465641355,23,0.4417467139361586,46,0.4568122412498845,16,0.4407468662796527,15,0.3946454165607268,15,115
234,-0.6321034111873488,9,-0.5,22,46,26,897.6,10,433.0,0.5129436461970889,89,0.6243843798089802,129,0.6615902700996477,115,0.6537099794659897,100,0.6012805359475656,78,511
234,-0.6321034111873488,10,-0.7071,25,41,22,897.6,10,620.0,0.7139713941142309,152,0.7599848854060383,178,0.8200996432119835,193,0.8243260729412119,191,0.7723761508379253,180,894
234,-0.6321034111873488,11,-0.866,25,39,19,897.6,10,771.0,0.8682253915743542,196,0.839307296035095,206,0.921538226911997,226,0.9409679605576039,225,0.8962723949020568,214,1067
234,-0.6321034111873488,12,-0.9659,27,34,15,897.6,10,869.0,0.9651935005858946,223,0.8569459296665964,217,0.9589931609765948,242,0.9956867032851986,242,0.9645259565157343,233,1157
234,-0.6321034111873488,13,-1.0,28,30,11,896.7,10,901.0,0.9982675155181928,234,0.811698748032629,216,0.9299119606353459,242,0.9847533172615259,242,0.9724854763325975,237,1171
234,-0.6321034111873488,14,-0.9659,29,27,11,896.7,10,886.0,0.9651935005858946,232,0.7066492565122534,198,0.8362764500987584,227,0.9089128876666022,231,0.9196085240555131,228,1116
234,-0.6321034111873488,15,-0.866,30,23,19,895.8,10,777.0,0.8682253915743542,221,0.5489564022529722,171,0.6844677321445084,202,0.7733338118670413,209,0.8094985741222895,212,1015
234,-0.6321034111873488,16,-0.7071,30,22,19,895.8,10,674.0,0.7139713941142309,194,0.34936667101948055,125,0.4848312998408585,156,0.5872555629352771,168,0.6496594253343712,177,820
234,-0.6321034111873488,17,-0.5,30,20,19,895.8,10,500.0,0.5129436461970893,150,0.12148175009441822,69,0.25097202328265933,96,0.3633590457401842,114,0.450983835460807,127,556
234,-0.6321034111873488,18,-0.2588,30,22,22,895.8,10,298.0,0.27884183465641355,90,1.326794896677558e-06,25,1.326794896677558e-06,35,0.11690241390454194,49,0.22701119837449402,67,266
234,-0.6321034111873488,19,0.0,29,22,20,894.9,10,90.0,0.02761958593558624,29,1.326794896677558e-06,12,1.326794896677558e-06,14,1.326794896677558e-06,13,1.326794896677558e-06,18,86
234,-0.6321034111873488,20,0.2588,26,28,13,895.8,10,0.0,0.0,0,0.0,0,0.0,0,0.0,0,0.0,0,0
234,-0.6321034111873488,21,0.5,24,29,7,896.7,10,0.0,0.0,0,0.0,0,0.0,0,0.0,0,0.0,0,0
234,-0.6321034111873488,22,0.7071,23,31,9,896.7,10,0.0,0.0,0,0.0,0,0.0,0,0.0,0,0.0,0,0
234,-0.6321034111873488,23,0.866,23,29,13,896.7,10,0.0,0.0,0,0.0,0,0.0,0,0.0,0,0.0,0,0
234,-0.6321034111873488,24,0.9659,22,31,13,897.6,10,0.0,0.0,0,0.0,0,0.0,0,0.0,0,0.0,0,0
235,-0.6186714032625032,1,1.0,22,29,15,897.6,10,0.0,0.0,0,0.0,0,0.0,0,0.0,0,0.0,0,0
235,-0.6186714032625032,2,0.9659,21,31,19,897.6,10,0.0,0.0,0,0.0,0,0.0,0,0.0,0,0.0,0,0
235,-0.6186714032625032,3,0.866,21,33,20,897.6,10,0.0,0.0,0,0.0,0,0.0,0,0.0,0,0.0,0,0
235,-0.6186714032625032,4,0.7071,20,40,22,897.6,10,0.0,0.0,0,0.0,0,0.0,0,0.0,0,0.0,0,0
235,-0.6186714032625032,5,0.5,19,49,24,897.6,10,0.0,0.0,0,0.0,0,0.0,0,0.0,0,0.0,0,0
235,-0.6186714032625032,6,0.2588,19,49,22,897.6,10,0.0,0.0,0,0.0,0,0.0,0,0.0,0,0.0,0,0
235,-0.6186714032625032,7,0.0,18,52,22,897.6,10,0.0,0.0,0,0.0,0,0.0,0,0.0,0,0.0,0,0
235,-0.6186714032625032,8,-0.2588,20,52,20,898.5,10,192.0,0.278302917536224,39,0.5737400623769152,81,0.5635406488104931,62,0.514936970552596,31,0.43124128377266574,24,237
235,-0.6186714032625032,9,-0.5,21,49,26,898.5,10,397.0,0.5126923069061124,103,0.7338839234822059,155,0.7500209299807054,162,0.7150453551441331,138,0.631340723088069,112,670
235,-0.6186714032625032,10,-0.7071,23,44,28,898.5,10,589.0,0.71396700340934,161,0.8403224068018674,198,0.8847783203652696,213,0.868938163692007,197,0.7938814155605963,179,948
235,-0.6186714032625032,11,-0.866,25,36,28,897.6,10,743.0,0.8684104911374291,204,0.8858019178989097,220,0.9586293418794247,240,0.9661278724005611,231,0.9077864978471307,216,1111
235,-0.6186714032625032,12,-0.9659,26,34,24,897.6,10,846.0,0.9654977186933961,229,0.8672231085064113,223,0.9665411778811034,248,0.9999911739051152,246,0.965293538457039,235,1181
235,-0.6186714032625032,13,-1.0,27,32,22,897.6,10,889.0,0.9986123627400352,239,0.7858520916345342,213,0.9079746507249685,241,0.9682203438982033,247,0.9624835335434878,240,1180
235,-0.6186714032625032,14,-0.9659,27,32,22,897.6,10,874.0,0.9654977186933961,235,0.6472341582064236,180,0.7869209657655186,217,0.8729805084429295,231,0.8995479800066284,230,1093
235,-0.6186714032625032,15,-0.866,29,27,19,896.7,10,796.0,0.8684104911374291,217,0.4608158752820418,143,0.6116297177701032,178,0.720762094476689,201,0.7807758253221142,207,946
235,-0.6186714032625032,16,-0.7071,29,27,22,896.7,10,664.0,0.71396700340934,183,0.2393013192095912,89,0.39404669562637507,122,0.5219385187494763,155,0.6142611834422774,169,718
235,-0.6186714032625032,17,-0.5,29,25,28,895.8,10,487.0,0.5126923069061124,135,1.326794896677558e-06,39,0.14899979796618917,58,0.2900592579391246,97,0.41135173544427617,119,448
235,-0.6186714032625032,18,-0.2588,29,25,28,895.8,10,289.0,0.278302917536224,72,1.326794896677558e-06,22,1.326794896677558e-06,25,0.04092647602701075,39,0.18587540551980555,59,217
235,-0.6186714032625032,19,0.0,28,26,24,895.8,10,92.0,0.0267720596090466,19,1.326794896677558e-06,11,1.326794896677558e-06,12,1.326794896677558e-06,14,1.326794896677558e-06,18,74
235,-0.6186714032625032,20,0.2588,25,29,17,896.7,10,0.0,0.0,0,0.0,0,0.0,0,0.0,0,0.0,0,0
235,-0.6186714032625032,21,0.5,23,33,9,897.6,10,0.0,0.0,0,0.0,0,0.0,0,0.0,0,0.0,0,0
235,-0.6186714032625032,22,0.7071,22,35,13,897.6,10,0.0,0.0,0,0.0,0,0.0,0,0.0,0,0.0,0,0
235,-0.6186714032625032,23,0.866,22,35,17,897.6,10,0.0,0.0,0,0.0,0,0.0,0,0.0,0,0.0,0,0
235,-0.6186714032625032,24,0.9659,21,38,15,897.6,10,0.0,0.0,0,0.0,0,0.0,0,0.0,0,0.0,0,0
236,-0.6050560696488494,1,1.0,21,40,15,897.6,10,0.0,0.0,0,0.0,0,0.0,0,0.0,0,0.0,0,0
236,-0.6050560696488494,2,0.9659,20,46,13,897.6,10,0.0,0.0,0,0.0,0,0.0,0,0.0,0,0.0,0,0
236,-0.6050560696488494,3,0.866,19,56,9,897.6,10,0.0,0.0,0,0.0,0,0.0,0,0.0,0,0.0,0,0
236,-0.6050560696488494,4,0.7071,19,56,15,897.6,10,0.0,0.0,0,0.0,0,0.0,0,0.0,0,0.0,0,0
236,-0.6050560696488494,5,0.5,18,59,13,897.6,10,0.0,0.0,0,0.0,0,0.0,0,0.0,0,0.0,0,0
236,-0.6050560696488494,6,0.2588,17,59,9,897.6,10,0.0,0.0,0,0.0,0,0.0,0,0.0,0,0.0,0,0
236,-0.6050560696488494,7,0.0,18,59,15,897.6,10,0.0,0.0,0,0.0,0,0.0,0,0.0,0,0.0,0,0
236,-0.6050560696488494,8,-0.2588,19,64,20,897.6,10,197.0,0.277748226011572,23,0.57622654923741,54,0.5645138168514094,34,0.51433049993642,28,0.4290965042843553,21,160
236,-0.6050560696488494,9,-0.5,21,56,17,898.5,10,408.0,0.5124187572750138,87,0.7365624969637411,147,0.7512177744000534,151,0.7146789075506391,143,0.6294359561384857,113,641
236,-0.6050560696488494,10,-0.7071,22,50,19,898.5,10,601.0,0.7139348757022389,148,0.8431286493025175,188,0.8861368014136404,199,0.8687563051230568,195,0.7921716106403386,179,909
236,-0.6050560696488494,11,-0.866,24,41,9,898.5,10,755.0,0.8685636129419311,191,0.8886627113903413,214,0.9600764045626824,232,0.9660625894672126,226,0.906213318172393,212,1075
236,-0.6050560696488494,12,-0.9659,25,41,13,897.6,10,858.0,0.9657672931916692,223,0.8700616174033103,223,0.9679977305260323,246,0.9999665088086849,244,0.9637893365015648,233,1169
236,-0.6050560696488494,13,-1.0,27,32,13,897.6,10,902.0,0.9989216570806759,236,0.7885930019719593,216,0.9093609573540254,244,0.9681575725215563,244,0.9609759619693686,236,1176
236,-0.6050560696488494,14,-0.9659,28,26,17,897.6,10,879.0,0.9657672931916692,234,0.6498087985070877,192,0.7881620704471987,224,0.8728034985244076,228,0.8979649185124694,226,1104
236,-0.6050560696488494,15,-0.866,28,26,15,897.6,10,802.0,0.8685636129419311,221,0.4631669137773118,155,0.6126605669175704,188,0.7204025039118435,200,0.7790503006939588,205,969
236,-0.6050560696488494,16,-0.7071,28,26,17,896.7,10,671.0,0.7139348757022389,194,0.24138665925364,103,0.39481656176725716,138,0.5213404462467922,156,0.6123359301633884,170,761
236,-0.6050560696488494,17,-0.5,28,28,17,896.7,10,492.0,0.5124187572750138,150,1.326794896677558e-06,46,0.14947573914329912,73,0.28918305429021013,97,0.4091830991074061,119,485
236,-0.6050560696488494,18,-0.2588,28,26,22,895.8,10,294.0,0.27774822601157223,91,1.326794896677558e-06,24,1.326794896677558e-06,27,0.039751446108018666,37,0.1834363177760594,59,238
236,-0.6050560696488494,19,0.0,28,25,20,895.8,10,0.0,0.0,0,0.0,0,0.0,0,0.0,0,0.0,0,0
236,-0.6050560696488494,20,0.2588,25,28,9,896.7,10,0.0,0.0,0,0.0,0,0.0,0,0.0,0,0.0,0,0
236,-0.6050560696488494,21,0.5,23,29,6,897.6,10,0.0,0.0,0,0.0,0,0.0,0,0.0,0,0.0,0,0
236,-0.6050560696488494,22,0.7071,22,31,4,897.6,10,0.0,0.0,0,0.0,0,0.0,0,0.0,0,0.0,0,0
236,-0.6050560696488494,23,0.866,20,35,9,897.6,10,0.0,0.0,0,0.0,0,0.0,0,0.0,0,0.0,0,0
236,-0.6050560696488494,24,0.9659,19,37,6,897.6,10,0.0,0.0,0,0.0,0,0.0,0,0.0,0,0.0,0,0
237,-0.5912614448635783,1,1.0,19,40,7,897.6,10,0.0,0.0,0,0.0,0,0.0,0,0.0,0,0.0,0,0
237,-0.5912614448635783,2,0.9659,18,40,7,896.7,10,0.0,0.0,0,0.0,0,0.0,0,0.0,0,0.0,0,0
237,-0.5912614448635783,3,0.866,19,40,4,896.7,10,0.0,0.0,0,0.0,0,0.0,0,0.0,0,0.0,0,0
237,-0.5912614448635783,4,0.7071,16,45,7,896.7,10,0.0,0.0,0,0.0,0,0.0,0,0.0,0,0.0,0,0
237,-0.5912614448635783,5,0.5,16,45,7,897.6,10,0.0,0.0,0,0.0,0,0.0,0,0.0,0,0.0,0,0
237,-0.5912614448635783,6,0.2588,16,48,7,897.6,10,0.0,0.0,0,0.0,0,0.0,0,0.0,0,0.0,0,0
237,-0.5912614448635783,7,0.0,16,48,6,897.6,10,0.0,0.0,0,0.0,0,0.0,0,0.0,0,0.0,0,0
237,-0.5912614448635783,8,-0.2588,21,38,4,897.6,10,204.0,0.27717765338320866,23,0.5787123035974704,55,0.5654733115625018,34,0.5136983469712909,27,0.42691578363153876,18,157
237,-0.5912614448635783,9,-0.5,25,32,4,897.6,10,421.0,0.5121225494501662,79,0.7392357075731845,147,0.752395553632953,152,0.7142809917133868,142,0.6274894623912043,113,633
237,-0.5912614448635783,10,-0.7071,27,30,6,897.6,10,612.0,0.7138742701834876,147,0.8459264513875805,189,0.8874723209253381,201,0.8685385286837396,192,0.7904153792545628,175,904
237,-0.5912614448635783,11,-0.866,28,23,6,897.6,10,764.0,0.8686837913855643,189,0.8915137494796904,211,0.961498370394578,229,0.9659585785392591,221,0.9045904186041079,208,1058
237,-0.5912614448635783,12,-0.9659,29,20,9,897.6,10,860.0,0.9660011171677401,217,0.8728909080825141,219,0.9694289575582481,241,0.9999021366007731,235,0.9622337519058083,225,1137
237,-0.5912614448635783,13,-1.0,30,20,15,897.6,10,901.0,0.9991942434287029,233,0.7913270451539604,213,0.9107236303763268,240,0.9680560116762266,239,0.9594170884993305,232,1157
237,-0.5912614448635783,14,-0.9659,30,18,11,896.7,10,875.0,0.9660011171677401,231,0.6523805813117955,190,0.7893830430216133,220,0.8725904538559528,225,0.8963323753315701,223,1089
237,-0.5912614448635783,15,-0.866,30,19,15,896.7,10,800.0,0.8686837913855642,218,0.4655204848427045,153,0.6136763522966598,186,0.7200112798105549,196,0.7772787285326089,201,954
237,-0.5912614448635783,16,-0.7071,31,18,15,895.8,10,664.0,0.7138742701834876,188,0.24348093670264373,100,0.3955776552957816,134,0.5207164889537559,152,0.6103694439210473,164,738
237,-0.5912614448635783,17,-0.5,31,19,11,895.8,10,492.0,0.5121225494501662,149,0.0013935395211000837,46,0.1499499929506482,72,0.2882876703627611,95,0.4069790966882221,116,478
237,-0.5912614448635783,18,-0.2588,30,20,15,895.8,10,286.0,0.27717765338320866,87,1.326794896677558e-06,23,1.326794896677558e-06,25,0.03856443928738042,35,0.18096838332430762,57,227
237,-0.5912614448635783,19,0.0,30,20,11,895.8,10,80.0,0.025050662982406564,27,1.326794896677558e-06,12,1.326794896677558e-06,14,1.326794896677558e-06,12,1.326794896677558e-06,15,80
237,-0.5912614448635783,20,0.2588,28,21,7,895.8,10,0.0,0.0,0,0.0,0,0.0,0,0.0,0,0.0,0,0
237,-0.5912614448635783,21,0.5,24,27,0,896.7,10,0.0,0.0,0,0.0,0,0.0,0,0.0,0,0.0,0,0
237,-0.5912614448635783,22,0.7071,23,31,7,896.7,10,0.0,0.0,0,0.0,0,0.0,0,0.0,0,0.0,0,0
237,-0.5912614448635783,23,0.866,24,29,6,896.7,10,0.0,0.0,0,0.0,0,0.0,0,0.0,0,0.0,0,0
237,-0.5912614448635783,24,0.9659,22,33,7,896.7,10,0.0,0.0,0,0.0,0,0.0,0,0.0,0,0.0,0,0
238,-0.5772916165517278,1,1.0,22,33,6,896.7,10,0.0,0.0,0,0.0,0,0.0,0,0.0,0,0.0,0,0
238,-0.5772916165517278,2,0.9659,20,37,2,896.7,10,0.0,0.0,0,0.0,0,0.0,0,0.0,0,0.0,0,0
238,-0.5772916165517278,3,0.866,18,40,7,896.7,10,0.0,0.0,0,0.0,0,0.0,0,0.0,0,0.0,0,0
238,-0.5772916165517278,4,0.7071,17,45,13,896.7,10,0.0,0.0,0,0.0,0,0.0,0,0.0,0,0.0,0,0
238,-0.5772916165517278,5,0.5,18,40,6,896.7,10,0.0,0.0,0,0.0,0,0.0,0,0.0,0,0.0,0,0
238,-0.5772916165517278,6,0.2588,18,42,7,896.7,10,0.0,0.0,0,0.0,0,0.0,0,0.0,0,0.0,0,0
238,-0.5772916165517278,7,0.0,18,42,6,896.7,10,0.0,0.0,0,0.0,0,0.0,0,0.0,0,0.0,0,0
238,-0.5772916165517278,8,-0.2588,21,38,6,897.6,10,188.0,0.2765911064165466,22,0.6970432707947993,49,0.6610072164811146,36,0.579924713060914,29,0.4593213914342777,21,157
238,-0.5772916165517278,9,-0.5,23,33,9,897.6,10,398.0,0.5118032568851992,86,0.8329109997797473,152,0.8278617190498898,154,0.7663951378276502,143,0.652700095555379,112,647
238,-0.5772916165517278,10,-0.7071,26,34,7,897.6,10,584.0,0.7137844740854922,142,0.9094871260035908,199,0.9384045633494228,209,0.9033713926735298,196,0.8067750627592555,176,922
238,-0.5772916165517278,11,-0.866,28,32,4,897.6,10,726.0,0.8687700940755105,185,0.9215531218434442,214,0.9851024497722963,230,0.9815187870968605,219,0.9110463540973538,204,1052
238,-0.5772916165517278,12,-0.9659,30,29,6,897.6,10,829.0,0.9661981201666213,211,0.8682867110141604,215,0.9647729998365753,235,0.9955117138635783,229,0.958408064044444,219,1109
238,-0.5772916165517278,13,-1.0,31,25,11,897.6,10,873.0,0.9994290042386961,225,0.7533179107631314,203,0.878801634155377,228,0.9443965828597216,227,0.945632576875778,222,1105
238,-0.5772916165517278,14,-0.9659,32,21,11,896.7,10,857.0,0.9661981201666213,224,0.5844816253906275,173,0.7330471362494946,203,0.8316567908491042,209,0.8735905147720964,212,1021
238,-0.5772916165517278,15,-0.866,33,18,11,896.7,10,778.0,0.8687700940755105,209,0.3732837654255562,128,0.5374424309565831,163,0.6649753653855887,177,0.7471914226307397,187,864
238,-0.5772916165517278,16,-0.7071,33,20,11,895.8,10,655.0,0.7137844740854924,182,0.1341170860930263,75,0.3053176290449919,109,0.45571134894094184,133,0.5750491752102597,153,652
238,-0.5772916165517278,17,-0.5,32,22,7,895.8,10,350.0,0.5118032568851992,104,1.326794896677558e-06,31,0.0524916260031667,44,0.21812571613011808,59,0.3688949651590999,78,316
238,-0.5772916165517278,18,-0.2588,31,21,15,895.8,10,260.0,0.2765911064165466,82,1.326794896677558e-06,26,1.326794896677558e-06,28,1.326794896677558e-06,31,0.14277784176644995,50,217
238,-0.5772916165517278,19,0.0,31,21,13,895.8,10,80.0,0.024177316540171377,25,1.326794896677558e-06,12,1.326794896677558e-06,14,1.326794896677558e-06,13,1.326794896677558e-06,15,79
238,-0.5772916165517278,20,0.2588,28,25,6,895.8,10,0.0,0.0,0,0.0,0,0.0,0,0.0,0,0.0,0,0
238,-0.5772916165517278,21,0.5,26,28,4,896.7,10,0.0,0.0,0,0.0,0,0.0,0,0.0,0,0.0,0,0
238,-0.5772916165517278,22,0.7071,24,31,0,896.7,10,0.0,0.0,0,0.0,0,0.0,0,0.0,0,0.0,0,0
238,-0.5772916165517278,23,0.866,23,36,7,896.7,10,0.0,0.0,0,0.0,0,0.0,0,0.0,0,0.0,0,0
238,-0.5772916165517278,24,0.9659,23,36,9,896.7,10,0.0,0.0,0,0.0,0,0.0,0,0.0,0,0.0,0,0
239,-0.5631507242749189,1,1.0,22,38,6,896.7,10,0.0,0.0,0,0.0,0,0.0,0,0.0,0,0.0,0,0
239,-0.5631507242749189,2,0.9659,20,43,6,896.7,10,0.0,0.0,0,0.0,0,0.0,0,0.0,0,0.0,0,0
239,-0.5631507242749189,3,0.866,19,43,13,896.7,10,0.0,0.0,0,0.0,0,0.0,0,0.0,0,0.0,0,0
239,-0.5631507242749189,4,0.7071,19,43,11,896.7,10,0.0,0.0,0,0.0,0,0.0,0,0.0,0,0.0,0,0
239,-0.5631507242749189,5,0.5,19,46,9,896.7,10,0.0,0.0,0,0.0,0,0.0,0,0.0,0,0.0,0,0
239,-0.5631507242749189,6,0.2588,20,40,4,896.7,10,0.0,0.0,0,0.0,0,0.0,0,0.0,0,0.0,0,0
239,-0.5631507242749189,7,0.0,18,45,6,897.6,10,0.0,0.0,0,0.0,0,0.0,0,0.0,0,0.0,0,0
239,-0.5631507242749189,8,-0.2588,21,43,6,897.6,10,189.0,0.27598850570867584,23,0.6992078691589962,61,0.6616791372368902,63,0.5790581658122447,58,0.45697542968007365,41,246
239,-0.5631507242749189,9,-0.5,25,32,4,897.6,10,402.0,0.5114604751417118,85,0.8352256794738584,164,0.8287179497046919,166,0.7657345687042965,152,0.6505677431475956,131,698
239,-0.5631507242749189,10,-0.7071,28,25,7,897.6,10,593.0,0.713664803855637,142,0.91188639272398,199,0.9393829012249815,209,0.9028621296239561,196,0.8048129040812808,176,922
239,-0.5631507242749189,11,-0.866,30,20,7,897.6,10,748.0,0.8688216232873306,187,0.9239657168264094,217,0.9861323708058679,232,0.9810958468514058,222,0.9091993751725981,205,1063
239,-0.5631507242749189,12,-0.9659,31,19,6,897.6,10,848.0,0.9663572698298529,213,0.8706404671978929,218,0.9657804646669834,239,0.9951042304179967,233,0.9566134016247847,222,1125
239,-0.5631507242749189,13,-1.0,32,18,7,897.6,10,881.0,0.9996248612310418,226,0.7555446653296959,204,0.8797141292647574,229,0.9439326336719102,227,0.9438238007970218,221,1107
239,-0.5631507242749189,14,-0.9659,33,20,11,896.7,10,851.0,0.9663572698298529,221,0.5865218866441264,171,0.7337986333448501,202,0.8310683107516744,207,0.8717021615238096,209,1010
239,-0.5631507242749189,15,-0.866,33,18,9,896.7,10,777.0,0.8688216232873306,209,0.3750907346888959,128,0.5379778602538565,162,0.6642027664125512,177,0.7451634468937316,187,863
239,-0.5631507242749189,16,-0.7071,33,17,15,895.8,10,644.0,0.713664803855637,183,0.13565986865897692,72,0.305596649888105,108,0.45470759365730945,131,0.5728310483087246,151,645
239,-0.5631507242749189,17,-0.5,34,16,7,895.8,10,467.0,0.511460475141712,141,1.326794896677558e-06,33,0.05249137149151267,48,0.2168595199457995,73,0.3664491168328557,101,396
239,-0.5631507242749189,18,-0.2588,33,16,7,895.8,10,269.0,0.27598850570867584,82,1.326794896677558e-06,23,1.326794896677558e-06,23,1.326794896677558e-06,26,0.1400822204941858,46,200
239,-0.5631507242749189,19,0.0,32,18,9,895.8,10,74.0,0.023295895566371377,24,1.326794896677558e-06,12,1.326794896677558e-06,14,1.326794896677558e-06,12,1.326794896677558e-06,14,76
239,-0.5631507242749189,20,0.2588,29,22,11,895.8,10,0.0,0.0,0,0.0,0,0.0,0,0.0,0,0.0,0,0
239,-0.5631507242749189,21,0.5,27,28,7,896.7,10,0.0,0.0,0,0.0,0,0.0,0,0.0,0,0.0,0,0
239,-0.5631507242749189,22,0.7071,26,30,9,896.7,10,0.0,0.0,0,0.0,0,0.0,0,0.0,0,0.0,0,0
239,-0.5631507242749189,23,0.866,24,34,9,896.7,10,0.0,0.0,0,0.0,0,0.0,0,0.0,0,0.0,0,0
239,-0.5631507242749189,24,0.9659,23,36,4,896.7,10,0.0,0.0,0,0.0,0,0.0,0,0.0,0,0.0,0,0
240,-0.5488429582847199,1,1.0,23,36,7,896.7,10,0.0,0.0,0,0.0,0,0.0,0,0.0,0,0.0,0,0
240,-0.5488429582847199,2,0.9659,21,40,7,896.7,10,0.0,0.0,0,0.0,0,0.0,0,0.0,0,0.0,0,0
240,-0.5488429582847199,3,0.866,18,45,7,896.7,10,0.0,0.0,0,0.0,0,0.0,0,0.0,0,0.0,0,0
240,-0.5488429582847199,4,0.7071,20,40,6,896.7,10,0.0,0.0,0,0.0,0,0.0,0,0.0,0,0.0,0,0
240,-0.5488429582847199,5,0.5,19,43,7,896.7,10,0.0,0.0,0,0.0,0,0.0,0,0.0,0,0.0,0,0
240,-0.5488429582847199,6,0.2588,19,43,6,895.8,10,0.0,0.0,0,0.0,0,0.0,0,0.0,0,0.0,0,0
240,-0.5488429582847199,7,0.0,19,43,7,896.7,10,0.0,0.0,0,0.0,0,0.0,0,0.0,0,0.0,0,0
240,-0.5488429582847199,8,-0.2588,24,34,2,896.7,10,193.0,0.27536978603742457,22,0.7998174344507933,68,0.7427187806985188,69,0.6350051702381555,94,0.48401709657502023,49,302
240,-0.5488429582847199,9,-0.5,26,30,4,896.7,10,407.0,0.5110938226629543,85,0.9098000541933444,182,0.888559873124634,182,0.8067659138758521,177,0.6699922906276057,137,763
240,-0.5488429582847199,10,-0.7071,29,30,19,896.7,10,596.0,0.7135146062946016,145,0.9563555688356045,213,0.9746954916178282,224,0.9266116408014534,215,0.8153808459087947,183,980
240,-0.5488429582847199,11,-0.866,30,25,13,896.7,10,748.0,0.8688375173830729,187,0.9363113023424533,223,0.9952556458342936,239,0.9863750757280608,230,0.9102747871841544,210,1089
240,-0.5488429582847199,12,-0.9659,32,22,9,895.8,10,849.0,0.9664775734894995,215,0.8510332360468311,218,0.9488391975612859,239,0.9819834458219333,231,0.9482072588484166,222,1125
240,-0.5488429582847199,13,-1.0,33,20,7,894.9,10,888.0,0.9997807770459196,224,0.7063329241980079,197,0.8386093496941138,225,0.9137360356754354,221,0.9265932309678743,220,1087
240,-0.5488429582847199,14,-0.9659,34,17,15,894.9,10,865.0,0.9664775734894995,226,0.5120714233204728,161,0.6720780603819428,194,0.7862837780335888,197,0.8469056574260366,210,988
240,-0.5488429582847199,15,-0.866,35,13,15,894.1,10,780.0,0.8688375173830729,210,0.2814873252870452,108,0.4605941544761355,148,0.6083123279363184,156,0.7145751106932214,183,805
240,-0.5488429582847199,16,-0.7071,35,14,11,893.2,10,648.0,0.7135146062946018,185,0.03029452402412577,52,0.218569883145719,88,0.39195012387108036,105,0.5386196840971276,147,577
240,-0.5488429582847199,17,-0.5,35,10,15,893.2,10,475.0,0.5110938226629543,145,1.326794896677558e-06,30,1.326794896677558e-06,34,0.15194186993730463,44,0.331030431988037,94,347
240,-0.5488429582847199,18,-0.2588,35,13,11,893.2,10,271.0,0.2753697860374248,84,1.326794896677558e-06,23,1.326794896677558e-06,23,1.326794896677558e-06,18,0.10595419965656014,39,187
240,-0.5488429582847199,19,0.0,33,15,9,892.3,10,68.0,0.022406674307820933,23,1.326794896677558e-06,11,1.326794896677558e-06,13,1.326794896677558e-06,10,1.326794896677558e-06,12,69
240,-0.5488429582847199,20,0.2588,30,18,6,892.3,10,0.0,0.0,0,0.0,0,0.0,0,0.0,0,0.0,0,0
240,-0.5488429582847199,21,0.5,28,20,9,893.2,10,0.0,0.0,0,0.0,0,0.0,0,0.0,0,0.0,0,0
240,-0.5488429582847199,22,0.7071,28,25,7,893.2,10,0.0,0.0,0,0.0,0,0.0,0,0.0,0,0.0,0,0
240,-0.5488429582847199,23,0.866,24,29,4,892.3,10,0.0,0.0,0,0.0,0,0.0,0,0.0,0,0.0,0,0
240,-0.5488429582847199,24,0.9659,21,35,4,892.3,10,0.0,0.0,0,0.0,0,0.0,0,0.0,0,0.0,0,0
241,-0.5343725582809785,1,1.0,20,37,9,892.3,10,0.0,0.0,0,0.0,0,0.0,0,0.0,0,0.0,0,0
241,-0.5343725582809785,2,0.9659,19,40,9,892.3,10,0.0,0.0,0,0.0,0,0.0,0,0.0,0,0.0,0,0
241,-0.5343725582809785,3,0.866,17,42,11,892.3,10,0.0,0.0,0,0.0,0,0.0,0,0.0,0,0.0,0,0
241,-0.5343725582809785,4,0.7071,17,39,7,892.3,10,0.0,0.0,0,0.0,0,0.0,0,0.0,0,0.0,0,0
241,-0.5343725582809785,5,0.5,16,42,13,892.3,10,0.0,0.0,0,0.0,0,0.0,0,0.0,0,0.0,0,0
241,-0.5343725582809785,6,0.2588,16,39,6,892.3,10,0.0,0.0,0,0.0,0,0.0,0,0.0,0,0.0,0,0
241,-0.5343725582809785,7,0.0,16,39,9,893.2,10,0.0,0.0,0,0.0,0,0.0,0,0.0,0,0.0,0,0
241,-0.5343725582809785,8,-0.2588,20,33,7,893.2,10,188.0,0.27473489669180606,22,0.8015044149253999,66,0.742976499879739,66,0.6338160648369849,58,0.4814622018445278,47,259
241,-0.5343725582809785,9,-0.5,22,31,7,893.2,10,400.0,0.5107029415191463,85,0.9116008822924085,179,0.8889685586661832,180,0.8057546055402461,163,0.6676299071689037,134,741
241,-0.5343725582809785,10,-0.7071,25,28,7,893.2,10,587.0,0.7133332596579345,143,0.9582045885015199,212,0.9751933398219802,219,0.9257243900051207,203,0.8131689606222547,180,957
241,-0.5343725582809785,11,-0.866,28,26,11,893.2,10,738.0,0.8688169521862112,188,0.9381395733469726,224,0.9957747767329317,237,0.9855496886647661,226,0.9081611308261448,208,1083
241,-0.5343725582809785,12,-0.9659,29,28,11,893.2,10,833.0,0.9665580797149287,215,0.8527732321465409,219,0.9493102808099645,240,0.9811535127914608,232,0.9461328680710338,221,1127
241,-0.5343725582809785,13,-1.0,31,25,9,892.3,10,869.0,0.9998957568486944,227,0.7079231349854206,198,0.8389663293528503,225,0.9128354568089285,225,0.9244964665689847,220,1095
241,-0.5343725582809785,14,-0.9659,31,25,9,892.3,10,845.0,0.9665580797149287,223,0.5134605458292022,159,0.6722626563242016,191,0.7852512677442949,200,0.8447264048719862,205,978
241,-0.5343725582809785,15,-0.866,33,23,9,891.4,10,758.0,0.8688169521862112,207,0.2826377605282568,108,0.46055983433780984,146,0.6070955916020162,164,0.7122588769021969,179,804
241,-0.5343725582809785,16,-0.7071,33,21,11,891.4,10,624.0,0.7133332596579345,180,0.031184939069967593,55,0.2182850332319619,87,0.39050942147714046,116,0.5361213109642203,143,581
241,-0.5343725582809785,17,-0.5,33,23,11,890.5,10,449.0,0.5107029415191463,135,1.326794896677558e-06,32,1.326794896677558e-06,38,0.15025272429958444,59,0.3283171738276367,91,355
241,-0.5343725582809785,18,-0.2588,32,22,13,890.5,10,243.0,0.2747348966918065,74,1.326794896677558e-06,23,1.326794896677558e-06,24,1.326794896677558e-06,23,0.10300795473806,38,182
241,-0.5343725582809785,19,0.0,32,22,9,890.5,10,70.0,0.02150993174008004,23,1.326794896677558e-06,11,1.326794896677558e-06,13,1.326794896677558e-06,11,1.326794896677558e-06,14,72
241,-0.5343725582809785,20,0.2588,29,27,6,891.4,10,0.0,0.0,0,0.0,0,0.0,0,0.0,0,0.0,0,0
241,-0.5343725582809785,21,0.5,27,30,7,892.3,10,0.0,0.0,0,0.0,0,0.0,0,0.0,0,0.0,0,0
241,-0.5343725582809785,22,0.7071,27,30,9,892.3,10,0.0,0.0,0,0.0,0,0.0,0,0.0,0,0.0,0,0
241,-0.5343725582809785,23,0.866,24,38,4,892.3,10,0.0,0.0,0,0.0,0,0.0,0,0.0,0,0.0,0,0
241,-0.5343725582809785,24,0.9659,22,41,9,892.3,10,0.0,0.0,0,0.0,0,0.0,0,0.0,0,0.0,0,0
242,-0.5197438121555157,1,1.0,20,52,7,892.3,10,0.0,0.0,0,0.0,0,0.0,0,0.0,0,0.0,0,0
242,-0.5197438121555157,2,0.9659,20,56,11,892.3,10,0.0,0.0,0,0.0,0,0.0,0,0.0,0,0.0,0,0
242,-0.5197438121555157,3,0.866,20,56,4,892.3,10,0.0,0.0,0,0.0,0,0.0,0,0.0,0,0.0,0,0
242,-0.5197438121555157,4,0.7071,19,60,2,893.2,10,0.0,0.0,0,0.0,0,0.0,0,0.0,0,0.0,0,0
242,-0.5197438121555157,5,0.5,19,60,6,893.2,10,0.0,0.0,0,0.0,0,0.0,0,0.0,0,0.0,0,0
242,-0.5197438121555157,6,0.2588,18,59,4,893.2,10,0.0,0.0,0,0.0,0,0.0,0,0.0,0,0.0,0,0
242,-0.5197438121555157,7,0.0,17,63,2,894.1,10,0.0,0.0,0,0.0,0,0.0,0,0.0,0,0.0,0,0
242,-0.5197438121555157,8,-0.2588,22,57,7,894.1,10,172.0,0.27408380178323827,35,0.8031690580109029,60,0.7432043090102183,61,0.6325915150393764,54,0.47886874384332595,46,256
242,-0.5197438121555157,9,-0.5,23,53,15,894.1,10,379.0,0.5102874981231211,98,0.9133754739909722,171,0.8893421639220597,172,0.8047017636931042,155,0.6652223674078451,129,725
242,-0.5197438121555157,10,-0.7071,26,44,9,894.1,10,566.0,0.7131201747189836,154,0.9600257213200005,208,0.9756530541335133,215,0.9247913570289803,200,0.810906764843889,176,953
242,-0.5197438121555157,11,-0.866,28,37,6,894.1,10,718.0,0.8687591423110604,209,0.9399406680965255,219,0.9962550448577957,233,0.9846764007394584,220,0.9059937998781988,202,1083
242,-0.5197438121555157,12,-0.9659,29,35,9,894.1,10,817.0,0.9665978798097487,198,0.8544890751975764,214,0.9497441468014426,235,0.9802758345872843,228,0.9440034579544506,217,1092
242,-0.5197438121555157,13,-1.0,30,33,9,894.1,10,865.0,0.9999688498839912,225,0.7094943260873078,195,0.8392900024437745,222,0.9118895542782206,222,0.9223454501394431,218,1082
242,-0.5197438121555157,14,-0.9659,31,27,9,894.1,10,867.0,0.9665978798097487,185,0.5148375318793944,157,0.6724198465107917,187,0.7841779500586387,195,0.8424957242357044,202,926
242,-0.5197438121555157,15,-0.866,32,22,9,893.2,7,429.0,0.8687591423110604,139,0.28378423378643725,71,0.46050560579270144,92,0.6058443571631121,103,0.7098959062972083,114,519
242,-0.5197438121555157,16,-0.7071,33,18,11,893.2,7,588.0,0.7131201747189836,150,0.032080297212817056,51,0.2179888549523331,76,0.3890418912666146,99,0.5335824388369591,120,496
242,-0.5197438121555157,17,-0.5,32,18,13,893.2,10,324.0,0.5102874981231216,84,1.326794896677558e-06,33,1.326794896677558e-06,41,0.14854525941290064,53,0.32557077594704015,72,283
242,-0.5197438121555157,18,-0.2588,32,18,11,893.2,10,195.0,0.27408380178323805,46,1.326794896677558e-06,21,1.326794896677558e-06,23,1.326794896677558e-06,24,0.10003654930582105,35,149
242,-0.5197438121555157,19,0.0,30,22,7,893.2,10,0.0,0.0,0,0.0,0,0.0,0,0.0,0,0.0,0,0
242,-0.5197438121555157,20,0.2588,28,25,4,893.2,10,0.0,0.0,0,0.0,0,0.0,0,0.0,0,0.0,0,0
242,-0.5197438121555157,21,0.5,28,25,13,894.1,10,0.0,0.0,0,0.0,0,0.0,0,0.0,0,0.0,0,0
242,-0.5197438121555157,22,0.7071,28,30,11,894.1,10,0.0,0.0,0,0.0,0,0.0,0,0.0,0,0.0,0,0
242,-0.5197438121555157,23,0.866,26,32,6,894.9,10,0.0,0.0,0,0.0,0,0.0,0,0.0,0,0.0,0,0
242,-0.5197438121555157,24,0.9659,26,36,24,894.9,10,0.0,0.0,0,0.0,0,0.0,0,0.0,0,0.0,0,0
243,-0.5049610547215202,1,1.0,25,44,30,894.9,10,0.0,0.0,0,0.0,0,0.0,0,0.0,0,0.0,0,0
243,-0.5049610547215202,2,0.9659,24,47,30,894.9,10,0.0,0.0,0,0.0,0,0.0,0,0.0,0,0.0,0,0
243,-0.5049610547215202,3,0.866,24,47,33,894.9,9,0.0,0.0,0,0.0,0,0.0,0,0.0,0,0.0,0,0
243,-0.5049610547215202,4,0.7071,24,47,24,895.8,10,0.0,0.0,0,0.0,0,0.0,0,0.0,0,0.0,0,0
243,-0.5049610547215202,5,0.5,23,47,15,895.8,10,0.0,0.0,0,0.0,0,0.0,0,0.0,0,0.0,0,0
243,-0.5049610547215202,6,0.2588,22,53,11,896.7,10,0.0,0.0,0,0.0,0,0.0,0,0.0,0,0.0,0,0
243,-0.5049610547215202,7,0.0,22,57,7,896.7,10,0.0,0.0,0,0.0,0,0.0,0,0.0,0,0.0,0,0
243,-0.5049610547215202,8,-0.2588,21,56,11,897.6,10,169.0,0.2734164805369481,22,0.8818219441201947,18,0.8062813926779733,18,0.6757941974009988,17,0.49925283087481126,18,93
243,-0.5049610547215202,9,-0.5,24,50,9,897.6,10,379.0,0.5098471839150444,84,0.9653805398572962,68,0.9307153597996105,34,0.8326235753192671,34,0.6777899683753891,35,255
243,-0.5049610547215202,10,-0.7071,26,47,22,897.6,10,569.0,0.7128747957913644,145,0.9828326984001658,126,0.993232453116501,136,0.9359451714434053,145,0.814874880405082,142,694
243,-0.5049610547215202,11,-0.866,27,45,26,897.6,10,718.0,0.8686633424444048,191,0.9329890859798554,172,0.9895722430215244,195,0.9787178008211831,201,0.9011654704378412,197,956
243,-0.5049610547215202,12,-0.9659,28,42,26,896.7,10,818.0,0.9665961092563505,222,0.8192464567157072,204,0.9199841663744437,228,0.9580265840548483,231,0.9307811861367108,224,1109
243,-0.5049610547215202,13,-1.0,29,40,22,896.7,10,862.0,0.9999991509758046,238,0.6493561822935405,218,0.7892105380010883,244,0.875281598339539,246,0.9017037721795043,238,1184
243,-0.5049610547215202,14,-0.9659,30,35,17,895.8,10,850.0,0.9665961092563505,238,0.4348959482046876,218,0.6061633201435603,244,0.7361217477148321,244,0.8159147923716585,234,1178
243,-0.5049610547215202,15,-0.866,31,29,11,895.8,7,760.0,0.8686633424444048,211,0.19048087707100442,194,0.383316887754892,216,0.5500305523072448,214,0.6792606261157411,206,1041
243,-0.5049610547215202,16,-0.7071,32,22,9,895.8,7,567.0,0.7128747957913644,148,1.326794896677558e-06,133,0.13585782230722515,150,0.3296897928636059,147,0.5010540116392619,143,721
243,-0.5049610547215202,17,-0.5,31,25,11,894.9,7,308.0,0.5098471839150444,98,1.326794896677558e-06,85,1.326794896677558e-06,96,0.09011530564485441,96,0.29343941801727946,95,470
243,-0.5049610547215202,18,-0.2588,31,24,11,894.9,7,115.0,0.2734164805369481,37,1.326794896677558e-06,31,1.326794896677558e-06,36,1.326794896677558e-06,36,0.07056541789917871,37,177
243,-0.5049610547215202,19,0.0,30,25,11,894.9,7,0.0,0.0,0,0.0,0,0.0,0,0.0,0,0.0,0,0
243,-0.5049610547215202,20,0.2588,28,28,7,894.9,10,0.0,0.0,0,0.0,0,0.0,0,0.0,0,0.0,0,0
243,-0.5049610547215202,21,0.5,26,32,7,894.9,10,0.0,0.0,0,0.0,0,0.0,0,0.0,0,0.0,0,0
243,-0.5049610547215202,22,0.7071,25,36,7,895.8,10,0.0,0.0,0,0.0,0,0.0,0,0.0,0,0.0,0,0
243,-0.5049610547215202,23,0.866,26,34,11,894.9,10,0.0,0.0,0,0.0,0,0.0,0,0.0,0,0.0,0,0
243,-0.5049610547215202,24,0.9659,23,38,4,895.8,10,0.0,0.0,0,0.0,0,0.0,0,0.0,0,0.0,0,0
244,-0.4900286664290594,1,1.0,24,41,15,895.8,10,0.0,0.0,0,0.0,0,0.0,0,0.0,0,0.0,0,0
244,-0.4900286664290594,2,0.9659,24,41,13,894.9,10,0.0,0.0,0,0.0,0,0.0,0,0.0,0,0.0,0,0
244,-0.4900286664290594,3,0.866,23,50,19,894.9,10,0.0,0.0,0,0.0,0,0.0,0,0.0,0,0.0,0,0
244,-0.4900286664290594,4,0.7071,22,57,24,894.9,10,0.0,0.0,0,0.0,0,0.0,0,0.0,0,0.0,0,0
244,-0.4900286664290594,5,0.5,22,57,26,894.9,10,0.0,0.0,0,0.0,0,0.0,0,0.0,0,0.0,0,0
244,-0.4900286664290594,6,0.2588,21,60,11,895.8,10,0.0,0.0,0,0.0,0,0.0,0,0.0,0,0.0,0,0
244,-0.4900286664290594,7,0.0,20,60,7,895.8,10,0.0,0.0,0,0.0,0,0.0,0,0.0,0,0.0,0,0
244,-0.4900286664290594,8,-0.2588,22,57,6,895.8,10,163.0,0.2727329275630055,22,0.18756000629454347,18,0.23826510830020367,18,0.2727329275630055,19,0.288614540967558,19,96
244,-0.4900286664290594,9,-0.5,24,47,7,895.8,10,371.0,0.5093817160149897,82,0.40919636804110565,68,0.47549095573181094,34,0.5093817160149897,34,0.5085590523275373,34,252
244,-0.4900286664290594,10,-0.7071,25,44,7,895.8,10,561.0,0.7125966017091688,142,0.5995197922905857,125,0.6792013719867538,135,0.7125966017091688,142,0.6974296550057951,138,682
244,-0.4900286664290594,11,-0.866,27,42,11,895.8,10,713.0,0.8685288485771134,186,0.7455600737744096,169,0.8355138522551019,190,0.8685288485771134,192,0.8423551488546515,188,925
244,-0.4900286664290594,12,-0.9659,28,39,11,895.8,10,811.0,0.9665519491055626,210,0.8373648252695509,196,0.9337759772825578,219,0.9665519491055626,218,0.9334591161221067,211,1054
244,-0.4900286664290594,13,-1.0,29,37,11,894.9,10,855.0,0.9999858019710581,226,0.8686777151428889,211,0.9672913569205144,234,0.9999858019710581,231,0.9645329816368712,224,1126
244,-0.4900286664290594,14,-0.9659,30,33,7,894.1,7,833.0,0.9665519491055626,224,0.8373648252695509,209,0.9337759772825578,234,0.9665519491055626,230,0.9334591161221067,221,1118
244,-0.4900286664290594,15,-0.866,31,29,11,894.1,7,624.0,0.8685288485771134,172,0.7455600737744096,155,0.8355138522551019,174,0.8685288485771134,173,0.8423551488546515,169,843
244,-0.4900286664290594,16,-0.7071,31,29,20,893.2,7,490.0,0.7125966017091688,121,0.5995197922905857,106,0.6792013719867538,120,0.7125966017091688,120,0.6974296550057951,119,586
244,-0.4900286664290594,17,-0.5,30,31,11,893.2,4,322.0,0.5093817160149895,102,0.40919636804110526,86,0.47549095573181055,98,0.5093817160149895,99,0.5085590523275373,98,483
244,-0.4900286664290594,18,-0.2588,29,33,19,893.2,7,78.0,0.2727329275630055,19,0.18756000629454303,16,0.23826510830020348,19,0.2727329275630055,20,0.288614540967558,22,96
244,-0.4900286664290594,19,0.0,28,37,15,893.2,7,0.0,0.0,0,0.0,0,0.0,0,0.0,0,0.0,0,0
244,-0.4900286664290594,20,0.2588,26,42,28,893.2,7,0.0,0.0,0,0.0,0,0.0,0,0.0,0,0.0,0,0
244,-0.4900286664290594,21,0.5,25,44,24,894.1,7,0.0,0.0,0,0.0,0,0.0,0,0.0,0,0.0,0,0
244,-0.4900286664290594,22,0.7071,24,47,30,894.1,7,0.0,0.0,0,0.0,0,0.0,0,0.0,0,0.0,0,0
244,-0.4900286664290594,23,0.866,22,53,22,894.9,7,0.0,0.0,0,0.0,0,0.0,0,0.0,0,0.0,0,0
244,-0.4900286664290594,24,0.9659,21,60,24,894.9,7,0.0,0.0,0,0.0,0,0.0,0,0.0,0,0.0,0,0
245,-0.4749510720670502,1,1.0,21,60,22,895.8,7,0.0,0.0,0,0.0,0,0.0,0,0.0,0,0.0,0,0
245,-0.4749510720670502,2,0.9659,20,60,24,895.8,7,0.0,0.0,0,0.0,0,0.0,0,0.0,0,0.0,0,0
245,-0.4749510720670502,3,0.866,20,56,28,895.8,10,0.0,0.0,0,0.0,0,0.0,0,0.0,0,0.0,0,0
245,-0.4749510720670502,4,0.7071,19,60,33,895.8,6,0.0,0.0,0,0.0,0,0.0,0,0.0,0,0.0,0,0
245,-0.4749510720670502,5,0.5,19,56,35,895.8,6,0.0,0.0,0,0.0,0,0.0,0,0.0,0,0.0,0,0
245,-0.4749510720670502,6,0.2588,18,64,15,895.8,7,0.0,0.0,0,0.0,0,0.0,0,0.0,0,0.0,0,0
245,-0.4749510720670502,7,0.0,18,68,7,895.8,7,0.0,0.0,0,0.0,0,0.0,0,0.0,0,0.0,0,0
245,-0.4749510720670502,8,-0.2588,19,60,24,896.7,7,180.0,0.2720331531064747,35,0.190244491097515,30,0.23929246988941488,32,0.2720331531064747,33,0.28623531900723764,35,165
245,-0.4749510720670502,9,-0.5,20,56,26,896.7,5,252.0,0.5088908378422092,59,0.4120764965459975,49,0.47672772262223306,48,0.5088908378422092,53,0.5063739816577452,54,263
245,-0.4749510720670502,10,-0.7071,20,52,26,897.6,5,197.0,0.7122851067632098,51,0.602567923878003,39,0.6806179592587307,46,0.7122851067632098,51,0.6954113057172772,55,242
245,-0.4749510720670502,11,-0.866,21,49,26,897.6,5,244.0,0.8683549991836023,66,0.7487371186718458,56,0.8370684205441953,64,0.8683549991836023,67,0.8404647293267641,69,322
245,-0.4749510720670502,12,-0.9659,23,47,30,897.6,5,812.0,0.9664646273090086,235,0.840622908464846,214,0.9354172840592462,238,0.9664646273090086,241,0.9316491165831472,233,1161
245,-0.4749510720670502,13,-1.0,23,41,31,897.6,7,517.0,0.9999279931241117,185,0.8719634389929166,169,0.9689622485790496,190,0.9999279931241117,186,0.9627504118552118,181,911
245,-0.4749510720670502,14,-0.9659,25,32,30,897.6,7,887.0,0.9664646273090086,229,0.840622908464846,209,0.9354172840592462,233,0.9664646273090086,227,0.9316491165831472,218,1116
245,-0.4749510720670502,15,-0.866,25,32,28,896.7,7,724.0,0.8683549991836023,219,0.7487371186718458,195,0.8370684205441953,219,0.8683549991836023,217,0.8404647293267641,212,1062
245,-0.4749510720670502,16,-0.7071,25,28,24,896.7,7,645.0,0.7122851067632098,185,0.602567923878003,166,0.6806179592587308,184,0.7122851067632098,183,0.6954113057172772,174,892
245,-0.4749510720670502,17,-0.5,25,28,22,896.7,7,476.0,0.508890837842209,158,0.4120764965459975,137,0.47672772262223284,153,0.508890837842209,153,0.5063739816577452,147,748
245,-0.4749510720670502,18,-0.2588,24,29,24,896.7,7,247.0,0.27203315310647447,89,0.1902444910975148,70,0.23929246988941488,81,0.27203315310647447,82,0.28623531900723764,79,401
245,-0.4749510720670502,19,0.0,23,31,20,896.7,10,58.0,0.017853486298790546,24,1.326794896677558e-06,17,1.326794896677558e-06,21,0.017853486298790546,21,0.04999738219227937,22,105
245,-0.4749510720670502,20,0.2588,21,38,20,897.6,10,0.0,0.0,0,0.0,0,0.0,0,0.0,0,0.0,0,0
245,-0.4749510720670502,21,0.5,20,40,24,897.6,10,0.0,0.0,0,0.0,0,0.0,0,0.0,0,0.0,0,0
245,-0.4749510720670502,22,0.7071,20,40,28,898.5,10,0.0,0.0,0,0.0,0,0.0,0,0.0,0,0.0,0,0
245,-0.4749510720670502,23,0.866,19,46,26,898.5,10,0.0,0.0,0,0.0,0,0.0,0,0.0,0,0.0,0,0
245,-0.4749510720670502,24,0.9659,18,49,26,899.4,10,0.0,0.0,0,0.0,0,0.0,0,0.0,0,0.0,0,0
246,-0.4597327394521046,1,1.0,17,52,20,899.4,10,0.0,0.0,0,0.0,0,0.0,0,0.0,0,0.0,0,0
246,-0.4597327394521046,2,0.9659,16,52,20,899.4,10,0.0,0.0,0,0.0,0,0.0,0,0.0,0,0.0,0,0
246,-0.4597327394521046,3,0.866,15,55,22,899.4,10,0.0,0.0,0,0.0,0,0.0,0,0.0,0,0.0,0,0
246,-0.4597327394521046,4,0.7071,15,55,19,899.4,10,0.0,0.0,0,0.0,0,0.0,0,0.0,0,0.0,0,0
246,-0.4597327394521046,5,0.5,14,59,19,899.4,10,0.0,0.0,0,0.0,0,0.0,0,0.0,0,0.0,0,0
246,-0.4597327394521046,6,0.2588,14,55,24,899.4,10,0.0,0.0,0,0.0,0,0.0,0,0.0,0,0.0,0,0
246,-0.4597327394521046,7,0.0,14,55,20,900.2,10,0.0,0.0,0,0.0,0,0.0,0,0.0,0,0.0,0,0
246,-0.4597327394521046,8,-0.2588,15,55,26,900.2,10,187.0,0.27131718327619914,20,0.33629830961095564,15,0.35737000134296726,15,0.354087612718033,14,0.32667483288300103,14,78
246,-0.4597327394521046,9,-0.5,17,48,26,900.2,10,408.0,0.5083743196999916,95,0.5414638328087963,120,0.581244545526866,66,0.5814145031188442,63,0.5419621232707156,40,384
246,-0.4597327394521046,10,-0.7071,18,45,31,901.1,10,596.0,0.711939861591643,160,0.706726556011737,183,0.7645763502311929,187,0.7703216351468158,188,0.7235708796726533,177,895
246,-0.4597327394521046,11,-0.866,18,45,20,901.1,10,750.0,0.8681411763470803,209,0.8208241164916849,216,0.894871676987766,231,0.9079353209969194,231,0.8591247842054912,220,1107
246,-0.4597327394521046,12,-0.9659,21,35,24,900.2,10,834.0,0.9663334199918426,235,0.8759809670367554,230,0.9632511295598908,250,0.9848774308096451,249,0.9393860765559776,237,1201
246,-0.4597327394521046,13,-1.0,22,33,26,900.2,10,893.0,0.9998249644198026,254,0.8684382680291444,236,0.965054770995101,264,0.9959044969286237,264,0.9588850915142696,252,1270
246,-0.4597327394521046,14,-0.9659,22,31,24,900.2,10,863.0,0.9663334199918426,253,0.7987100343001742,222,0.9001596807800369,254,0.940265040344712,253,0.916293003489721,244,1226
246,-0.4597327394521046,15,-0.866,23,31,26,899.4,10,782.0,0.8681411763470803,236,0.6715481285879911,192,0.7729883501566044,228,0.8217507957410529,231,0.8145123903778649,223,1110
246,-0.4597327394521046,16,-0.7071,23,29,30,899.4,10,645.0,0.711939861591643,204,0.4956184078500476,147,0.5922072786578101,185,0.6484382984100362,189,0.6604794212801425,186,911
246,-0.4597327394521046,17,-0.5,22,33,22,898.5,10,467.0,0.5083743196999916,156,0.2829101718778197,87,0.3701363767923886,126,0.4321384892752213,132,0.46469117237326274,135,636
246,-0.4597327394521046,18,-0.2588,22,29,17,898.5,10,256.0,0.27131718327619875,92,0.04791911148171172,29,0.12190938402351605,55,0.1875918188921716,64,0.24049026928123124,71,311
246,-0.4597327394521046,19,0.0,21,33,22,898.5,10,0.0,0.0,0,0.0,0,0.0,0,0.0,0,0.0,0,0
246,-0.4597327394521046,20,0.2588,19,37,15,898.5,10,0.0,0.0,0,0.0,0,0.0,0,0.0,0,0.0,0,0
246,-0.4597327394521046,21,0.5,17,39,11,899.4,10,0.0,0.0,0,0.0,0,0.0,0,0.0,0,0.0,0,0
246,-0.4597327394521046,22,0.7071,17,39,15,899.4,10,0.0,0.0,0,0.0,0,0.0,0,0.0,0,0.0,0,0
246,-0.4597327394521046,23,0.866,16,42,13,899.4,10,0.0,0.0,0,0.0,0,0.0,0,0.0,0,0.0,0,0
246,-0.4597327394521046,24,0.9659,16,42,15,899.4,10,0.0,0.0,0,0.0,0,0.0,0,0.0,0,0.0,0,0
247,-0.4443781781046134,1,1.0,16,45,20,898.5,10,0.0,0.0,0,0.0,0,0.0,0,0.0,0,0.0,0,0
247,-0.4443781781046134,2,0.9659,15,48,19,898.5,10,0.0,0.0,0,0.0,0,0.0,0,0.0,0,0.0,0,0
247,-0.4443781781046134,3,0.866,15,48,19,897.6,10,0.0,0.0,0,0.0,0,0.0,0,0.0,0,0.0,0,0
247,-0.4443781781046134,4,0.7071,14,55,17,897.6,10,0.0,0.0,0,0.0,0,0.0,0,0.0,0,0.0,0,0
247,-0.4443781781046134,5,0.5,14,51,20,897.6,10,0.0,0.0,0,0.0,0,0.0,0,0.0,0,0.0,0,0
247,-0.4443781781046134,6,0.2588,14,55,19,897.6,10,0.0,0.0,0,0.0,0,0.0,0,0.0,0,0.0,0,0
247,-0.4443781781046134,7,0.0,14,55,19,898.5,10,0.0,0.0,0,0.0,0,0.0,0,0.0,0,0.0,0,0
247,-0.4443781781046134,8,-0.2588,15,55,19,898.5,10,188.0,0.27058506025177836,17,0.3390395408160916,10,0.35842324136266707,11,0.35338108503340526,11,0.3242566861214002,11,60
247,-0.4443781781046134,9,-0.5,17,48,17,898.5,10,408.0,0.5078319593250462,94,0.5443692970372594,86,0.5824769952830876,67,0.5808899490743508,60,0.5397163128472551,39,346
247,-0.4443781781046134,10,-0.7071,19,40,11,898.5,10,598.0,0.7115604540233852,156,0.7097643114935857,168,0.7659555555978794,183,0.7699482999487058,183,0.721470446024581,173,863
247,-0.4443781781046134,11,-0.866,20,37,11,898.5,10,747.0,0.8678868068285855,202,0.8239532060112779,204,0.8963551827000408,225,0.9076721445820313,221,0.8571328606520993,210,1062
247,-0.4443781781046134,12,-0.9659,21,35,7,897.6,10,844.0,0.9661576526636156,249,0.8791542091069222,243,0.9647893724664273,268,0.9846758460051387,264,0.9374584016784745,252,1276
247,-0.4443781781046134,13,-1.0,22,33,13,897.6,10,884.0,0.9996760068326873,223,0.8716054722621159,211,0.9665944577214944,232,0.9957117392255229,231,0.9569730254855331,220,1117
247,-0.4443781781046134,14,-0.9659,22,31,15,897.6,10,860.0,0.9661576526636156,243,0.8018214217014399,221,0.9016474194962182,247,0.9400277436400795,244,0.9143468427486257,235,1190
247,-0.4443781781046134,15,-0.866,23,29,7,896.7,10,778.0,0.8678868068285855,227,0.6745577240676883,197,0.7743742892605241,222,0.821418629224036,222,0.8124847548712741,214,1082
247,-0.4443781781046134,16,-0.7071,24,27,11,896.7,10,639.0,0.7115604540233853,198,0.4984871732529799,157,0.5934485039921534,182,0.6479673964511566,184,0.6583284832853521,181,902
247,-0.4443781781046134,17,-0.5,24,27,19,896.7,10,457.0,0.5078319593250462,153,0.28560866640368127,101,0.37119983619075125,123,0.4314944407964868,129,0.46238350697450603,132,638
247,-0.4443781781046134,18,-0.2588,23,29,15,895.8,10,248.0,0.27058506025177853,88,0.05042949804180626,41,0.1227741397582104,53,0.18675201240712566,61,0.23800313219723093,68,311
247,-0.4443781781046134,19,0.0,22,33,17,896.7,10,0.0,0.0,0,0.0,0,0.0,0,0.0,0,0.0,0,0
247,-0.4443781781046134,20,0.2588,20,35,7,896.7,10,0.0,0.0,0,0.0,0,0.0,0,0.0,0,0.0,0,0
247,-0.4443781781046134,21,0.5,19,37,9,896.7,10,0.0,0.0,0,0.0,0,0.0,0,0.0,0,0.0,0,0
247,-0.4443781781046134,22,0.7071,17,42,7,897.6,10,0.0,0.0,0,0.0,0,0.0,0,0.0,0,0.0,0,0
247,-0.4443781781046134,23,0.866,17,42,7,896.7,10,0.0,0.0,0,0.0,0,0.0,0,0.0,0,0.0,0,0
247,-0.4443781781046134,24,0.9659,16,45,7,897.6,10,0.0,0.0,0,0.0,0,0.0,0,0.0,0,0.0,0,0
248,-0.4288919379124841,1,1.0,16,45,2,897.6,10,0.0,0.0,0,0.0,0,0.0,0,0.0,0,0.0,0,0
248,-0.4288919379124841,2,0.9659,15,48,6,896.7,10,0.0,0.0,0,0.0,0,0.0,0,0.0,0,0.0,0,0
248,-0.4288919379124841,3,0.866,15,48,7,896.7,10,0.0,0.0,0,0.0,0,0.0,0,0.0,0,0.0,0,0
248,-0.4288919379124841,4,0.7071,13,54,7,896.7,10,0.0,0.0,0,0.0,0,0.0,0,0.0,0,0.0,0,0
248,-0.4288919379124841,5,0.5,12,54,6,896.7,10,0.0,0.0,0,0.0,0,0.0,0,0.0,0,0.0,0,0
248,-0.4288919379124841,6,0.2588,13,54,9,896.7,10,0.0,0.0,0,0.0,0,0.0,0,0.0,0,0.0,0,0
248,-0.4288919379124841,7,0.0,14,51,4,896.7,10,0.0,0.0,0,0.0,0,0.0,0,0.0,0,0.0,0,0
248,-0.4288919379124841,8,-0.2588,17,42,15,897.6,10,180.0,0.26983684246834116,32,0.4789264470739232,32,0.4714457444767921,14,0.43183689044478096,13,0.36279915986840616,12,103
248,-0.4288919379124841,9,-0.5,20,35,15,896.7,10,396.0,0.507263582400429,109,0.6641580937269044,141,0.6791322146138021,132,0.6478247007005477,117,0.5723691043365935,85,584
248,-0.4288919379124841,10,-0.7071,21,33,11,897.6,10,586.0,0.7111465098728249,165,0.8016845172288286,185,0.8398928800253317,198,0.8208640396572054,191,0.7458947781300826,176,915
248,-0.4288919379124841,11,-0.866,23,31,9,897.6,10,736.0,0.8675913630779215,225,0.8821335347345859,215,0.9427721854719636,231,0.9391625816391234,224,0.8715507113678777,211,1106
248,-0.4288919379124841,12,-0.9659,24,27,7,896.7,10,833.0,0.9659367013651353,211,0.9000226878143044,228,0.9807590881022815,249,0.9946584897638548,243,0.9407736731351092,230,1161
248,-0.4288919379124841,13,-1.0,24,27,11,896.7,10,868.0,0.9994804635202623,237,0.8541328622879591,223,0.9512648476346335,247,0.9835698158345978,242,0.948846240363837,233,1182
248,-0.4288919379124841,14,-0.9659,26,23,15,895.8,10,843.0,0.9659367013651353,234,0.7475913686986253,209,0.8562994444330092,234,0.9066522334092404,232,0.8952182818012779,226,1135
248,-0.4288919379124841,15,-0.866,26,23,11,895.8,10,762.0,0.8675913630779215,216,0.5876588216353668,178,0.7023346028968801,205,0.7691475399860751,208,0.7835444484741911,205,1012
248,-0.4288919379124841,16,-0.7071,27,21,11,894.9,10,620.0,0.7111465098728249,185,0.38523434170754717,130,0.4998627548789537,158,0.5804264377924631,166,0.6214351157377511,171,810
248,-0.4288919379124841,17,-0.5,26,23,19,894.9,10,443.0,0.5072635824004288,134,0.15411279979472087,71,0.2626819989946405,95,0.3533499370444729,110,0.4199377497879803,121,531
248,-0.4288919379124841,18,-0.2588,26,23,22,894.9,10,234.0,0.26983684246834094,67,1.326794896677558e-06,24,0.006955784582926592,33,0.10339290094286785,43,0.19278404264746732,56,223
248,-0.4288919379124841,19,0.0,24,24,22,894.9,10,0.0,0.0,0,0.0,0,0.0,0,0.0,0,0.0,0,0
248,-0.4288919379124841,20,0.2588,21,28,13,895.8,10,0.0,0.0,0,0.0,0,0.0,0,0.0,0,0.0,0,0
248,-0.4288919379124841,21,0.5,20,28,11,895.8,10,0.0,0.0,0,0.0,0,0.0,0,0.0,0,0.0,0,0
248,-0.4288919379124841,22,0.7071,20,26,15,895.8,10,0.0,0.0,0,0.0,0,0.0,0,0.0,0,0.0,0,0
248,-0.4288919379124841,23,0.866,19,32,15,896.7,10,0.0,0.0,0,0.0,0,0.0,0,0.0,0,0.0,0,0
248,-0.4288919379124841,24,0.9659,19,35,13,896.7,10,0.0,0.0,0,0.0,0,0.0,0,0.0,0,0.0,0,0
249,-0.41327860778290443,1,1.0,19,32,13,897.6,10,0.0,0.0,0,0.0,0,0.0,0,0.0,0,0.0,0,0
249,-0.41327860778290443,2,0.9659,18,37,17,896.7,10,0.0,0.0,0,0.0,0,0.0,0,0.0,0,0.0,0,0
249,-0.41327860778290443,3,0.866,17,37,24,896.7,10,0.0,0.0,0,0.0,0,0.0,0,0.0,0,0.0,0,0
249,-0.41327860778290443,4,0.7071,16,48,22,896.7,10,0.0,0.0,0,0.0,0,0.0,0,0.0,0,0.0,0,0
249,-0.41327860778290443,5,0.5,15,55,22,896.7,10,0.0,0.0,0,0.0,0,0.0,0,0.0,0,0.0,0,0
249,-0.41327860778290443,6,0.2588,15,55,22,897.6,10,0.0,0.0,0,0.0,0,0.0,0,0.0,0,0.0,0,0
249,-0.41327860778290443,7,0.0,15,55,22,897.6,10,0.0,0.0,0,0.0,0,0.0,0,0.0,0,0.0,0,0
249,-0.41327860778290443,8,-0.2588,16,52,26,898.5,10,167.0,0.26907260477874906,19,0.4815502058222553,32,0.47238400105446043,19,0.43102570417145714,18,0.36029381156368884,16,104
249,-0.41327860778290443,9,-0.5,17,48,26,898.5,10,404.0,0.5066690430310575,96,0.6669142444017371,139,0.6802189126764645,133,0.6471678894862911,121,0.5700135442879034,91,580
249,-0.41327860778290443,10,-0.7071,18,45,28,899.4,10,547.0,0.7106976936843964,142,0.8045389631591057,168,0.8410944799022778,179,0.8203309064955394,175,0.7436632439492771,162,826
249,-0.41327860778290443,11,-0.866,20,40,26,899.4,10,743.0,0.8672543641846792,209,0.8850454805799692,224,0.944047317135559,241,0.9387140011075976,239,0.8694089885722448,224,1137
249,-0.41327860778290443,12,-0.9659,21,38,24,899.4,10,826.0,0.9656699937492691,235,0.9029474197056317,234,0.9820613704627029,256,0.9942495743420998,253,0.938681426785261,239,1217
249,-0.41327860778290443,13,-1.0,22,35,22,898.5,10,849.0,0.9992377309480338,246,0.8570247997160063,232,0.9525460531744108,256,0.9831529776198928,255,0.9467597652106085,244,1233
249,-0.41327860778290443,14,-0.9659,23,33,22,898.5,10,829.0,0.9656699937492691,244,0.7504071522397,214,0.8575127707109561,241,0.9061804164514539,242,0.8930934751745219,234,1175
249,-0.41327860778290443,15,-0.866,24,29,26,898.5,10,747.0,0.8672543641846792,228,0.590360295439432,181,0.7034378845964034,209,0.7685774430010428,213,0.781339824040104,211,1042
249,-0.41327860778290443,16,-0.7071,25,28,24,897.6,10,611.0,0.7106976936843964,197,0.3877911352489203,133,0.500821322183609,160,0.5797214543700837,170,0.6191146251714759,173,833
249,-0.41327860778290443,17,-0.5,25,28,24,897.6,10,435.0,0.5066690430310575,151,0.1565044022932935,73,0.26347104411983535,96,0.3524826530180136,110,0.4174732407929661,121,551
249,-0.41327860778290443,18,-0.2588,25,28,24,898.5,10,223.0,0.26907260477874906,80,1.326794896677558e-06,24,0.007562052382507588,33,0.102346962599198,42,0.19015717746181549,54,233
249,-0.41327860778290443,19,0.0,23,31,22,898.5,10,0.0,0.0,0,0.0,0,0.0,0,0.0,0,0.0,0,0
249,-0.41327860778290443,20,0.2588,21,33,17,898.5,10,0.0,0.0,0,0.0,0,0.0,0,0.0,0,0.0,0,0
249,-0.41327860778290443,21,0.5,20,37,33,899.4,9,0.0,0.0,0,0.0,0,0.0,0,0.0,0,0.0,0,0
249,-0.41327860778290443,22,0.7071,18,42,24,900.2,10,0.0,0.0,0,0.0,0,0.0,0,0.0,0,0.0,0,0
249,-0.41327860778290443,23,0.866,18,45,22,900.2,10,0.0,0.0,0,0.0,0,0.0,0,0.0,0,0.0,0,0
249,-0.41327860778290443,24,0.9659,17,48,20,901.1,10,0.0,0.0,0,0.0,0,0.0,0,0.0,0,0.0,0,0
250,-0.3975428142825566,1,1.0,16,52,19,901.1,10,0.0,0.0,0,0.0,0,0.0,0,0.0,0,0.0,0,0
250,-0.3975428142825566,2,0.9659,15,55,22,901.1,10,0.0,0.0,0,0.0,0,0.0,0,0.0,0,0.0,0,0
250,-0.3975428142825566,3,0.866,14,59,17,901.1,10,0.0,0.0,0,0.0,0,0.0,0,0.0,0,0.0,0,0
250,-0.3975428142825566,4,0.7071,13,63,20,901.1,10,0.0,0.0,0,0.0,0,0.0,0,0.0,0,0.0,0,0
250,-0.3975428142825566,5,0.5,13,63,20,901.1,10,0.0,0.0,0,0.0,0,0.0,0,0.0,0,0.0,0,0
250,-0.3975428142825566,6,0.2588,12,67,19,902.0,10,0.0,0.0,0,0.0,0,0.0,0,0.0,0,0.0,0,0
250,-0.3975428142825566,7,0.0,12,67,19,902.0,10,0.0,0.0,0,0.0,0,0.0,0,0.0,0,0.0,0,0
250,-0.3975428142825566,8,-0.2588,13,63,24,902.0,10,168.0,0.26829243859291024,18,0.6103312232746799,39,0.5763202353538572,43,0.5030340738719176,35,0.3954670631786588,18,153
250,-0.3975428142825566,9,-0.5,14,59,26,902.0,10,377.0,0.506048224180968,93,0.7727751304872755,164,0.7654788192745262,167,0.7060164969457556,155,0.5984404164575012,121,700
250,-0.3975428142825566,10,-0.7071,16,52,28,902.9,10,566.0,0.7102137094256716,159,0.8807423232900597,212,0.9021716479636414,222,0.8621195765631948,212,0.7633155871793365,189,994
250,-0.3975428142825566,11,-0.866,17,48,28,902.9,10,716.0,0.8668753767676475,208,0.9268750282373536,237,0.9770833466945339,254,0.9607051632266355,245,0.8788566221122786,224,1168
250,-0.3975428142825566,12,-0.9659,19,43,20,902.0,10,812.0,0.9653570100937628,236,0.9080293829921706,241,0.9851088155745964,263,0.9950548231572767,258,0.9371896028981874,242,1240
250,-0.3975428142825566,13,-1.0,20,37,22,902.0,10,852.0,0.9989472599444273,249,0.8254896899023583,232,0.9257011370987605,257,0.9628276904868858,257,0.9343392409903968,246,1241
250,-0.3975428142825566,14,-0.9659,21,35,24,902.0,10,831.0,0.9653570100937628,246,0.6848808688019116,205,0.8029088277979799,233,0.866219979108545,237,0.8704997792265368,232,1153
250,-0.3975428142825566,15,-0.866,22,33,22,901.1,10,749.0,0.8668753767676475,229,0.4957851768739183,164,0.6250999783442521,196,0.7118153424179664,205,0.7500217689292983,207,1001
250,-0.3975428142825566,16,-0.7071,23,29,20,900.2,10,613.0,0.7102137094256716,199,0.27108914658999556,107,0.40439194360711295,139,0.5101361811800978,151,0.5811155731895442,164,760
250,-0.3975428142825566,17,-0.5,23,27,22,900.2,10,435.0,0.506048224180968,151,0.026105415622291225,45,0.155825586146833,70,0.27492657460096215,92,0.37529185254758646,111,469
250,-0.3975428142825566,18,-0.2588,23,27,20,900.2,10,226.0,0.26829243859290985,86,1.326794896677558e-06,19,1.326794896677558e-06,22,0.022215642936370374,29,0.14657713266930494,47,203
250,-0.3975428142825566,19,0.0,21,28,19,900.2,10,0.0,0.0,0,0.0,0,0.0,0,0.0,0,0.0,0,0
250,-0.3975428142825566,20,0.2588,19,35,11,900.2,10,0.0,0.0,0,0.0,0,0.0,0,0.0,0,0.0,0,0
250,-0.3975428142825566,21,0.5,19,35,13,901.1,10,0.0,0.0,0,0.0,0,0.0,0,0.0,0,0.0,0,0
250,-0.3975428142825566,22,0.7071,18,37,15,901.1,10,0.0,0.0,0,0.0,0,0.0,0,0.0,0,0.0,0,0
250,-0.3975428142825566,23,0.866,18,37,20,901.1,10,0.0,0.0,0,0.0,0,0.0,0,0.0,0,0.0,0,0
250,-0.3975428142825566,24,0.9659,17,39,22,901.1,10,0.0,0.0,0,0.0,0,0.0,0,0.0,0,0.0,0,0
251,-0.3816892202666586,1,1.0,16,42,26,901.1,10,0.0,0.0,0,0.0,0,0.0,0,0.0,0,0.0,0,0
251,-0.3816892202666586,2,0.9659,16,45,24,901.1,10,0.0,0.0,0,0.0,0,0.0,0,0.0,0,0.0,0,0
251,-0.3816892202666586,3,0.866,15,45,22,901.1,10,0.0,0.0,0,0.0,0,0.0,0,0.0,0,0.0,0,0
251,-0.3816892202666586,4,0.7071,14,48,20,901.1,10,0.0,0.0,0,0.0,0,0.0,0,0.0,0,0.0,0,0
251,-0.3816892202666586,5,0.5,13,51,19,901.1,10,0.0,0.0,0,0.0,0,0.0,0,0.0,0,0.0,0,0
251,-0.3816892202666586,6,0.2588,13,54,20,901.1,10,0.0,0.0,0,0.0,0,0.0,0,0.0,0,0.0,0,0
251,-0.3816892202666586,7,0.0,13,54,17,902.0,10,0.0,0.0,0,0.0,0,0.0,0,0.0,0,0.0,0,0
251,-0.3816892202666586,8,-0.2588,15,48,19,902.0,10,166.0,0.26749645199393746,15,0.6126641015465675,38,0.5770033697692942,41,0.5020209098310633,34,0.39282664585856414,14,142
251,-0.3816892202666586,9,-0.5,16,48,20,902.0,10,382.0,0.5054010380714904,93,0.7752096746119232,165,0.7662803391907175,168,0.7051303703471749,156,0.5959270311816341,123,705
251,-0.3816892202666586,10,-0.7071,18,42,17,902.0,10,570.0,0.7096943011277186,156,0.8832444389140731,209,0.9030587175198322,219,0.8613311477387864,207,0.7609053899214583,185,976
251,-0.3816892202666586,11,-0.866,20,35,11,902.9,10,720.0,0.8664540158009975,199,0.9294060161159443,227,0.9780172999744478,243,0.9599784346005739,233,0.876518736811529,215,1117
251,-0.3816892202666586,12,-0.9659,22,31,7,902.0,10,819.0,0.964997284244243,227,0.9105485762822011,234,0.9860477916195954,253,0.994349592406915,244,0.9348882255898635,230,1188
251,-0.3816892202666586,13,-1.0,24,27,6,901.1,10,856.0,0.9986085566836358,239,0.8279572276556889,224,0.926602934382566,246,0.9621022914711338,244,0.9320360803991128,233,1186
251,-0.3816892202666586,14,-0.9659,24,27,7,901.1,10,833.0,0.964997284244243,234,0.6872604041200023,198,0.8037337734036989,226,0.8654341165382077,225,0.8681566637528512,219,1102
251,-0.3816892202666586,15,-0.866,25,28,9,900.2,10,747.0,0.8664540158009975,218,0.49804636628060756,159,0.6258136417170351,189,0.7109328450517568,194,0.747603251664956,196,956
251,-0.3816892202666586,16,-0.7071,26,26,9,900.2,10,609.0,0.7096943011277186,191,0.27320970959071245,104,0.4049674761526774,136,0.509127462025067,150,0.5785913450639636,159,740
251,-0.3816892202666586,17,-0.5,26,26,15,899.4,10,433.0,0.5054010380714904,148,0.02807265520873259,45,0.1562455526387729,69,0.27377064841971466,90,0.3726388084502008,109,461
251,-0.3816892202666586,18,-0.2588,26,26,19,899.4,10,219.0,0.26749645199393746,82,1.326794896677558e-06,19,1.326794896677558e-06,21,0.020901556333241936,28,0.1437809459974218,45,195
251,-0.3816892202666586,19,0.0,24,27,19,898.5,10,0.0,0.0,0,0.0,0,0.0,0,0.0,0,0.0,0,0
251,-0.3816892202666586,20,0.2588,21,31,11,899.4,10,0.0,0.0,0,0.0,0,0.0,0,0.0,0,0.0,0,0
251,-0.3816892202666586,21,0.5,20,33,9,899.4,10,0.0,0.0,0,0.0,0,0.0,0,0.0,0,0.0,0,0
251,-0.3816892202666586,22,0.7071,19,35,4,899.4,10,0.0,0.0,0,0.0,0,0.0,0,0.0,0,0.0,0,0
251,-0.3816892202666586,23,0.866,19,35,9,899.4,10,0.0,0.0,0,0.0,0,0.0,0,0.0,0,0.0,0,0
251,-0.3816892202666586,24,0.9659,19,32,13,899.4,10,0.0,0.0,0,0.0,0,0.0,0,0.0,0,0.0,0,0
252,-0.3657225234972692,1,1.0,19,30,13,899.4,10,0.0,0.0,0,0.0,0,0.0,0,0.0,0,0.0,0,0
252,-0.3657225234972692,2,0.9659,18,34,7,899.4,10,0.0,0.0,0,0.0,0,0.0,0,0.0,0,0.0,0,0
252,-0.3657225234972692,3,0.866,16,39,9,899.4,10,0.0,0.0,0,0.0,0,0.0,0,0.0,0,0.0,0,0
252,-0.3657225234972692,4,0.7071,16,39,6,898.5,10,0.0,0.0,0,0.0,0,0.0,0,0.0,0,0.0,0,0
252,-0.3657225234972692,5,0.5,16,39,7,898.5,10,0.0,0.0,0,0.0,0,0.0,0,0.0,0,0.0,0,0
252,-0.3657225234972692,6,0.2588,17,34,19,898.5,10,0.0,0.0,0,0.0,0,0.0,0,0.0,0,0.0,0,0
252,-0.3657225234972692,7,0.0,16,39,13,899.4,10,0.0,0.0,0,0.0,0,0.0,0,0.0,0,0.0,0,0
252,-0.3657225234972692,8,-0.2588,18,34,17,899.4,10,163.0,0.2666847698309101,15,0.7257563852267443,42,0.668112934858064,47,0.5649387904838965,43,0.4232650895249059,36,183
252,-0.3657225234972692,9,-0.5,20,33,15,899.4,10,377.0,0.5047274265396178,90,0.8632591215506027,181,0.8369753362450587,181,0.7536531716092908,165,0.6189708865637541,136,753
252,-0.3657225234972692,10,-0.7071,22,31,13,899.4,10,566.0,0.709139253471552,151,0.9407567508784177,216,0.9488484343466519,224,0.8922777772831986,208,0.7748999701358411,182,981
252,-0.3657225234972692,11,-0.866,23,29,7,899.4,10,718.0,0.8659899453757496,195,0.9529679467089006,231,0.9961082751863148,245,0.9713655851286974,233,0.8804260471458659,213,1117
252,-0.3657225234972692,12,-0.9659,25,26,7,898.5,10,814.0,0.9645904044857012,224,0.8990605376234487,232,0.9755341841111798,250,0.9855269005627347,240,0.9283577010046424,226,1172
252,-0.3657225234972692,13,-1.0,26,24,7,898.5,10,852.0,0.9982211835946281,233,0.7827082247577046,213,0.8885282543520812,238,0.9337966586530808,234,0.9154284757519298,225,1143
252,-0.3657225234972692,14,-0.9659,28,23,7,897.6,10,827.0,0.9645904044857012,232,0.6118401937014047,183,0.7410197708318274,212,0.8197001731861426,215,0.8425194696811906,213,1055
252,-0.3657225234972692,15,-0.866,28,21,17,896.7,10,740.0,0.8659899453757496,217,0.39810081780858503,133,0.5430611915514159,167,0.6510129293218828,181,0.7145993089756267,188,886
252,-0.3657225234972692,16,-0.7071,28,21,17,896.7,10,595.0,0.709139253471552,187,0.15605605146544893,73,0.30814303867454446,108,0.4392306615385242,128,0.5403855257871344,146,642
252,-0.3657225234972692,17,-0.5,29,20,9,895.8,10,416.0,0.5047274265396178,140,1.326794896677558e-06,31,0.05227456931154331,44,0.19878595815396508,67,0.331750483537488,93,375
252,-0.3657225234972692,18,-0.2588,28,21,4,895.8,7,188.0,0.2666847698309105,76,1.326794896677558e-06,23,1.326794896677558e-06,24,1.326794896677558e-06,24,0.10291229476647654,38,185
252,-0.3657225234972692,19,0.0,27,23,7,894.9,10,0.0,0.0,0,0.0,0,0.0,0,0.0,0,0.0,0,0
252,-0.3657225234972692,20,0.2588,25,26,15,895.8,10,0.0,0.0,0,0.0,0,0.0,0,0.0,0,0.0,0,0
252,-0.3657225234972692,21,0.5,23,29,13,895.8,10,0.0,0.0,0,0.0,0,0.0,0,0.0,0,0.0,0,0
252,-0.3657225234972692,22,0.7071,22,29,9,896.7,10,0.0,0.0,0,0.0,0,0.0,0,0.0,0,0.0,0,0
252,-0.3657225234972692,23,0.866,21,31,7,896.7,10,0.0,0.0,0,0.0,0,0.0,0,0.0,0,0.0,0,0
252,-0.3657225234972692,24,0.9659,22,38,13,896.7,10,0.0,0.0,0,0.0,0,0.0,0,0.0,0,0.0,0,0
253,-0.34964745525122826,1,1.0,21,46,13,895.8,10,0.0,0.0,0,0.0,0,0.0,0,0.0,0,0.0,0,0
253,-0.34964745525122826,2,0.9659,20,43,7,895.8,10,0.0,0.0,0,0.0,0,0.0,0,0.0,0,0.0,0,0
253,-0.34964745525122826,3,0.866,18,42,7,895.8,10,0.0,0.0,0,0.0,0,0.0,0,0.0,0,0.0,0,0
253,-0.34964745525122826,4,0.7071,17,48,7,895.8,10,0.0,0.0,0,0.0,0,0.0,0,0.0,0,0.0,0,0
253,-0.34964745525122826,5,0.5,15,51,9,895.8,10,0.0,0.0,0,0.0,0,0.0,0,0.0,0,0.0,0,0
253,-0.34964745525122826,6,0.2588,13,58,4,895.8,10,0.0,0.0,0,0.0,0,0.0,0,0.0,0,0.0,0,0
253,-0.34964745525122826,7,0.0,14,59,7,896.7,10,0.0,0.0,0,0.0,0,0.0,0,0.0,0,0.0,0,0
253,-0.34964745525122826,8,-0.2588,16,55,7,896.7,10,160.0,0.26585753378805504,15,0.727633317276323,41,0.6684076781582119,44,0.5636312585913503,74,0.42044438823192715,33,207
253,-0.34964745525122826,9,-0.5,19,52,13,896.7,10,373.0,0.5040273613559082,90,0.8652095121935616,183,0.8373602916975541,182,0.7524464576956353,176,0.6162547385672289,133,764
253,-0.34964745525122826,10,-0.7071,21,46,15,896.7,10,558.0,0.7085483923196103,151,0.9427485433692122,217,0.9492931562859868,224,0.8911451215759119,214,0.7722671251868309,182,988
253,-0.34964745525122826,11,-0.866,22,43,7,897.6,10,703.0,0.8654828793951328,194,0.9549662628326611,230,0.9965782449701992,243,0.9702751809411763,232,0.8778495780842109,209,1108
253,-0.34964745525122826,12,-0.9659,24,38,9,896.7,7,794.0,0.9641360143408764,220,0.9010300545902534,228,0.975993162502751,245,0.9844440618531097,235,0.9258068387793857,220,1148
253,-0.34964745525122826,13,-1.0,26,32,11,895.8,7,881.0,0.9977847601946697,234,0.7846155824613482,210,0.8889407512130245,234,0.9326861838464666,231,0.9128707062827883,224,1133
253,-0.34964745525122826,14,-0.9659,26,30,7,895.8,7,930.0,0.9641360143408764,237,0.6136562678918552,187,0.7413534634934528,217,0.8185287439373141,187,0.8399227495421644,224,1052
253,-0.34964745525122826,15,-0.866,26,30,9,894.9,7,258.0,0.8654828793951328,60,0.39980270526173517,49,0.5432891278684302,57,0.6497513813205752,38,0.7119342492019489,58,262
253,-0.34964745525122826,16,-0.7071,25,39,20,894.9,4,203.0,0.7085483923196105,74,0.15762863054137086,36,0.308245473545441,47,0.4378559718399882,70,0.5376273945857363,65,292
253,-0.34964745525122826,17,-0.5,25,34,17,894.9,5,233.0,0.504027361355908,66,1.326794896677558e-06,31,0.05224031032171634,40,0.19728281417415283,41,0.3288808917154018,57,235
253,-0.34964745525122826,18,-0.2588,25,32,19,894.9,5,192.0,0.26585753378805504,55,1.326794896677558e-06,24,1.326794896677558e-06,27,1.326794896677558e-06,21,0.09992044889549855,37,164
253,-0.34964745525122826,19,0.0,24,36,15,894.9,5,0.0,0.0,0,0.0,0,0.0,0,0.0,0,0.0,0,0
253,-0.34964745525122826,20,0.2588,18,73,19,896.7,4,0.0,0.0,0,0.0,0,0.0,0,0.0,0,0.0,0,0
253,-0.34964745525122826,21,0.5,17,82,19,897.6,4,0.0,0.0,0,0.0,0,0.0,0,0.0,0,0.0,0,0
253,-0.34964745525122826,22,0.7071,17,77,30,897.6,4,0.0,0.0,0,0.0,0,0.0,0,0.0,0,0.0,0,0
253,-0.34964745525122826,23,0.866,16,77,33,897.6,3,0.0,0.0,0,0.0,0,0.0,0,0.0,0,0.0,0,0
253,-0.34964745525122826,24,0.9659,15,82,22,898.5,5,0.0,0.0,0,0.0,0,0.0,0,0.0,0,0.0,0,0
254,-0.33346877891818705,1,1.0,15,82,19,898.5,5,0.0,0.0,0,0.0,0,0.0,0,0.0,0,0.0,0,0
254,-0.33346877891818705,2,0.9659,15,88,11,897.6,5,0.0,0.0,0,0.0,0,0.0,0,0.0,0,0.0,0,0
254,-0.33346877891818705,3,0.866,15,82,9,897.6,5,0.0,0.0,0,0.0,0,0.0,0,0.0,0,0.0,0,0
254,-0.33346877891818705,4,0.7071,14,82,19,897.6,7,0.0,0.0,0,0.0,0,0.0,0,0.0,0,0.0,0,0
254,-0.33346877891818705,5,0.5,13,88,19,898.5,7,0.0,0.0,0,0.0,0,0.0,0,0.0,0,0.0,0,0
254,-0.33346877891818705,6,0.2588,13,88,15,897.6,7,0.0,0.0,0,0.0,0,0.0,0,0.0,0,0.0,0,0
254,-0.33346877891818705,7,0.0,12,94,19,898.5,10,0.0,0.0,0,0.0,0,0.0,0,0.0,0,0.0,0,0
254,-0.33346877891818705,8,-0.2588,13,88,17,898.5,10,115.0,0.26501490243020975,25,0.8209743648437281,36,0.7433750885487262,40,0.6151161266969055,39,0.4449381021957656,36,176
254,-0.33346877891818705,9,-0.5,15,82,11,898.5,7,268.0,0.5033008445013187,66,0.9321522997382521,87,0.8908012156759063,92,0.7887436081958634,89,0.6329345232823694,82,416
254,-0.33346877891818705,10,-0.7071,16,77,6,898.5,7,334.0,0.7079215851912803,92,0.9792137898971711,105,0.977872975920514,111,0.9098918475881804,110,0.7799031987141214,104,522
254,-0.33346877891818705,11,-0.866,17,72,15,898.5,7,736.0,0.8649325822025694,198,0.9589516779308017,221,0.9986565826252015,239,0.9703048059694396,227,0.8758284714452356,209,1094
254,-0.33346877891818705,12,-0.9659,19,64,17,897.6,7,665.0,0.9636338132940774,198,0.8727467909634813,196,0.9517356697058894,215,0.9658654467695933,206,0.9141732027942567,196,1011
254,-0.33346877891818705,13,-1.0,20,60,20,897.6,10,848.0,0.9972989638458356,245,0.7264738475658856,221,0.8403078209139204,246,0.8968763090267532,244,0.8923242691123352,235,1191
254,-0.33346877891818705,14,-0.9659,21,49,24,896.7,10,801.0,0.9636338132940774,239,0.5301010672994048,186,0.6719666285046147,214,0.7680388675062648,220,0.8117706299112573,219,1078
254,-0.33346877891818705,15,-0.866,21,49,20,896.7,10,723.0,0.8649325822025694,230,0.2970109311691983,142,0.4581842662245469,176,0.588133179995422,189,0.6780018809408366,197,934
254,-0.33346877891818705,16,-0.7071,22,46,19,896.7,10,556.0,0.7079215851912806,169,0.04308811219890353,75,0.21352961809818174,102,0.369419497510448,120,0.5001341250312972,134,600
254,-0.33346877891818705,17,-0.5,22,46,19,895.8,10,184.0,0.5033008445013184,66,1.326794896677558e-06,27,1.326794896677558e-06,33,0.12680277240751517,41,0.2902887375988444,50,217
254,-0.33346877891818705,18,-0.2588,22,43,15,895.8,10,111.0,0.26501490243020975,34,1.326794896677558e-06,17,1.326794896677558e-06,20,1.326794896677558e-06,21,0.06276631439993041,27,119
254,-0.33346877891818705,19,0.0,21,46,13,895.8,10,0.0,0.0,0,0.0,0,0.0,0,0.0,0,0.0,0,0
254,-0.33346877891818705,20,0.2588,19,56,17,896.7,10,0.0,0.0,0,0.0,0,0.0,0,0.0,0,0.0,0,0
254,-0.33346877891818705,21,0.5,18,52,22,896.7,10,0.0,0.0,0,0.0,0,0.0,0,0.0,0,0.0,0,0
254,-0.33346877891818705,22,0.7071,18,49,20,897.6,10,0.0,0.0,0,0.0,0,0.0,0,0.0,0,0.0,0,0
254,-0.33346877891818705,23,0.866,17,52,19,897.6,10,0.0,0.0,0,0.0,0,0.0,0,0.0,0,0.0,0,0
254,-0.33346877891818705,24,0.9659,16,59,19,897.6,10,0.0,0.0,0,0.0,0,0.0,0,0.0,0,0.0,0,0
255,-0.31719128858910595,1,1.0,16,59,19,897.6,10,0.0,0.0,0,0.0,0,0.0,0,0.0,0,0.0,0,0
255,-0.31719128858910595,2,0.9659,16,59,7,896.7,10,0.0,0.0,0,0.0,0,0.0,0,0.0,0,0.0,0,0
255,-0.31719128858910595,3,0.866,15,67,13,896.7,10,0.0,0.0,0,0.0,0,0.0,0,0.0,0,0.0,0,0
255,-0.31719128858910595,4,0.7071,13,77,15,896.7,10,0.0,0.0,0,0.0,0,0.0,0,0.0,0,0.0,0,0
255,-0.31719128858910595,5,0.5,13,77,15,896.7,10,0.0,0.0,0,0.0,0,0.0,0,0.0,0,0.0,0,0
255,-0.31719128858910595,6,0.2588,12,82,9,896.7,10,0.0,0.0,0,0.0,0,0.0,0,0.0,0,0.0,0,0
255,-0.31719128858910595,7,0.0,12,82,9,896.7,10,0.0,0.0,0,0.0,0,0.0,0,0.0,0,0.0,0,0
255,-0.31719128858910595,8,-0.2588,15,63,4,897.6,10,156.0,0.2641570512244646,14,0.8222458734590569,38,0.7431609549451367,39,0.6134309435097723,37,0.4418967114875876,30,158
255,-0.31719128858910595,9,-0.5,17,63,4,896.7,10,376.0,0.5025479084024702,91,0.9334727588078077,182,0.8906519923506193,183,0.787134871662676,164,0.6299759059716109,135,755
255,-0.31719128858910595,10,-0.7071,18,56,4,897.6,10,565.0,0.7072587416815987,153,0.9805549696377596,218,0.9777620894341585,225,0.9083364515418039,208,0.7770092905473492,182,986
255,-0.31719128858910595,11,-0.866,20,49,7,896.7,10,714.0,0.8643388691411302,197,0.9602839364800327,235,0.9985548469559578,248,0.9687760092038114,234,0.8729767983977218,213,1127
255,-0.31719128858910595,12,-0.9659,21,43,7,896.7,10,809.0,0.9630835574391217,227,0.8740410944232766,235,0.9516132752211357,252,0.9643346953942455,243,0.9113384126171726,227,1184
255,-0.31719128858910595,13,-1.0,23,36,7,895.8,10,844.0,0.9967635304331283,240,0.7277037407537972,219,0.8401363594218861,243,0.8953151778154204,238,0.8894798566791225,228,1168
255,-0.31719128858910595,14,-0.9659,24,36,9,895.8,10,816.0,0.9630835574391217,234,0.5312445075326875,185,0.6717210544532412,213,0.76642101485945,216,0.808890752717387,213,1061
255,-0.31719128858910595,15,-0.866,24,36,11,894.9,10,732.0,0.8643388691411302,219,0.29805174434692794,136,0.4578445658720163,169,0.5864361164508596,180,0.6750631064348025,187,891
255,-0.31719128858910595,16,-0.7071,26,30,4,894.1,7,587.0,0.7072587416815987,189,0.044017125951255946,74,0.21308219864143127,108,0.3676261361894333,129,0.4971170367213075,146,646
255,-0.31719128858910595,17,-0.5,25,34,6,894.1,7,410.0,0.5025479084024702,141,1.326794896677558e-06,30,1.326794896677558e-06,43,0.12490258889648582,66,0.28717925588221055,92,372
255,-0.31719128858910595,18,-0.2588,25,32,15,894.1,10,192.0,0.2641570512244646,76,1.326794896677558e-06,20,1.326794896677558e-06,20,1.326794896677558e-06,19,0.05955665603507836,34,169
255,-0.31719128858910595,19,0.0,23,38,13,894.1,10,0.0,0.0,0,0.0,0,0.0,0,0.0,0,0.0,0,0
255,-0.31719128858910595,20,0.2588,22,41,11,894.1,7,0.0,0.0,0,0.0,0,0.0,0,0.0,0,0.0,0,0
255,-0.31719128858910595,21,0.5,21,46,7,894.1,7,0.0,0.0,0,0.0,0,0.0,0,0.0,0,0.0,0,0
255,-0.31719128858910595,22,0.7071,20,46,6,894.1,7,0.0,0.0,0,0.0,0,0.0,0,0.0,0,0.0,0,0
255,-0.31719128858910595,23,0.866,21,43,6,894.1,7,0.0,0.0,0,0.0,0,0.0,0,0.0,0,0.0,0,0
255,-0.31719128858910595,24,0.9659,20,52,2,894.9,5,0.0,0.0,0,0.0,0,0.0,0,0.0,0,0.0,0,0
256,-0.300819807635668,1,1.0,19,49,7,894.1,7,0.0,0.0,0,0.0,0,0.0,0,0.0,0,0.0,0,0
256,-0.300819807635668,2,0.9659,18,56,7,894.1,7,0.0,0.0,0,0.0,0,0.0,0,0.0,0,0.0,0,0
256,-0.300819807635668,3,0.866,18,56,7,894.1,7,0.0,0.0,0,0.0,0,0.0,0,0.0,0,0.0,0,0
256,-0.300819807635668,4,0.7071,17,59,11,894.1,10,0.0,0.0,0,0.0,0,0.0,0,0.0,0,0.0,0,0
256,-0.300819807635668,5,0.5,16,63,6,894.1,7,0.0,0.0,0,0.0,0,0.0,0,0.0,0,0.0,0,0
256,-0.300819807635668,6,0.2588,15,67,2,894.1,7,0.0,0.0,0,0.0,0,0.0,0,0.0,0,0.0,0,0
256,-0.300819807635668,7,0.0,15,67,6,894.1,7,0.0,0.0,0,0.0,0,0.0,0,0.0,0,0.0,0,0
256,-0.300819807635668,8,-0.2588,17,59,9,894.1,7,118.0,0.2632841725379406,17,0.8924403096522359,44,0.7992154857569386,43,0.651525545088969,37,0.45943529683309187,32,173
256,-0.300819807635668,9,-0.5,20,52,4,894.1,10,361.0,0.5017686161248921,88,0.9767247305715193,192,0.9247303400783377,191,0.8097172125936714,169,0.6395232896507576,133,773
256,-0.300819807635668,10,-0.7071,22,38,11,894.9,10,555.0,0.7065598138223491,147,0.9943284859185894,228,0.9877904838337542,233,0.9139363057513942,211,0.7777989834044635,181,1000
256,-0.300819807635668,11,-0.866,24,31,9,894.9,7,701.0,0.8637016070434331,194,0.9440519108737156,231,0.9840984795758638,245,0.957080477042869,230,0.8648391324255151,208,1108
256,-0.300819807635668,12,-0.9659,25,29,9,894.1,10,795.0,0.962485060050201,220,0.8293212651836754,221,0.9139059308754697,241,0.936209527249632,231,0.8947121035553326,218,1131
256,-0.300819807635668,13,-1.0,26,30,13,894.1,10,832.0,0.9961782549629586,232,0.6579552486822497,194,0.7819963433872891,220,0.852745780042757,222,0.8653821090502811,216,1084
256,-0.300819807635668,14,-0.9659,26,32,11,894.1,7,814.0,0.962485060050201,219,0.44163212599142193,143,0.5973591008914761,175,0.7123771273313186,185,0.7788479285163901,193,915
256,-0.300819807635668,15,-0.866,26,32,9,893.2,7,529.0,0.8637016070434331,158,0.19509396224826944,83,0.37257692723133956,108,0.5246694608212963,121,0.641006722193759,135,605
256,-0.300819807635668,16,-0.7071,27,28,9,893.2,5,337.0,0.706559813822349,111,1.326794896677558e-06,50,0.12296832345900269,66,0.3024147222432581,79,0.4612521234833093,93,399
256,-0.300819807635668,17,-0.5,27,28,6,893.2,5,201.0,0.5017686161248919,62,1.326794896677558e-06,32,1.326794896677558e-06,38,0.0607591811975868,44,0.25183409304554166,52,228
256,-0.300819807635668,18,-0.2588,26,28,11,892.3,7,95.0,0.2632841725379406,30,1.326794896677558e-06,14,1.326794896677558e-06,17,1.326794896677558e-06,17,0.027024103394222666,23,101
256,-0.300819807635668,19,0.0,24,36,26,893.2,5,0.0,0.0,0,0.0,0,0.0,0,0.0,0,0.0,0,0
256,-0.300819807635668,20,0.2588,22,46,24,893.2,5,0.0,0.0,0,0.0,0,0.0,0,0.0,0,0.0,0,0
256,-0.300819807635668,21,0.5,22,43,19,894.1,5,0.0,0.0,0,0.0,0,0.0,0,0.0,0,0.0,0,0
256,-0.300819807635668,22,0.7071,22,43,19,894.9,5,0.0,0.0,0,0.0,0,0.0,0,0.0,0,0.0,0,0
256,-0.300819807635668,23,0.866,20,52,19,894.9,5,0.0,0.0,0,0.0,0,0.0,0,0.0,0,0.0,0,0
256,-0.300819807635668,24,0.9659,20,49,20,894.9,5,0.0,0.0,0,0.0,0,0.0,0,0.0,0,0.0,0,0
257,-0.2843591872810036,1,1.0,20,49,20,894.9,5,0.0,0.0,0,0.0,0,0.0,0,0.0,0,0.0,0,0
257,-0.2843591872810036,2,0.9659,19,52,19,894.9,5,0.0,0.0,0,0.0,0,0.0,0,0.0,0,0.0,0,0
257,-0.2843591872810036,3,0.866,18,56,17,894.9,5,0.0,0.0,0,0.0,0,0.0,0,0.0,0,0.0,0,0
257,-0.2843591872810036,4,0.7071,17,59,20,894.9,7,0.0,0.0,0,0.0,0,0.0,0,0.0,0,0.0,0,0
257,-0.2843591872810036,5,0.5,17,59,13,894.9,7,0.0,0.0,0,0.0,0,0.0,0,0.0,0,0.0,0,0
257,-0.2843591872810036,6,0.2588,16,63,9,894.9,10,0.0,0.0,0,0.0,0,0.0,0,0.0,0,0.0,0,0
257,-0.2843591872810036,7,0.0,14,72,13,894.9,7,0.0,0.0,0,0.0,0,0.0,0,0.0,0,0.0,0,0
257,-0.2843591872810036,8,-0.2588,18,59,11,894.9,7,147.0,0.2623964756116981,16,0.8929791233826168,42,0.7983901720682822,42,0.6493923475005824,68,0.4561395888314131,33,201
257,-0.2843591872810036,9,-0.5,20,52,22,895.8,7,358.0,0.5009630615238964,87,0.9772925746930231,189,0.923948258032374,187,0.8076385018146761,180,0.6362896105258091,131,774
257,-0.2843591872810036,10,-0.7071,20,49,22,895.8,7,490.0,0.7058247963848997,143,0.994902393365882,221,0.987030121872162,226,0.9118934917013539,213,0.7746129314299202,173,976
257,-0.2843591872810036,11,-0.866,22,43,20,895.8,7,698.0,0.8630207146510835,198,0.944608501376525,239,0.9833368459609579,252,0.9550525233629047,234,0.8616830602100988,212,1135
257,-0.2843591872810036,12,-0.9659,23,38,13,895.8,7,738.0,0.9618381920746226,207,0.8298383385908928,203,0.9131201205301506,223,0.9341743848806976,218,0.8915663206634139,205,1056
257,-0.2843591872810036,13,-1.0,24,36,22,894.9,7,710.0,0.9955429920808903,196,0.6584132887951095,165,0.7811650914253181,186,0.8506818845832043,185,0.8622262211445807,186,918
257,-0.2843591872810036,14,-0.9659,25,34,20,894.9,7,847.0,0.9618381920746226,238,0.4420156662112053,159,0.596464260885491,194,0.7102648891853244,198,0.7756622378363566,214,1003
257,-0.2843591872810036,15,-0.866,26,32,11,894.1,7,735.0,0.8630207146510835,224,0.19539258642611207,100,0.3716046644363801,139,0.5224925694830415,150,0.6377735540168225,182,795
257,-0.2843591872810036,16,-0.7071,26,32,20,894.1,7,594.0,0.7058247963848997,187,1.326794896677558e-06,50,0.12191008672324119,75,0.30016127839589773,83,0.4579570412634138,136,531
257,-0.2843591872810036,17,-0.5,25,34,15,894.1,5,244.0,0.5009630615238966,59,1.326794896677558e-06,24,1.326794896677558e-06,28,0.058422502370307536,29,0.2484668795060695,44,184
257,-0.2843591872810036,18,-0.2588,23,44,30,893.2,5,69.0,0.2623964756116981,18,1.326794896677558e-06,13,1.326794896677558e-06,16,1.326794896677558e-06,15,0.02357945678786568,20,82
257,-0.2843591872810036,19,0.0,21,49,33,893.2,4,0.0,0.0,0,0.0,0,0.0,0,0.0,0,0.0,0,0
257,-0.2843591872810036,20,0.2588,21,49,22,894.9,2,0.0,0.0,0,0.0,0,0.0,0,0.0,0,0.0,0,0
257,-0.2843591872810036,21,0.5,16,82,19,896.7,2,0.0,0.0,0,0.0,0,0.0,0,0.0,0,0.0,0,0
257,-0.2843591872810036,22,0.7071,17,72,26,896.7,5,0.0,0.0,0,0.0,0,0.0,0,0.0,0,0.0,0,0
257,-0.2843591872810036,23,0.866,16,77,19,896.7,4,0.0,0.0,0,0.0,0,0.0,0,0.0,0,0.0,0,0
257,-0.2843591872810036,24,0.9659,16,82,4,896.7,5,0.0,0.0,0,0.0,0,0.0,0,0.0,0,0.0,0,0
258,-0.26781430516217486,1,1.0,16,77,11,896.7,7,0.0,0.0,0,0.0,0,0.0,0,0.0,0,0.0,0,0
258,-0.26781430516217486,2,0.9659,15,82,17,896.7,5,0.0,0.0,0,0.0,0,0.0,0,0.0,0,0.0,0,0
258,-0.26781430516217486,3,0.866,14,88,17,896.7,5,0.0,0.0,0,0.0,0,0.0,0,0.0,0,0.0,0,0
258,-0.26781430516217486,4,0.7071,14,88,15,896.7,5,0.0,0.0,0,0.0,0,0.0,0,0.0,0,0.0,0,0
258,-0.26781430516217486,5,0.5,15,77,15,896.7,5,0.0,0.0,0,0.0,0,0.0,0,0.0,0,0.0,0,0
258,-0.26781430516217486,6,0.2588,14,82,7,896.7,5,0.0,0.0,0,0.0,0,0.0,0,0.0,0,0.0,0,0
258,-0.26781430516217486,7,0.0,14,82,7,896.7,5,0.0,0.0,0,0.0,0,0.0,0,0.0,0,0.0,0,0
258,-0.26781430516217486,8,-0.2588,15,77,11,896.7,5,116.0,0.26149418651081235,16,0.2253730410821393,16,0.25202097405274576,15,0.26149418651081235,16,0.25314709517094425,15,78
258,-0.26781430516217486,9,-0.5,17,68,15,896.7,5,383.0,0.5001313693527896,98,0.448871648117535,88,0.49124005915137386,42,0.5001313693527896,45,0.4749396513414073,38,311
258,-0.26781430516217486,10,-0.7071,17,68,15,897.6,5,312.0,0.70505372712421,91,0.6407942192615962,78,0.6966621072605996,86,0.70505372712421,93,0.6653972046456784,93,441
258,-0.26781430516217486,11,-0.866,18,64,11,897.6,5,606.0,0.8622961629628816,169,0.7880615695839994,158,0.8542879687628424,174,0.8622961629628816,175,0.8115404078450617,169,845
258,-0.26781430516217486,12,-0.9659,18,64,9,897.6,5,694.0,0.9611428825465176,167,0.8806376888908645,153,0.9533757197143332,171,0.9611428825465176,169,0.9034098589525863,166,826
258,-0.26781430516217486,13,-1.0,20,56,11,896.7,5,441.0,0.9948576565076879,136,0.9122136779739762,125,0.9871727049736688,140,0.9948576565076879,137,0.9347448167086426,136,674
258,-0.26781430516217486,14,-0.9659,20,56,13,895.8,5,474.0,0.9611428825465176,156,0.8806376888908645,145,0.9533757197143332,163,0.9611428825465176,159,0.9034098589525863,153,776
258,-0.26781430516217486,15,-0.866,20,60,19,895.8,5,466.0,0.8622961629628816,161,0.7880615695839994,146,0.8542879687628424,161,0.8622961629628816,161,0.8115404078450617,157,786
258,-0.26781430516217486,16,-0.7071,19,52,17,894.9,5,289.0,0.70505372712421,71,0.6407942192615962,58,0.6966621072605995,67,0.70505372712421,71,0.6653972046456784,75,342
258,-0.26781430516217486,17,-0.5,17,63,20,895.8,4,96.0,0.5001313693527896,21,0.448871648117535,16,0.49124005915137386,20,0.5001313693527896,22,0.4749396513414073,25,104
258,-0.26781430516217486,18,-0.2588,18,59,15,895.8,5,55.0,0.26149418651081213,13,0.22537304108213885,10,0.2520209740527454,12,0.26149418651081213,13,0.25314709517094425,15,63
258,-0.26781430516217486,19,0.0,17,63,15,894.9,5,0.0,0.0,0,0.0,0,0.0,0,0.0,0,0.0,0,0
258,-0.26781430516217486,20,0.2588,16,68,6,895.8,5,0.0,0.0,0,0.0,0,0.0,0,0.0,0,0.0,0,0
258,-0.26781430516217486,21,0.5,15,77,11,896.7,5,0.0,0.0,0,0.0,0,0.0,0,0.0,0,0.0,0,0
258,-0.26781430516217486,22,0.7071,16,72,7,896.7,5,0.0,0.0,0,0.0,0,0.0,0,0.0,0,0.0,0,0
258,-0.26781430516217486,23,0.866,15,82,17,896.7,5,0.0,0.0,0,0.0,0,0.0,0,0.0,0,0.0,0,0
258,-0.26781430516217486,24,0.9659,15,82,7,896.7,5,0.0,0.0,0,0.0,0,0.0,0,0.0,0,0.0,0,0
259,-0.25119006388481957,1,1.0,15,77,4,896.7,5,0.0,0.0,0,0.0,0,0.0,0,0.0,0,0.0,0,0
259,-0.25119006388481957,2,0.9659,14,88,13,896.7,5,0.0,0.0,0,0.0,0,0.0,0,0.0,0,0.0,0,0
259,-0.25119006388481957,3,0.866,14,82,13,896.7,5,0.0,0.0,0,0.0,0,0.0,0,0.0,0,0.0,0,0
259,-0.25119006388481957,4,0.7071,14,77,13,896.7,5,0.0,0.0,0,0.0,0,0.0,0,0.0,0,0.0,0,0
259,-0.25119006388481957,5,0.5,13,82,15,896.7,5,0.0,0.0,0,0.0,0,0.0,0,0.0,0,0.0,0,0
259,-0.25119006388481957,6,0.2588,13,82,17,896.7,5,0.0,0.0,0,0.0,0,0.0,0,0.0,0,0.0,0,0
259,-0.25119006388481957,7,0.0,14,77,22,896.7,5,0.0,0.0,0,0.0,0,0.0,0,0.0,0,0.0,0,0
259,-0.25119006388481957,8,-0.2588,14,77,19,897.6,5,59.0,0.26057754805072,17,0.2280567282650191,14,0.25293566573865484,16,0.26057754805072,25,0.2504615939442077,20,92
259,-0.25119006388481957,9,-0.5,15,77,22,897.6,5,166.0,0.49927369532822985,45,0.4516105584368863,40,0.4922138586632693,43,0.49927369532822985,51,0.4723089527986152,45,224
259,-0.25119006388481957,10,-0.7071,14,88,19,898.5,4,133.0,0.7042466869635621,42,0.643580550826267,35,0.6976866638252361,41,0.7042466869635621,32,0.6628135661456381,43,193
259,-0.25119006388481957,11,-0.866,13,94,19,898.5,4,37.0,0.86152797551115,11,0.7908842887790254,10,0.855351472588812,11,0.86152797551115,12,0.808992879743483,14,58
259,-0.25119006388481957,12,-0.9659,13,94,11,898.5,4,35.0,0.9603991189207501,10,0.8834832823170147,10,0.9544637068139241,10,0.9603991189207501,12,0.9008850307808118,12,54
259,-0.25119006388481957,13,-1.0,13,88,20,898.5,4,92.0,0.9941222233928683,27,0.9150670733760093,21,0.9882690428621879,25,0.9941222233928683,38,0.9322277310577162,30,141
259,-0.25119006388481957,14,-0.9659,16,72,24,898.5,4,270.0,0.9603991189207501,84,0.8834832823170147,68,0.9544637068139241,78,0.9603991189207501,109,0.9008850307808118,88,427
259,-0.25119006388481957,15,-0.866,17,68,24,898.5,5,446.0,0.86152797551115,129,0.7908842887790254,112,0.855351472588812,125,0.86152797551115,111,0.808992879743483,131,608
259,-0.25119006388481957,16,-0.7071,16,72,26,898.5,5,290.0,0.7042466869635622,80,0.643580550826267,65,0.6976866638252364,75,0.7042466869635622,75,0.6628135661456381,85,380
259,-0.25119006388481957,17,-0.5,16,77,20,898.5,5,190.0,0.49927369532822985,50,0.4516105584368863,39,0.4922138586632693,45,0.49927369532822985,45,0.4723089527986152,53,232
259,-0.25119006388481957,18,-0.2588,15,82,24,898.5,4,78.0,0.26057754805072,18,0.2280567282650191,14,0.2529356657386553,18,0.26057754805072,13,0.2504615939442077,21,84
259,-0.25119006388481957,19,0.0,14,88,20,899.4,5,0.0,0.0,0,0.0,0,0.0,0,0.0,0,0.0,0,0
259,-0.25119006388481957,20,0.2588,14,88,22,899.4,5,0.0,0.0,0,0.0,0,0.0,0,0.0,0,0.0,0,0
259,-0.25119006388481957,21,0.5,13,88,17,900.2,5,0.0,0.0,0,0.0,0,0.0,0,0.0,0,0.0,0,0
259,-0.25119006388481957,22,0.7071,14,77,20,900.2,5,0.0,0.0,0,0.0,0,0.0,0,0.0,0,0.0,0,0
259,-0.25119006388481957,23,0.866,14,77,20,900.2,5,0.0,0.0,0,0.0,0,0.0,0,0.0,0,0.0,0,0
259,-0.25119006388481957,24,0.9659,14,77,15,900.2,5,0.0,0.0,0,0.0,0,0.0,0,0.0,0,0.0,0,0
260,-0.23449138957041052,1,1.0,14,77,17,900.2,5,0.0,0.0,0,0.0,0,0.0,0,0.0,0,0.0,0,0
260,-0.23449138957041052,2,0.9659,14,77,15,899.4,5,0.0,0.0,0,0.0,0,0.0,0,0.0,0,0.0,0,0
260,-0.23449138957041052,3,0.866,14,77,19,899.4,5,0.0,0.0,0,0.0,0,0.0,0,0.0,0,0.0,0,0
260,-0.23449138957041052,4,0.7071,14,77,15,899.4,5,0.0,0.0,0,0.0,0,0.0,0,0.0,0,0.0,0,0
260,-0.23449138957041052,5,0.5,14,77,15,899.4,5,0.0,0.0,0,0.0,0,0.0,0,0.0,0,0.0,0,0
260,-0.23449138957041052,6,0.2588,14,82,9,899.4,5,0.0,0.0,0,0.0,0,0.0,0,0.0,0,0.0,0,0
260,-0.23449138957041052,7,0.0,12,88,9,899.4,7,0.0,0.0,0,0.0,0,0.0,0,0.0,0,0.0,0,0
260,-0.23449138957041052,8,-0.2588,13,88,11,899.4,7,0.0,0.0,0,0.0,0,0.0,0,0.0,0,0.0,0,0
260,-0.23449138957041052,9,-0.5,15,77,17,899.4,7,170.0,0.49839022615260403,46,0.45433083550465253,39,0.4931646603446871,43,0.49839022615260403,58,0.4696514196750818,47,233
260,-0.23449138957041052,10,-0.7071,15,77,20,900.2,7,430.0,0.7034038001196699,97,0.6463388352521363,85,0.698678146516704,95,0.7034038001196699,138,0.6601937510387491,101,516
260,-0.23449138957041052,11,-0.866,15,77,17,900.2,7,532.0,0.8607162285656784,151,0.793671737306818,141,0.8563741709236081,155,0.8607162285656784,161,0.8064020066474074,152,760
260,-0.23449138957041052,12,-0.9659,17,63,19,900.2,7,787.0,0.9596069473264186,248,0.8862890641766279,240,0.9555060281246471,264,0.9596069473264186,244,0.8983123513781183,241,1237
260,-0.23449138957041052,13,-1.0,18,52,17,899.4,7,832.0,0.9933367285851017,230,0.9178791083953981,222,0.9893180572048994,246,0.9933367285851017,226,0.9296612571826166,221,1145
260,-0.23449138957041052,14,-0.9659,18,56,20,899.4,7,810.0,0.9596069473264186,212,0.8862890641766279,204,0.9555060281246471,227,0.9596069473264186,237,0.8983123513781183,203,1083
260,-0.23449138957041052,15,-0.866,18,56,20,899.4,7,758.0,0.8607162285656784,220,0.793671737306818,210,0.8563741709236081,229,0.8607162285656784,188,0.8064020066474074,211,1058
260,-0.23449138957041052,16,-0.7071,18,56,20,899.4,7,332.0,0.7034038001196699,104,0.6463388352521363,91,0.698678146516704,101,0.7034038001196699,116,0.6601937510387491,104,516
260,-0.23449138957041052,17,-0.5,18,52,19,899.4,7,388.0,0.49839022615260403,148,0.45433083550465253,137,0.4931646603446871,149,0.49839022615260403,128,0.4696514196750818,133,695
260,-0.23449138957041052,18,-0.2588,18,52,20,899.4,10,162.0,0.2596468196999512,70,0.23073274490308224,62,0.25383909339775645,68,0.2596468196999512,48,0.24776013715899237,59,307
260,-0.23449138957041052,19,0.0,16,59,17,899.4,10,0.0,0.0,0,0.0,0,0.0,0,0.0,0,0.0,0,0
260,-0.23449138957041052,20,0.2588,14,72,11,900.2,10,0.0,0.0,0,0.0,0,0.0,0,0.0,0,0.0,0,0
260,-0.23449138957041052,21,0.5,14,67,6,900.2,10,0.0,0.0,0,0.0,0,0.0,0,0.0,0,0.0,0,0
260,-0.23449138957041052,22,0.7071,14,67,2,900.2,10,0.0,0.0,0,0.0,0,0.0,0,0.0,0,0.0,0,0
260,-0.23449138957041052,23,0.866,13,72,7,900.2,10,0.0,0.0,0,0.0,0,0.0,0,0.0,0,0.0,0,0
260,-0.23449138957041052,24,0.9659,12,77,7,900.2,10,0.0,0.0,0,0.0,0,0.0,0,0.0,0,0.0,0,0
261,-0.21772323039653224,1,1.0,12,77,4,900.2,10,0.0,0.0,0,0.0,0,0.0,0,0.0,0,0.0,0,0
261,-0.21772323039653224,2,0.9659,11,82,4,899.4,10,0.0,0.0,0,0.0,0,0.0,0,0.0,0,0.0,0,0
261,-0.21772323039653224,3,0.866,11,76,6,899.4,10,0.0,0.0,0,0.0,0,0.0,0,0.0,0,0.0,0,0
261,-0.21772323039653224,4,0.7071,9,87,6,900.2,10,0.0,0.0,0,0.0,0,0.0,0,0.0,0,0.0,0,0
261,-0.21772323039653224,5,0.5,9,87,2,899.4,10,0.0,0.0,0,0.0,0,0.0,0,0.0,0,0.0,0,0
261,-0.21772323039653224,6,0.2588,8,87,4,899.4,10,0.0,0.0,0,0.0,0,0.0,0,0.0,0,0.0,0,0
261,-0.21772323039653224,7,0.0,7,93,0,900.2,10,0.0,0.0,0,0.0,0,0.0,0,0.0,0,0.0,0,0
261,-0.21772323039653224,8,-0.2588,10,87,2,900.2,10,143.0,0.258702277459451,28,0.23340012552260705,27,0.2547309001326985,15,0.258702277459451,13,0.24504361490549964,12,95
261,-0.21772323039653224,9,-0.5,14,72,4,900.2,10,367.0,0.4974811794933783,112,0.45703145921449656,105,0.4940920488227279,53,0.4974811794933783,33,0.4669678878449536,21,324
261,-0.21772323039653224,10,-0.7071,16,63,6,900.2,10,553.0,0.7025252341679418,172,0.6490680055187539,164,0.6996360897480173,180,0.7025252341679418,162,0.6575385486428281,144,822
261,-0.21772323039653224,11,-0.866,18,49,6,900.2,10,687.0,0.8598610512648991,226,0.7964228121484486,218,0.857355559649621,239,0.8598610512648991,209,0.8037685421507468,199,1091
261,-0.21772323039653224,12,-0.9659,20,43,7,900.2,10,772.0,0.9587664727394681,207,0.889053908821183,202,0.9565021553075314,219,0.9587664727394681,230,0.8956925518814405,218,1076
261,-0.21772323039653224,13,-1.0,22,35,9,899.4,10,795.0,0.9925012688189598,235,0.9206486496650883,227,0.9903192114013764,247,0.9925012688189598,238,0.9270461185606237,225,1172
261,-0.21772323039653224,14,-0.9659,23,31,9,899.4,10,778.0,0.9587664727394681,228,0.889053908821183,221,0.9565021553075314,241,0.9587664727394681,236,0.8956925518814405,222,1148
261,-0.21772323039653224,15,-0.866,24,29,4,898.5,10,685.0,0.8598610512648991,206,0.7964228121484486,199,0.857355559649621,217,0.8598610512648991,214,0.8037685421507468,202,1038
261,-0.21772323039653224,16,-0.7071,25,28,4,898.5,10,539.0,0.7025252341679418,169,0.6490680055187539,162,0.6996360897480173,175,0.7025252341679418,179,0.6575385486428281,167,852
261,-0.21772323039653224,17,-0.5,25,26,7,898.5,10,559.0,0.4974811794933783,116,0.45703145921449656,108,0.49409204882272767,117,0.4974811794933783,128,0.4669678878449536,118,587
261,-0.21772323039653224,18,-0.2588,24,29,7,898.5,10,150.0,0.2587022774594508,46,0.23340012552260705,41,0.2547309001326985,45,0.2587022774594508,59,0.24504361490549942,55,246
261,-0.21772323039653224,19,0.0,23,36,7,898.5,10,0.0,0.0,0,0.0,0,0.0,0,0.0,0,0.0,0,0
261,-0.21772323039653224,20,0.2588,19,52,4,898.5,10,0.0,0.0,0,0.0,0,0.0,0,0.0,0,0.0,0,0
261,-0.21772323039653224,21,0.5,19,49,6,899.4,10,0.0,0.0,0,0.0,0,0.0,0,0.0,0,0.0,0,0
261,-0.21772323039653224,22,0.7071,18,56,4,899.4,10,0.0,0.0,0,0.0,0,0.0,0,0.0,0,0.0,0,0
261,-0.21772323039653224,23,0.866,17,63,6,899.4,10,0.0,0.0,0,0.0,0,0.0,0,0.0,0,0.0,0,0
261,-0.21772323039653224,24,0.9659,15,67,2,899.4,10,0.0,0.0,0,0.0,0,0.0,0,0.0,0,0.0,0,0
262,-0.20089055513063528,1,1.0,14,67,6,899.4,10,0.0,0.0,0,0.0,0,0.0,0,0.0,0,0.0,0,0
262,-0.20089055513063528,2,0.9659,13,77,4,899.4,10,0.0,0.0,0,0.0,0,0.0,0,0.0,0,0.0,0,0
262,-0.20089055513063528,3,0.866,13,67,7,899.4,10,0.0,0.0,0,0.0,0,0.0,0,0.0,0,0.0,0,0
262,-0.20089055513063528,4,0.7071,13,67,6,899.4,10,0.0,0.0,0,0.0,0,0.0,0,0.0,0,0.0,0,0
262,-0.20089055513063528,5,0.5,13,67,9,899.4,10,0.0,0.0,0,0.0,0,0.0,0,0.0,0,0.0,0,0
262,-0.20089055513063528,6,0.2588,13,67,4,899.4,10,0.0,0.0,0,0.0,0,0.0,0,0.0,0,0.0,0,0
262,-0.20089055513063528,7,0.0,12,72,4,900.2,10,0.0,0.0,0,0.0,0,0.0,0,0.0,0,0.0,0,0
262,-0.20089055513063528,8,-0.2588,15,67,4,900.2,10,0.0,0.0,0,0.0,0,0.0,0,0.0,0,0.0,0,0
262,-0.20089055513063528,9,-0.5,19,49,2,900.2,10,339.0,0.49654680391948003,88,0.5859970609514051,83,0.5981074177003999,57,0.5694578431945745,60,0.5020007560413842,26,314
262,-0.20089055513063528,10,-0.7071,21,43,7,901.1,10,527.0,0.7016112000477707,149,0.7524766077995989,143,0.7827890917596525,170,0.7597558994535125,170,0.6849467025105457,136,768
262,-0.20089055513063528,11,-0.866,23,38,6,901.1,10,678.0,0.8589626256740627,191,0.8674142648984863,186,0.9140437811423666,212,0.8983828353904876,210,0.8214986934878931,192,991
262,-0.20089055513063528,12,-0.9659,25,36,6,900.2,10,779.0,0.9578778590741087,221,0.9229772336060947,214,0.9829267106653049,237,0.9758914701787278,230,0.9023509513578767,214,1116
262,-0.20089055513063528,13,-1.0,26,32,7,900.2,7,789.0,0.9916160018176714,210,0.9153789992123882,205,0.9847436333266129,219,0.9869997293484473,211,0.92199353832003,205,1050
262,-0.20089055513063528,14,-0.9659,26,34,7,899.4,7,721.0,0.9578778590741087,179,0.8451373574248979,169,0.9193707204319677,185,0.9309505985602623,179,0.8790878435399703,174,886
262,-0.20089055513063528,15,-0.866,28,28,9,899.4,7,677.0,0.8589626256740627,185,0.7170391628040936,178,0.7912630291184882,182,0.8115637331705029,177,0.7765578176464827,179,901
262,-0.20089055513063528,16,-0.7071,28,28,19,898.5,7,435.0,0.7016112000477707,145,0.5398140778306744,136,0.6091508692688599,137,0.6369751350972926,131,0.6213907001458653,137,686
262,-0.20089055513063528,17,-0.5,27,28,19,898.5,7,291.0,0.49654680391948003,93,0.3255396796961109,86,0.3854448628358999,91,0.41908270894135347,89,0.4241608567934029,87,446
262,-0.20089055513063528,18,-0.2588,27,26,22,898.5,7,145.0,0.25774421371869294,52,0.08881839134169206,46,0.13539017895980318,30,0.17273543876330008,29,0.1983091543519068,47,204
262,-0.20089055513063528,19,0.0,26,28,20,898.5,10,0.0,0.0,0,0.0,0,0.0,0,0.0,0,0.0,0,0
262,-0.20089055513063528,20,0.2588,24,36,22,899.4,10,0.0,0.0,0,0.0,0,0.0,0,0.0,0,0.0,0,0
262,-0.20089055513063528,21,0.5,22,46,19,900.2,10,0.0,0.0,0,0.0,0,0.0,0,0.0,0,0.0,0,0
262,-0.20089055513063528,22,0.7071,22,43,19,900.2,10,0.0,0.0,0,0.0,0,0.0,0,0.0,0,0.0,0,0
262,-0.20089055513063528,23,0.866,21,43,15,900.2,10,0.0,0.0,0,0.0,0,0.0,0,0.0,0,0.0,0,0
262,-0.20089055513063528,24,0.9659,20,43,11,900.2,10,0.0,0.0,0,0.0,0,0.0,0,0.0,0,0.0,0,0
263,-0.18399835165767986,1,1.0,19,46,4,901.1,10,0.0,0.0,0,0.0,0,0.0,0,0.0,0,0.0,0,0
263,-0.18399835165767986,2,0.9659,17,52,2,901.1,10,0.0,0.0,0,0.0,0,0.0,0,0.0,0,0.0,0,0
263,-0.18399835165767986,3,0.866,17,52,4,901.1,10,0.0,0.0,0,0.0,0,0.0,0,0.0,0,0.0,0,0
263,-0.18399835165767986,4,0.7071,14,67,2,901.1,10,0.0,0.0,0,0.0,0,0.0,0,0.0,0,0.0,0,0
263,-0.18399835165767986,5,0.5,13,72,2,901.1,10,0.0,0.0,0,0.0,0,0.0,0,0.0,0,0.0,0,0
263,-0.18399835165767986,6,0.2588,13,72,4,900.2,10,0.0,0.0,0,0.0,0,0.0,0,0.0,0,0.0,0,0
263,-0.18399835165767986,7,0.0,12,77,13,901.1,10,0.0,0.0,0,0.0,0,0.0,0,0.0,0,0.0,0,0
263,-0.18399835165767986,8,-0.2588,16,63,11,901.1,10,0.0,0.0,0,0.0,0,0.0,0,0.0,0,0.0,0,0
263,-0.18399835165767986,9,-0.5,17,59,6,902.0,10,331.0,0.4955873787948086,86,0.5885886823323228,82,0.598932358937593,37,0.5684598859055533,38,0.4992479092018607,29,272
263,-0.18399835165767986,10,-0.7071,21,46,6,902.0,10,523.0,0.7006619520078536,148,0.755076490927859,159,0.7836231982767763,166,0.7587673864133325,162,0.6822029352899366,141,776
263,-0.18399835165767986,11,-0.866,24,38,7,902.0,10,675.0,0.8580211867703029,192,0.8700198519651243,204,0.9148844015017221,218,0.8974012022163362,210,0.8187617033196172,195,1019
263,-0.18399835165767986,12,-0.9659,25,36,6,901.1,7,773.0,0.9569413291928676,214,0.9255855780658728,216,0.9837707495143296,233,0.9749136836490846,226,0.899617973862918,213,1102
263,-0.18399835165767986,13,-1.0,27,30,7,901.1,7,492.0,0.990681146311698,150,0.9179869660684192,146,0.9855877619121828,158,0.986022493799818,152,0.9192615355212567,144,750
263,-0.18399835165767986,14,-0.9659,27,28,6,900.2,7,297.0,0.9569413291928676,95,0.8477418389684542,85,0.9202116051541173,96,0.9299705816786648,95,0.8763537115046911,93,464
263,-0.18399835165767986,15,-0.866,28,28,9,900.2,7,685.0,0.8580211867703029,201,0.719637287303671,179,0.7920975561757829,198,0.8105777912835485,194,0.7738185970727273,186,958
263,-0.18399835165767986,16,-0.7071,28,25,13,899.4,7,584.0,0.7006619520078534,193,0.5424034073323735,164,0.60997635856398,184,0.6359805286073077,180,0.6186437786428541,171,892
263,-0.18399835165767986,17,-0.5,29,22,15,899.4,7,365.0,0.49558737879480874,134,0.3281183756524855,100,0.386259250192085,113,0.4180772887111261,113,0.4214041467369476,111,571
263,-0.18399835165767986,18,-0.2588,28,25,17,899.4,7,143.0,0.25677293708888,59,0.09138533992846046,35,0.13619215679831695,42,0.17171779256613878,43,0.19554123513123475,43,222
263,-0.18399835165767986,19,0.0,25,32,7,899.4,10,0.0,0.0,0,0.0,0,0.0,0,0.0,0,0.0,0,0
263,-0.18399835165767986,20,0.2588,22,41,7,899.4,10,0.0,0.0,0,0.0,0,0.0,0,0.0,0,0.0,0,0
263,-0.18399835165767986,21,0.5,22,38,6,900.2,10,0.0,0.0,0,0.0,0,0.0,0,0.0,0,0.0,0,0
263,-0.18399835165767986,22,0.7071,22,38,11,900.2,10,0.0,0.0,0,0.0,0,0.0,0,0.0,0,0.0,0,0
263,-0.18399835165767986,23,0.866,19,46,4,900.2,10,0.0,0.0,0,0.0,0,0.0,0,0.0,0,0.0,0,0
263,-0.18399835165767986,24,0.9659,17,55,7,900.2,10,0.0,0.0,0,0.0,0,0.0,0,0.0,0,0.0,0,0
264,-0.1670516255021195,1,1.0,17,55,7,900.2,10,0.0,0.0,0,0.0,0,0.0,0,0.0,0,0.0,0,0
264,-0.1670516255021195,2,0.9659,17,55,4,900.2,10,0.0,0.0,0,0.0,0,0.0,0,0.0,0,0.0,0,0
264,-0.1670516255021195,3,0.866,15,63,6,900.2,10,0.0,0.0,0,0.0,0,0.0,0,0.0,0,0.0,0,0
264,-0.1670516255021195,4,0.7071,14,63,4,900.2,10,0.0,0.0,0,0.0,0,0.0,0,0.0,0,0.0,0,0
264,-0.1670516255021195,5,0.5,14,63,6,900.2,10,0.0,0.0,0,0.0,0,0.0,0,0.0,0,0.0,0,0
264,-0.1670516255021195,6,0.2588,12,72,6,900.2,10,0.0,0.0,0,0.0,0,0.0,0,0.0,0,0.0,0,0
264,-0.1670516255021195,7,0.0,13,72,2,900.2,10,0.0,0.0,0,0.0,0,0.0,0,0.0,0,0.0,0,0
264,-0.1670516255021195,8,-0.2588,15,63,4,900.2,10,122.0,0.2557887722135285,90,0.38446506943924924,96,0.37419357484229004,92,0.3384215011170888,75,0.27958665360554796,51,404
264,-0.1670516255021195,9,-0.5,18,56,7,900.2,10,349.0,0.4946032141291031,154,0.5911514744397024,176,0.5997276957319777,186,0.5674335664926564,180,0.4964698753834848,164,860
264,-0.1670516255021195,10,-0.7071,22,43,6,900.2,10,538.0,0.6996777874916404,199,0.7576392827367587,212,0.784418534969751,227,0.757741067138125,219,0.6794249018502856,202,1059
264,-0.1670516255021195,11,-0.866,25,34,9,900.2,10,682.0,0.8570370223546269,227,0.8725826435873314,231,0.9156797381300722,250,0.8963748830305011,242,0.8159836701312838,224,1174
264,-0.1670516255021195,12,-0.9659,26,32,7,900.2,10,783.0,0.9559571648352612,240,0.9281483696027306,236,0.9845660861108653,257,0.9738873645098506,249,0.8968399408128455,232,1214
264,-0.1670516255021195,13,-1.0,28,28,13,899.4,10,811.0,0.9896969819730945,241,0.9205497565048643,228,0.9863830976000282,248,0.9849961740251217,241,0.9164835021713997,225,1183
264,-0.1670516255021195,14,-0.9659,28,26,24,899.4,10,781.0,0.9559571648352612,225,0.8503046306257435,203,0.9210069417799583,225,0.9289442625126848,219,0.8735756784155773,206,1078
264,-0.1670516255021195,15,-0.866,28,25,7,898.5,10,696.0,0.8570370223546269,194,0.7222000791731381,163,0.792892892864414,182,0.8095514720427079,178,0.7710405638042861,170,887
264,-0.1670516255021195,16,-0.7071,28,25,24,897.6,10,554.0,0.6996777874916404,140,0.5449661995293783,103,0.6107716953519072,117,0.6349542092454913,118,0.6158657450776048,114,592
264,-0.1670516255021195,17,-0.5,27,24,28,897.6,10,366.0,0.4946032141291031,70,0.3306811683133536,38,0.3870545871226789,46,0.4170509691740689,47,0.41862611273978,48,249
264,-0.1670516255021195,18,-0.2588,26,26,26,898.5,10,0.0,0.0,0,0.0,0,0.0,0,0.0,0,0.0,0,0
264,-0.1670516255021195,19,0.0,24,34,17,898.5,10,0.0,0.0,0,0.0,0,0.0,0,0.0,0,0.0,0,0
264,-0.1670516255021195,20,0.2588,22,38,13,898.5,10,0.0,0.0,0,0.0,0,0.0,0,0.0,0,0.0,0,0
264,-0.1670516255021195,21,0.5,21,40,13,898.5,10,0.0,0.0,0,0.0,0,0.0,0,0.0,0,0.0,0,0
264,-0.1670516255021195,22,0.7071,21,46,22,899.4,10,0.0,0.0,0,0.0,0,0.0,0,0.0,0,0.0,0,0
264,-0.1670516255021195,23,0.866,20,52,22,899.4,10,0.0,0.0,0,0.0,0,0.0,0,0.0,0,0.0,0,0
264,-0.1670516255021195,24,0.9659,19,60,9,899.4,10,0.0,0.0,0,0.0,0,0.0,0,0.0,0,0.0,0,0
265,-0.15005539834465262,1,1.0,17,68,13,899.4,7,0.0,0.0,0,0.0,0,0.0,0,0.0,0,0.0,0,0
265,-0.15005539834465262,2,0.9659,17,77,19,899.4,7,0.0,0.0,0,0.0,0,0.0,0,0.0,0,0.0,0,0
265,-0.15005539834465262,3,0.866,16,77,24,898.5,7,0.0,0.0,0,0.0,0,0.0,0,0.0,0,0.0,0,0
265,-0.15005539834465262,4,0.7071,16,77,19,898.5,7,0.0,0.0,0,0.0,0,0.0,0,0.0,0,0.0,0,0
265,-0.15005539834465262,5,0.5,15,77,22,898.5,10,0.0,0.0,0,0.0,0,0.0,0,0.0,0,0.0,0,0
265,-0.15005539834465262,6,0.2588,14,88,19,898.5,10,0.0,0.0,0,0.0,0,0.0,0,0.0,0,0.0,0,0
265,-0.15005539834465262,7,0.0,13,88,20,897.6,10,0.0,0.0,0,0.0,0,0.0,0,0.0,0,0.0,0,0
265,-0.15005539834465262,8,-0.2588,15,77,20,898.5,7,121.0,0.2547920595567968,20,0.5212915000379994,21,0.4846119162417081,27,0.41490692664049866,27,0.3169268055600114,34,129
265,-0.15005539834465262,9,-0.5,15,77,24,898.5,5,149.0,0.4935946503864305,37,0.7075965268544756,35,0.6935018922356871,40,0.632146352537234,42,0.5277111804585356,37,191
265,-0.15005539834465262,10,-0.7071,15,77,28,898.5,5,120.0,0.6986590469631349,31,0.8459198887477618,25,0.8551941369771338,29,0.806188427011423,32,0.7022424117573567,47,164
265,-0.15005539834465262,11,-0.866,15,72,30,898.5,5,251.0,0.8560104728909956,73,0.9268350925141651,56,0.9586696096521988,66,0.9251724901003173,74,0.8286265034327898,90,359
265,-0.15005539834465262,12,-0.9659,17,63,26,897.6,5,612.0,0.9549257064652271,178,0.9448279097357627,171,0.9968766396154501,192,0.9809899880832496,186,0.8982506023691675,177,904
265,-0.15005539834465262,13,-1.0,17,59,22,897.6,5,389.0,0.9886638492657911,115,0.8986721678201348,104,0.9672114903100151,119,0.9698370606324335,118,0.9063699508065192,101,557
265,-0.15005539834465262,14,-0.9659,17,59,28,896.7,5,182.0,0.9549257064652271,47,0.7915132810966529,37,0.8716957744979529,44,0.8924737496212439,49,0.8524312240649026,62,239
265,-0.15005539834465262,15,-0.866,18,56,17,896.7,5,284.0,0.8560104728909956,75,0.6306539567722589,58,0.7168387342081037,68,0.754172238463769,75,0.7401102566774201,76,352
265,-0.15005539834465262,16,-0.7071,19,49,17,895.8,5,420.0,0.6986590469631349,129,0.42705646804453384,92,0.5131935981143447,107,0.5643575272904847,114,0.5770615227606487,136,578
265,-0.15005539834465262,17,-0.5,19,46,19,895.8,7,368.0,0.4935946503864305,139,0.19459562507822525,78,0.2746384224726191,95,0.33596515340840727,104,0.3743965063064704,93,509
265,-0.15005539834465262,18,-0.2588,19,43,24,894.9,10,145.0,0.2547920595567968,76,1.326794896677558e-06,22,0.017430321098595186,28,0.08455965377206597,35,0.1459264715312917,28,189
265,-0.15005539834465262,19,0.0,17,45,19,894.9,10,0.0,0.0,0,0.0,0,0.0,0,0.0,0,0.0,0,0
265,-0.15005539834465262,20,0.2588,16,48,15,895.8,10,0.0,0.0,0,0.0,0,0.0,0,0.0,0,0.0,0,0
265,-0.15005539834465262,21,0.5,15,51,19,894.9,10,0.0,0.0,0,0.0,0,0.0,0,0.0,0,0.0,0,0
265,-0.15005539834465262,22,0.7071,14,55,17,894.9,10,0.0,0.0,0,0.0,0,0.0,0,0.0,0,0.0,0,0
265,-0.15005539834465262,23,0.866,14,55,15,894.9,10,0.0,0.0,0,0.0,0,0.0,0,0.0,0,0.0,0,0
265,-0.15005539834465262,24,0.9659,12,58,7,894.9,10,0.0,0.0,0,0.0,0,0.0,0,0.0,0,0.0,0,0
266,-0.13301470653419636,1,1.0,12,62,15,894.1,10,0.0,0.0,0,0.0,0,0.0,0,0.0,0,0.0,0,0
266,-0.13301470653419636,2,0.9659,13,58,9,894.1,10,0.0,0.0,0,0.0,0,0.0,0,0.0,0,0.0,0,0
266,-0.13301470653419636,3,0.866,12,62,13,893.2,10,0.0,0.0,0,0.0,0,0.0,0,0.0,0,0.0,0,0
266,-0.13301470653419636,4,0.7071,12,62,11,893.2,10,0.0,0.0,0,0.0,0,0.0,0,0.0,0,0.0,0,0
266,-0.13301470653419636,5,0.5,12,67,6,893.2,10,0.0,0.0,0,0.0,0,0.0,0,0.0,0,0.0,0,0
266,-0.13301470653419636,6,0.2588,10,71,13,893.2,10,0.0,0.0,0,0.0,0,0.0,0,0.0,0,0.0,0,0
266,-0.13301470653419636,7,0.0,10,71,13,893.2,7,0.0,0.0,0,0.0,0,0.0,0,0.0,0,0.0,0,0
266,-0.13301470653419636,8,-0.2588,12,67,22,893.2,7,84.0,0.2537831551699726,32,0.5235844849090371,19,0.48518181025960494,24,0.41371489233106234,24,0.3140540778030399,21,120
266,-0.13301470653419636,9,-0.5,13,63,22,893.2,5,203.0,0.4925620582516673,50,0.7098710309323679,46,0.6940510653754092,55,0.6309327694203825,58,0.5248175445163206,57,266
266,-0.13301470653419636,10,-0.7071,13,63,24,893.2,5,188.0,0.6976061136733749,47,0.848180671669281,44,0.8557272710364875,50,0.8049575799767907,54,0.699331463601973,56,251
266,-0.13301470653419636,11,-0.866,11,76,24,894.1,4,147.0,0.8549419312728083,45,0.9290878489612198,31,0.959192479454304,37,0.9239298405602795,41,0.8257030188794713,45,199
266,-0.13301470653419636,12,-0.9659,11,76,24,894.1,4,195.0,0.9538473530376065,54,0.9470788813659251,41,0.9973957194690352,48,0.9797418017801958,54,0.89532021159515,58,255
266,-0.13301470653419636,13,-1.0,11,82,24,894.1,5,224.0,0.9875821492120744,50,0.9009277117580177,45,0.9677335077689787,53,0.9685899770760925,60,0.9034387528085366,65,273
266,-0.13301470653419636,14,-0.9659,11,76,26,894.1,4,109.0,0.9538473530376065,28,0.7937794609462527,23,0.872227271675951,27,0.8912343436007384,30,0.8495053782514059,32,140
266,-0.13301470653419636,15,-0.866,10,82,30,894.1,5,60.0,0.8549419312728083,15,0.6329360932726782,12,0.7173855924466614,16,0.7529465511210511,18,0.7371955523047883,21,82
266,-0.13301470653419636,16,-0.7071,10,87,26,894.1,4,57.0,0.6976061136733749,20,0.42935880071351856,11,0.5137606569661866,13,0.563150668409222,16,0.5741629916326488,18,78
266,-0.13301470653419636,17,-0.5,11,76,22,894.1,5,99.0,0.4925620582516673,24,0.19692101715371904,17,0.2752291448690409,21,0.3347809496257653,26,0.3715180780075025,29,117
266,-0.13301470653419636,18,-0.2588,12,67,7,894.9,4,45.0,0.2537831551699722,10,1.326794896677558e-06,10,0.0180465573653505,10,0.083400387788812,12,0.14307070560988436,14,56
266,-0.13301470653419636,19,0.0,12,62,24,894.9,5,0.0,0.0,0,0.0,0,0.0,0,0.0,0,0.0,0,0
266,-0.13301470653419636,20,0.2588,12,62,26,894.9,5,0.0,0.0,0,0.0,0,0.0,0,0.0,0,0.0,0,0
266,-0.13301470653419636,21,0.5,11,67,30,895.8,5,0.0,0.0,0,0.0,0,0.0,0,0.0,0,0.0,0,0
266,-0.13301470653419636,22,0.7071,10,71,33,895.8,4,0.0,0.0,0,0.0,0,0.0,0,0.0,0,0.0,0,0
266,-0.13301470653419636,23,0.866,10,66,30,896.7,7,0.0,0.0,0,0.0,0,0.0,0,0.0,0,0.0,0,0
266,-0.13301470653419636,24,0.9659,9,71,33,896.7,6,0.0,0.0,0,0.0,0,0.0,0,0.0,0,0.0,0,0
267,-0.11593459959550066,1,1.0,9,71,28,897.6,7,0.0,0.0,0,0.0,0,0.0,0,0.0,0,0.0,0,0
267,-0.11593459959550066,2,0.9659,9,71,26,897.6,7,0.0,0.0,0,0.0,0,0.0,0,0.0,0,0.0,0,0
267,-0.11593459959550066,3,0.866,8,71,24,897.6,7,0.0,0.0,0,0.0,0,0.0,0,0.0,0,0.0,0,0
267,-0.11593459959550066,4,0.7071,8,71,24,897.6,7,0.0,0.0,0,0.0,0,0.0,0,0.0,0,0.0,0,0
267,-0.11593459959550066,5,0.5,7,76,13,897.6,7,0.0,0.0,0,0.0,0,0.0,0,0.0,0,0.0,0,0
267,-0.11593459959550066,6,0.2588,7,76,19,898.5,5,0.0,0.0,0,0.0,0,0.0,0,0.0,0,0.0,0,0
267,-0.11593459959550066,7,0.0,8,71,22,898.5,5,0.0,0.0,0,0.0,0,0.0,0,0.0,0,0.0,0,0
267,-0.11593459959550066,8,-0.2588,8,71,19,898.5,5,0.0,0.0,0,0.0,0,0.0,0,0.0,0,0.0,0,0
267,-0.11593459959550066,9,-0.5,9,66,20,899.4,5,169.0,0.49150583835541173,43,0.8096730969503334,41,0.7742264624391392,47,0.6860176778874522,49,0.5510580170798365,49,229
267,-0.11593459959550066,10,-0.7071,10,66,20,900.2,5,262.0,0.6965194133680347,78,0.9180887746199321,73,0.9114871017889551,80,0.8427691996278446,84,0.7166180720159374,83,398
267,-0.11593459959550066,11,-0.866,12,58,20,900.2,7,607.0,0.8538318425172174,175,0.9644131102296579,195,0.9867099775048984,212,0.9417643043243795,198,0.8326390589211328,181,961
267,-0.11593459959550066,12,-0.9659,12,54,19,900.2,7,784.0,0.9527225616841127,247,0.9454891820478408,257,0.9947687835175676,281,0.9762566504580884,264,0.8912143520286746,241,1290
267,-0.11593459959550066,13,-1.0,14,44,13,900.2,7,638.0,0.9864523430757085,206,0.8626066315537386,198,0.9351143339203168,235,0.9438956508615399,209,0.8883521511226584,195,1043
267,-0.11593459959550066,14,-0.9659,14,41,7,899.4,7,699.0,0.9527225616841127,205,0.721413731451601,182,0.811811952108052,207,0.8468866349772061,198,0.8242475021169191,192,984
267,-0.11593459959550066,15,-0.866,14,41,6,899.4,7,505.0,0.8538318425172174,189,0.5315325556897303,140,0.6332644994830803,162,0.6918406113948773,167,0.7032690318560019,165,823
267,-0.11593459959550066,16,-0.7071,15,39,11,899.4,10,548.0,0.6965194133680347,200,0.30590316241769167,112,0.4116396619919642,140,0.4893236874733248,151,0.5336612071284925,158,761
267,-0.11593459959550066,17,-0.5,15,42,13,898.5,10,364.0,0.49150583835541173,148,0.05990179725543907,45,0.16204078074628872,66,0.2531370339224108,83,0.32698250244250887,97,439
267,-0.11593459959550066,18,-0.2588,15,42,7,899.4,10,132.0,0.2527624304365366,75,1.326794896677558e-06,15,1.326794896677558e-06,16,1.326794896677558e-06,21,0.09731770788934156,32,159
267,-0.11593459959550066,19,0.0,14,44,7,899.4,10,0.0,0.0,0,0.0,0,0.0,0,0.0,0,0.0,0,0
267,-0.11593459959550066,20,0.2588,11,58,2,899.4,10,0.0,0.0,0,0.0,0,0.0,0,0.0,0,0.0,0,0
267,-0.11593459959550066,21,0.5,10,58,6,900.2,10,0.0,0.0,0,0.0,0,0.0,0,0.0,0,0.0,0,0
267,-0.11593459959550066,22,0.7071,10,58,7,900.2,10,0.0,0.0,0,0.0,0,0.0,0,0.0,0,0.0,0,0
267,-0.11593459959550066,23,0.866,8,66,4,900.2,10,0.0,0.0,0,0.0,0,0.0,0,0.0,0,0.0,0,0
267,-0.11593459959550066,24,0.9659,8,66,4,900.2,10,0.0,0.0,0,0.0,0,0.0,0,0.0,0,0.0,0,0
268,-0.09882013873287211,1,1.0,7,71,0,900.2,10,0.0,0.0,0,0.0,0,0.0,0,0.0,0,0.0,0,0
268,-0.09882013873287211,2,0.9659,7,71,2,900.2,10,0.0,0.0,0,0.0,0,0.0,0,0.0,0,0.0,0,0
268,-0.09882013873287211,3,0.866,6,76,4,900.2,10,0.0,0.0,0,0.0,0,0.0,0,0.0,0,0.0,0,0
268,-0.09882013873287211,4,0.7071,5,76,9,900.2,10,0.0,0.0,0,0.0,0,0.0,0,0.0,0,0.0,0,0
268,-0.09882013873287211,5,0.5,4,81,6,901.1,10,0.0,0.0,0,0.0,0,0.0,0,0.0,0,0.0,0,0
268,-0.09882013873287211,6,0.2588,4,81,4,901.1,10,0.0,0.0,0,0.0,0,0.0,0,0.0,0,0.0,0,0
268,-0.09882013873287211,7,0.0,3,87,6,902.0,10,0.0,0.0,0,0.0,0,0.0,0,0.0,0,0.0,0,0
268,-0.09882013873287211,8,-0.2588,8,71,4,902.0,10,124.0,0.25173027179630547,10,0.6484142226184173,11,0.5844950124111195,19,0.48074352819445126,22,0.34423025275405905,15,77
268,-0.09882013873287211,9,-0.5,10,62,11,902.9,10,352.0,0.4904264209578453,96,0.8115006158324111,149,0.7744017460573301,175,0.684528780821264,159,0.5480064048914337,127,706
268,-0.09882013873287211,10,-0.7071,13,51,6,903.8,10,487.0,0.6953994139367018,142,0.9198948326227164,193,0.9116352148077724,199,0.8412492739329981,184,0.7135336877713374,161,879
268,-0.09882013873287211,11,-0.866,15,45,9,903.8,10,631.0,0.852680703387871,189,0.9662099983348587,220,0.986843200235909,232,0.9402247827537086,218,0.829531708689669,197,1056
268,-0.09882013873287211,12,-0.9659,18,37,6,903.8,10,788.0,0.9515518473193862,236,0.9472898161425273,248,0.9949004110166004,264,0.9747103011979369,250,0.8880954069973876,231,1229
268,-0.09882013873287211,13,-1.0,19,28,24,902.9,10,803.0,0.9852749519622997,246,0.8644236689256853,235,0.9352577672447903,256,0.9423557054797019,248,0.8852337716638314,233,1218
268,-0.09882013873287211,14,-0.9659,20,33,30,902.9,7,755.0,0.9515518473193862,243,0.7232587212795077,208,0.8119797957176859,231,0.8453658942446579,230,0.8211418129680975,220,1132
268,-0.09882013873287211,15,-0.866,21,31,26,902.9,7,664.0,0.852680703387871,228,0.5334151325340093,168,0.6334676863778407,195,0.690350561691697,199,0.7001872900105051,195,985
268,-0.09882013873287211,16,-0.7071,21,31,24,902.0,10,753.0,0.6953994139367018,197,0.30783040270922735,111,0.4118867193075237,138,0.48787372554041863,150,0.5306130385775991,157,753
268,-0.09882013873287211,17,-0.5,21,31,24,902.0,10,331.0,0.4904264209578453,132,0.061877733751531674,45,0.16233724593909843,63,0.25173382456399884,76,0.3239752451714993,88,404
268,-0.09882013873287211,18,-0.2588,20,33,22,902.9,10,133.0,0.25173027179630547,71,1.326794896677558e-06,17,1.326794896677558e-06,19,1.326794896677558e-06,24,0.09435591178289812,33,164
268,-0.09882013873287211,19,0.0,18,37,17,902.9,10,0.0,0.0,0,0.0,0,0.0,0,0.0,0,0.0,0,0
268,-0.09882013873287211,20,0.2588,15,48,11,903.8,10,0.0,0.0,0,0.0,0,0.0,0,0.0,0,0.0,0,0
268,-0.09882013873287211,21,0.5,15,48,13,904.7,10,0.0,0.0,0,0.0,0,0.0,0,0.0,0,0.0,0,0
268,-0.09882013873287211,22,0.7071,14,51,11,904.7,10,0.0,0.0,0,0.0,0,0.0,0,0.0,0,0.0,0,0
268,-0.09882013873287211,23,0.866,14,51,11,904.7,10,0.0,0.0,0,0.0,0,0.0,0,0.0,0,0.0,0,0
268,-0.09882013873287211,24,0.9659,13,58,11,904.7,10,0.0,0.0,0,0.0,0,0.0,0,0.0,0,0.0,0,0
269,-0.08167639533042288,1,1.0,13,58,11,904.7,10,0.0,0.0,0,0.0,0,0.0,0,0.0,0,0.0,0,0
269,-0.08167639533042288,2,0.9659,13,58,13,904.7,10,0.0,0.0,0,0.0,0,0.0,0,0.0,0,0.0,0,0
269,-0.08167639533042288,3,0.866,12,62,11,904.7,10,0.0,0.0,0,0.0,0,0.0,0,0.0,0,0.0,0,0
269,-0.08167639533042288,4,0.7071,12,58,9,904.7,10,0.0,0.0,0,0.0,0,0.0,0,0.0,0,0.0,0,0
269,-0.08167639533042288,5,0.5,10,66,11,904.7,10,0.0,0.0,0,0.0,0,0.0,0,0.0,0,0.0,0,0
269,-0.08167639533042288,6,0.2588,10,66,7,904.7,10,0.0,0.0,0,0.0,0,0.0,0,0.0,0,0.0,0,0
269,-0.08167639533042288,7,0.0,9,71,4,904.7,10,0.0,0.0,0,0.0,0,0.0,0,0.0,0,0.0,0,0
269,-0.08167639533042288,8,-0.2588,13,58,7,904.7,10,119.0,0.250687080449157,25,0.6502395789963595,23,0.5846787939414628,20,0.4792732102638089,22,0.3412060347267249,16,106
269,-0.08167639533042288,9,-0.5,16,48,9,905.5,10,339.0,0.48932426559213726,109,0.8132856853699956,173,0.7745386155917912,169,0.6830081227839198,151,0.5449318492979849,121,723
269,-0.08167639533042288,10,-0.7071,17,45,7,905.5,10,529.0,0.6942466250044788,169,0.9216531258108314,221,0.9117381840437834,220,0.8396899019566132,202,0.710418242941038,174,986
269,-0.08167639533042288,11,-0.866,19,40,9,905.5,10,675.0,0.851489061946764,211,0.9679568504075554,241,0.986927591110781,249,0.9386409613085677,232,0.8263876095241096,208,1141
269,-0.08167639533042288,12,-0.9659,19,37,7,904.7,10,762.0,0.950335782167862,234,0.9490413420186222,242,0.9949828115474095,259,0.9731179609513652,246,0.884936841166522,226,1207
269,-0.08167639533042288,13,-1.0,20,37,7,903.8,10,802.0,0.9840505563376413,241,0.8661956650644221,227,0.9353549011267999,253,0.940771357671529,244,0.8820759127420306,228,1193
269,-0.08167639533042288,14,-0.9659,21,33,9,903.8,10,771.0,0.950335782167862,234,0.7250655889971837,198,0.8121073824790525,229,0.8438055053584139,224,0.8179997863115895,214,1099
269,-0.08167639533042288,15,-0.866,22,31,6,902.9,10,677.0,0.851489061946764,212,0.5352688968790443,152,0.6336393703590083,191,0.6888284655269753,192,0.6970751420642816,189,936
269,-0.08167639533042288,16,-0.7071,22,33,7,902.9,10,532.0,0.6942466250044786,179,0.3097398927988444,92,0.412113139669601,134,0.48640164627136495,144,0.5275427795632299,148,697
269,-0.08167639533042288,17,-0.5,22,33,15,902.0,10,345.0,0.4893242655921375,121,0.06384798115402276,32,0.16262531166892838,63,0.2503200777764849,77,0.3209560306089669,90,383
269,-0.08167639533042288,18,-0.2588,21,33,15,902.0,10,120.0,0.250687080449157,50,1.326794896677558e-06,12,1.326794896677558e-06,17,1.326794896677558e-06,20,0.09139341853439661,29,128
269,-0.08167639533042288,19,0.0,19,37,15,902.0,10,0.0,0.0,0,0.0,0,0.0,0,0.0,0,0.0,0,0
269,-0.08167639533042288,20,0.2588,16,42,11,902.0,10,0.0,0.0,0,0.0,0,0.0,0,0.0,0,0.0,0,0
269,-0.08167639533042288,21,0.5,17,37,15,902.0,10,0.0,0.0,0,0.0,0,0.0,0,0.0,0,0.0,0,0
269,-0.08167639533042288,22,0.7071,16,39,13,902.0,10,0.0,0.0,0,0.0,0,0.0,0,0.0,0,0.0,0,0
269,-0.08167639533042288,23,0.866,15,45,11,902.0,10,0.0,0.0,0,0.0,0,0.0,0,0.0,0,0.0,0,0
269,-0.08167639533042288,24,0.9659,14,48,11,902.0,10,0.0,0.0,0,0.0,0,0.0,0,0.0,0,0.0,0,0
270,-0.06450844944931625,1,1.0,15,45,15,901.1,10,0.0,0.0,0,0.0,0,0.0,0,0.0,0,0.0,0,0
270,-0.06450844944931625,2,0.9659,15,45,13,901.1,10,0.0,0.0,0,0.0,0,0.0,0,0.0,0,0.0,0,0
270,-0.06450844944931625,3,0.866,14,48,11,901.1,10,0.0,0.0,0,0.0,0,0.0,0,0.0,0,0.0,0,0
270,-0.06450844944931625,4,0.7071,13,51,13,900.2,10,0.0,0.0,0,0.0,0,0.0,0,0.0,0,0.0,0,0
270,-0.06450844944931625,5,0.5,13,51,13,900.2,10,0.0,0.0,0,0.0,0,0.0,0,0.0,0,0.0,0,0
270,-0.06450844944931625,6,0.2588,13,51,11,900.2,10,0.0,0.0,0,0.0,0,0.0,0,0.0,0,0.0,0,0
270,-0.06450844944931625,7,0.0,12,54,11,900.2,10,0.0,0.0,0,0.0,0,0.0,0,0.0,0,0.0,0,0
270,-0.06450844944931625,8,-0.2588,15,48,9,900.2,10,120.0,0.24963327203890182,10,0.7544416674331308,10,0.6684523235932633,18,0.5369091531473124,21,0.36877659264621393,15,74
270,-0.06450844944931625,9,-0.5,17,45,19,900.2,10,345.0,0.4881998606680596,95,0.8922470427096688,133,0.8376863885586397,176,0.7260388955809514,157,0.5649131438010349,124,685
270,-0.06450844944931625,10,-0.7071,18,42,19,900.2,10,532.0,0.6930615974666839,161,0.9699152418296346,237,0.9498057176309209,243,0.8649686143786687,220,0.7211854308740461,187,1048
270,-0.06450844944931625,11,-0.866,19,37,17,899.4,10,679.0,0.8502575170360576,207,0.9821533141149278,250,0.9971695766507936,263,0.9442304945921258,246,0.8269437728358647,218,1184
270,-0.06450844944931625,12,-0.9659,21,28,19,899.4,10,763.0,0.9490749952123461,232,0.9281272565418469,244,0.9765502023190225,262,0.9584229790924478,249,0.8749809251122613,229,1216
270,-0.06450844944931625,13,-1.0,22,27,17,898.5,10,806.0,0.9827797954649516,246,0.8115188589291135,227,0.8893527762031277,250,0.9065788805345827,245,0.8620232432731496,231,1199
270,-0.06450844944931625,14,-0.9659,23,23,15,898.5,10,766.0,0.9490749952123461,248,0.6402747503256979,196,0.7415196264089466,223,0.7922312668145042,225,0.788953762286783,219,1111
270,-0.06450844944931625,15,-0.866,23,20,17,897.6,10,683.0,0.8502575170360576,231,0.4260649420025801,145,0.5431253432758328,176,0.6231727416732515,186,0.6607520466546699,189,927
270,-0.06450844944931625,16,-0.7071,24,19,19,897.6,10,535.0,0.6930615974666839,196,0.1834874452128231,76,0.3076901389937518,107,0.4109243396123425,126,0.48615481454657095,142,647
270,-0.06450844944931625,17,-0.5,24,19,17,896.7,10,348.0,0.4881998606680596,143,1.326794896677558e-06,27,0.05125850672353672,37,0.16995041444301773,56,0.2770605598129772,78,341
270,-0.06450844944931625,18,-0.2588,23,19,17,896.7,10,115.0,0.24963327203890182,68,1.326794896677558e-06,15,1.326794896677558e-06,15,1.326794896677558e-06,13,0.04771868810059761,22,133
270,-0.06450844944931625,19,0.0,19,28,9,896.7,10,0.0,0.0,0,0.0,0,0.0,0,0.0,0,0.0,0,0
270,-0.06450844944931625,20,0.2588,18,34,11,897.6,10,0.0,0.0,0,0.0,0,0.0,0,0.0,0,0.0,0,0
270,-0.06450844944931625,21,0.5,17,39,13,897.6,10,0.0,0.0,0,0.0,0,0.0,0,0.0,0,0.0,0,0
270,-0.06450844944931625,22,0.7071,17,42,13,897.6,10,0.0,0.0,0,0.0,0,0.0,0,0.0,0,0.0,0,0
270,-0.06450844944931625,23,0.866,17,42,13,897.6,10,0.0,0.0,0,0.0,0,0.0,0,0.0,0,0.0,0,0
270,-0.06450844944931625,24,0.9659,15,45,11,897.6,10,0.0,0.0,0,0.0,0,0.0,0,0.0,0,0.0,0,0
271,-0.04732138832243232,1,1.0,16,45,22,897.6,10,0.0,0.0,0,0.0,0,0.0,0,0.0,0,0.0,0,0
271,-0.04732138832243232,2,0.9659,16,45,15,897.6,10,0.0,0.0,0,0.0,0,0.0,0,0.0,0,0.0,0,0
271,-0.04732138832243232,3,0.866,16,45,6,897.6,10,0.0,0.0,0,0.0,0,0.0,0,0.0,0,0.0,0,0
271,-0.04732138832243232,4,0.7071,13,58,7,897.6,10,0.0,0.0,0,0.0,0,0.0,0,0.0,0,0.0,0,0
271,-0.04732138832243232,5,0.5,13,58,11,897.6,10,0.0,0.0,0,0.0,0,0.0,0,0.0,0,0.0,0,0
271,-0.04732138832243232,6,0.2588,11,62,6,897.6,10,0.0,0.0,0,0.0,0,0.0,0,0.0,0,0.0,0,0
271,-0.04732138832243232,7,0.0,9,71,6,897.6,10,0.0,0.0,0,0.0,0,0.0,0,0.0,0,0.0,0,0
271,-0.04732138832243232,8,-0.2588,13,58,4,898.5,10,111.0,0.24856927631788736,10,0.7556839123360947,13,0.6681594459850989,15,0.5351011119033808,22,0.365576602367901,21,81
271,-0.04732138832243232,9,-0.5,16,52,4,898.5,10,328.0,0.4870537230365546,90,0.8934418389960637,187,0.837335241094182,183,0.7241657343081485,159,0.561645621212816,125,744
271,-0.04732138832243232,10,-0.7071,18,49,13,898.5,10,508.0,0.6918449229675113,152,0.9710832957062745,221,0.9494159657814703,226,0.8630476176354053,204,0.7178641017015674,174,977
271,-0.04732138832243232,11,-0.866,19,46,22,898.5,10,606.0,0.8489867176908227,200,0.9833171542268506,242,0.99676351670677,252,0.9422822068556733,233,0.823586029669239,206,1133
271,-0.04732138832243232,12,-0.9659,20,43,19,898.5,10,754.0,0.9477701715653207,230,0.9293096986932393,241,0.9761512419381012,259,0.9564698046812926,247,0.8716066421150857,226,1203
271,-0.04732138832243232,13,-1.0,21,40,17,898.5,10,785.0,0.9814633667620458,241,0.8127414540562552,225,0.8889838415243672,246,0.9046435584159195,238,0.8586534226226811,224,1174
271,-0.04732138832243232,14,-0.9659,23,36,15,897.6,10,753.0,0.9477701715653207,237,0.6415563047535936,189,0.7412015906195161,215,0.7903353145719576,215,0.7856090995842334,209,1065
271,-0.04732138832243232,15,-0.866,23,33,7,897.6,10,659.0,0.8489867176908227,216,0.42742025238318765,136,0.5428756176501899,165,0.6213349986665307,173,0.6574515254879969,177,867
271,-0.04732138832243232,16,-0.7071,24,31,15,897.6,10,510.0,0.6918449229675113,184,0.18492627908069462,72,0.30752147728937806,101,0.4091596766941177,118,0.48291440946207553,131,606
271,-0.04732138832243232,17,-0.5,23,31,13,896.7,10,322.0,0.4870537230365548,132,1.326794896677558e-06,28,0.05117813834134469,37,0.16826872215351346,53,0.27389214850290006,73,323
271,-0.04732138832243232,18,-0.2588,22,35,15,897.6,10,106.0,0.24856927631788736,59,1.326794896677558e-06,15,1.326794896677558e-06,16,1.326794896677558e-06,14,0.04462924193389234,21,125
271,-0.04732138832243232,19,0.0,20,37,11,897.6,10,0.0,0.0,0,0.0,0,0.0,0,0.0,0,0.0,0,0
271,-0.04732138832243232,20,0.2588,17,45,9,897.6,10,0.0,0.0,0,0.0,0,0.0,0,0.0,0,0.0,0,0
271,-0.04732138832243232,21,0.5,17,52,11,898.5,10,0.0,0.0,0,0.0,0,0.0,0,0.0,0,0.0,0,0
271,-0.04732138832243232,22,0.7071,17,52,13,898.5,10,0.0,0.0,0,0.0,0,0.0,0,0.0,0,0.0,0,0
271,-0.04732138832243232,23,0.866,17,52,15,898.5,10,0.0,0.0,0,0.0,0,0.0,0,0.0,0,0.0,0,0
271,-0.04732138832243232,24,0.9659,16,55,9,898.5,10,0.0,0.0,0,0.0,0,0.0,0,0.0,0,0.0,0,0
272,-0.03012030484690836,1,1.0,15,59,9,898.5,10,0.0,0.0,0,0.0,0,0.0,0,0.0,0,0.0,0,0
272,-0.03012030484690836,2,0.9659,14,63,11,898.5,10,0.0,0.0,0,0.0,0,0.0,0,0.0,0,0.0,0,0
272,-0.03012030484690836,3,0.866,13,63,11,898.5,10,0.0,0.0,0,0.0,0,0.0,0,0.0,0,0.0,0,0
272,-0.03012030484690836,4,0.7071,12,67,11,898.5,10,0.0,0.0,0,0.0,0,0.0,0,0.0,0,0.0,0,0
272,-0.03012030484690836,5,0.5,13,67,17,898.5,10,0.0,0.0,0,0.0,0,0.0,0,0.0,0,0.0,0,0
272,-0.03012030484690836,6,0.2588,12,72,20,898.5,10,0.0,0.0,0,0.0,0,0.0,0,0.0,0,0.0,0,0
272,-0.03012030484690836,7,0.0,13,67,17,898.5,10,0.0,0.0,0,0.0,0,0.0,0,0.0,0,0.0,0,0
272,-0.03012030484690836,8,-0.2588,14,63,15,898.5,10,101.0,0.24749553679296285,11,0.8378047811872258,15,0.7339041170176289,19,0.5799891938826376,24,0.3865490430057476,22,91
272,-0.03012030484690836,9,-0.5,16,59,24,899.4,10,312.0,0.4858863975160615,90,0.9490316654895157,193,0.8813951552895553,188,0.7536931260690438,165,0.5746282457648189,127,763
272,-0.03012030484690836,10,-0.7071,17,52,22,899.4,10,498.0,0.6905972333236231,154,0.9961138758980395,234,0.9685052528472679,238,0.8748947084880212,214,0.7216616360215409,179,1019
272,-0.03012030484690836,11,-0.866,18,49,20,899.4,10,642.0,0.8476773624838001,202,0.9758428429202706,244,0.9892980104785345,256,0.935334267344237,238,0.8176291472756043,210,1150
272,-0.03012030484690836,12,-0.9659,19,46,17,899.4,10,732.0,0.9464220517641495,229,0.8896000016548604,239,0.9423564384945955,257,0.9308929534484407,245,0.8559907627962152,223,1193
272,-0.03012030484690836,13,-1.0,20,43,19,898.5,10,763.0,0.9801020250796384,243,0.7432626586881582,214,0.8308795296297254,237,0.8618734398413278,232,0.8341322088864666,221,1147
272,-0.03012030484690836,14,-0.9659,21,40,13,898.5,7,727.0,0.9464220517641495,233,0.5468034184094712,168,0.6624642160733506,197,0.7329792688106838,202,0.7535430993469129,201,1001
272,-0.03012030484690836,15,-0.866,21,38,11,897.6,7,542.0,0.8476773624838001,168,0.313610658327739,99,0.44858772598199326,120,0.5529943661488519,130,0.619715448035513,137,654
272,-0.03012030484690836,16,-0.7071,22,38,15,897.6,7,436.0,0.6905972333236231,158,0.059576044215842665,57,0.20382535664454174,77,0.3341843798300701,95,0.44176937080340567,113,500
272,-0.03012030484690836,17,-0.5,21,38,22,897.6,5,218.0,0.4858863975160615,85,1.326794896677558e-06,26,1.326794896677558e-06,32,0.09146082419963238,38,0.231831579500138,52,233
272,-0.03012030484690836,18,-0.2588,20,40,22,897.6,5,99.0,0.24749553679296285,34,1.326794896677558e-06,16,1.326794896677558e-06,18,1.326794896677558e-06,20,0.0042089655087232895,23,111
272,-0.03012030484690836,19,0.0,19,43,19,897.6,5,0.0,0.0,0,0.0,0,0.0,0,0.0,0,0.0,0,0
272,-0.03012030484690836,20,0.2588,15,82,13,899.4,4,0.0,0.0,0,0.0,0,0.0,0,0.0,0,0.0,0,0
272,-0.03012030484690836,21,0.5,15,82,9,899.4,4,0.0,0.0,0,0.0,0,0.0,0,0.0,0,0.0,0,0
272,-0.03012030484690836,22,0.7071,16,72,6,899.4,5,0.0,0.0,0,0.0,0,0.0,0,0.0,0,0.0,0,0
272,-0.03012030484690836,23,0.866,17,55,19,899.4,5,0.0,0.0,0,0.0,0,0.0,0,0.0,0,0.0,0,0
272,-0.03012030484690836,24,0.9659,16,59,19,898.5,5,0.0,0.0,0,0.0,0,0.0,0,0.0,0,0.0,0,0
273,-0.012910296075008843,1,1.0,15,63,17,899.4,7,0.0,0.0,0,0.0,0,0.0,0,0.0,0,0.0,0,0
273,-0.012910296075008843,2,0.9659,14,63,20,899.4,10,0.0,0.0,0,0.0,0,0.0,0,0.0,0,0.0,0,0
273,-0.012910296075008843,3,0.866,13,67,19,898.5,10,0.0,0.0,0,0.0,0,0.0,0,0.0,0,0.0,0,0
273,-0.012910296075008843,4,0.7071,13,63,20,898.5,10,0.0,0.0,0,0.0,0,0.0,0,0.0,0,0.0,0,0
273,-0.012910296075008843,5,0.5,12,72,20,898.5,10,0.0,0.0,0,0.0,0,0.0,0,0.0,0,0.0,0,0
273,-0.012910296075008843,6,0.2588,12,72,19,898.5,7,0.0,0.0,0,0.0,0,0.0,0,0.0,0,0.0,0,0
273,-0.012910296075008843,7,0.0,12,67,20,899.4,7,0.0,0.0,0,0.0,0,0.0,0,0.0,0,0.0,0,0
273,-0.012910296075008843,8,-0.2588,12,72,24,899.4,7,81.0,0.24641251035345824,14,0.838345709031474,20,0.7330399338877261,23,0.5777787921522269,23,0.3831430574575816,21,101
273,-0.012910296075008843,9,-0.5,14,63,24,899.4,5,292.0,0.4846984563814786,81,0.9495236427578571,153,0.8804660619820867,152,0.7514062781535917,135,0.5711394877811591,107,628
273,-0.012910296075008843,10,-0.7071,14,63,26,899.4,5,204.0,0.6893191998937388,55,0.9965851324463403,48,0.9675378227560056,54,0.8725545203810852,58,0.7181081695544427,60,275
273,-0.012910296075008843,11,-0.866,14,63,26,900.2,5,247.0,0.8463301988033904,67,0.9763230206808564,57,0.9883214295828906,64,0.9329674800954275,68,0.8140334460850679,71,327
273,-0.012910296075008843,12,-0.9659,15,59,24,900.2,5,294.0,0.9450314309914857,80,0.8901181345969021,63,0.9414005163854916,74,0.9285281207993226,80,0.8523781788865742,84,381
273,-0.012910296075008843,13,-1.0,16,52,24,899.4,5,337.0,0.9786965819021116,94,0.743845191550784,74,0.8299726658663055,83,0.8595389807951767,91,0.8305292440032871,95,437
273,-0.012910296075008843,14,-0.9659,17,48,20,899.4,5,271.0,0.9450314309914857,72,0.5474724150017645,56,0.6616314733386451,65,0.7307015369559425,70,0.7499756020412636,75,338
273,-0.012910296075008843,15,-0.866,17,52,20,899.4,5,236.0,0.8463301988033904,62,0.31438228233620885,48,0.44784910937294675,56,0.5507958446974279,62,0.6162068474572793,65,293
273,-0.012910296075008843,16,-0.7071,17,48,22,899.4,5,341.0,0.6893191998937388,103,0.060459468147003016,57,0.20319445889500753,66,0.3320821554512105,77,0.43833908315506154,87,390
273,-0.012910296075008843,17,-0.5,17,48,24,899.4,5,209.0,0.4846984563814786,66,1.326794896677558e-06,31,1.326794896677558e-06,36,0.08946542104252476,41,0.22849368404236436,50,224
273,-0.012910296075008843,18,-0.2588,16,48,20,899.4,5,55.0,0.24641251035345824,13,1.326794896677558e-06,10,1.326794896677558e-06,12,1.326794896677558e-06,13,0.0009712450562756327,15,63
273,-0.012910296075008843,19,0.0,16,45,13,899.4,5,0.0,0.0,0,0.0,0,0.0,0,0.0,0,0.0,0,0
273,-0.012910296075008843,20,0.2588,15,51,9,899.4,5,0.0,0.0,0,0.0,0,0.0,0,0.0,0,0.0,0,0
273,-0.012910296075008843,21,0.5,14,51,11,900.2,5,0.0,0.0,0,0.0,0,0.0,0,0.0,0,0.0,0,0
273,-0.012910296075008843,22,0.7071,14,48,15,900.2,5,0.0,0.0,0,0.0,0,0.0,0,0.0,0,0.0,0,0
273,-0.012910296075008843,23,0.866,14,44,15,900.2,7,0.0,0.0,0,0.0,0,0.0,0,0.0,0,0.0,0,0
273,-0.012910296075008843,24,0.9659,13,47,17,900.2,10,0.0,0.0,0,0.0,0,0.0,0,0.0,0,0.0,0,0
274,0.004303538296243821,1,1.0,11,54,22,900.2,10,0.0,0.0,0,0.0,0,0.0,0,0.0,0,0.0,0,0
274,0.004303538296243821,2,0.9659,10,58,19,901.1,10,0.0,0.0,0,0.0,0,0.0,0,0.0,0,0.0,0,0
274,0.004303538296243821,3,0.866,10,58,26,901.1,10,0.0,0.0,0,0.0,0,0.0,0,0.0,0,0.0,0,0
274,0.004303538296243821,4,0.7071,10,58,22,900.2,10,0.0,0.0,0,0.0,0,0.0,0,0.0,0,0.0,0,0
274,0.004303538296243821,5,0.5,9,62,17,901.1,10,0.0,0.0,0,0.0,0,0.0,0,0.0,0,0.0,0,0
274,0.004303538296243821,6,0.2588,9,62,20,901.1,10,0.0,0.0,0,0.0,0,0.0,0,0.0,0,0.0,0,0
274,0.004303538296243821,7,0.0,8,66,17,901.1,10,0.0,0.0,0,0.0,0,0.0,0,0.0,0,0.0,0,0
274,0.004303538296243821,8,-0.2588,10,62,19,901.1,10,107.0,0.24532066688186333,25,0.2668763054271344,60,0.26513261450740655,18,0.24532066688186333,23,0.2087906130178244,20,146
274,0.004303538296243821,9,-0.5,11,58,22,902.0,10,330.0,0.48349049881671,114,0.4899371975661001,191,0.5038832028516946,196,0.48349049881671,163,0.43014881289730744,116,780
274,0.004303538296243821,10,-0.7071,13,51,22,902.0,10,516.0,0.6880115328953862,181,0.6814838956952386,182,0.7089029442153956,180,0.6880115328953862,173,0.6202333748524617,152,868
274,0.004303538296243821,11,-0.866,14,48,20,902.0,10,660.0,0.8449460220662082,223,0.8284628291192813,222,0.866220105148589,230,0.8449460220662082,226,0.7660903711884102,211,1112
274,0.004303538296243821,12,-0.9659,15,45,15,902.0,10,756.0,0.9435991582223247,245,0.92085764220814,245,0.9651137989031284,259,0.9435991582223247,251,0.8577799049460731,234,1234
274,0.004303538296243821,13,-1.0,16,39,15,901.1,10,788.0,0.9772479044722266,253,0.952371791152008,251,0.9988445948811772,271,0.9772479044722266,261,0.8890534962142099,242,1278
274,0.004303538296243821,14,-0.9659,17,34,11,901.1,10,754.0,0.9435991582223247,243,0.92085764220814,242,0.9651137989031284,265,0.9435991582223247,253,0.8577799049460731,233,1236
274,0.004303538296243821,15,-0.866,17,32,7,900.2,10,660.0,0.8449460220662082,222,0.8284628291192813,220,0.866220105148589,243,0.8449460220662082,231,0.7660903711884102,213,1129
274,0.004303538296243821,16,-0.7071,17,32,13,900.2,10,512.0,0.6880115328953863,181,0.6814838956952387,181,0.7089029442153957,205,0.6880115328953863,192,0.6202333748524617,174,933
274,0.004303538296243821,17,-0.5,17,34,11,899.4,10,322.0,0.48349049881670986,125,0.4899371975661001,124,0.5038832028516944,147,0.48349049881670986,137,0.43014881289730744,121,654
274,0.004303538296243821,18,-0.2588,17,34,13,899.4,10,96.0,0.24532066688186333,46,0.2668763054271344,46,0.26513261450740655,70,0.24532066688186333,61,0.2087906130178244,50,273
274,0.004303538296243821,19,0.0,14,41,13,899.4,10,0.0,0.0,0,0.0,0,0.0,0,0.0,0,0.0,0,0
274,0.004303538296243821,20,0.2588,13,44,7,900.2,10,0.0,0.0,0,0.0,0,0.0,0,0.0,0,0.0,0,0
274,0.004303538296243821,21,0.5,12,47,11,900.2,10,0.0,0.0,0,0.0,0,0.0,0,0.0,0,0.0,0,0
274,0.004303538296243821,22,0.7071,12,44,13,900.2,10,0.0,0.0,0,0.0,0,0.0,0,0.0,0,0.0,0,0
274,0.004303538296243821,23,0.866,12,44,13,900.2,10,0.0,0.0,0,0.0,0,0.0,0,0.0,0,0.0,0,0
274,0.004303538296243821,24,0.9659,12,44,13,900.2,10,0.0,0.0,0,0.0,0,0.0,0,0.0,0,0.0,0,0
275,0.021516097436222233,1,1.0,11,47,15,900.2,10,0.0,0.0,0,0.0,0,0.0,0,0.0,0,0.0,0,0
275,0.021516097436222233,2,0.9659,11,50,15,900.2,10,0.0,0.0,0,0.0,0,0.0,0,0.0,0,0.0,0,0
275,0.021516097436222233,3,0.866,11,50,17,899.4,10,0.0,0.0,0,0.0,0,0.0,0,0.0,0,0.0,0,0
275,0.021516097436222233,4,0.7071,10,58,17,899.4,10,0.0,0.0,0,0.0,0,0.0,0,0.0,0,0.0,0,0
275,0.021516097436222233,5,0.5,10,58,17,899.4,10,0.0,0.0,0,0.0,0,0.0,0,0.0,0,0.0,0,0
275,0.021516097436222233,6,0.2588,9,62,13,899.4,10,0.0,0.0,0,0.0,0,0.0,0,0.0,0,0.0,0,0
275,0.021516097436222233,7,0.0,9,62,13,899.4,10,0.0,0.0,0,0.0,0,0.0,0,0.0,0,0.0,0,0
275,0.021516097436222233,8,-0.2588,11,54,15,899.4,10,0.0,0.0,0,0.0,0,0.0,0,0.0,0,0.0,0,0
275,0.021516097436222233,9,-0.5,13,47,17,900.2,10,327.0,0.4822631503317947,99,0.4922712967787967,104,0.5044560991829858,41,0.4822631503317947,26,0.4272048612250954,17,287
275,0.021516097436222233,10,-0.7071,14,48,19,900.2,10,513.0,0.6866749806700682,164,0.6837157182874855,167,0.709366370247624,180,0.6866749806700682,173,0.6171879280398204,151,835
275,0.021516097436222233,11,-0.866,15,45,11,900.2,10,653.0,0.8435256748656423,210,0.8306161721478874,211,0.866599531693738,226,0.8435256748656423,221,0.7629670443926871,205,1073
275,0.021516097436222233,12,-0.9659,16,42,15,900.2,10,737.0,0.9421261352992628,237,0.9229616509382904,237,0.9654404211736243,256,0.9421261352992628,248,0.8546076207383747,230,1208
275,0.021516097436222233,13,-1.0,18,34,11,899.4,10,767.0,0.9757569148413803,246,0.9544589728745022,246,0.9991532065986071,265,0.9757569148413803,254,0.885864513543784,235,1246
275,0.021516097436222233,14,-0.9659,18,32,11,899.4,10,732.0,0.9421261352992628,242,0.9229616509382904,241,0.9654404211736243,259,0.9421261352992628,246,0.8546076207383747,228,1216
275,0.021516097436222233,15,-0.866,19,30,11,898.5,10,636.0,0.8435256748656423,224,0.8306161721478874,223,0.866599531693738,238,0.8435256748656423,226,0.7629670443926871,207,1118
275,0.021516097436222233,16,-0.7071,19,30,9,898.5,10,489.0,0.6866749806700682,187,0.6837157182874855,187,0.709366370247624,199,0.6866749806700682,188,0.6171879280398204,169,930
275,0.021516097436222233,17,-0.5,19,32,15,898.5,10,302.0,0.4822631503317947,133,0.4922712967787967,132,0.5044560991829858,139,0.4822631503317947,128,0.4272048612250954,114,646
275,0.021516097436222233,18,-0.2588,18,32,19,898.5,10,89.0,0.24422048884792075,53,0.269329508401355,54,0.2658329917685191,56,0.24422048884792075,51,0.20596485488085725,42,256
275,0.021516097436222233,19,0.0,15,39,11,898.5,10,0.0,0.0,0,0.0,0,0.0,0,0.0,0,0.0,0,0
275,0.021516097436222233,20,0.2588,15,39,15,899.4,10,0.0,0.0,0,0.0,0,0.0,0,0.0,0,0.0,0,0
275,0.021516097436222233,21,0.5,15,39,9,899.4,10,0.0,0.0,0,0.0,0,0.0,0,0.0,0,0.0,0,0
275,0.021516097436222233,22,0.7071,15,39,17,900.2,10,0.0,0.0,0,0.0,0,0.0,0,0.0,0,0.0,0,0
275,0.021516097436222233,23,0.866,14,41,15,900.2,10,0.0,0.0,0,0.0,0,0.0,0,0.0,0,0.0,0,0
275,0.021516097436222233,24,0.9659,13,47,13,900.2,10,0.0,0.0,0,0.0,0,0.0,0,0.0,0,0.0,0,0
276,0.03872228089217399,1,1.0,13,47,17,900.2,10,0.0,0.0,0,0.0,0,0.0,0,0.0,0,0.0,0,0
276,0.03872228089217399,2,0.9659,12,51,15,900.2,10,0.0,0.0,0,0.0,0,0.0,0,0.0,0,0.0,0,0
276,0.03872228089217399,3,0.866,12,51,11,900.2,10,0.0,0.0,0,0.0,0,0.0,0,0.0,0,0.0,0,0
276,0.03872228089217399,4,0.7071,11,58,17,900.2,10,0.0,0.0,0,0.0,0,0.0,0,0.0,0,0.0,0,0
276,0.03872228089217399,5,0.5,11,58,11,900.2,10,0.0,0.0,0,0.0,0,0.0,0,0.0,0,0.0,0,0
276,0.03872228089217399,6,0.2588,10,62,15,900.2,10,0.0,0.0,0,0.0,0,0.0,0,0.0,0,0.0,0,0
276,0.03872228089217399,7,0.0,10,62,19,900.2,10,0.0,0.0,0,0.0,0,0.0,0,0.0,0,0.0,0,0
276,0.03872228089217399,8,-0.2588,11,58,13,901.1,10,0.0,0.0,0,0.0,0,0.0,0,0.0,0,0.0,0,0
276,0.03872228089217399,9,-0.5,13,54,24,901.1,10,302.0,0.4810170621456827,93,0.4945739029729858,97,0.505002993148144,47,0.4810170621456827,33,0.42425070959104805,24,294
276,0.03872228089217399,10,-0.7071,14,51,26,901.1,10,491.0,0.6853103288981869,158,0.6859072817852959,163,0.7097944112463436,174,0.6853103288981869,168,0.6141235821003476,147,810
276,0.03872228089217399,11,-0.866,14,51,26,901.1,10,636.0,0.842070046057982,210,0.8327225296363513,211,0.866936373632764,226,0.842070046057982,221,0.7598181433673609,204,1072
276,0.03872228089217399,12,-0.9659,16,45,22,901.1,10,728.0,0.9406133159376585,237,0.925014445708132,238,0.9657199329979441,255,0.9406133159376585,248,0.8514055661565552,230,1208
276,0.03872228089217399,13,-1.0,17,45,22,901.1,10,760.0,0.9742245888471505,253,0.9564934984013742,252,0.9994131641901827,272,0.9742245888471505,263,0.8826443292725672,242,1282
276,0.03872228089217399,14,-0.9659,18,40,20,900.2,10,726.0,0.9406133159376585,252,0.925014445708132,249,0.9657199329979441,267,0.9406133159376585,256,0.8514055661565552,235,1259
276,0.03872228089217399,15,-0.866,19,37,19,900.2,10,634.0,0.842070046057982,231,0.8327225296363513,229,0.866936373632764,245,0.842070046057982,235,0.7598181433673609,212,1152
276,0.03872228089217399,16,-0.7071,19,37,22,900.2,10,487.0,0.685310328898187,193,0.6859072817852959,192,0.7097944112463436,204,0.685310328898187,192,0.6141235821003476,172,953
276,0.03872228089217399,17,-0.5,19,35,19,900.2,10,295.0,0.4810170621456827,135,0.4945739029729858,135,0.5050029931481446,142,0.4810170621456827,131,0.42425070959104805,115,658
276,0.03872228089217399,18,-0.2588,18,37,19,900.2,10,87.0,0.24311247088687638,59,0.2717614266707244,60,0.26651829301401475,61,0.24311247088687638,54,0.20313902717723617,45,279
276,0.03872228089217399,19,0.0,16,39,20,901.1,10,0.0,0.0,0,0.0,0,0.0,0,0.0,0,0.0,0,0
276,0.03872228089217399,20,0.2588,15,42,20,901.1,10,0.0,0.0,0,0.0,0,0.0,0,0.0,0,0.0,0,0
276,0.03872228089217399,21,0.5,13,47,13,902.0,10,0.0,0.0,0,0.0,0,0.0,0,0.0,0,0.0,0,0
276,0.03872228089217399,22,0.7071,12,54,22,902.0,10,0.0,0.0,0,0.0,0,0.0,0,0.0,0,0.0,0,0
276,0.03872228089217399,23,0.866,12,51,15,902.0,10,0.0,0.0,0,0.0,0,0.0,0,0.0,0,0.0,0,0
276,0.03872228089217399,24,0.9659,10,58,9,902.0,10,0.0,0.0,0,0.0,0,0.0,0,0.0,0,0.0,0,0
277,0.05591699010060302,1,1.0,11,54,9,902.0,10,0.0,0.0,0,0.0,0,0.0,0,0.0,0,0.0,0,0
277,0.05591699010060302,2,0.9659,11,54,11,902.0,10,0.0,0.0,0,0.0,0,0.0,0,0.0,0,0.0,0,0
277,0.05591699010060302,3,0.866,11,54,15,902.0,10,0.0,0.0,0,0.0,0,0.0,0,0.0,0,0.0,0,0
277,0.05591699010060302,4,0.7071,10,58,15,902.0,10,0.0,0.0,0,0.0,0,0.0,0,0.0,0,0.0,0,0
277,0.05591699010060302,5,0.5,9,57,7,902.0,10,0.0,0.0,0,0.0,0,0.0,0,0.0,0,0.0,0,0
277,0.05591699010060302,6,0.2588,8,62,6,902.0,10,0.0,0.0,0,0.0,0,0.0,0,0.0,0,0.0,0,0
277,0.05591699010060302,7,0.0,6,70,6,902.0,10,0.0,0.0,0,0.0,0,0.0,0,0.0,0,0.0,0,0
277,0.05591699010060302,8,-0.2588,11,54,2,902.0,10,0.0,0.0,0,0.0,0,0.0,0,0.0,0,0.0,0,0
277,0.05591699010060302,9,-0.5,13,51,13,902.9,10,316.0,0.4797529105357836,95,0.4968444782494762,120,0.5055239563769703,46,0.4797529105357836,30,0.4212875928331051,20,311
277,0.05591699010060302,10,-0.7071,14,48,13,902.9,10,504.0,0.6839183997651527,162,0.6880581849416185,178,0.7101872851052538,176,0.6839183997651527,169,0.6110417074806996,146,831
277,0.05591699010060302,11,-0.866,16,42,11,902.9,10,653.0,0.8405800697877692,207,0.8347816051944631,220,0.8672309610915749,226,0.8405800697877692,219,0.7566451426153163,202,1074
277,0.05591699010060302,12,-0.9659,17,37,9,902.9,7,746.0,0.9390617046625,239,0.927015796043207,243,0.9659527350541016,258,0.9390617046625,247,0.8481752811159772,229,1216
277,0.05591699010060302,13,-1.0,18,34,15,902.0,7,746.0,0.972651955019984,232,0.9584751597408002,231,0.9996248923979248,255,0.972651955019984,242,0.8793945056268995,223,1183
277,0.05591699010060302,14,-0.9659,17,34,9,902.0,7,689.0,0.9390617046625,216,0.927015796043207,204,0.9659527350541016,234,0.9390617046625,222,0.8481752811159772,203,1079
277,0.05591699010060302,15,-0.866,18,32,11,901.1,7,482.0,0.8405800697877692,167,0.8347816051944631,164,0.8672309610915749,173,0.8405800697877692,168,0.7566451426153163,158,830
277,0.05591699010060302,16,-0.7071,18,30,17,901.1,7,431.0,0.6839183997651527,145,0.6880581849416185,114,0.7101872851052538,152,0.6839183997651527,145,0.6110417074806996,134,690
277,0.05591699010060302,17,-0.5,17,32,15,901.1,10,213.0,0.4797529105357836,77,0.496844478249476,66,0.5055239563769701,77,0.4797529105357836,75,0.4212875928331051,72,367
277,0.05591699010060302,18,-0.2588,17,34,13,901.1,10,90.0,0.24199711936263815,34,0.2741713632011858,23,0.2671884195457124,35,0.24199711936263815,34,0.2003142068252046,31,157
277,0.05591699010060302,19,0.0,15,39,9,901.1,10,0.0,0.0,0,0.0,0,0.0,0,0.0,0,0.0,0,0
277,0.05591699010060302,20,0.2588,13,44,7,901.1,10,0.0,0.0,0,0.0,0,0.0,0,0.0,0,0.0,0,0
277,0.05591699010060302,21,0.5,13,44,7,901.1,10,0.0,0.0,0,0.0,0,0.0,0,0.0,0,0.0,0,0
277,0.05591699010060302,22,0.7071,12,51,9,901.1,10,0.0,0.0,0,0.0,0,0.0,0,0.0,0,0.0,0,0
277,0.05591699010060302,23,0.866,12,51,15,901.1,10,0.0,0.0,0,0.0,0,0.0,0,0.0,0,0.0,0,0
277,0.05591699010060302,24,0.9659,11,54,17,901.1,10,0.0,0.0,0,0.0,0,0.0,0,0.0,0,0.0,0,0
278,0.07309512989807776,1,1.0,12,51,15,901.1,10,0.0,0.0,0,0.0,0,0.0,0,0.0,0,0.0,0,0
278,0.07309512989807776,2,0.9659,11,50,15,901.1,10,0.0,0.0,0,0.0,0,0.0,0,0.0,0,0.0,0,0
278,0.07309512989807776,3,0.866,10,54,9,901.1,10,0.0,0.0,0,0.0,0,0.0,0,0.0,0,0.0,0,0
278,0.07309512989807776,4,0.7071,12,51,20,901.1,10,0.0,0.0,0,0.0,0,0.0,0,0.0,0,0.0,0,0
278,0.07309512989807776,5,0.5,8,66,15,901.1,10,0.0,0.0,0,0.0,0,0.0,0,0.0,0,0.0,0,0
278,0.07309512989807776,6,0.2588,9,66,17,900.2,10,0.0,0.0,0,0.0,0,0.0,0,0.0,0,0.0,0,0
278,0.07309512989807776,7,0.0,9,66,20,900.2,10,0.0,0.0,0,0.0,0,0.0,0,0.0,0,0.0,0,0
278,0.07309512989807776,8,-0.2588,10,62,15,901.1,10,0.0,0.0,0,0.0,0,0.0,0,0.0,0,0.0,0,0
278,0.07309512989807776,9,-0.5,13,54,17,901.1,10,309.0,0.47847139615545486,96,0.49908251758345573,102,0.5060190901342111,46,0.47847139615545486,30,0.4183167632449808,20,294
278,0.07309512989807776,10,-0.7071,14,51,22,901.1,10,493.0,0.6825000510801865,163,0.6901680699181003,168,0.7105452506282867,179,0.6825000510801865,171,0.6079437025372229,147,828
278,0.07309512989807776,11,-0.866,16,39,19,901.1,10,639.0,0.8390567244541433,212,0.8367931539239784,214,0.8674836737581428,229,0.8390567244541433,223,0.7534495525706955,205,1083
278,0.07309512989807776,12,-0.9659,16,42,20,901.1,10,736.0,0.9374723556789115,243,0.9289655280423786,244,0.966139283020942,261,0.9374723556789115,253,0.844918346505829,233,1234
278,0.07309512989807776,13,-1.0,17,37,22,900.2,10,755.0,0.9710400934210142,256,0.9604038072074323,255,0.9997888728197493,274,0.9710400934210142,264,0.8761166475268737,243,1292
278,0.07309512989807776,14,-0.9659,17,39,24,900.2,10,720.0,0.9374723556789115,253,0.9289655280423786,252,0.966139283020942,270,0.9374723556789115,259,0.844918346505829,237,1271
278,0.07309512989807776,15,-0.866,17,39,30,900.2,10,620.0,0.8390567244541433,235,0.8367931539239784,234,0.8674836737581428,249,0.8390567244541433,236,0.7534495525706955,213,1167
278,0.07309512989807776,16,-0.7071,17,39,26,900.2,10,483.0,0.6825000510801865,196,0.6901680699181004,197,0.7105452506282867,208,0.6825000510801865,195,0.607943702537223,175,971
278,0.07309512989807776,17,-0.5,16,39,30,900.2,10,292.0,0.47847139615545486,137,0.49908251758345573,138,0.5060190901342111,144,0.47847139615545486,132,0.4183167632449808,114,665
278,0.07309512989807776,18,-0.2588,15,39,31,900.2,10,74.0,0.24087495191664654,54,0.276558641565579,56,0.26784328917002115,57,0.24087495191664654,50,0.19749147602494027,40,257
278,0.07309512989807776,19,0.0,13,44,20,901.1,10,0.0,0.0,0,0.0,0,0.0,0,0.0,0,0.0,0,0
278,0.07309512989807776,20,0.2588,11,50,11,902.0,10,0.0,0.0,0,0.0,0,0.0,0,0.0,0,0.0,0,0
278,0.07309512989807776,21,0.5,12,44,19,901.1,10,0.0,0.0,0,0.0,0,0.0,0,0.0,0,0.0,0,0
278,0.07309512989807776,22,0.7071,11,50,17,902.0,10,0.0,0.0,0,0.0,0,0.0,0,0.0,0,0.0,0,0
278,0.07309512989807776,23,0.866,9,57,11,902.0,10,0.0,0.0,0,0.0,0,0.0,0,0.0,0,0.0,0,0
278,0.07309512989807776,24,0.9659,9,62,13,902.0,10,0.0,0.0,0,0.0,0,0.0,0,0.0,0,0.0,0,0
279,0.0902516100310407,1,1.0,9,62,17,902.0,10,0.0,0.0,0,0.0,0,0.0,0,0.0,0,0.0,0,0
279,0.0902516100310407,2,0.9659,9,62,15,902.0,10,0.0,0.0,0,0.0,0,0.0,0,0.0,0,0.0,0,0
279,0.0902516100310407,3,0.866,8,66,15,902.0,10,0.0,0.0,0,0.0,0,0.0,0,0.0,0,0.0,0,0
279,0.0902516100310407,4,0.7071,7,71,13,902.0,10,0.0,0.0,0,0.0,0,0.0,0,0.0,0,0.0,0,0
279,0.0902516100310407,5,0.5,7,71,11,902.0,10,0.0,0.0,0,0.0,0,0.0,0,0.0,0,0.0,0,0
279,0.0902516100310407,6,0.2588,7,71,15,902.0,10,0.0,0.0,0,0.0,0,0.0,0,0.0,0,0.0,0,0
279,0.0902516100310407,7,0.0,7,71,15,902.0,10,0.0,0.0,0,0.0,0,0.0,0,0.0,0,0.0,0,0
279,0.0902516100310407,8,-0.2588,8,66,20,902.0,10,0.0,0.0,0,0.0,0,0.0,0,0.0,0,0.0,0,0
279,0.0902516100310407,9,-0.5,10,58,22,902.9,10,314.0,0.47717324332065614,98,0.5012875488711204,106,0.5064885249744432,47,0.47717324332065614,30,0.41533948954320576,18,299
279,0.0902516100310407,10,-0.7071,11,54,22,902.9,10,499.0,0.681056175349396,167,0.6922366221316906,172,0.710868606970394,183,0.681056175349396,176,0.6048309923044893,151,849
279,0.0902516100310407,11,-0.866,13,47,19,902.9,10,644.0,0.8375010316200333,217,0.838756982111735,219,0.8676949401590074,233,0.8375010316200333,227,0.7502329182151184,209,1105
279,0.0902516100310407,12,-0.9659,13,44,15,902.9,10,735.0,0.935846371678324,242,0.9308635239744597,244,0.9662800867513733,262,0.935846371678324,253,0.841636382709595,233,1234
279,0.0902516100310407,13,-1.0,14,41,17,902.0,10,764.0,0.9693901344130916,251,0.9622793489861181,253,0.9999056430474713,271,0.9693901344130916,260,0.872812401074145,239,1274
279,0.0902516100310407,14,-0.9659,15,42,7,901.1,10,730.0,0.935846371678324,249,0.9308635239744597,250,0.9662800867513733,267,0.935846371678324,255,0.841636382709595,234,1255
279,0.0902516100310407,15,-0.866,16,34,11,901.1,10,634.0,0.8375010316200333,228,0.838756982111735,230,0.8676949401590074,245,0.8375010316200333,230,0.7502329182151184,209,1142
279,0.0902516100310407,16,-0.7071,16,34,13,901.1,10,483.0,0.681056175349396,191,0.6922366221316906,193,0.710868606970394,204,0.681056175349396,191,0.6048309923044893,170,949
279,0.0902516100310407,17,-0.5,16,31,11,900.2,10,290.0,0.47717324332065614,136,0.5012875488711204,139,0.506488524974443,144,0.47717324332065614,132,0.41533948954320576,113,664
279,0.0902516100310407,18,-0.2588,15,36,15,900.2,10,74.0,0.23974649700324316,59,0.2789226062232147,62,0.26848283610214935,64,0.23974649700324316,54,0.1946719214567517,44,283
279,0.0902516100310407,19,0.0,13,38,11,901.1,10,0.0,0.0,0,0.0,0,0.0,0,0.0,0,0.0,0,0
279,0.0902516100310407,20,0.2588,11,47,13,901.1,10,0.0,0.0,0,0.0,0,0.0,0,0.0,0,0.0,0,0
279,0.0902516100310407,21,0.5,11,47,15,901.1,10,0.0,0.0,0,0.0,0,0.0,0,0.0,0,0.0,0,0
279,0.0902516100310407,22,0.7071,9,54,6,902.0,10,0.0,0.0,0,0.0,0,0.0,0,0.0,0,0.0,0,0
279,0.0902516100310407,23,0.866,10,50,11,902.0,10,0.0,0.0,0,0.0,0,0.0,0,0.0,0,0.0,0,0
279,0.0902516100310407,24,0.9659,9,54,9,902.0,10,0.0,0.0,0,0.0,0,0.0,0,0.0,0,0.0,0,0
280,0.10738134666416306,1,1.0,9,54,13,901.1,10,0.0,0.0,0,0.0,0,0.0,0,0.0,0,0.0,0,0
280,0.10738134666416306,2,0.9659,9,57,11,901.1,10,0.0,0.0,0,0.0,0,0.0,0,0.0,0,0.0,0,0
280,0.10738134666416306,3,0.866,8,62,9,901.1,10,0.0,0.0,0,0.0,0,0.0,0,0.0,0,0.0,0,0
280,0.10738134666416306,4,0.7071,7,61,11,901.1,10,0.0,0.0,0,0.0,0,0.0,0,0.0,0,0.0,0,0
280,0.10738134666416306,5,0.5,7,61,7,901.1,10,0.0,0.0,0,0.0,0,0.0,0,0.0,0,0.0,0,0
280,0.10738134666416306,6,0.2588,6,66,7,901.1,10,0.0,0.0,0,0.0,0,0.0,0,0.0,0,0.0,0,0
280,0.10738134666416306,7,0.0,7,66,9,901.1,10,0.0,0.0,0,0.0,0,0.0,0,0.0,0,0.0,0,0
280,0.10738134666416306,8,-0.2588,9,57,2,901.1,10,89.0,0.23861229341237056,23,0.28126262276786546,27,0.26910701084740424,10,0.23861229341237056,10,0.19185663347770354,10,80
280,0.10738134666416306,9,-0.5,12,51,7,901.1,10,312.0,0.4758591992670402,115,0.5034591329289102,124,0.506932420357117,45,0.4758591992670402,28,0.41235705581688875,17,329
280,0.10738134666416306,10,-0.7071,14,44,9,902.0,10,501.0,0.6795876988047858,175,0.6942635700402596,182,0.711157693023953,179,0.6795876988047858,171,0.6017050272330806,146,853
280,0.10738134666416306,11,-0.866,16,39,7,902.0,10,645.0,0.8359140548661538,237,0.8406729468513612,241,0.8678652368702406,228,0.8359140548661538,219,0.7469968176528067,201,1126
280,0.10738134666416306,12,-0.9659,16,36,6,901.1,10,734.0,0.9341849025824529,219,0.9327097217968824,224,0.9663757093730442,255,0.9341849025824529,244,0.838331048077927,225,1167
280,0.10738134666416306,13,-1.0,17,32,7,901.1,10,762.0,0.9677032573672384,246,0.9641017506154254,250,0.9999757957298696,267,0.9677032573672384,253,0.8694834519899278,233,1249
280,0.10738134666416306,14,-0.9659,18,30,6,901.1,10,727.0,0.9341849025824529,239,0.9327097217968824,242,0.9663757093730442,262,0.9341849025824529,247,0.838331048077927,226,1216
280,0.10738134666416306,15,-0.866,19,28,6,900.2,10,628.0,0.8359140548661538,214,0.8406729468513612,217,0.8678652368702406,238,0.8359140548661538,223,0.7469968176528067,202,1094
280,0.10738134666416306,16,-0.7071,19,26,11,900.2,10,476.0,0.6795876988047859,173,0.6942635700402597,177,0.711157693023953,199,0.6795876988047859,184,0.6017050272330806,164,897
280,0.10738134666416306,17,-0.5,19,26,7,900.2,10,280.0,0.4758591992670402,113,0.5034591329289102,117,0.506932420357117,139,0.4758591992670402,127,0.41235705581688875,108,604
280,0.10738134666416306,18,-0.2588,18,28,9,900.2,10,70.0,0.23861229341237056,34,0.28126262276786523,37,0.26910701084740424,59,0.23861229341237056,50,0.19185663347770354,41,221
280,0.10738134666416306,19,0.0,16,31,7,901.1,10,0.0,0.0,0,0.0,0,0.0,0,0.0,0,0.0,0,0
280,0.10738134666416306,20,0.2588,13,41,13,901.1,10,0.0,0.0,0,0.0,0,0.0,0,0.0,0,0.0,0,0
280,0.10738134666416306,21,0.5,13,38,17,902.0,10,0.0,0.0,0,0.0,0,0.0,0,0.0,0,0.0,0,0
280,0.10738134666416306,22,0.7071,12,41,11,902.0,10,0.0,0.0,0,0.0,0,0.0,0,0.0,0,0.0,0,0
280,0.10738134666416306,23,0.866,12,44,9,902.0,10,0.0,0.0,0,0.0,0,0.0,0,0.0,0,0.0,0,0
280,0.10738134666416306,24,0.9659,10,47,11,902.0,10,0.0,0.0,0,0.0,0,0.0,0,0.0,0,0.0,0,0
281,0.12447926388678869,1,1.0,10,47,11,901.1,10,0.0,0.0,0,0.0,0,0.0,0,0.0,0,0.0,0,0
281,0.12447926388678869,2,0.9659,9,50,6,902.0,10,0.0,0.0,0,0.0,0,0.0,0,0.0,0,0.0,0,0
281,0.12447926388678869,3,0.866,9,50,4,902.0,10,0.0,0.0,0,0.0,0,0.0,0,0.0,0,0.0,0,0
281,0.12447926388678869,4,0.7071,7,57,6,901.1,10,0.0,0.0,0,0.0,0,0.0,0,0.0,0,0.0,0,0
281,0.12447926388678869,5,0.5,6,57,7,901.1,10,0.0,0.0,0,0.0,0,0.0,0,0.0,0,0.0,0,0
281,0.12447926388678869,6,0.2588,4,65,6,901.1,10,0.0,0.0,0,0.0,0,0.0,0,0.0,0,0.0,0,0
281,0.12447926388678869,7,0.0,5,65,6,902.0,10,0.0,0.0,0,0.0,0,0.0,0,0.0,0,0.0,0,0
281,0.12447926388678869,8,-0.2588,8,57,4,902.0,10,0.0,0.0,0,0.0,0,0.0,0,0.0,0,0.0,0,0
281,0.12447926388678869,9,-0.5,12,44,6,902.0,10,304.0,0.47453003337879107,94,0.5055968634453938,104,0.5073509642224697,45,0.47453003337879107,30,0.4093707604620347,18,291
281,0.12447926388678869,10,-0.7071,13,38,7,902.9,10,488.0,0.6780955803909139,158,0.6962486848676714,166,0.7114128867519088,174,0.6780955803909139,165,0.598567281898816,141,804
281,0.12447926388678869,11,-0.866,16,34,6,902.0,10,625.0,0.8342968985918323,200,0.8425409555943056,206,0.8679950876643063,220,0.8342968985918323,210,0.7437428606471,192,1028
281,0.12447926388678869,12,-0.9659,18,28,6,902.0,10,711.0,0.932489144227308,227,0.9345041145973217,232,0.9664267663181019,246,0.932489144227308,234,0.8350040373565891,215,1154
281,0.12447926388678869,13,-1.0,19,26,9,901.1,10,739.0,0.9659806893068116,240,0.9658710343919484,244,0.9999999775624994,260,0.9659806893068116,246,0.8661315240059079,225,1215
281,0.12447926388678869,14,-0.9659,20,24,9,901.1,10,702.0,0.932489144227308,233,0.9345041145973217,237,0.9664267663181019,253,0.932489144227308,237,0.8350040373565891,216,1176
281,0.12447926388678869,15,-0.866,21,25,7,900.2,10,603.0,0.8342968985918323,214,0.8425409555943056,218,0.8679950876643063,230,0.8342968985918323,214,0.7437428606471,194,1070
281,0.12447926388678869,16,-0.7071,21,25,6,900.2,10,454.0,0.6780955803909139,177,0.6962486848676714,181,0.7114128867519088,191,0.6780955803909139,177,0.598567281898816,157,883
281,0.12447926388678869,17,-0.5,21,25,9,899.4,10,263.0,0.47453003337879107,122,0.5055968634453938,126,0.5073509642224697,130,0.47453003337879107,117,0.4093707604620347,100,595
281,0.12447926388678869,18,-0.2588,20,26,13,899.4,10,66.0,0.23747288978042824,47,0.2835780781437802,52,0.2697157800598115,53,0.23747288978042824,45,0.18904670531804552,36,233
281,0.12447926388678869,19,0.0,17,32,9,900.2,10,0.0,0.0,0,0.0,0,0.0,0,0.0,0,0.0,0,0
281,0.12447926388678869,20,0.2588,16,34,13,900.2,10,0.0,0.0,0,0.0,0,0.0,0,0.0,0,0.0,0,0
281,0.12447926388678869,21,0.5,14,38,9,900.2,10,0.0,0.0,0,0.0,0,0.0,0,0.0,0,0.0,0,0
281,0.12447926388678869,22,0.7071,13,41,7,900.2,10,0.0,0.0,0,0.0,0,0.0,0,0.0,0,0.0,0,0
281,0.12447926388678869,23,0.866,10,50,6,901.1,10,0.0,0.0,0,0.0,0,0.0,0,0.0,0,0.0,0,0
281,0.12447926388678869,24,0.9659,11,47,7,901.1,10,0.0,0.0,0,0.0,0,0.0,0,0.0,0,0.0,0,0
282,0.141540295217043,1,1.0,11,47,6,900.2,10,0.0,0.0,0,0.0,0,0.0,0,0.0,0,0.0,0,0
282,0.141540295217043,2,0.9659,9,50,4,900.2,10,0.0,0.0,0,0.0,0,0.0,0,0.0,0,0.0,0,0
282,0.141540295217043,3,0.866,8,57,2,900.2,10,0.0,0.0,0,0.0,0,0.0,0,0.0,0,0.0,0,0
282,0.141540295217043,4,0.7071,6,61,4,900.2,10,0.0,0.0,0,0.0,0,0.0,0,0.0,0,0.0,0,0
282,0.141540295217043,5,0.5,6,66,4,900.2,10,0.0,0.0,0,0.0,0,0.0,0,0.0,0,0.0,0,0
282,0.141540295217043,6,0.2588,6,61,4,900.2,10,0.0,0.0,0,0.0,0,0.0,0,0.0,0,0.0,0,0
282,0.141540295217043,7,0.0,5,70,6,900.2,10,0.0,0.0,0,0.0,0,0.0,0,0.0,0,0.0,0,0
282,0.141540295217043,8,-0.2588,6,66,6,900.2,10,0.0,0.0,0,0.0,0,0.0,0,0.0,0,0.0,0,0
282,0.141540295217043,9,-0.5,13,44,0,901.1,10,293.0,0.4731865363905573,91,0.5077003668859615,101,0.5077443725290798,46,0.4731865363905573,30,0.40638191510224375,19,287
282,0.141540295217043,10,-0.7071,15,39,6,901.1,10,479.0,0.6765808107109876,157,0.6981917802688626,166,0.7116346044688653,173,0.6765808107109876,165,0.5954192536856755,140,801
282,0.141540295217043,11,-0.866,18,32,6,901.1,10,614.0,0.8326507067647904,198,0.8443609656310573,206,0.8680850625943584,219,0.8326507067647904,208,0.7404726871209207,190,1021
282,0.141540295217043,12,-0.9659,20,28,9,901.1,10,705.0,0.9307603369895655,228,0.9362467499593344,232,0.9664339242837796,247,0.9307603369895655,233,0.8316570800722246,213,1153
282,0.141540295217043,13,-1.0,22,23,11,901.1,10,736.0,0.9642237034917855,237,0.9675872786965258,243,0.9999788882060883,258,0.9642237034917855,244,0.8627583772108884,222,1204
282,0.141540295217043,14,-0.9659,24,21,13,900.2,10,689.0,0.9307603369895655,232,0.9362467499593344,236,0.9664339242837796,251,0.9307603369895655,234,0.8316570800722246,213,1166
282,0.141540295217043,15,-0.866,25,18,11,899.4,10,593.0,0.8326507067647904,209,0.8443609656310573,214,0.8680850625943584,226,0.8326507067647904,210,0.7404726871209207,190,1049
282,0.141540295217043,16,-0.7071,26,18,7,899.4,10,437.0,0.6765808107109876,169,0.6981917802688626,173,0.7116346044688653,182,0.6765808107109876,168,0.5954192536856755,148,840
282,0.141540295217043,17,-0.5,25,19,4,899.4,10,252.0,0.4731865363905573,115,0.5077003668859615,120,0.5077443725290798,124,0.4731865363905573,111,0.40638191510224375,95,565
282,0.141540295217043,18,-0.2588,23,22,9,899.4,10,62.0,0.23632884409014623,44,0.28586838082941496,49,0.2703091263783358,49,0.23632884409014623,42,0.18624323227881875,34,218
282,0.141540295217043,19,0.0,20,26,7,900.2,10,0.0,0.0,0,0.0,0,0.0,0,0.0,0,0.0,0,0
282,0.141540295217043,20,0.2588,18,30,11,900.2,10,0.0,0.0,0,0.0,0,0.0,0,0.0,0,0.0,0,0
282,0.141540295217043,21,0.5,17,32,13,901.1,10,0.0,0.0,0,0.0,0,0.0,0,0.0,0,0.0,0,0
282,0.141540295217043,22,0.7071,18,32,11,901.1,10,0.0,0.0,0,0.0,0,0.0,0,0.0,0,0.0,0,0
282,0.141540295217043,23,0.866,15,39,7,901.1,10,0.0,0.0,0,0.0,0,0.0,0,0.0,0,0.0,0,0
282,0.141540295217043,24,0.9659,15,39,9,901.1,10,0.0,0.0,0,0.0,0,0.0,0,0.0,0,0.0,0,0
283,0.15855938510313475,1,1.0,13,47,4,901.1,10,0.0,0.0,0,0.0,0,0.0,0,0.0,0,0.0,0,0
283,0.15855938510313475,2,0.9659,13,47,11,901.1,10,0.0,0.0,0,0.0,0,0.0,0,0.0,0,0.0,0,0
283,0.15855938510313475,3,0.866,9,54,11,901.1,10,0.0,0.0,0,0.0,0,0.0,0,0.0,0,0.0,0,0
283,0.15855938510313475,4,0.7071,12,51,15,901.1,10,0.0,0.0,0,0.0,0,0.0,0,0.0,0,0.0,0,0
283,0.15855938510313475,5,0.5,12,51,13,901.1,10,0.0,0.0,0,0.0,0,0.0,0,0.0,0,0.0,0,0
283,0.15855938510313475,6,0.2588,10,58,7,901.1,10,0.0,0.0,0,0.0,0,0.0,0,0.0,0,0.0,0,0
283,0.15855938510313475,7,0.0,9,62,0,902.0,10,0.0,0.0,0,0.0,0,0.0,0,0.0,0,0.0,0,0
283,0.15855938510313475,8,-0.2588,10,62,4,902.0,10,0.0,0.0,0,0.0,0,0.0,0,0.0,0,0.0,0,0
283,0.15855938510313475,9,-0.5,14,48,6,902.9,10,284.0,0.47182951956387537,89,0.5097693023505686,100,0.5081128887539162,46,0.47182951956387537,31,0.4033918434976336,20,286
283,0.15855938510313475,10,-0.7071,18,37,4,902.9,10,468.0,0.67504441093423,151,0.7000927119356009,160,0.7118233000714227,167,0.67504441093423,159,0.5922624614446569,134,771
283,0.15855938510313475,11,-0.866,19,35,4,902.0,10,609.0,0.8309766616220602,195,0.846132983503549,203,0.8681357770176247,216,0.8309766616220602,204,0.7371879656237542,186,1004
283,0.15855938510313475,12,-0.9659,21,31,2,902.0,10,699.0,0.9289997643577051,222,0.9379377292532168,229,0.9663979001256848,242,0.9289997643577051,229,0.8282919388787168,208,1130
283,0.15855938510313475,13,-1.0,23,27,7,901.1,10,732.0,0.962433617945621,232,0.9692506172436399,238,0.999913279135448,253,0.962433617945621,238,0.8593658063560096,218,1179
283,0.15855938510313475,14,-0.9659,23,27,4,901.1,10,697.0,0.9289997643577051,229,0.9379377292532168,235,0.9663979001256848,249,0.9289997643577051,232,0.8282919388787168,212,1157
283,0.15855938510313475,15,-0.866,24,22,7,901.1,10,589.0,0.8309766616220602,205,0.846132983503549,211,0.8681357770176247,223,0.8309766616220602,208,0.7371879656237542,187,1034
283,0.15855938510313475,16,-0.7071,25,21,7,900.2,10,442.0,0.67504441093423,172,0.7000927119356007,177,0.7118233000714227,186,0.67504441093423,171,0.5922624614446569,150,856
283,0.15855938510313475,17,-0.5,25,19,11,900.2,10,252.0,0.47182951956387537,117,0.5097693023505686,122,0.5081128887539162,126,0.47182951956387537,113,0.4033918434976336,97,575
283,0.15855938510313475,18,-0.2588,23,22,9,900.2,10,59.0,0.23518072316032426,42,0.28813296098861774,47,0.2708870482410082,48,0.23518072316032426,40,0.18344731093197905,32,209
283,0.15855938510313475,19,0.0,19,28,9,900.2,10,0.0,0.0,0,0.0,0,0.0,0,0.0,0,0.0,0,0
283,0.15855938510313475,20,0.2588,17,34,9,901.1,10,0.0,0.0,0,0.0,0,0.0,0,0.0,0,0.0,0,0
283,0.15855938510313475,21,0.5,18,32,11,901.1,10,0.0,0.0,0,0.0,0,0.0,0,0.0,0,0.0,0,0
283,0.15855938510313475,22,0.7071,17,32,11,901.1,10,0.0,0.0,0,0.0,0,0.0,0,0.0,0,0.0,0,0
283,0.15855938510313475,23,0.866,16,36,13,901.1,10,0.0,0.0,0,0.0,0,0.0,0,0.0,0,0.0,0,0
283,0.15855938510313475,24,0.9659,15,39,7,902.0,10,0.0,0.0,0,0.0,0,0.0,0,0.0,0,0.0,0,0
284,0.17553149042142777,1,1.0,13,44,9,901.1,10,0.0,0.0,0,0.0,0,0.0,0,0.0,0,0.0,0,0
284,0.17553149042142777,2,0.9659,12,47,4,901.1,10,0.0,0.0,0,0.0,0,0.0,0,0.0,0,0.0,0,0
284,0.17553149042142777,3,0.866,10,50,4,901.1,10,0.0,0.0,0,0.0,0,0.0,0,0.0,0,0.0,0,0
284,0.17553149042142777,4,0.7071,8,57,7,901.1,10,0.0,0.0,0,0.0,0,0.0,0,0.0,0,0.0,0,0
284,0.17553149042142777,5,0.5,8,57,6,901.1,10,0.0,0.0,0,0.0,0,0.0,0,0.0,0,0.0,0,0
284,0.17553149042142777,6,0.2588,8,53,4,901.1,10,0.0,0.0,0,0.0,0,0.0,0,0.0,0,0.0,0,0
284,0.17553149042142777,7,0.0,8,57,4,901.1,10,0.0,0.0,0,0.0,0,0.0,0,0.0,0,0.0,0,0
284,0.17553149042142777,8,-0.2588,10,58,7,901.1,10,0.0,0.0,0,0.0,0,0.0,0,0.0,0,0.0,0,0
284,0.17553149042142777,9,-0.5,15,42,4,901.1,10,273.0,0.47045981383949237,84,0.511803361384864,113,0.5084567833557809,46,0.47045981383949237,32,0.40040188044381175,20,295
284,0.17553149042142777,10,-0.7071,18,37,4,901.1,10,461.0,0.673487431666419,149,0.701951377143704,173,0.7119794642191486,167,0.673487431666419,158,0.589098444130853,133,780
284,0.17553149042142777,11,-0.866,22,31,4,901.1,10,607.0,0.8292759823242971,193,0.8478570643498677,209,0.8681478905596236,214,0.8292759823242971,202,0.7338903917677619,185,1003
284,0.17553149042142777,12,-0.9659,23,29,6,901.1,10,687.0,0.9272087514503973,217,0.939577206853411,228,0.9663194596857594,238,0.9272087514503973,225,0.824910407866973,205,1113
284,0.17553149042142777,13,-1.0,24,27,4,900.2,10,714.0,0.9606117939272932,229,0.9708612382554039,235,0.9998039524209626,249,0.9606117939272932,235,0.855955639121444,213,1161
284,0.17553149042142777,14,-0.9659,25,26,7,899.4,10,674.0,0.9272087514503973,223,0.939577206853411,226,0.9663194596857594,243,0.9272087514503973,228,0.824910407866973,206,1126
284,0.17553149042142777,15,-0.866,25,28,9,899.4,10,578.0,0.8292759823242971,205,0.8478570643498677,205,0.8681478905596236,223,0.8292759823242971,206,0.7338903917677619,185,1024
284,0.17553149042142777,16,-0.7071,25,22,6,898.5,10,437.0,0.673487431666419,176,0.701951377143704,171,0.7119794642191486,190,0.673487431666419,175,0.589098444130853,153,865
284,0.17553149042142777,17,-0.5,25,22,19,898.5,10,262.0,0.47045981383949215,123,0.5118033613848638,112,0.5084567833557807,132,0.47045981383949215,120,0.4004018804438113,102,589
284,0.17553149042142777,18,-0.2588,23,27,19,898.5,10,91.0,0.23402910212630176,46,0.2903712705890876,26,0.27144955967731954,49,0.23402910212630176,43,0.1806600383243546,37,201
284,0.17553149042142777,19,0.0,20,33,7,898.5,10,0.0,0.0,0,0.0,0,0.0,0,0.0,0,0.0,0,0
284,0.17553149042142777,20,0.2588,18,37,9,898.5,10,0.0,0.0,0,0.0,0,0.0,0,0.0,0,0.0,0,0
284,0.17553149042142777,21,0.5,17,39,9,898.5,10,0.0,0.0,0,0.0,0,0.0,0,0.0,0,0.0,0,0
284,0.17553149042142777,22,0.7071,17,39,11,898.5,10,0.0,0.0,0,0.0,0,0.0,0,0.0,0,0.0,0,0
284,0.17553149042142777,23,0.866,16,39,7,898.5,10,0.0,0.0,0,0.0,0,0.0,0,0.0,0,0.0,0,0
284,0.17553149042142777,24,0.9659,15,42,9,898.5,10,0.0,0.0,0,0.0,0,0.0,0,0.0,0,0.0,0,0
285,0.19245158197082995,1,1.0,15,42,13,897.6,10,0.0,0.0,0,0.0,0,0.0,0,0.0,0,0.0,0,0
285,0.19245158197082995,2,0.9659,14,48,4,897.6,10,0.0,0.0,0,0.0,0,0.0,0,0.0,0,0.0,0,0
285,0.19245158197082995,3,0.866,11,54,2,897.6,10,0.0,0.0,0,0.0,0,0.0,0,0.0,0,0.0,0,0
285,0.19245158197082995,4,0.7071,10,58,4,897.6,10,0.0,0.0,0,0.0,0,0.0,0,0.0,0,0.0,0,0
285,0.19245158197082995,5,0.5,10,58,6,896.7,10,0.0,0.0,0,0.0,0,0.0,0,0.0,0,0.0,0,0
285,0.19245158197082995,6,0.2588,10,58,4,896.7,10,0.0,0.0,0,0.0,0,0.0,0,0.0,0,0.0,0,0
285,0.19245158197082995,7,0.0,9,62,0,896.7,10,0.0,0.0,0,0.0,0,0.0,0,0.0,0,0.0,0,0
285,0.19245158197082995,8,-0.2588,10,62,7,896.7,10,72.0,0.23287456391204361,24,0.29258278348801603,27,0.2719966900792814,12,0.23287456391204361,41,0.17788251118672485,28,132
285,0.19245158197082995,9,-0.5,17,42,4,896.7,10,268.0,0.4690782689670394,98,0.513802267745141,109,0.5087763532031235,52,0.4690782689670394,178,0.3974133706627142,153,590
285,0.19245158197082995,10,-0.7071,20,35,4,896.7,10,452.0,0.6719109517855226,153,0.7037677142426072,162,0.7121036234676389,187,0.6719109517855226,168,0.58592875942101,153,823
285,0.19245158197082995,11,-0.866,21,33,7,896.7,7,595.0,0.8275499235657996,197,0.8495333111825183,204,0.8681221060210603,177,0.8275499235657996,221,0.7305816866356507,201,1000
285,0.19245158197082995,12,-0.9659,22,33,7,895.8,7,668.0,0.9253886634846946,221,0.9411653892839386,227,0.9661994165570003,235,0.9253886634846946,236,0.8215143108409747,214,1133
285,0.19245158197082995,13,-1.0,23,27,9,894.9,10,707.0,0.9587596343511056,230,0.972419383561687,238,0.999651759444814,251,0.9587596343511056,226,0.8525297343474859,203,1148
285,0.19245158197082995,14,-0.9659,24,25,15,894.1,7,666.0,0.9253886634846946,208,0.9411653892839386,213,0.9661994165570003,242,0.9253886634846946,192,0.8215143108409747,171,1026
285,0.19245158197082995,15,-0.866,24,25,13,893.2,7,554.0,0.8275499235657996,190,0.8495333111825183,197,0.8681221060210603,208,0.8275499235657996,111,0.7305816866356507,101,807
285,0.19245158197082995,16,-0.7071,24,25,7,892.3,7,318.0,0.6719109517855226,105,0.7037677142426072,108,0.7121036234676389,121,0.6719109517855226,71,0.58592875942101,63,468
285,0.19245158197082995,17,-0.5,24,24,9,892.3,5,191.0,0.4690782689670394,46,0.513802267745141,45,0.5087763532031235,78,0.4690782689670394,16,0.3974133706627142,16,201
285,0.19245158197082995,18,-0.2588,23,25,7,891.4,5,0.0,0.0,0,0.0,0,0.0,0,0.0,0,0.0,0,0
285,0.19245158197082995,19,0.0,21,31,6,891.4,5,0.0,0.0,0,0.0,0,0.0,0,0.0,0,0.0,0,0
285,0.19245158197082995,20,0.2588,21,27,20,892.3,5,0.0,0.0,0,0.0,0,0.0,0,0.0,0,0.0,0,0
285,0.19245158197082995,21,0.5,19,32,15,893.2,5,0.0,0.0,0,0.0,0,0.0,0,0.0,0,0.0,0,0
285,0.19245158197082995,22,0.7071,19,37,13,893.2,5,0.0,0.0,0,0.0,0,0.0,0,0.0,0,0.0,0,0
285,0.19245158197082995,23,0.866,17,48,30,894.1,5,0.0,0.0,0,0.0,0,0.0,0,0.0,0,0.0,0,0
285,0.19245158197082995,24,0.9659,16,52,15,893.2,5,0.0,0.0,0,0.0,0,0.0,0,0.0,0,0.0,0,0
286,0.20931464596304888,1,1.0,15,55,7,893.2,5,0.0,0.0,0,0.0,0,0.0,0,0.0,0,0.0,0,0
286,0.20931464596304888,2,0.9659,14,59,2,893.2,7,0.0,0.0,0,0.0,0,0.0,0,0.0,0,0.0,0,0
286,0.20931464596304888,3,0.866,11,67,7,893.2,7,0.0,0.0,0,0.0,0,0.0,0,0.0,0,0.0,0,0
286,0.20931464596304888,4,0.7071,10,71,6,893.2,10,0.0,0.0,0,0.0,0,0.0,0,0.0,0,0.0,0,0
286,0.20931464596304888,5,0.5,10,71,6,893.2,10,0.0,0.0,0,0.0,0,0.0,0,0.0,0,0.0,0,0
286,0.20931464596304888,6,0.2588,12,67,11,894.1,10,0.0,0.0,0,0.0,0,0.0,0,0.0,0,0.0,0,0
286,0.20931464596304888,7,0.0,13,67,11,894.1,10,0.0,0.0,0,0.0,0,0.0,0,0.0,0,0.0,0,0
286,0.20931464596304888,8,-0.2588,13,63,2,894.9,10,0.0,0.0,0,0.0,0,0.0,0,0.0,0,0.0,0,0
286,0.20931464596304888,9,-0.5,16,52,6,895.8,10,247.0,0.46768575261351963,76,0.5157657771176256,83,0.5090719209672544,47,0.46768575261351963,36,0.39442766768713,24,266
286,0.20931464596304888,10,-0.7071,17,52,7,895.8,10,515.0,0.6703160772444279,156,0.7055417020882844,164,0.7121963393552231,171,0.6703160772444279,164,0.5827549823138716,142,797
286,0.20931464596304888,11,-0.866,18,45,9,895.8,10,656.0,0.825799774142612,206,0.8511618741016027,213,0.8680591682293338,225,0.825799774142612,215,0.7272635951629525,197,1056
286,0.20931464596304888,12,-0.9659,20,33,17,895.8,10,771.0,0.9235409041966444,227,0.9427025342934464,231,0.966038630787118,246,0.9235409041966444,236,0.8181054995629782,218,1158
286,0.20931464596304888,13,-1.0,21,31,22,895.8,7,792.0,0.9568785821569981,221,0.9739253476280474,225,0.9994575995542128,251,0.9568785821569981,231,0.8490899802329971,217,1145
286,0.20931464596304888,14,-0.9659,22,27,22,895.8,7,750.0,0.9235409041966444,209,0.9427025342934464,213,0.966038630787118,230,0.9235409041966444,215,0.8181054995629782,197,1064
286,0.20931464596304888,15,-0.866,22,25,17,894.9,7,602.0,0.825799774142612,214,0.8511618741016027,223,0.8680591682293338,234,0.825799774142612,217,0.7272635951629525,192,1080
286,0.20931464596304888,16,-0.7071,22,29,17,895.8,7,382.0,0.6703160772444279,145,0.7055417020882844,151,0.7121963393552231,157,0.6703160772444279,143,0.5827549823138716,126,722
286,0.20931464596304888,17,-0.5,21,33,7,895.8,7,157.0,0.46768575261351963,78,0.5157657771176256,81,0.5090719209672544,84,0.46768575261351963,76,0.39442766768713,65,384
286,0.20931464596304888,18,-0.2588,21,33,15,896.7,7,64.0,0.23171769869469763,42,0.29476699548485424,46,0.27252848395157486,47,0.23171769869469763,39,0.17511582514927979,32,206
286,0.20931464596304888,19,0.0,19,37,9,896.7,7,0.0,0.0,0,0.0,0,0.0,0,0.0,0,0.0,0,0
286,0.20931464596304888,20,0.2588,17,39,17,897.6,10,0.0,0.0,0,0.0,0,0.0,0,0.0,0,0.0,0,0
286,0.20931464596304888,21,0.5,15,45,20,898.5,10,0.0,0.0,0,0.0,0,0.0,0,0.0,0,0.0,0,0
286,0.20931464596304888,22,0.7071,14,48,19,899.4,10,0.0,0.0,0,0.0,0,0.0,0,0.0,0,0.0,0,0
286,0.20931464596304888,23,0.866,13,51,17,900.2,10,0.0,0.0,0,0.0,0,0.0,0,0.0,0,0.0,0,0
286,0.20931464596304888,24,0.9659,13,51,20,900.2,10,0.0,0.0,0,0.0,0,0.0,0,0.0,0,0.0,0,0
287,0.22611568550828803,1,1.0,13,54,17,900.2,10,0.0,0.0,0,0.0,0,0.0,0,0.0,0,0.0,0,0
287,0.22611568550828803,2,0.9659,12,54,17,899.4,10,0.0,0.0,0,0.0,0,0.0,0,0.0,0,0.0,0,0
287,0.22611568550828803,3,0.866,12,58,15,900.2,10,0.0,0.0,0,0.0,0,0.0,0,0.0,0,0.0,0,0
287,0.22611568550828803,4,0.7071,11,58,13,899.4,10,0.0,0.0,0,0.0,0,0.0,0,0.0,0,0.0,0,0
287,0.22611568550828803,5,0.5,11,58,15,900.2,10,0.0,0.0,0,0.0,0,0.0,0,0.0,0,0.0,0,0
287,0.22611568550828803,6,0.2588,11,58,9,900.2,7,0.0,0.0,0,0.0,0,0.0,0,0.0,0,0.0,0,0
287,0.22611568550828803,7,0.0,11,58,6,900.2,7,0.0,0.0,0,0.0,0,0.0,0,0.0,0,0.0,0,0
287,0.22611568550828803,8,-0.2588,11,62,2,901.1,7,0.0,0.0,0,0.0,0,0.0,0,0.0,0,0.0,0,0
287,0.22611568550828803,9,-0.5,12,54,11,901.1,7,281.0,0.46628314945210647,89,0.51769367679271,120,0.5093438344820437,49,0.46628314945210647,36,0.3914461327406878,22,316
287,0.22611568550828803,10,-0.7071,15,48,4,902.0,7,461.0,0.6687039398427623,153,0.7072733594206205,180,0.7122582074449176,173,0.6687039398427623,162,0.5795787037155695,134,802
287,0.22611568550828803,11,-0.866,16,42,9,902.0,10,611.0,0.8240268554811288,199,0.8527429494444048,220,0.8679598628366787,221,0.8240268554811288,209,0.7239378844973643,187,1036
287,0.22611568550828803,12,-0.9659,18,40,6,901.1,10,688.0,0.9216669142169976,224,0.9441889498615939,236,0.9658380075234098,246,0.9216669142169976,230,0.8146858519707533,207,1143
287,0.22611568550828803,13,-1.0,18,42,11,901.1,10,704.0,0.9549701186341063,231,0.9753794765132772,239,0.9992224186539944,251,0.9549701186341063,235,0.8456382925041767,212,1168
287,0.22611568550828803,14,-0.9659,20,37,11,900.2,10,650.0,0.9216669142169976,224,0.9441889498615939,230,0.9658380075234098,245,0.9216669142169976,227,0.8146858519707533,202,1128
287,0.22611568550828803,15,-0.866,20,37,11,900.2,10,563.0,0.8240268554811288,207,0.8527429494444048,202,0.8679598628366787,224,0.8240268554811288,206,0.7239378844973643,182,1021
287,0.22611568550828803,16,-0.7071,21,38,11,899.4,10,422.0,0.6687039398427623,136,0.7072733594206205,113,0.7122582074449176,148,0.6687039398427623,135,0.5795787037155695,117,649
287,0.22611568550828803,17,-0.5,21,35,9,899.4,7,136.0,0.46628314945210625,66,0.5176936767927095,59,0.5093438344820432,70,0.46628314945210625,63,0.3914461327406878,54,312
287,0.22611568550828803,18,-0.2588,19,40,7,899.4,7,0.0,0.0,0,0.0,0,0.0,0,0.0,0,0.0,0,0
287,0.22611568550828803,19,0.0,17,45,9,900.2,7,0.0,0.0,0,0.0,0,0.0,0,0.0,0,0.0,0,0
287,0.22611568550828803,20,0.2588,15,48,7,900.2,7,0.0,0.0,0,0.0,0,0.0,0,0.0,0,0.0,0,0
287,0.22611568550828803,21,0.5,14,51,6,900.2,7,0.0,0.0,0,0.0,0,0.0,0,0.0,0,0.0,0,0
287,0.22611568550828803,22,0.7071,14,51,7,901.1,7,0.0,0.0,0,0.0,0,0.0,0,0.0,0,0.0,0,0
287,0.22611568550828803,23,0.866,14,51,4,901.1,10,0.0,0.0,0,0.0,0,0.0,0,0.0,0,0.0,0,0
287,0.22611568550828803,24,0.9659,12,58,7,901.1,10,0.0,0.0,0,0.0,0,0.0,0,0.0,0,0.0,0,0
288,0.2428497220959358,1,1.0,12,62,7,900.2,10,0.0,0.0,0,0.0,0,0.0,0,0.0,0,0.0,0,0
288,0.2428497220959358,2,0.9659,10,66,13,901.1,10,0.0,0.0,0,0.0,0,0.0,0,0.0,0,0.0,0,0
288,0.2428497220959358,3,0.866,9,66,7,900.2,10,0.0,0.0,0,0.0,0,0.0,0,0.0,0,0.0,0,0
288,0.2428497220959358,4,0.7071,9,71,7,900.2,10,0.0,0.0,0,0.0,0,0.0,0,0.0,0,0.0,0,0
288,0.2428497220959358,5,0.5,9,71,2,900.2,10,0.0,0.0,0,0.0,0,0.0,0,0.0,0,0.0,0,0
288,0.2428497220959358,6,0.2588,8,76,6,901.1,10,0.0,0.0,0,0.0,0,0.0,0,0.0,0,0.0,0,0
288,0.2428497220959358,7,0.0,8,76,4,900.2,10,0.0,0.0,0,0.0,0,0.0,0,0.0,0,0.0,0,0
288,0.2428497220959358,8,-0.2588,10,66,4,901.1,10,0.0,0.0,0,0.0,0,0.0,0,0.0,0,0.0,0,0
288,0.2428497220959358,9,-0.5,13,63,6,902.0,10,261.0,0.4648713602327498,84,0.5195857852948373,115,0.5095924660712451,46,0.4648713602327498,35,0.38847013361508886,20,300
288,0.2428497220959358,10,-0.7071,16,52,4,901.1,10,446.0,0.6670756959698669,147,0.7089627441864388,175,0.712289856323313,166,0.6670756959698669,156,0.5764015290123428,129,773
288,0.2428497220959358,11,-0.866,18,49,6,901.1,10,580.0,0.8222325201296621,189,0.8542767788729613,201,0.8678250150670358,209,0.8222325201296621,196,0.7206063423378086,177,972
288,0.2428497220959358,12,-0.9659,20,37,17,901.1,10,617.0,0.9197681694047384,202,0.9456249931386114,213,0.9655984956012058,219,0.9197681694047384,207,0.8112572703697591,188,1029
288,0.2428497220959358,13,-1.0,21,33,15,901.1,10,725.0,0.9530357617003854,228,0.9767821667584766,230,0.9989472077410294,248,0.9530357617003854,233,0.8421766125566379,210,1149
288,0.2428497220959358,14,-0.9659,22,31,7,900.2,10,651.0,0.9197681694047384,206,0.9456249931386114,217,0.9655984956012058,221,0.9197681694047384,207,0.8112572703697591,190,1041
288,0.2428497220959358,15,-0.866,23,29,6,900.2,10,546.0,0.8222325201296621,190,0.8542767788729613,179,0.8678250150670358,205,0.8222325201296621,190,0.7206063423378086,169,933
288,0.2428497220959358,16,-0.7071,23,29,6,900.2,10,408.0,0.6670756959698669,161,0.7089627441864388,162,0.712289856323313,173,0.6670756959698669,158,0.5764015290123428,139,793
288,0.2428497220959358,17,-0.5,23,29,4,899.4,10,243.0,0.4648713602327498,120,0.5195857852948373,110,0.5095924660712451,130,0.4648713602327498,117,0.38847013361508886,98,575
288,0.2428497220959358,18,-0.2588,21,35,22,900.2,10,48.0,0.22939938096698517,38,0.299051609768296,23,0.2735463140476375,43,0.22939938096698517,35,0.16961934873987622,29,168
288,0.2428497220959358,19,0.0,19,40,13,900.2,10,0.0,0.0,0,0.0,0,0.0,0,0.0,0,0.0,0,0
288,0.2428497220959358,20,0.2588,17,42,13,901.1,10,0.0,0.0,0,0.0,0,0.0,0,0.0,0,0.0,0,0
288,0.2428497220959358,21,0.5,16,45,11,901.1,10,0.0,0.0,0,0.0,0,0.0,0,0.0,0,0.0,0,0
288,0.2428497220959358,22,0.7071,14,51,6,901.1,10,0.0,0.0,0,0.0,0,0.0,0,0.0,0,0.0,0,0
288,0.2428497220959358,23,0.866,12,54,4,901.1,10,0.0,0.0,0,0.0,0,0.0,0,0.0,0,0.0,0,0
288,0.2428497220959358,24,0.9659,11,58,7,901.1,10,0.0,0.0,0,0.0,0,0.0,0,0.0,0,0.0,0,0
289,0.25951179706979943,1,1.0,12,58,11,900.2,10,0.0,0.0,0,0.0,0,0.0,0,0.0,0,0.0,0,0
289,0.25951179706979943,2,0.9659,16,45,9,900.2,10,0.0,0.0,0,0.0,0,0.0,0,0.0,0,0.0,0,0
289,0.25951179706979943,3,0.866,12,54,6,899.4,10,0.0,0.0,0,0.0,0,0.0,0,0.0,0,0.0,0,0
289,0.25951179706979943,4,0.7071,8,66,7,899.4,10,0.0,0.0,0,0.0,0,0.0,0,0.0,0,0.0,0,0
289,0.25951179706979943,5,0.5,7,71,7,899.4,10,0.0,0.0,0,0.0,0,0.0,0,0.0,0,0.0,0,0
289,0.25951179706979943,6,0.2588,8,66,0,899.4,10,0.0,0.0,0,0.0,0,0.0,0,0.0,0,0.0,0,0
289,0.25951179706979943,7,0.0,7,71,9,898.5,10,0.0,0.0,0,0.0,0,0.0,0,0.0,0,0.0,0,0
289,0.25951179706979943,8,-0.2588,8,66,4,899.4,7,0.0,0.0,0,0.0,0,0.0,0,0.0,0,0.0,0,0
289,0.25951179706979943,9,-0.5,10,58,4,899.4,5,50.0,0.4634513008361091,13,0.5214419519688087,11,0.5098182118446325,13,0.4634513008361091,14,0.3855010435463022,14,65
289,0.25951179706979943,10,-0.7071,12,54,11,899.4,7,226.0,0.6654325253209826,132,0.7106099528094939,141,0.7122919465581437,99,0.6654325253209826,96,0.5732250766328325,87,555
289,0.25951179706979943,11,-0.866,17,42,15,899.4,7,585.0,0.820418150215467,212,0.85576364840133,223,0.867655488413826,224,0.820418150215467,212,0.717270775255861,190,1061
289,0.25951179706979943,12,-0.9659,20,35,31,898.5,7,655.0,0.9178461791411914,233,0.9470110693199888,243,0.9653210860783304,250,0.9178461791411914,235,0.8078216796031558,213,1174
289,0.25951179706979943,13,-1.0,22,35,30,897.6,7,719.0,0.951077064141152,240,0.978133864209699,248,0.9986330013829818,266,0.951077064141152,250,0.8387069055737741,226,1230
289,0.25951179706979943,14,-0.9659,21,33,26,897.6,7,667.0,0.9178461791411914,214,0.9470110693199888,222,0.9653210860783304,247,0.9178461791411914,231,0.8078216796031558,208,1122
289,0.25951179706979943,15,-0.866,22,27,30,896.7,7,456.0,0.820418150215467,181,0.85576364840133,189,0.867655488413826,193,0.820418150215467,179,0.717270775255861,160,902
289,0.25951179706979943,16,-0.7071,22,27,20,896.7,10,420.0,0.6654325253209826,161,0.7106099528094939,170,0.7122919465581437,191,0.6654325253209826,174,0.5732250766328325,151,847
289,0.25951179706979943,17,-0.5,21,27,22,896.7,10,200.0,0.4634513008361091,87,0.5214419519688087,94,0.5098182118446325,115,0.4634513008361091,102,0.3855010435463022,85,483
289,0.25951179706979943,18,-0.2588,20,28,11,896.7,10,45.0,0.22823914017011107,18,0.3011511133811404,20,0.27403251231252096,39,0.22823914017011107,33,0.16689173717789407,26,136
289,0.25951179706979943,19,0.0,19,28,22,896.7,10,0.0,0.0,0,0.0,0,0.0,0,0.0,0,0.0,0,0
289,0.25951179706979943,20,0.2588,17,34,15,896.7,10,0.0,0.0,0,0.0,0,0.0,0,0.0,0,0.0,0,0
289,0.25951179706979943,21,0.5,17,37,15,896.7,10,0.0,0.0,0,0.0,0,0.0,0,0.0,0,0.0,0,0
289,0.25951179706979943,22,0.7071,15,42,15,896.7,10,0.0,0.0,0,0.0,0,0.0,0,0.0,0,0.0,0,0
289,0.25951179706979943,23,0.866,15,45,15,896.7,10,0.0,0.0,0,0.0,0,0.0,0,0.0,0,0.0,0,0
289,0.25951179706979943,24,0.9659,13,47,2,896.7,10,0.0,0.0,0,0.0,0,0.0,0,0.0,0,0.0,0,0
290,0.27609697309746883,1,1.0,9,62,9,897.6,10,0.0,0.0,0,0.0,0,0.0,0,0.0,0,0.0,0,0
290,0.27609697309746883,2,0.9659,10,58,7,897.6,7,0.0,0.0,0,0.0,0,0.0,0,0.0,0,0.0,0,0
290,0.27609697309746883,3,0.866,10,58,13,896.7,7,0.0,0.0,0,0.0,0,0.0,0,0.0,0,0.0,0,0
290,0.27609697309746883,4,0.7071,10,58,9,896.7,7,0.0,0.0,0,0.0,0,0.0,0,0.0,0,0.0,0,0
290,0.27609697309746883,5,0.5,11,58,7,896.7,7,0.0,0.0,0,0.0,0,0.0,0,0.0,0,0.0,0,0
290,0.27609697309746883,6,0.2588,11,54,9,896.7,7,0.0,0.0,0,0.0,0,0.0,0,0.0,0,0.0,0,0
290,0.27609697309746883,7,0.0,11,54,6,897.6,5,0.0,0.0,0,0.0,0,0.0,0,0.0,0,0.0,0,0
290,0.27609697309746883,8,-0.2588,10,76,2,897.6,4,0.0,0.0,0,0.0,0,0.0,0,0.0,0,0.0,0,0
290,0.27609697309746883,9,-0.5,10,87,7,898.5,4,65.0,0.4620239013123408,25,0.5232620565233834,20,0.5100214909641898,18,0.4620239013123408,20,0.3825402400914585,21,104
290,0.27609697309746883,10,-0.7071,12,88,2,898.5,5,203.0,0.6637756295887481,69,0.71221511940881,58,0.7122651696163409,61,0.6637756295887481,66,0.5700509766021967,67,321
290,0.27609697309746883,11,-0.866,13,82,4,898.5,5,215.0,0.8185851558697538,71,0.8572038873643544,59,0.8674521832908708,56,0.8185851558697538,61,0.7139330070021896,65,312
290,0.27609697309746883,12,-0.9659,16,72,6,898.5,5,164.0,0.9159024845875184,34,0.9483476304583457,29,0.9650068107180951,49,0.9159024845875184,51,0.8043810252025496,52,215
290,0.27609697309746883,13,-1.0,15,67,11,897.6,5,211.0,0.9490956118094415,72,0.9794350627763108,65,0.9982808761440255,63,0.9490956118094415,64,0.835231158624401,64,328
290,0.27609697309746883,14,-0.9659,16,59,13,897.6,5,186.0,0.9159024845875184,53,0.9483476304583457,45,0.9650068107180951,55,0.9159024845875184,58,0.8043810252025496,59,270
290,0.27609697309746883,15,-0.866,16,59,15,897.6,5,130.0,0.8185851558697538,22,0.8572038873643544,18,0.8674521832908708,32,0.8185851558697538,34,0.7139330070021896,36,142
290,0.27609697309746883,16,-0.7071,16,55,9,897.6,5,85.0,0.6637756295887481,48,0.71221511940881,43,0.7122651696163409,24,0.6637756295887481,25,0.5700509766021967,27,167
290,0.27609697309746883,17,-0.5,16,55,11,897.6,5,172.0,0.4620239013123408,36,0.5232620565233839,33,0.5100214909641898,57,0.4620239013123408,56,0.3825402400914585,52,234
290,0.27609697309746883,18,-0.2588,15,55,20,897.6,5,0.0,0.0,0,0.0,0,0.0,0,0.0,0,0.0,0,0
290,0.27609697309746883,19,0.0,14,63,15,898.5,5,0.0,0.0,0,0.0,0,0.0,0,0.0,0,0.0,0,0
290,0.27609697309746883,20,0.2588,13,67,20,899.4,5,0.0,0.0,0,0.0,0,0.0,0,0.0,0,0.0,0,0
290,0.27609697309746883,21,0.5,12,72,19,899.4,5,0.0,0.0,0,0.0,0,0.0,0,0.0,0,0.0,0,0
290,0.27609697309746883,22,0.7071,12,72,15,900.2,5,0.0,0.0,0,0.0,0,0.0,0,0.0,0,0.0,0,0
290,0.27609697309746883,23,0.866,12,72,9,900.2,5,0.0,0.0,0,0.0,0,0.0,0,0.0,0,0.0,0,0
290,0.27609697309746883,24,0.9659,11,76,15,900.2,5,0.0,0.0,0,0.0,0,0.0,0,0.0,0,0.0,0,0
291,0.2926003356333479,1,1.0,11,76,11,900.2,5,0.0,0.0,0,0.0,0,0.0,0,0.0,0,0.0,0,0
291,0.2926003356333479,2,0.9659,11,82,13,900.2,5,0.0,0.0,0,0.0,0,0.0,0,0.0,0,0.0,0,0
291,0.2926003356333479,3,0.866,11,82,13,900.2,5,0.0,0.0,0,0.0,0,0.0,0,0.0,0,0.0,0,0
291,0.2926003356333479,4,0.7071,11,82,19,900.2,5,0.0,0.0,0,0.0,0,0.0,0,0.0,0,0.0,0,0
291,0.2926003356333479,5,0.5,10,87,20,900.2,5,0.0,0.0,0,0.0,0,0.0,0,0.0,0,0.0,0,0
291,0.2926003356333479,6,0.2588,10,82,15,900.2,5,0.0,0.0,0,0.0,0,0.0,0,0.0,0,0.0,0,0
291,0.2926003356333479,7,0.0,11,76,11,900.2,5,0.0,0.0,0,0.0,0,0.0,0,0.0,0,0.0,0,0
291,0.2926003356333479,8,-0.2588,11,76,11,901.1,5,0.0,0.0,0,0.0,0,0.0,0,0.0,0,0.0,0,0
291,0.2926003356333479,9,-0.5,12,72,11,901.1,5,90.0,0.4605901049062617,26,0.5250460085331166,20,0.510202744881631,24,0.4605901049062617,27,0.37958910400808904,28,125
291,0.2926003356333479,10,-0.7071,13,67,17,902.0,5,225.0,0.6621062311321093,64,0.7137784149668637,54,0.7122102467444275,61,0.6621062311321093,66,0.5668808690902449,68,313
291,0.2926003356333479,11,-0.866,13,63,19,902.0,5,366.0,0.8167349736232363,112,0.8585978673298214,100,0.8672160356387582,110,0.8167349736232363,113,0.7105948768006228,113,548
291,0.2926003356333479,12,-0.9659,15,55,19,902.0,5,545.0,0.9139386569084198,179,0.9496351742146494,175,0.9646567404234011,193,0.9139386569084198,185,0.8009372715223467,174,906
291,0.2926003356333479,13,-1.0,16,52,13,901.1,5,460.0,0.9470930217910973,187,0.9806863031273103,183,0.9978919489601898,205,0.9470930217910973,190,0.8317513787426323,176,941
291,0.2926003356333479,14,-0.9659,16,48,9,900.2,5,498.0,0.9139386569084198,139,0.9496351742146494,139,0.9646567404234011,155,0.9139386569084198,145,0.8009372715223467,136,714
291,0.2926003356333479,15,-0.866,16,48,11,900.2,5,226.0,0.8167349736232363,69,0.8585978673298214,60,0.8672160356387582,67,0.8167349736232363,69,0.7105948768006228,70,335
291,0.2926003356333479,16,-0.7071,16,48,17,900.2,5,188.0,0.6621062311321093,49,0.7137784149668637,39,0.7122102467444275,46,0.6621062311321093,50,0.5668808690902449,53,237
291,0.2926003356333479,17,-0.5,15,55,17,900.2,5,105.0,0.4605901049062617,28,0.5250460085331164,23,0.510202744881631,27,0.4605901049062617,29,0.37958910400808904,30,137
291,0.2926003356333479,18,-0.2588,15,51,15,900.2,5,0.0,0.0,0,0.0,0,0.0,0,0.0,0,0.0,0,0
291,0.2926003356333479,19,0.0,14,55,15,901.1,5,0.0,0.0,0,0.0,0,0.0,0,0.0,0,0.0,0,0
291,0.2926003356333479,20,0.2588,13,63,15,901.1,5,0.0,0.0,0,0.0,0,0.0,0,0.0,0,0.0,0,0
291,0.2926003356333479,21,0.5,13,58,19,901.1,5,0.0,0.0,0,0.0,0,0.0,0,0.0,0,0.0,0,0
291,0.2926003356333479,22,0.7071,13,63,17,902.0,5,0.0,0.0,0,0.0,0,0.0,0,0.0,0,0.0,0,0
291,0.2926003356333479,23,0.866,12,62,15,902.0,5,0.0,0.0,0,0.0,0,0.0,0,0.0,0,0.0,0,0
291,0.2926003356333479,24,0.9659,12,62,17,902.0,7,0.0,0.0,0,0.0,0,0.0,0,0.0,0,0.0,0,0
292,0.30901699437494723,1,1.0,11,67,15,902.0,10,0.0,0.0,0,0.0,0,0.0,0,0.0,0,0.0,0,0
292,0.30901699437494723,2,0.9659,11,67,15,902.9,5,0.0,0.0,0,0.0,0,0.0,0,0.0,0,0.0,0,0
292,0.30901699437494723,3,0.866,11,67,13,902.0,7,0.0,0.0,0,0.0,0,0.0,0,0.0,0,0.0,0,0
292,0.30901699437494723,4,0.7071,10,71,13,902.0,7,0.0,0.0,0,0.0,0,0.0,0,0.0,0,0.0,0,0
292,0.30901699437494723,5,0.5,10,76,17,902.0,5,0.0,0.0,0,0.0,0,0.0,0,0.0,0,0.0,0,0
292,0.30901699437494723,6,0.2588,10,71,15,902.9,5,0.0,0.0,0,0.0,0,0.0,0,0.0,0,0.0,0,0
292,0.30901699437494723,7,0.0,9,76,19,902.9,7,0.0,0.0,0,0.0,0,0.0,0,0.0,0,0.0,0,0
292,0.30901699437494723,8,-0.2588,10,76,20,902.9,7,0.0,0.0,0,0.0,0,0.0,0,0.0,0,0.0,0,0
292,0.30901699437494723,9,-0.5,12,67,17,903.8,7,251.0,0.45915086707042435,90,0.5267937468994498,126,0.5103624365485715,60,0.45915086707042435,52,0.37664901813736196,33,361
292,0.30901699437494723,10,-0.7071,13,63,31,903.8,10,435.0,0.6604255716247602,156,0.7153000464491761,184,0.7121279278131684,176,0.6604255716247602,166,0.5637164029557757,138,820
292,0.30901699437494723,11,-0.866,14,59,30,904.7,7,581.0,0.8148690647747764,209,0.8599460009560076,229,0.866948015489013,231,0.8148690647747764,221,0.7072582376324429,197,1087
292,0.30901699437494723,12,-0.9659,16,52,26,904.7,7,639.0,0.9119562954648955,232,0.9508742425510317,234,0.9642719836245958,258,0.9119562954648955,243,0.797492399860578,219,1186
292,0.30901699437494723,13,-1.0,16,52,24,903.8,7,681.0,0.9450709405375417,209,0.981888171327965,210,0.9974673754670819,239,0.9450709405375417,219,0.8282695909929508,198,1075
292,0.30901699437494723,14,-0.9659,17,48,20,903.8,7,473.0,0.9119562954648955,159,0.9508742425510317,158,0.9642719836245958,174,0.9119562954648955,162,0.797492399860578,149,802
292,0.30901699437494723,15,-0.866,16,48,22,902.9,7,554.0,0.8148690647747764,205,0.8599460009560076,183,0.866948015489013,224,0.8148690647747764,211,0.7072582376324429,191,1014
292,0.30901699437494723,16,-0.7071,17,45,20,902.9,5,275.0,0.6604255716247602,87,0.7153000464491761,69,0.7121279278131684,89,0.6604255716247602,86,0.5637164029557757,81,412
292,0.30901699437494723,17,-0.5,16,52,24,902.9,7,117.0,0.4591508670704242,37,0.5267937468994498,30,0.5103624365485713,37,0.4591508670704242,37,0.37664901813736196,37,178
292,0.30901699437494723,18,-0.2588,15,51,19,903.8,5,0.0,0.0,0,0.0,0,0.0,0,0.0,0,0.0,0,0
292,0.30901699437494723,19,0.0,14,55,15,903.8,7,0.0,0.0,0,0.0,0,0.0,0,0.0,0,0.0,0,0
292,0.30901699437494723,20,0.2588,13,58,13,904.7,7,0.0,0.0,0,0.0,0,0.0,0,0.0,0,0.0,0,0
292,0.30901699437494723,21,0.5,12,58,15,904.7,7,0.0,0.0,0,0.0,0,0.0,0,0.0,0,0.0,0,0
292,0.30901699437494723,22,0.7071,11,62,15,904.7,7,0.0,0.0,0,0.0,0,0.0,0,0.0,0,0.0,0,0
292,0.30901699437494723,23,0.866,12,54,17,905.5,7,0.0,0.0,0,0.0,0,0.0,0,0.0,0,0.0,0,0
292,0.30901699437494723,24,0.9659,11,58,26,905.5,7,0.0,0.0,0,0.0,0,0.0,0,0.0,0,0.0,0,0
293,0.3253420847119795,1,1.0,9,66,22,905.5,7,0.0,0.0,0,0.0,0,0.0,0,0.0,0,0.0,0,0
293,0.3253420847119795,2,0.9659,9,62,17,905.5,7,0.0,0.0,0,0.0,0,0.0,0,0.0,0,0.0,0,0
293,0.3253420847119795,3,0.866,8,66,17,905.5,7,0.0,0.0,0,0.0,0,0.0,0,0.0,0,0.0,0,0
293,0.3253420847119795,4,0.7071,8,66,20,905.5,10,0.0,0.0,0,0.0,0,0.0,0,0.0,0,0.0,0,0
293,0.3253420847119795,5,0.5,8,71,20,905.5,10,0.0,0.0,0,0.0,0,0.0,0,0.0,0,0.0,0,0
293,0.3253420847119795,6,0.2588,8,71,17,905.5,7,0.0,0.0,0,0.0,0,0.0,0,0.0,0,0.0,0,0
293,0.3253420847119795,7,0.0,8,71,17,905.5,5,0.0,0.0,0,0.0,0,0.0,0,0.0,0,0.0,0,0
293,0.3253420847119795,8,-0.2588,9,66,15,905.5,5,0.0,0.0,0,0.0,0,0.0,0,0.0,0,0.0,0,0
293,0.3253420847119795,9,-0.5,10,66,13,906.4,5,91.0,0.45770715446762084,36,0.5285052392721635,31,0.5105010496007051,24,0.45770715446762084,27,0.37372136629289104,28,146
293,0.3253420847119795,10,-0.7071,11,62,17,906.4,5,203.0,0.6587349106852266,63,0.7167802558769646,51,0.712018990128419,56,0.6587349106852266,60,0.5605592342892551,61,291
293,0.3253420847119795,11,-0.866,12,58,15,907.3,5,357.0,0.8129889137357019,130,0.8612487407966958,127,0.8666491254884843,105,0.8129889137357019,107,0.7039249545134675,106,575
293,0.3253420847119795,12,-0.9659,14,51,7,906.4,7,609.0,0.9099570259789208,234,0.9520654203675607,245,0.9638536846237815,239,0.9099570259789208,227,0.7940484065690171,204,1149
293,0.3253420847119795,13,-1.0,14,48,11,906.4,7,640.0,0.943031041969178,224,0.9830412974191932,231,0.9970083482827695,274,0.943031041969178,256,0.824787836523378,232,1217
293,0.3253420847119795,14,-0.9659,14,44,13,905.5,7,539.0,0.9099570259789208,141,0.9520654203675607,139,0.9638536846237815,148,0.9099570259789208,140,0.7940484065690171,131,699
293,0.3253420847119795,15,-0.866,15,42,11,905.5,7,482.0,0.8129889137357019,180,0.8612487407966958,188,0.8666491254884843,188,0.8129889137357019,174,0.7039249545134675,154,884
293,0.3253420847119795,16,-0.7071,16,39,19,905.5,7,395.0,0.6587349106852266,164,0.7167802558769646,174,0.712018990128419,198,0.6587349106852266,182,0.5605592342892551,156,874
293,0.3253420847119795,17,-0.5,15,39,19,905.5,10,188.0,0.45770715446762084,100,0.5285052392721635,111,0.5105010496007051,128,0.45770715446762084,112,0.37372136629289104,92,543
293,0.3253420847119795,18,-0.2588,13,44,15,905.5,10,34.0,0.22360533131403568,18,0.3092543033974359,19,0.27582839639040174,40,0.22360533131403568,34,0.15614402098100486,25,136
293,0.3253420847119795,19,0.0,11,50,13,905.5,10,0.0,0.0,0,0.0,0,0.0,0,0.0,0,0.0,0,0
293,0.3253420847119795,20,0.2588,9,54,11,906.4,10,0.0,0.0,0,0.0,0,0.0,0,0.0,0,0.0,0,0
293,0.3253420847119795,21,0.5,9,54,11,906.4,10,0.0,0.0,0,0.0,0,0.0,0,0.0,0,0.0,0,0
293,0.3253420847119795,22,0.7071,9,54,13,906.4,10,0.0,0.0,0,0.0,0,0.0,0,0.0,0,0.0,0,0
293,0.3253420847119795,23,0.866,9,54,13,907.3,10,0.0,0.0,0,0.0,0,0.0,0,0.0,0,0.0,0,0
293,0.3253420847119795,24,0.9659,8,62,9,906.4,10,0.0,0.0,0,0.0,0,0.0,0,0.0,0,0.0,0,0
294,0.341570769167856,1,1.0,7,61,11,906.4,10,0.0,0.0,0,0.0,0,0.0,0,0.0,0,0.0,0,0
294,0.341570769167856,2,0.9659,7,61,11,906.4,10,0.0,0.0,0,0.0,0,0.0,0,0.0,0,0.0,0,0
294,0.341570769167856,3,0.866,7,61,11,906.4,10,0.0,0.0,0,0.0,0,0.0,0,0.0,0,0.0,0,0
294,0.341570769167856,4,0.7071,5,70,7,906.4,10,0.0,0.0,0,0.0,0,0.0,0,0.0,0,0.0,0,0
294,0.341570769167856,5,0.5,5,65,7,906.4,10,0.0,0.0,0,0.0,0,0.0,0,0.0,0,0.0,0,0
294,0.341570769167856,6,0.2588,4,70,7,906.4,10,0.0,0.0,0,0.0,0,0.0,0,0.0,0,0.0,0,0
294,0.341570769167856,7,0.0,3,75,4,906.4,10,0.0,0.0,0,0.0,0,0.0,0,0.0,0,0.0,0,0
294,0.341570769167856,8,-0.2588,4,70,4,906.4,10,0.0,0.0,0,0.0,0,0.0,0,0.0,0,0.0,0,0
294,0.341570769167856,9,-0.5,8,62,2,906.4,10,251.0,0.45625994396434133,92,0.5301804814323444,110,0.5106190875173843,48,0.45625994396434133,37,0.37080753215666623,18,305
294,0.341570769167856,10,-0.7071,11,47,6,906.4,10,437.0,0.6570355244907188,157,0.7182193193545905,173,0.7118842372101708,178,0.6570355244907188,168,0.5574110249559361,138,814
294,0.341570769167856,11,-0.866,12,44,7,906.4,10,575.0,0.811096026352376,205,0.8625065780558148,219,0.8663203993863983,229,0.811096026352376,214,0.7005969027664487,191,1058
294,0.341570769167856,12,-0.9659,13,41,7,906.4,10,651.0,0.907942498672909,228,0.953209334085389,240,0.9634030218983132,252,0.907942498672909,236,0.7906073011553991,212,1168
294,0.341570769167856,13,-1.0,14,38,6,905.5,10,674.0,0.9409750255523982,238,0.9841463539422209,250,0.9965160952486734,261,0.9409750255523982,244,0.8213081706096452,220,1213
294,0.341570769167856,14,-0.9659,15,36,7,905.5,10,642.0,0.907942498672909,235,0.953209334085389,246,0.9634030218983132,259,0.907942498672909,239,0.7906073011553991,214,1193
294,0.341570769167856,15,-0.866,16,31,7,904.7,10,542.0,0.811096026352376,214,0.8625065780558148,226,0.8663203993863983,234,0.811096026352376,215,0.7005969027664487,189,1078
294,0.341570769167856,16,-0.7071,17,30,7,904.7,10,393.0,0.6570355244907188,174,0.7182193193545905,185,0.7118842372101708,191,0.6570355244907188,173,0.5574110249559361,148,871
294,0.341570769167856,17,-0.5,16,29,7,903.8,10,194.0,0.45625994396434133,113,0.5301804814323446,124,0.5106190875173843,125,0.45625994396434133,109,0.37080753215666645,89,560
294,0.341570769167856,18,-0.2588,15,31,6,903.8,10,32.0,0.2224517856781139,31,0.3112045815960539,33,0.27624081557740926,36,0.2224517856781139,29,0.15350312253690415,23,152
294,0.341570769167856,19,0.0,12,38,0,904.7,10,0.0,0.0,0,0.0,0,0.0,0,0.0,0,0.0,0,0
294,0.341570769167856,20,0.2588,11,41,7,904.7,10,0.0,0.0,0,0.0,0,0.0,0,0.0,0,0.0,0,0
294,0.341570769167856,21,0.5,11,41,9,904.7,10,0.0,0.0,0,0.0,0,0.0,0,0.0,0,0.0,0,0
294,0.341570769167856,22,0.7071,8,50,6,904.7,10,0.0,0.0,0,0.0,0,0.0,0,0.0,0,0.0,0,0
294,0.341570769167856,23,0.866,6,57,4,904.7,10,0.0,0.0,0,0.0,0,0.0,0,0.0,0,0.0,0,0
294,0.341570769167856,24,0.9659,6,57,7,904.7,10,0.0,0.0,0,0.0,0,0.0,0,0.0,0,0.0,0,0
295,0.35769823883312546,1,1.0,5,57,4,903.8,10,0.0,0.0,0,0.0,0,0.0,0,0.0,0,0.0,0,0
295,0.35769823883312546,2,0.9659,4,61,6,903.8,10,0.0,0.0,0,0.0,0,0.0,0,0.0,0,0.0,0,0
295,0.35769823883312546,3,0.866,4,61,7,903.8,10,0.0,0.0,0,0.0,0,0.0,0,0.0,0,0.0,0,0
295,0.35769823883312546,4,0.7071,3,65,7,903.8,10,0.0,0.0,0,0.0,0,0.0,0,0.0,0,0.0,0,0
295,0.35769823883312546,5,0.5,2,65,6,903.8,10,0.0,0.0,0,0.0,0,0.0,0,0.0,0,0.0,0,0
295,0.35769823883312546,6,0.2588,3,65,7,903.8,10,0.0,0.0,0,0.0,0,0.0,0,0.0,0,0.0,0,0
295,0.35769823883312546,7,0.0,3,65,9,903.8,10,0.0,0.0,0,0.0,0,0.0,0,0.0,0,0.0,0,0
295,0.35769823883312546,8,-0.2588,4,61,4,904.7,10,0.0,0.0,0,0.0,0,0.0,0,0.0,0,0.0,0,0
295,0.35769823883312546,9,-0.5,7,53,6,905.5,10,244.0,0.4548102216166882,88,0.5318194966381156,106,0.5107170727580111,48,0.4548102216166882,36,0.367908898183597,19,297
295,0.35769823883312546,10,-0.7071,10,47,7,905.5,10,430.0,0.6553287043768559,155,0.719617546053596,172,0.7117244975418171,176,0.6553287043768559,165,0.5542734411414718,135,803
295,0.35769823883312546,11,-0.866,13,38,6,905.5,10,570.0,0.8091919282095887,200,0.8637200412939436,215,0.8659629004865651,224,0.8091919282095887,210,0.6972759662912691,187,1036
295,0.35769823883312546,12,-0.9659,15,31,6,905.5,10,657.0,0.9059143863868186,231,0.9543066501787921,243,0.9629212063662683,256,0.9059143863868186,239,0.7871711043804818,215,1184
295,0.35769823883312546,13,-1.0,17,30,7,904.7,10,674.0,0.9389046143531545,236,0.9852040544111154,249,0.9959918776313461,261,0.9389046143531545,243,0.8178326606932045,219,1208
295,0.35769823883312546,14,-0.9659,19,24,9,903.8,10,637.0,0.9059143863868186,233,0.9543066501787921,243,0.9629212063662683,255,0.9059143863868186,237,0.7871711043804818,211,1179
295,0.35769823883312546,15,-0.866,19,24,9,903.8,10,535.0,0.8091919282095887,211,0.8637200412939436,222,0.8659629004865651,232,0.8091919282095887,212,0.6972759662912691,187,1064
295,0.35769823883312546,16,-0.7071,19,24,6,902.9,10,330.0,0.6553287043768559,168,0.719617546053596,180,0.7117244975418171,184,0.6553287043768559,166,0.5542734411414718,143,841
295,0.35769823883312546,17,-0.5,19,23,9,902.9,10,184.0,0.4548102216166882,108,0.5318194966381156,118,0.5107170727580111,119,0.4548102216166882,105,0.367908898183597,85,535
295,0.35769823883312546,18,-0.2588,16,27,9,902.9,10,31.0,0.22130146007756626,28,0.31312400109447214,29,0.27663892794049016,34,0.22130146007756626,27,0.1508827515444868,22,140
295,0.35769823883312546,19,0.0,14,33,7,903.8,10,0.0,0.0,0,0.0,0,0.0,0,0.0,0,0.0,0,0
295,0.35769823883312546,20,0.2588,13,36,11,903.8,10,0.0,0.0,0,0.0,0,0.0,0,0.0,0,0.0,0,0
295,0.35769823883312546,21,0.5,11,41,7,903.8,10,0.0,0.0,0,0.0,0,0.0,0,0.0,0,0.0,0,0
295,0.35769823883312546,22,0.7071,11,41,2,903.8,10,0.0,0.0,0,0.0,0,0.0,0,0.0,0,0.0,0,0
295,0.35769823883312546,23,0.866,9,46,9,903.8,10,0.0,0.0,0,0.0,0,0.0,0,0.0,0,0.0,0,0
295,0.35769823883312546,24,0.9659,8,50,4,903.8,10,0.0,0.0,0,0.0,0,0.0,0,0.0,0,0.0,0,0
