date_time,wind_speed_m_s,density_adjusted_wind_speed_m_s,wind_direction_degrees,nacelle_ambient_temperature_c,rotor_speed_rpm,power_kw
2016-08-31 13:30:00,9.1899995803833,9.06670250279666,289.3200073242189,17.7900009155273,0.639999985694885,-2.92000007629395
2016-08-31 13:40:00,11.6700000762939,11.508817065629533,244.85000610351597,18.1399993896484,16.0100002288818,1226.75
2016-08-31 13:50:00,10.8599996566772,10.704983982065336,254.679992675781,18.5499992370605,17.0599994659424,1468.92004394531
2016-08-31 14:00:00,9.40999984741211,9.269013335260146,265.929992675781,19.1800003051758,16.1700000762939,1038.83996582031
2016-08-31 14:10:00,10.3999996185303,10.245933065108913,252.07000732421903,19.0300006866455,16.6000003814697,1279.43005371094
2016-08-31 14:20:00,10.2399997711182,10.095680169240676,249.78999328613295,18.3899993896484,16.5699996948242,1276.93994140625
2016-08-31 14:30:00,11.4200000762939,11.258663715987828,252.89999389648392,18.4200000762939,16.8700008392334,1492.0400390625
2016-08-31 14:40:00,11.9399995803833,11.772124460229916,251.27000427246105,18.3600006103516,17.0200004577637,1601.91003417969
2016-08-31 14:50:00,9.34000015258789,9.205313657972258,257.450012207031,18.6800003051758,16.5900001525879,1094.63000488281
2016-08-31 15:00:00,9.01000022888184,8.876221484442258,262.1099853515629,19.0599994659424,15.9499998092651,960.650024414063
2016-08-31 15:10:00,11.1000003814697,10.935314465064373,258.23001098632795,19.0499992370605,16.9799995422363,1504.11999511719
2016-08-31 15:20:00,9.63000011444092,9.492866888214802,255.64999389648392,18.5200004577637,16.3999996185303,1078.58996582031
2016-08-31 15:30:00,9.90999984741211,9.771448502111792,245.369995117188,18.2900009155273,16.5100002288818,1265.03002929688
2016-08-31 15:40:00,11.4499998092651,11.29586393876619,237.63999938964795,17.8299999237061,17.0900001525879,1669.14001464844
2016-08-31 15:50:00,8.82999992370605,8.711033779473928,240.529998779297,17.8400001525879,16.2800006866455,914.690002441406
2016-08-31 16:00:00,9.71000003814697,9.57764196345223,233.16000366210892,17.9799995422363,16.6100006103516,1166.03002929688
2016-08-31 16:10:00,9.73999977111816,9.611195996544946,241.279998779297,17.6200008392334,16.9799995422363,1215.57995605469
2016-08-31 16:20:00,9.51000022888184,9.387898563003237,238.300003051758,17.2800006866455,16.8299999237061,1166.98999023438
2016-08-31 16:30:00,8.9399995803833,8.823191478519654,243.059997558594,17.4799995422363,16.2700004577637,941.030029296875
2016-08-31 16:40:00,10.789999961853,10.65207533710666,235.130004882813,17.2299995422363,16.9699993133545,1508.35998535156
2016-08-31 16:50:00,10.6800003051758,10.548206192504612,242.949996948242,16.8400001525879,17.0100002288818,1453.27001953125
2016-08-31 17:00:00,9.59000015258789,9.472745926938646,239.050003051758,16.7399997711182,16.9500007629395,1159.43994140625
2016-08-31 17:10:00,8.88000011444092,8.769511364574333,238.860000610352,16.9300003051758,16.3999996185303,961.429992675781
2016-08-31 17:20:00,9.30000019073486,9.182597644800897,219.330001831055,17.0900001525879,16.5400009155273,1030.67004394531
2016-08-31 17:30:00,10.6800003051758,10.547721257400768,242.770004272461,16.8799991607666,16.8099994659424,1418.56005859375
2016-08-31 17:40:00,10.460000038147,10.331989764483948,237.63999938964795,16.75,17.0699996948242,1417.59997558594
2016-08-31 17:50:00,11.6599998474121,11.520483920560338,234.91999816894497,16.5100002288818,17.1000003814697,1748.60998535156
2016-08-31 18:00:00,10.9899997711182,10.858875531698873,231.53999328613304,16.4799995422363,17.0900001525879,1540.03002929688
2016-08-31 18:10:00,9.59000015258789,9.478416734306435,233.639999389648,16.2199993133545,16.9599990844727,1261.05004882813
2016-08-31 18:20:00,9.52999973297119,9.420199690546813,239.119995117188,16.1200008392334,17.0100002288818,1216.5400390625
2016-08-31 18:30:00,7.51999998092651,7.432073781895228,263.58999633789097,16.2700004577637,14.789999961853,630.039978027344
2016-08-31 18:40:00,9.02999973297119,8.921131445743605,233.759994506836,16.5900001525879,16.4300003051758,972.780029296875
2016-08-31 18:50:00,10.1899995803833,10.066335406632067,233.100006103516,16.6599998474121,17.0,1355.51000976563
2016-08-31 19:00:00,10.1099996566772,9.997204916050077,230.75999450683597,15.8000001907349,16.9899997711182,1271.9599609375
2016-08-31 19:10:00,10.0600004196167,9.949370637625822,230.970001220703,15.6599998474121,17.1000003814697,1305.5
2016-08-31 19:20:00,9.1899995803833,9.08893719393533,232.47999572753895,15.6599998474121,16.6299991607666,1035.77001953125
2016-08-31 19:30:00,8.60999965667725,8.51679024101248,239.14999389648392,15.5100002288818,16.1599998474121,888.27001953125
2016-08-31 19:40:00,9.57999992370605,9.48067075453003,241.14999389648395,15.1099996566772,16.8600006103516,1192.92004394531
2016-08-31 19:50:00,9.19999980926514,9.104821198529727,253.529998779297,15.0900001525879,16.7000007629395,1090.27001953125
2016-08-31 20:00:00,9.0,8.899589248257426,235.220001220703,15.8000001907349,16.2800006866455,979.179992675781
2016-08-31 20:10:00,8.77999973297119,8.678340849950542,237.960006713867,16.1700000762939,16.1599998474121,940.609985351563
2016-08-31 20:20:00,10.2200002670288,10.112515365603851,240.740005493164,15.2399997711182,17.0300006866455,1317.01000976563
2016-08-31 20:30:00,9.86999988555908,9.770150034501818,229.5099945068359,14.8900003433228,17.0599994659424,1287.84997558594
2016-08-31 20:40:00,8.31999969482422,8.235258651504635,229.21000671386693,14.9499998092651,16.2600002288818,817.950012207031
2016-08-31 20:50:00,8.10999965667725,8.027211759807152,244.16999816894491,14.9700002670288,15.4799995422363,741.159973144531
2016-08-31 21:00:00,9.42000007629395,9.319959450539212,243.30000305175804,15.3299999237061,16.9500007629395,1191.88000488281
2016-08-31 21:10:00,9.89999961853027,9.79961947451434,237.110000610352,14.9099998474121,17.0200004577637,1289.18994140625
2016-08-31 21:20:00,9.02000045776367,8.93071372048896,249.979995727539,14.6999998092651,16.3099994659424,947.840026855469
2016-08-31 21:30:00,9.22000026702881,9.12619811241558,253.83000183105497,14.9399995803833,16.5100002288818,1062.07995605469
2016-08-31 21:40:00,8.85000038146973,8.759151807230413,240.360000610352,15.0200004577637,16.3500003814697,966.299987792969
2016-08-31 21:50:00,10.4799995422363,10.376861500603312,246.24000549316395,14.6499996185303,17.0799999237061,1473.67004394531
2016-08-31 22:00:00,9.72999954223633,9.635247027881707,243.880004882813,14.5600004196167,16.9799995422363,1199.18005371094
2016-08-31 22:10:00,7.84999990463257,7.769596464408526,249.2100067138669,15.0,15.2200002670288,659.039978027344
2016-08-31 22:20:00,8.19999980926514,8.111791009437244,248.33999633789097,15.4499998092651,15.3699998855591,751.380004882813
2016-08-31 22:30:00,9.15999984741211,9.06324408314006,260.33999633789097,15.2799997329712,16.3600006103516,1053.7099609375
2016-08-31 22:40:00,9.21000003814697,9.121368278555872,249.83999633789097,14.460000038147,16.4200000762939,1015.96002197266
2016-08-31 22:50:00,9.78999996185303,9.697135452542703,243.369995117188,14.3400001525879,16.6599998474121,1148.31994628906
2016-08-31 23:00:00,7.65000009536743,7.576732146999693,237.66999816894497,14.4200000762939,14.7299995422363,603.799987792969
2016-08-31 23:10:00,7.59000015258789,7.512607394334887,244.300003051758,14.960000038147,14.4700002670288,598.659973144531
2016-08-31 23:20:00,7.57999992370605,7.500366900574772,240.30999755859403,15.2299995422363,14.4700002670288,578.710021972656
2016-08-31 23:30:00,8.31999969482422,8.231736218862046,245.970001220703,15.3199996948242,15.7399997711182,794.630004882813
2016-08-31 23:40:00,8.39999961853027,8.316176048122554,262.589996337891,14.7700004577637,15.9399995803833,816.940002441406
2016-08-31 23:50:00,8.72999954223633,8.648694265972296,243.42999267578097,14.1899995803833,16.2700004577637,868.359985351563
2016-09-01 00:00:00,8.23999977111816,8.162879258173414,249.63999938964804,14.2299995422363,16.1399993896484,835.679992675781
2016-09-01 00:10:00,6.71000003814697,6.644887802218121,259.369995117188,14.5299997329712,13.1999998092651,412.170013427734
2016-09-01 00:20:00,6.96999979019165,6.8984501273562575,258.1700134277339,15.0200004577637,13.3000001907349,429.890014648438
2016-09-01 00:30:00,6.3899998664856,6.323087866382131,252.66000366210903,15.1999998092651,12.3100004196167,326.420013427734
2016-09-01 00:40:00,7.1100001335144,7.0357927582842095,241.88000488281295,15.1700000762939,13.8000001907349,484.269989013672
2016-09-01 00:50:00,7.32999992370605,7.254670814925634,247.08999633789097,15.0299997329712,14.6499996185303,597.77001953125
2016-09-01 01:00:00,7.25,7.1816454078132805,247.80000305175795,14.289999961853,14.3400001525879,548.75
2016-09-01 01:10:00,6.65000009536743,6.589595745272145,235.71000671386696,13.9899997711182,12.9300003051758,388.700012207031
2016-09-01 01:20:00,4.98999977111816,4.941578006507905,240.38000488281293,14.5299997329712,10.9899997711182,136.059997558594
2016-09-01 01:30:00,5.11999988555908,5.068203408161521,248.47999572753892,14.8900003433228,10.9799995422363,141.009994506836
2016-09-01 01:40:00,4.55000019073486,4.503396920314532,245.41999816894497,15.0,10.9300003051758,90.7300033569336
2016-09-01 01:50:00,6.23999977111816,6.175943832358346,240.210006713867,15.0200004577637,12.6199998855591,345.850006103516
2016-09-01 02:00:00,5.92000007629395,5.859432398659784,250.78999328613295,14.9899997711182,11.7600002288818,267.660003662109
2016-09-01 02:10:00,5.96000003814697,5.903739384686666,249.16000366210895,14.3000001907349,11.8000001907349,277.839996337891
2016-09-01 02:20:00,5.55999994277954,5.50975231407219,252.21000671386696,13.9499998092651,11.2299995422363,211.740005493164
2016-09-01 02:30:00,5.67999982833862,5.626578040961385,252.83999633789097,14.2700004577637,11.2799997329712,213.270004272461
2016-09-01 02:40:00,5.40999984741211,5.357999210946538,251.08000183105497,14.4499998092651,11.3199996948242,191.539993286133
2016-09-01 02:50:00,6.92000007629395,6.853723710022834,257.42001342773403,14.4200000762939,13.6300001144409,462.149993896484
2016-09-01 03:00:00,6.26999998092651,6.2090135133455,243.350006103516,14.5500001907349,12.3500003814697,325.75
2016-09-01 03:10:00,6.96999979019165,6.9033245730090576,241.630004882813,14.4099998474121,13.6999998092651,471.329986572266
2016-09-01 03:20:00,6.15999984741211,6.105889828228889,235.690002441406,13.7299995422363,11.8299999237061,271.190002441406
2016-09-01 03:30:00,6.15999984741211,6.107238393248388,233.460006713867,13.539999961853,11.8500003814697,281.839996337891
2016-09-01 03:40:00,6.53000020980835,6.470986355603643,240.77999877929693,13.9499998092651,13.2600002288818,414.920013427734
2016-09-01 03:50:00,5.13000011444092,5.081869087544384,294.739990234375,14.25,11.2200002670288,142.270004272461
2016-09-01 04:00:00,5.76999998092651,5.715665438648766,229.979995727539,14.2799997329712,11.4399995803833,195.940002441406
2016-09-01 04:10:00,6.69999980926514,6.636907708034502,240.05000305175795,14.2799997329712,13.2299995422363,415.220001220703
2016-09-01 04:20:00,5.67000007629395,5.617649767311545,231.210006713867,14.1199998855591,11.0799999237061,190.270004272461
2016-09-01 04:30:00,4.78999996185303,4.749359365527114,235.149993896484,13.4700002670288,10.8500003814697,87.0299987792969
2016-09-01 04:40:00,6.01000022888184,5.959493778671275,217.6999969482419,13.3999996185303,11.8299999237061,252.589996337891
2016-09-01 04:50:00,6.21000003814697,6.154449830785924,229.72000122070295,13.8699998855591,12.6000003814697,350.320007324219
2016-09-01 05:00:00,7.05000019073486,6.985638133028177,226.24999999999991,14.0299997329712,13.7600002288818,472.980010986328
2016-09-01 05:10:00,6.48000001907349,6.419500766745409,217.22999572753892,14.210000038147,12.8699998855591,376.970001220703
2016-09-01 05:20:00,5.01000022888184,4.962592206076926,222.4299926757809,14.3199996948242,10.8500003814697,152.669998168945
2016-09-01 05:30:00,5.6100001335144,5.559429729632287,220.02000427246097,13.9300003051758,11.1499996185303,218.889999389648
2016-09-01 05:40:00,4.94999980926514,4.907488094453087,217.66999816894491,13.5600004196167,10.8400001525879,134.070007324219
2016-09-01 05:50:00,4.57999992370605,4.539188681517229,212.350006103516,13.8400001525879,10.8100004196167,81.8499984741211
2016-09-01 06:00:00,4.0,3.962654782623453,213.6799926757809,14.210000038147,10.8100004196167,27.6100006103516
2016-09-01 06:10:00,4.94000005722046,4.893367904614037,210.740005493164,14.3000001907349,10.8800001144409,112.860000610352
2016-09-01 06:20:00,5.11999988555908,5.071492164628622,212.300003051758,14.3299999237061,10.8800001144409,137.860000610352
2016-09-01 06:30:00,5.44999980926514,5.397176847278145,216.199996948242,14.5200004577637,11.1000003814697,192.300003051758
2016-09-01 06:40:00,5.25,5.198995014169734,217.490005493164,14.539999961853,10.960000038147,154.100006103516
2016-09-01 06:50:00,5.90000009536743,5.844102524173538,220.559997558594,14.3299999237061,11.5100002288818,242.770004272461
2016-09-01 07:00:00,6.78999996185303,6.723799807245435,225.36999511718804,14.5699996948242,13.7299995422363,467.130004882813
2016-09-01 07:10:00,6.73000001907349,6.659758721276535,224.28999328613304,15.1700000762939,13.1599998474121,415.299987792969
2016-09-01 07:20:00,5.73999977111816,5.677991301172476,211.729995727539,15.4899997711182,11.1999998092651,187.960006713867
2016-09-01 07:30:00,4.90000009536743,4.846226681436689,209.85000610351597,15.6400003433228,10.8400001525879,107.029998779297
2016-09-01 07:40:00,4.8899998664856,4.834774164108132,227.28999328613293,15.9200000762939,10.8299999237061,124.330001831055
2016-09-01 07:50:00,4.82999992370605,4.776057723793369,225.41999816894491,15.8100004196167,10.8299999237061,103.48999786377
2016-09-01 08:00:00,4.6100001335144,4.558357182317353,228.82000732421895,15.8400001525879,10.8100004196167,81.8000030517578
2016-09-01 08:10:00,5.84999990463257,5.781466696815571,239.57000732421895,16.2900009155273,11.3400001525879,203.389999389648
2016-09-01 08:20:00,7.25,7.161438645341732,231.13000488281293,16.7299995422363,14.5,563.179992675781
2016-09-01 08:30:00,6.78000020980835,6.695255903936072,239.479995727539,16.9799995422363,13.210000038147,412.459991455078
2016-09-01 08:40:00,7.28999996185303,7.196071186073295,231.080001831055,17.3199996948242,14.2600002288818,524.570007324219
2016-09-01 08:50:00,8.1899995803833,8.08642386273159,217.160003662109,17.1100006103516,15.9200000762939,761.890014648438
2016-09-01 09:00:00,7.57000017166138,7.476842153533691,241.740005493164,16.8099994659424,15.289999961853,666.330017089844
2016-09-01 09:10:00,8.46000003814697,8.35521719945356,236.649993896484,16.8799991607666,15.7799997329712,849.97998046875
2016-09-01 09:20:00,7.32999992370605,7.235721841085264,229.00999450683597,17.2999992370605,14.0900001525879,532.590026855469
2016-09-01 09:30:00,7.46000003814697,7.361094312683498,245.490005493164,17.6499996185303,14.7600002288818,596.260009765625
2016-09-01 09:40:00,7.21000003814697,7.111638310820436,220.4100036621089,17.9899997711182,13.8500003814697,501.859985351563
2016-09-01 09:50:00,7.98999977111816,7.884338359050077,231.24000549316392,17.6200008392334,15.9700002670288,792.869995117188
2016-09-01 10:00:00,7.98999977111816,7.89167314936926,245.03999328613295,16.8099994659424,15.6099996566772,728.710021972656
2016-09-01 10:10:00,8.46000003814697,8.353585376559884,231.889999389648,17.0499992370605,16.1499996185303,852.140014648438
2016-09-01 10:20:00,7.96999979019165,7.871195471741027,246.309997558594,16.8899993896484,15.4499998092651,734.880004882813
2016-09-01 10:30:00,6.96999979019165,6.8804309613392105,234.259994506836,17.2900009155273,13.3100004196167,418.079986572266
2016-09-01 10:40:00,6.69999980926514,6.608671377573527,217.30000305175795,17.9799995422363,12.460000038147,340.679992675781
2016-09-01 10:50:00,6.67999982833862,6.587209791672639,220.47000122070293,18.2099990844727,13.1599998474121,404.619995117188
2016-09-01 11:00:00,7.82000017166138,7.71102183759239,223.7100067138669,18.25,14.6999998092651,595.859985351563
2016-09-01 11:10:00,7.69000005722046,7.5839613365545215,217.13999938964795,18.1200008392334,14.4200000762939,554.77001953125
2016-09-01 11:20:00,7.28000020980835,7.182657716888643,227.72000122070295,17.75,14.1400003433228,535.799987792969
2016-09-01 11:30:00,7.96999979019165,7.8684835002288755,214.11999511718795,17.1900005340576,15.1999998092651,651.150024414063
2016-09-01 11:40:00,9.48999977111816,9.369983460108516,216.940002441406,17.1100006103516,17.0200004577637,1218.71997070313
2016-09-01 11:50:00,9.02999973297119,8.917644623857049,220.49999999999997,16.9300003051758,17.0,1115.65002441406
2016-09-01 12:00:00,9.31999969482422,9.206470144159011,185.649993896484,16.7000007629395,16.9599990844727,1102.23999023438
2016-09-01 12:10:00,8.38000011444092,8.280302277694192,216.559997558594,16.4500007629395,16.1499996185303,888.599975585938
2016-09-01 12:20:00,9.80000019073486,9.68630807529146,201.020004272461,16.1900005340576,16.9500007629395,1183.63000488281
2016-09-01 12:30:00,7.90000009536743,7.807630815780431,208.08000183105497,16.2700004577637,15.3900003433228,690.030029296875
2016-09-01 12:40:00,6.90000009536743,6.815479004209414,209.190002441406,16.7600002288818,13.7399997711182,464.690002441406
2016-09-01 12:50:00,7.01999998092651,6.933132190133033,219.57000732421892,16.8700008392334,13.6499996185303,467.059997558594
2016-09-01 13:00:00,6.48999977111816,6.4094693930681625,211.509994506836,16.8999996185303,12.6400003433228,354.859985351563
2016-09-01 13:10:00,6.8899998664856,6.80466254481276,218.22999572753895,16.8799991607666,14.0,500.079986572266
2016-09-01 13:20:00,6.1100001335144,6.035225488550726,218.25000000000003,16.75,12.0699996948242,295.200012207031
2016-09-01 13:30:00,5.67999982833862,5.61332890539021,207.869995117188,16.3099994659424,11.1599998474121,199.149993896484
2016-09-01 13:40:00,7.25,7.165808484248017,210.57000732421892,16.2000007629395,13.9499998092651,515.059997558594
2016-09-01 13:50:00,8.65999984741211,8.55441158163193,211.53999328613304,16.7099990844727,15.8699998855591,916.159973144531
2016-09-01 14:00:00,9.36999988555908,9.257138961243736,217.30000305175795,16.5799999237061,16.7399997711182,1075.53002929688
2016-09-01 14:10:00,10.6099996566772,10.486306554242566,234.49999999999997,16.2399997711182,17.1000003814697,1565.4599609375
2016-09-01 14:20:00,9.27999973297119,9.167590066064548,212.28999328613293,16.6399993896484,16.8299999237061,1086.73999023438
2016-09-01 14:30:00,10.1199998855591,9.994197377622594,216.05999755859392,16.9200000762939,17.0100002288818,1309.19995117188
2016-09-01 14:40:00,14.7799997329712,14.594926789695544,216.39999389648395,17.0,17.1100006103516,2055.14990234375
2016-09-01 14:50:00,14.2600002288818,14.084027942069634,207.470001220703,16.8400001525879,17.1100006103516,2015.32995605469
2016-09-01 15:00:00,13.1499996185303,12.988471562719074,217.6999969482419,16.7900009155273,17.1100006103516,1965.03002929688
2016-09-01 15:10:00,12.539999961853,12.381695887515448,217.58000183105491,17.0900001525879,17.0900001525879,1945.86999511719
2016-09-01 15:20:00,9.53999996185303,9.41394894965787,198.8600006103519,17.6100006103516,16.6100006103516,1130.0400390625
2016-09-01 15:30:00,8.85000038146973,8.734668730365838,194.91999816894497,17.4500007629395,16.0900001525879,906.989990234375
2016-09-01 15:40:00,9.02999973297119,8.913447170785334,211.14999389648392,17.3400001525879,16.3199996948242,952.0
2016-09-01 15:50:00,8.81999969482422,8.704160527341836,205.990005493164,17.5400009155273,16.1800003051758,946.289978027344
2016-09-01 16:00:00,10.1400003433228,10.006824692678402,216.6100006103519,17.5400009155273,16.8600006103516,1290.96997070313
2016-09-01 16:10:00,11.6000003814697,11.453825896160597,206.809997558594,17.0699996948242,17.0900001525879,1750.43005371094
2016-09-01 16:20:00,11.3299999237061,11.190056011468007,201.67999267578097,16.8500003814697,17.1000003814697,1663.01000976563
2016-09-01 16:30:00,10.8800001144409,10.744626511321462,204.1699981689449,16.9300003051758,17.0900001525879,1588.32995605469
2016-09-01 16:40:00,12.1199998855591,11.970573388127484,201.270004272461,16.8299999237061,17.1000003814697,1912.27001953125
2016-09-01 16:50:00,10.7299995422363,10.59990393902432,205.74000549316392,16.6499996185303,17.0400009155273,1522.91003417969
2016-09-01 17:00:00,11.2200002670288,11.084856231124713,215.00999450683597,16.5799999237061,17.0400009155273,1608.5
2016-09-01 17:10:00,9.26000022888184,9.143312666562338,209.259994506836,17.0699996948242,16.7199993133545,1059.9599609375
2016-09-01 17:20:00,9.10999965667725,8.995202288816113,199.13000488281304,17.0699996948242,16.1399993896484,1000.59002685547
2016-09-01 17:30:00,7.78999996185303,7.694046129404207,208.78999328613295,16.8199996948242,14.9300003051758,636.280029296875
2016-09-01 17:40:00,6.88000011444092,6.793615644532865,204.41999816894497,17.0300006866455,13.539999961853,448.980010986328
2016-09-01 17:50:00,6.63000011444092,6.542923728926344,203.300003051758,17.5400009155273,12.6599998474121,363.950012207031
2016-09-01 18:00:00,7.63000011444092,7.528840504153223,205.679992675781,17.6499996185303,14.8999996185303,611.799987792969
2016-09-01 18:10:00,8.92000007629395,8.803958182683848,206.88000488281293,17.4300003051758,16.5699996948242,1078.41003417969
2016-09-01 18:20:00,8.67000007629395,8.569911045740925,203.72000122070293,16.1399993896484,16.1700000762939,918.099975585938
2016-09-01 18:30:00,7.34000015258789,7.257105127036751,196.339996337891,15.9200000762939,14.039999961853,522.150024414063
2016-09-01 18:40:00,7.78000020980835,7.691692550026901,193.149993896484,15.9700002670288,14.9399995803833,638.960021972656
2016-09-01 18:50:00,9.48999977111816,9.378067726474082,199.47000122070295,16.3600006103516,16.9899997711182,1213.83996582031
2016-09-01 19:00:00,9.64000034332275,9.5342093803299,194.470001220703,15.6400003433228,17.0400009155273,1200.5
2016-09-01 19:10:00,10.3400001525879,10.232672676904455,199.47000122070295,15.1199998855591,17.1000003814697,1501.07995605469
2016-09-01 19:20:00,10.5500001907349,10.44001009140136,198.39999389648392,15.1599998474121,17.1000003814697,1507.57995605469
2016-09-01 19:30:00,10.6999998092651,10.587466698238073,192.60000610351597,15.2399997711182,17.0799999237061,1507.69995117188
2016-09-01 19:40:00,9.85999965667725,9.75810586749759,184.289993286133,15.0799999237061,17.0900001525879,1283.15002441406
2016-09-01 19:50:00,9.51000022888184,9.4115056683799,190.8600006103519,15.1000003814697,17.0499992370605,1218.58996582031
2016-09-01 20:00:00,9.36999988555908,9.272633627897385,193.9199981689449,15.1300001144409,16.8700008392334,1170.55004882813
2016-09-01 20:10:00,10.9499998092651,10.83897328399422,203.690002441406,14.9099998474121,17.1000003814697,1568.48999023438
2016-09-01 20:20:00,10.8000001907349,10.691608168009443,195.61999511718795,14.8199996948242,17.1000003814697,1555.32995605469
2016-09-01 20:30:00,9.35999965667725,9.264237252191537,189.869995117188,14.9899997711182,16.7800006866455,1089.83996582031
2016-09-01 20:40:00,8.90999984741211,8.81894342792415,185.80000305175795,14.9799995422363,17.0200004577637,1054.32995605469
2016-09-01 20:50:00,8.89000034332275,8.800879515110969,186.399993896484,14.8100004196167,16.9699993133545,1026.34997558594
2016-09-01 21:00:00,7.92000007629395,7.837429310477447,183.92999267578097,15.1599998474121,15.539999961853,724.130004882813
2016-09-01 21:10:00,8.11999988555908,8.03005557788306,181.5,15.7299995422363,15.9499998092651,763.099975585938
2016-09-01 21:20:00,8.36999988555908,8.275377028668885,183.24000549316395,15.9300003051758,16.6000003814697,871.950012207031
2016-09-01 21:30:00,8.18000030517578,8.091819722249507,183.88000488281293,15.4700002670288,16.0499992370605,777.539978027344
2016-09-01 21:40:00,7.94000005722046,7.859220329300077,185.119995117188,14.9399995803833,15.6300001144409,713.059997558594
2016-09-01 21:50:00,7.57999992370605,7.502014833655127,186.92999267578097,15.039999961853,15.5,688.650024414063
2016-09-01 22:00:00,7.15999984741211,7.081588306024166,185.38999938964795,15.6199998855591,14.3800001144409,540.070007324219
2016-09-01 22:10:00,7.65999984741211,7.573490873315009,184.77000427246097,15.9200000762939,15.1499996185303,662.359985351563
2016-09-01 22:20:00,7.96999979019165,7.879626370647587,185.889999389648,15.960000038147,16.1399993896484,794.219970703125
2016-09-01 22:30:00,7.01000022888184,6.935634001791514,165.11999511718795,15.3199996948242,13.3100004196167,420.410003662109
2016-09-01 22:40:00,7.1100001335144,7.034654330312942,186.2700042724609,15.3100004196167,14.5100002288818,557.950012207031
2016-09-01 22:50:00,7.30000019073486,7.218056345309671,181.550003051758,15.8599996566772,14.4200000762939,546.030029296875
2016-09-01 23:00:00,6.84999990463257,6.7707654595211855,176.38000488281295,16.1599998474121,13.3800001144409,424.299987792969
2016-09-01 23:10:00,6.71999979019165,6.640815627867885,179.16999816894497,16.3500003814697,13.1400003433228,401.040008544922
2016-09-01 23:20:00,6.15999984741211,6.087063954872803,179.22999572753906,16.3999996185303,12.0200004577637,294.529998779297
2016-09-01 23:30:00,6.1399998664856,6.071077238153541,176.66000366210892,15.8599996566772,11.8699998855591,281.880004882813
2016-09-01 23:40:00,6.26999998092651,6.200834124157786,175.28999328613304,15.6899995803833,12.1099996566772,304.369995117188
2016-09-01 23:50:00,6.73999977111816,6.663035849194516,178.24000549316406,16.0300006866455,13.3900003433228,429.529998779297
2016-09-02 00:00:00,7.21000003814697,7.125124069799145,184.039993286133,16.3400001525879,14.6099996566772,574.369995117188
2016-09-02 00:10:00,7.69000005722046,7.600523886280288,199.72999572753892,16.2199993133545,15.460000038147,682.0
2016-09-02 00:20:00,8.13000011444092,8.038924802731119,191.429992675781,15.8400001525879,16.6100006103516,874.830017089844
2016-09-02 00:30:00,9.25,9.148277789191722,196.77000427246097,15.6599998474121,17.0599994659424,1075.80004882813
2016-09-02 00:40:00,9.64999961853027,9.54398877043208,198.69000244140597,15.6499996185303,17.1000003814697,1222.81005859375
2016-09-02 00:50:00,9.9399995803833,9.830802914345236,196.149993896484,15.6499996185303,17.1000003814697,1265.92004394531
2016-09-02 01:00:00,9.4399995803833,9.33640345894202,193.41000366210895,15.6400003433228,17.0699996948242,1091.7900390625
2016-09-02 01:10:00,9.47999954223633,9.375315222778571,197.1799926757809,15.6999998092651,17.0699996948242,1154.14001464844
2016-09-02 01:20:00,8.44999980926514,8.356882293394948,203.16999816894497,15.6800003051758,16.8400001525879,930.77001953125
2016-09-02 01:30:00,9.17000007629395,9.066960561929646,240.2599945068359,15.8699998855591,16.9400005340576,1065.33996582031
2016-09-02 01:40:00,8.56999969482422,8.467846497560771,242.229995727539,16.4699993133545,16.4699993133545,934.02001953125
2016-09-02 01:50:00,7.59000015258789,7.496682194089537,247.279998779297,16.7999992370605,15.4700002670288,688.260009765625
2016-09-02 02:00:00,7.8899998664856,7.797747512712066,226.589996337891,16.2700004577637,15.5900001525879,710.22998046875
2016-09-02 02:10:00,8.39000034332275,8.296108105621725,229.47000122070295,15.8299999237061,16.4500007629395,863.989990234375
2016-09-02 02:20:00,7.92000007629395,7.831819318282149,229.960006713867,15.7799997329712,15.5,691.400024414063
2016-09-02 02:30:00,7.36999988555908,7.2846666305460195,232.63000488281293,16.1700000762939,14.4300003051758,556.0
2016-09-02 02:40:00,6.19000005722046,6.116638538662729,225.580001831055,16.4099998474121,12.3299999237061,324.190002441406
2016-09-02 02:50:00,5.76000022888184,5.691800428861293,229.0800018310549,16.3999996185303,11.710000038147,243.889999389648
2016-09-02 03:00:00,4.94000005722046,4.881228301551284,215.22999572753895,16.4500007629395,10.8900003433228,79.629997253418
2016-09-02 03:10:00,5.30000019073486,5.239056902410598,206.44000244140597,16.1000003814697,10.9499998092651,41.5
2016-09-02 03:20:00,5.34000015258789,5.281154287477902,190.49999999999997,15.6800003051758,10.8400001525879,40.4500007629395
2016-09-02 03:30:00,5.09999990463257,5.043158659697184,196.860000610352,15.789999961853,10.9399995803833,91.1999969482422
2016-09-02 03:40:00,5.28999996185303,5.229593558608808,202.97000122070295,16.0300006866455,10.8299999237061,137.419998168945
2016-09-02 03:50:00,5.34000015258789,5.27859691537298,211.16999816894491,16.1000003814697,11.1999998092651,189.100006103516
2016-09-02 04:00:00,6.42000007629395,6.345885707420578,210.179992675781,16.1399993896484,12.5299997329712,340.070007324219
2016-09-02 04:10:00,6.30000019073486,6.22712763215615,193.240005493164,16.1599998474121,12.1800003051758,307.570007324219
2016-09-02 04:20:00,6.51000022888184,6.438112573128898,202.88000488281293,15.6999998092651,12.4300003051758,334.350006103516
2016-09-02 04:30:00,6.94999980926514,6.876429019087225,200.22999572753895,15.3000001907349,13.210000038147,410.859985351563
2016-09-02 04:40:00,7.03999996185303,6.963465287462184,214.490005493164,15.5500001907349,14.1999998092651,518.719970703125
2016-09-02 04:50:00,6.96999979019165,6.8912039357484645,225.119995117188,15.9300003051758,14.1400003433228,514.909973144531
2016-09-02 05:00:00,5.6100001335144,5.545683975889064,223.399993896484,16.0699996948242,11.210000038147,215.889999389648
2016-09-02 05:10:00,5.09999990463257,5.04129826937853,229.940002441406,16.1100006103516,10.9399995803833,174.399993896484
2016-09-02 05:20:00,4.57999992370605,4.527544443488967,227.97999572753892,16.0599994659424,10.8100004196167,118.01000213623
2016-09-02 05:30:00,5.21000003814697,5.152705689801941,246.53999328613293,15.6599998474121,10.8500003814697,170.179992675781
2016-09-02 05:40:00,5.57999992370605,5.518827781631254,227.009994506836,15.6300001144409,11.0100002288818,199.800003051758
2016-09-02 05:50:00,5.40999984741211,5.348839793847371,203.830001831055,15.9300003051758,10.9300003051758,171.0
2016-09-02 06:00:00,6.3600001335144,6.286433551251159,207.240005493164,16.1599998474121,12.3400001525879,322.130004882813
2016-09-02 06:10:00,6.23999977111816,6.1668266768003,198.32000732421892,16.2999992370605,11.8199996948242,278.570007324219
2016-09-02 06:20:00,5.19000005722046,5.128549197507946,205.13000488281295,16.3999996185303,10.9200000762939,177.070007324219
2016-09-02 06:30:00,5.90000009536743,5.831687175349402,225.470001220703,16.1700000762939,11.3999996185303,240.270004272461
2016-09-02 06:40:00,6.44000005722046,6.369841137929458,220.940002441406,15.5699996948242,12.9200000762939,382.170013427734
2016-09-02 06:50:00,6.17999982833862,6.1125322735468535,228.4799957275389,15.5900001525879,12.6800003051758,362.029998779297
2016-09-02 07:00:00,6.01000022888184,5.940961305853544,228.74999999999991,16.0900001525879,12.2299995422363,314.059997558594
2016-09-02 07:10:00,6.78000020980835,6.700109041068697,221.88999938964795,16.3500003814697,13.8800001144409,480.980010986328
2016-09-02 07:20:00,7.01000022888184,6.92644200698012,227.039993286133,16.4699993133545,14.4499998092651,548.070007324219
2016-09-02 07:30:00,6.76000022888184,6.678960770946386,227.440002441406,16.5300006866455,13.6899995803833,457.859985351563
2016-09-02 07:40:00,6.57000017166138,6.494977471747225,233.92999267578097,16.0300006866455,13.1599998474121,404.070007324219
2016-09-02 07:50:00,6.69999980926514,6.623950800558632,229.55999755859395,15.9700002670288,12.9099998474121,377.470001220703
2016-09-02 08:00:00,8.02999973297119,7.933096466948471,237.059997558594,16.6000003814697,15.7299995422363,790.349975585938
2016-09-02 08:10:00,9.07999992370605,8.966816614040527,226.740005493164,16.9500007629395,16.8199996948242,1034.86999511719
2016-09-02 08:20:00,8.36999988555908,8.269374170387735,223.990005493164,16.5599994659424,15.9700002670288,810.330017089844
2016-09-02 08:30:00,9.4399995803833,9.326510127338963,237.279998779297,16.5599994659424,17.0,1145.65002441406
2016-09-02 08:40:00,9.90999984741211,9.78849541731093,236.44999694824196,16.7700004577637,17.0900001525879,1354.13000488281
2016-09-02 08:50:00,8.84000015258789,8.729006153392227,236.27999877929693,17.0300006866455,16.6299991607666,994.369995117188
2016-09-02 09:00:00,8.35999965667725,8.249634442701634,241.80999755859403,17.6000003814697,16.2900009155273,854.349975585938
2016-09-02 09:10:00,7.57000017166138,7.465189017644828,234.729995727539,18.1700000762939,15.289999961853,673.400024414063
2016-09-02 09:20:00,7.88000011444092,7.765746537895766,230.46000671386696,18.75,15.3100004196167,692.820007324219
2016-09-02 09:30:00,8.5,8.374175756140248,229.729995727539,19.0200004577637,16.6200008392334,910.830017089844
2016-09-02 09:40:00,8.71000003814697,8.586164068340173,228.770004272461,18.5,16.6800003051758,939.799987792969
2016-09-02 09:50:00,8.76000022888184,8.638515129677764,233.5299987792969,18.1900005340576,16.8400001525879,1014.82000732422
2016-09-02 10:00:00,6.80999994277954,6.717248999928084,246.66000366210892,17.9699993133545,12.710000038147,385.160003662109
2016-09-02 10:10:00,6.65999984741211,6.568389496605609,263.8599853515629,18.0900001525879,13.1199998855591,408.859985351563
2016-09-02 10:20:00,7.69000005722046,7.5822263030491985,247.0800018310549,18.3199996948242,15.4399995803833,678.809997558594
2016-09-02 10:30:00,6.63000011444092,6.534318254746914,253.57000732421895,18.6900005340576,13.210000038147,407.119995117188
2016-09-02 10:40:00,6.53000020980835,6.4339982932807,247.110000610352,18.9300003051758,12.8800001144409,375.399993896484
2016-09-02 10:50:00,6.65000009536743,6.554403947757624,237.449996948242,18.6399993896484,12.6700000762939,354.700012207031
2016-09-02 11:00:00,6.32000017166138,6.227227748368764,243.33000183105497,18.9099998474121,12.3400001525879,320.070007324219
2016-09-02 11:10:00,7.32999992370605,7.219271875629674,236.7499999999999,19.2900009155273,14.2700004577637,571.690002441406
2016-09-02 11:20:00,7.59999990463257,7.48255018531484,240.0200042724609,19.6000003814697,14.6800003051758,589.25
2016-09-02 11:30:00,9.06999969482422,8.93420915498614,235.99000549316395,19.1700000762939,16.6399993896484,1089.10998535156
2016-09-02 11:40:00,7.90000009536743,7.78332397373967,240.449996948242,18.9899997711182,15.25,686.140014648438
2016-09-02 11:50:00,7.69000005722046,7.573833794613908,239.9100036621089,19.2900009155273,14.6999998092651,603.169982910156
2016-09-02 12:00:00,6.92999982833862,6.821428802116226,243.8500061035159,19.7900009155273,12.9200000762939,381.579986572266
2016-09-02 12:10:00,7.84000015258789,7.713049528775572,245.619995117188,20.2600002288818,15.2600002288818,712.489990234375
2016-09-02 12:20:00,7.13000011444092,7.014147896677541,238.19999694824196,20.3099994659424,14.1899995803833,539.159973144531
2016-09-02 12:30:00,7.82999992370605,7.707241078200079,252.940002441406,19.7999992370605,14.6700000762939,714.619995117188
2016-09-02 12:40:00,7.69000005722046,7.575215581073825,232.72000122070293,19.1299991607666,14.9899997711182,655.869995117188
2016-09-02 12:50:00,7.1100001335144,7.001159311861198,248.869995117188,19.4699993133545,13.4399995803833,448.089996337891
2016-09-02 13:00:00,7.55999994277954,7.439527691353112,232.919998168945,20.0300006866455,14.3199996948242,541.630004882813
2016-09-02 13:10:00,8.42000007629395,8.28017864154314,221.639999389648,20.6299991607666,16.2299995422363,849.02001953125
2016-09-02 13:20:00,7.21000003814697,7.089869500480244,210.889999389648,20.6800003051758,14.2399997711182,524.77001953125
2016-09-02 13:30:00,8.11999988555908,7.992694416699248,218.649993896484,19.7999992370605,15.4700002670288,694.130004882813
2016-09-02 13:40:00,8.43000030517578,8.305875631882696,223.009994506836,18.9500007629395,16.1000003814697,815.239990234375
2016-09-02 13:50:00,8.72000026702881,8.593567373181902,234.58999633789097,18.75,16.1100006103516,865.599975585938
2016-09-02 14:00:00,8.5600004196167,8.436465465620781,218.690002441406,18.6900005340576,16.3299999237061,874.409973144531
2016-09-02 14:10:00,7.8600001335144,7.742854757459083,218.080001831055,19.1100006103516,14.4099998474121,589.669982910156
2016-09-02 14:20:00,8.27999973297119,8.151948535645355,223.86999511718795,19.6100006103516,16.1599998474121,815.239990234375
2016-09-02 14:30:00,7.67999982833862,7.559076643794955,210.61000061035196,19.8600006103516,15.0299997329712,649.119995117188
2016-09-02 14:40:00,8.39999961853027,8.269621857394158,212.490005493164,19.6599998474121,15.8800001144409,774.559997558594
2016-09-02 14:50:00,6.96999979019165,6.868783601085797,213.86999511718795,18.7700004577637,13.6000003814697,457.589996337891
2016-09-02 15:00:00,6.98000001907349,6.879424240053997,245.699996948242,18.6700000762939,13.1999998092651,416.160003662109
2016-09-02 15:10:00,8.3100004196167,8.184748234935947,230.55999755859395,19.2600002288818,15.9300003051758,764.409973144531
2016-09-02 15:20:00,8.0,7.874755087966822,232.960006713867,19.7800006866455,15.7200002670288,758.159973144531
2016-09-02 15:30:00,9.06999969482422,8.9340054055304,230.75999450683597,19.1900005340576,16.5799999237061,994.950012207031
2016-09-02 15:40:00,7.03000020980835,6.92664745764187,257.83999633789097,18.9300003051758,13.3699998855591,439.190002441406
2016-09-02 15:50:00,7.6100001335144,7.495811400528225,268.239990234375,19.2000007629395,14.3599996566772,562.349975585938
2016-09-02 16:00:00,9.72000026702881,9.575133464586436,252.83000183105497,19.1100006103516,16.7800006866455,1174.56994628906
2016-09-02 16:10:00,8.21000003814697,8.090961731780057,257.690002441406,18.75,15.6400003433228,735.190002441406
2016-09-02 16:20:00,7.5,7.388051552055393,262.600006103516,19.1299991607666,14.5,583.669982910156
2016-09-02 16:30:00,7.13000011444092,7.022373338867314,252.389999389648,19.2800006866455,13.8699998855591,477.070007324219
2016-09-02 16:40:00,7.57000017166138,7.458708517565789,245.27999877929696,18.9300003051758,14.7399997711182,622.099975585938
2016-09-02 16:50:00,6.09999990463257,6.0155417784757415,244.38000488281293,18.1700000762939,11.9799995422363,277.130004882813
2016-09-02 17:00:00,5.09000015258789,5.020502836778895,244.38000488281293,18.0,10.9799995422363,124.790000915527
2016-09-02 17:10:00,5.59999990463257,5.52176966803421,259.140014648438,18.2800006866455,11.289999961853,203.919998168945
2016-09-02 17:20:00,7.67000007629395,7.562074222435007,267.519989013672,18.3700008392334,14.9399995803833,636.820007324219
2016-09-02 17:30:00,6.98999977111816,6.891484731407218,245.139999389648,18.3899993896484,13.6899995803833,470.440002441406
2016-09-02 17:40:00,7.75,7.644796569807668,255.88000488281295,17.9300003051758,14.789999961853,608.549987792969
2016-09-02 17:50:00,6.51000022888184,6.427449384157463,259.519989013672,17.1399993896484,12.460000038147,337.339996337891
2016-09-02 18:00:00,7.19999980926514,7.108209632371975,262.170013427734,17.2000007629395,14.5,573.849975585938
2016-09-02 18:10:00,6.92999982833862,6.837023901730967,244.860000610352,17.7900009155273,13.3500003814697,432.670013427734
2016-09-02 18:20:00,7.1100001335144,7.012199890062649,248.059997558594,18.0900001525879,13.9300003051758,492.529998779297
2016-09-02 18:30:00,6.03000020980835,5.946307157392996,247.3600006103519,18.2000007629395,11.9899997711182,290.049987792969
2016-09-02 18:40:00,5.01999998092651,4.950608392559244,237.190002441406,18.1499996185303,10.8100004196167,108.940002441406
2016-09-02 18:50:00,5.53999996185303,5.468430986920413,238.6799926757809,17.3500003814697,11.1400003433228,172.490005493164
2016-09-02 19:00:00,5.46999979019165,5.402498502920102,241.050003051758,16.8400001525879,11.039999961853,166.589996337891
2016-09-02 19:10:00,6.15000009536743,6.0721537192326265,209.259994506836,17.1200008392334,11.539999961853,253.699996948242
2016-09-02 19:20:00,6.57999992370605,6.495815622604001,248.5,17.2399997711182,12.960000038147,382.739990234375
2016-09-02 19:30:00,7.07999992370605,6.989819830341947,233.369995117188,17.1900005340576,13.9200000762939,485.929992675781
2016-09-02 19:40:00,7.90000009536743,7.80215323580026,225.869995117188,16.8799991607666,15.7600002288818,723.0
2016-09-02 19:50:00,7.3899998664856,7.308310343533112,242.350006103516,15.710000038147,14.8000001907349,591.840026855469
2016-09-02 20:00:00,6.98000001907349,6.9039582095023375,242.240005493164,15.5699996948242,13.75,467.519989013672
2016-09-02 20:10:00,6.09999990463257,6.030135618682377,228.440002441406,16.0599994659424,12.2399997711182,314.630004882813
2016-09-02 20:20:00,7.21000003814697,7.125288165630868,224.60000610351597,16.3199996948242,14.0600004196167,505.100006103516
2016-09-02 20:30:00,7.57000017166138,7.480111200506822,226.639999389648,16.4300003051758,15.6099996566772,702.940002441406
2016-09-02 20:40:00,7.34999990463257,7.266405461508959,240.4700012207029,15.9899997711182,14.6899995803833,579.330017089844
2016-09-02 20:50:00,7.07999992370605,7.005133942243036,227.28999328613293,15.289999961853,13.710000038147,461.109985351563
2016-09-02 21:00:00,7.25,7.170685612580753,216.3399963378909,15.6099996566772,14.1300001144409,515.169982910156
2016-09-02 21:10:00,7.09000015258789,7.008797233605688,223.96000671386696,16.0599994659424,14.5299997329712,557.119995117188
2016-09-02 21:20:00,6.78999996185303,6.711536871176614,224.300003051758,16.1499996185303,13.8400001525879,476.600006103516
2016-09-02 21:30:00,7.32000017166138,7.237581399025589,225.630004882813,15.8900003433228,15.0200004577637,622.549987792969
2016-09-02 21:40:00,7.3600001335144,7.286217312118866,226.96000671386705,14.8100004196167,15.1800003051758,645.780029296875
2016-09-02 21:50:00,7.48999977111816,7.4167170876697455,220.679992675781,14.6000003814697,14.8599996566772,603.0
2016-09-02 22:00:00,7.48000001907349,7.402273272215249,223.940002441406,15.1300001144409,15.4499998092651,683.380004882813
2016-09-02 22:10:00,7.1100001335144,7.033110505912215,227.33999633789097,15.5,14.8900003433228,605.570007324219
2016-09-02 22:20:00,6.67000007629395,6.596802388938857,227.470001220703,15.6400003433228,13.8699998855591,479.649993896484
2016-09-02 22:30:00,6.82999992370605,6.7591056645269525,222.88000488281304,15.1199998855591,13.6899995803833,462.160003662109
2016-09-02 22:40:00,5.94999980926514,5.890283836751029,223.91999816894491,14.8199996948242,11.9700002670288,290.890014648438
2016-09-02 22:50:00,5.1100001335144,5.056608382485731,193.72999572753892,15.1800003051758,10.8199996948242,147.419998168945
2016-09-02 23:00:00,4.15000009536743,4.105073370707465,213.72999572753895,15.5100002288818,10.8100004196167,42.75
2016-09-02 23:10:00,4.11999988555908,4.075021515697902,239.520004272461,15.5900001525879,10.8100004196167,28.0300006866455
2016-09-02 23:20:00,4.5,4.45087313835014,218.720001220703,15.5900001525879,10.8100004196167,89.629997253418
2016-09-02 23:30:00,4.71999979019165,4.668632867167199,215.899993896484,15.5600004196167,10.8100004196167,119.620002746582
2016-09-02 23:40:00,5.59000015258789,5.533128781284774,226.88999938964795,14.9399995803833,11.3299999237061,238.0
2016-09-02 23:50:00,5.69999980926514,5.645800692913779,233.58999633789097,14.3599996566772,11.2200002670288,229.520004272461
2016-09-03 00:00:00,5.30999994277954,5.258594834956485,237.699996948242,14.5100002288818,10.8500003814697,166.419998168945
2016-09-03 00:10:00,4.65000009536743,4.60290510822538,221.72000122070295,14.8999996185303,10.8100004196167,116.790000915527
2016-09-03 00:20:00,4.76000022888184,4.711137040686031,221.149993896484,15.0200004577637,10.8100004196167,129.179992675781
2016-09-03 00:30:00,4.53999996185303,4.493187273541013,217.02999877929693,15.0600004196167,10.8100004196167,99.2600021362305
2016-09-03 00:40:00,5.19000005722046,5.13684160315255,201.5,15.0,10.8100004196167,134.0
2016-09-03 00:50:00,4.26000022888184,4.218564444728073,206.690002441406,14.5500001907349,10.8100004196167,31.5200004577637
2016-09-03 01:00:00,3.97000002861023,3.9338934179713614,210.740005493164,14.0,10.8100004196167,-0.699999988079071
2016-09-03 01:10:00,4.30999994277954,4.270255874291723,207.63000488281293,14.1099996566772,10.8100004196167,54.7999992370605
2016-09-03 01:20:00,4.76000022888184,4.714411281607013,203.25,14.4200000762939,10.8100004196167,111.559997558594
2016-09-03 01:30:00,4.80999994277954,4.763159283985512,193.9499969482419,14.5600004196167,10.8100004196167,128.080001831055
2016-09-03 01:40:00,5.19999980926514,5.148764810466066,199.24999999999997,14.6599998474121,10.9099998474121,181.130004882813
2016-09-03 01:50:00,4.88000011444092,4.831470423950946,209.1000061035159,14.7399997711182,10.8100004196167,151.300003051758
2016-09-03 02:00:00,5.30000019073486,5.250152392874703,204.470001220703,14.2700004577637,10.8199996948242,181.169998168945
2016-09-03 02:10:00,5.21999979019165,5.172944978895386,206.050003051758,13.9300003051758,10.9099998474121,197.100006103516
2016-09-03 02:20:00,5.26000022888184,5.211193529935536,195.72000122070295,14.1599998474121,10.8800001144409,183.289993286133
2016-09-03 02:30:00,5.67000007629395,5.615109875085011,194.72999572753892,14.5100002288818,11.1599998474121,223.470001220703
2016-09-03 02:40:00,6.09000015258789,6.0297167583493625,199.539993286133,14.6999998092651,12.210000038147,314.149993896484
2016-09-03 02:50:00,6.21999979019165,6.157502741725003,204.99999999999991,14.8299999237061,12.710000038147,357.529998779297
2016-09-03 03:00:00,6.13000011444092,6.068758608243759,195.020004272461,14.7799997329712,12.0299997329712,295.329986572266
2016-09-03 03:10:00,5.90999984741211,5.855026047738457,199.05999755859395,14.1800003051758,11.8599996566772,282.75
2016-09-03 03:20:00,5.69999980926514,5.648159085771039,202.53999328613293,14.0,11.4799995422363,250.800003051758
2016-09-03 03:30:00,5.1399998664856,5.091066549762218,215.52000427246097,14.3699998855591,10.8800001144409,159.669998168945
2016-09-03 03:40:00,4.30999994277954,4.268028375394166,216.0,14.5600004196167,10.8100004196167,56.0499992370605
2016-09-03 03:50:00,4.11999988555908,4.079406001533797,211.30999755859395,14.6599998474121,10.8100004196167,58.3899993896484
2016-09-03 04:00:00,4.28999996185303,4.247435949562729,230.41999816894491,14.7200002670288,10.8100004196167,59.7000007629395
2016-09-03 04:10:00,5.09000015258789,5.038973717078532,205.4799957275389,14.8100004196167,10.8100004196167,121.76000213623
2016-09-03 04:20:00,5.07000017166138,5.021209397016396,200.75,14.460000038147,10.8299999237061,145.029998779297
2016-09-03 04:30:00,5.65000009536743,5.5988090960810775,201.41999816894497,13.9700002670288,11.039999961853,209.380004882813
2016-09-03 04:40:00,5.69000005722046,5.637530508503016,203.139999389648,14.1099996566772,11.5100002288818,253.589996337891
2016-09-03 04:50:00,5.71000003814697,5.655312458701308,200.46000671386696,14.4200000762939,11.3800001144409,242.080001831055
2016-09-03 05:00:00,5.44000005722046,5.387024342137081,196.449996948242,14.5600004196167,10.960000038147,190.369995117188
2016-09-03 05:10:00,6.3600001335144,6.297554600314476,193.440002441406,14.6300001144409,12.0699996948242,301.779998779297
2016-09-03 05:20:00,6.51000022888184,6.445036956581668,198.24000549316392,14.7700004577637,12.7200002670288,358.450012207031
2016-09-03 05:30:00,5.65000009536743,5.5964710652875365,195.059997558594,14.3299999237061,10.9899997711182,203.369995117188
2016-09-03 05:40:00,5.53999996185303,5.489486967660055,199.16999816894491,14.0200004577637,10.9799995422363,210.690002441406
2016-09-03 05:50:00,5.57000017166138,5.517165101710894,204.02999877929696,14.3400001525879,11.289999961853,234.690002441406
2016-09-03 06:00:00,6.28000020980835,6.217980061833579,206.27000427246097,14.6800003051758,12.5600004196167,356.359985351563
2016-09-03 06:10:00,6.5,6.434615096647061,200.96000671386696,14.8400001525879,12.789999961853,367.679992675781
2016-09-03 06:20:00,7.19000005722046,7.116932997350615,198.5200042724609,14.9300003051758,14.0500001907349,503.980010986328
2016-09-03 06:30:00,6.34999990463257,6.284887474578102,200.199996948242,15.0100002288818,12.6400003433228,350.760009765625
2016-09-03 06:40:00,6.42999982833862,6.3671620193002525,198.4299926757809,14.5900001525879,12.289999961853,319.75
2016-09-03 06:50:00,6.73999977111816,6.676685860133044,196.69000244140588,14.2600002288818,12.5900001525879,360.959991455078
2016-09-03 07:00:00,7.5,7.427221793339776,201.44000244140597,14.5299997329712,14.9300003051758,625.929992675781
2016-09-03 07:10:00,5.84999990463257,5.790148400609365,206.789993286133,14.9899997711182,12.0699996948242,275.720001220703
2016-09-03 07:20:00,4.65999984741211,4.611096694548499,220.240005493164,15.2200002670288,10.9499998092651,89.6399993896484
2016-09-03 07:30:00,5.92000007629395,5.857332580550188,214.0899963378909,15.3000001907349,11.9399995803833,273.540008544922
2016-09-03 07:40:00,7.40999984741211,7.332322295743847,210.869995117188,15.210000038147,14.75,603.299987792969
2016-09-03 07:50:00,8.22999954223633,8.149099066062679,222.600006103516,14.6400003433228,16.2199993133545,809.299987792969
2016-09-03 08:00:00,8.5,8.418688757085823,208.059997558594,14.4099998474121,16.0599994659424,785.840026855469
2016-09-03 08:10:00,8.3100004196167,8.22745598388003,210.759994506836,14.7299995422363,15.9399995803833,820.27001953125
2016-09-03 08:20:00,9.06999969482422,8.973572392325101,210.100006103516,15.3400001525879,17.0,1067.68005371094
2016-09-03 08:30:00,8.5600004196167,8.469973924777136,215.49000549316395,15.2399997711182,16.4899997711182,912.650024414063
2016-09-03 08:40:00,7.17999982833862,7.106376640364597,194.99999999999997,15.0100002288818,13.710000038147,473.630004882813
2016-09-03 08:50:00,6.6100001335144,6.539348436701099,205.89999389648395,15.3900003433228,13.039999961853,396.839996337891
2016-09-03 09:00:00,6.71000003814697,6.63467905300141,192.9299926757809,15.8599996566772,12.8500003814697,374.760009765625
2016-09-03 09:10:00,6.53000020980835,6.455062263227476,201.229995727539,16.0799999237061,12.8500003814697,372.609985351563
2016-09-03 09:20:00,6.1100001335144,6.038977449287924,202.96000671386693,16.2099990844727,11.9899997711182,294.559997558594
2016-09-03 09:30:00,6.55000019073486,6.472670140543669,180.740005493164,16.3700008392334,12.460000038147,334.220001220703
2016-09-03 09:40:00,6.40999984741211,6.335562936636441,189.070007324219,16.2000007629395,12.6000003814697,350.899993896484
2016-09-03 09:50:00,6.65000009536743,6.575352620620252,185.55000305175795,15.8599996566772,12.8900003433228,371.899993896484
2016-09-03 10:00:00,7.76000022888184,7.672450366331955,194.509994506836,15.9099998474121,15.3000001907349,685.169982910156
2016-09-03 10:10:00,7.67000007629395,7.578923669427485,194.1999969482419,16.4300003051758,15.1099996566772,658.700012207031
2016-09-03 10:20:00,8.06999969482422,7.972155191281972,190.4499969482419,16.6499996185303,15.6700000762939,770.280029296875
2016-09-03 10:30:00,8.73999977111816,8.640695929351828,193.02000427246097,15.9799995422363,16.3500003814697,932.080017089844
2016-09-03 10:40:00,10.1300001144409,10.018022456550783,201.550003051758,15.710000038147,16.9300003051758,1296.52001953125
2016-09-03 10:50:00,9.85000038146973,9.740555877156986,199.99999999999997,15.7600002288818,17.0799999237061,1304.06994628906
2016-09-03 11:00:00,9.4399995803833,9.334895248235515,207.33000183105491,15.7799997329712,16.8299999237061,1151.84997558594
2016-09-03 11:10:00,10.7299995422363,10.610654841424624,203.869995117188,15.7700004577637,17.1000003814697,1527.71997070313
2016-09-03 11:20:00,9.82999992370605,9.718759708972051,200.050003051758,15.9399995803833,17.0799999237061,1218.68005371094
2016-09-03 11:30:00,10.1300001144409,10.014441285625436,192.89999389648395,16.0200004577637,17.0900001525879,1270.60998535156
2016-09-03 11:40:00,10.0500001907349,9.935812129541771,202.97999572753895,15.9799995422363,17.0599994659424,1321.66003417969
2016-09-03 11:50:00,9.25,9.143742094227749,192.6199951171879,16.0900001525879,16.7199993133545,1096.76000976563
2016-09-03 12:00:00,9.77000045776367,9.657101424459857,191.22000122070293,16.1499996185303,17.0100002288818,1267.13000488281
2016-09-03 12:10:00,9.21000003814697,9.104201625583094,211.330001831055,16.0900001525879,16.9899997711182,1114.31005859375
2016-09-03 12:20:00,8.76000022888184,8.657077064013068,198.49999999999997,16.3199996948242,16.25,897.090026855469
2016-09-03 12:30:00,8.59000015258789,8.482729830548488,205.25999450683597,16.9699993133545,16.3400001525879,899.419982910156
2016-09-03 12:40:00,8.4399995803833,8.331540340686649,209.21000671386696,17.2900009155273,16.2800006866455,872.390014648438
2016-09-03 12:50:00,8.90999984741211,8.801160998240828,206.960006713867,16.7299995422363,16.5400009155273,966.150024414063
2016-09-03 13:00:00,9.22999954223633,9.120294142734034,197.50999450683597,16.4400005340576,16.3700008392334,1007.22998046875
2016-09-03 13:10:00,9.10000038146973,8.990184716825103,189.75,16.6000003814697,16.5799999237061,1021.59002685547
2016-09-03 13:20:00,8.93000030517578,8.82203316247485,193.97000122070293,16.6200008392334,16.9500007629395,1068.63000488281
2016-09-03 13:30:00,8.25,8.148099092344335,199.9799957275389,16.8500003814697,15.6499996185303,727.47998046875
2016-09-03 13:40:00,8.85999965667725,8.743735409570052,190.279998779297,17.5300006866455,16.7600002288818,981.690002441406
2016-09-03 13:50:00,8.09000015258789,7.980546929446532,190.07000732421895,17.8899993896484,15.9200000762939,767.659973144531
2016-09-03 14:00:00,8.26000022888184,8.153760530091706,190.880004882813,17.2999992370605,16.3099994659424,841.510009765625
2016-09-03 14:10:00,7.51000022888184,7.415875933819134,192.289993286133,17.0100002288818,14.6000003814697,582.900024414063
2016-09-03 14:20:00,7.51999998092651,7.424300713977589,190.0500030517579,17.1800003051758,14.4399995803833,553.039978027344
2016-09-03 14:30:00,6.96000003814697,6.86756594196675,186.92999267578097,17.6700000762939,13.2700004577637,412.049987792969
2016-09-03 14:40:00,7.78000020980835,7.674829018477898,182.9199981689449,17.8799991607666,14.8500003814697,600.609985351563
2016-09-03 14:50:00,7.1399998664856,7.042754385554581,187.589996337891,17.9699993133545,13.7200002670288,461.709991455078
2016-09-03 15:00:00,5.07999992370605,5.011040773080159,182.669998168945,17.9300003051758,10.9200000762939,102.339996337891
2016-09-03 15:10:00,4.8600001335144,4.795895432234274,176.49000549316406,17.5900001525879,10.8100004196167,56.7999992370605
2016-09-03 15:20:00,4.57999992370605,4.518915083226229,159.28999328613304,17.7199993133545,10.8100004196167,54.2999992370605
2016-09-03 15:30:00,5.28999996185303,5.216995558006856,169.38999938964798,18.1299991607666,10.960000038147,136.839996337891
2016-09-03 15:40:00,5.61999988555908,5.542124230446743,164.69000244140602,18.1800003051758,10.8999996185303,168.419998168945
2016-09-03 15:50:00,5.15999984741211,5.088381916621622,161.64999389648403,18.2000007629395,10.8100004196167,109.370002746582
2016-09-03 16:00:00,5.44999980926514,5.3744798245407255,168.63000488281295,18.1800003051758,10.9300003051758,159.130004882813
2016-09-03 16:10:00,5.46999979019165,5.397292167379602,168.08000183105503,17.6800003051758,10.8199996948242,140.839996337891
2016-09-03 16:20:00,5.01999998092651,4.955944942349078,164.49000549316406,17.2099990844727,10.8100004196167,88.0800018310547
2016-09-03 16:30:00,4.51999998092651,4.461607965121845,185.899993896484,17.3500003814697,10.8100004196167,78.8000030517578
2016-09-03 16:40:00,4.05999994277954,4.006034137335476,179.470001220703,17.6800003051758,10.8100004196167,44.2900009155273
2016-09-03 16:50:00,3.9300000667572,3.87691814332294,177.05000305175804,17.8700008392334,10.8100004196167,21.0200004577637
2016-09-03 17:00:00,3.63000011444092,3.580601181983111,178.91999816894497,17.9599990844727,10.8100004196167,7.1399998664856
2016-09-03 17:10:00,3.24000000953674,3.1955059611835903,159.19000244140602,18.0699996948242,3.47000002861023,-5.84000015258789
2016-09-03 17:20:00,3.0699999332428,3.028152427693815,142.41999816894497,17.9799995422363,0.990000009536743,-3.13000011444092
2016-09-03 17:30:00,2.53999996185303,2.5057499662356952,183.00999450683597,17.8500003814697,0.879999995231628,-1.82000005245209
2016-09-03 17:40:00,2.27999997138977,2.2493847218279632,152.74000549316406,17.7999992370605,0.730000019073486,-1.32000005245209
2016-09-03 17:50:00,2.41000008583069,2.377639228375631,150.57000732421898,17.7999992370605,0.699999988079071,-1.12999999523163
2016-09-03 18:00:00,2.58999991416931,2.55571992575115,157.50999450683594,17.6299991607666,0.870000004768372,-1.38999998569489
2016-09-03 18:10:00,1.97000002861023,1.9439929133448743,164.36999511718795,17.6000003814697,0.790000021457672,-1.35000002384186
2016-09-03 18:20:00,2.1800000667572,2.151319281813373,156.41000366210903,17.5599994659424,0.720000028610229,-1.37999999523163
2016-09-03 18:30:00,2.75,2.7141624828401385,127.720001220703,17.4500007629395,0.800000011920929,-1.5
2016-09-03 18:40:00,4.17999982833862,4.126805291046968,151.91000366210903,17.1800003051758,6.44000005722046,32.9700012207031
2016-09-03 18:50:00,4.36999988555908,4.3147837607055886,142.03999328613304,17.1000003814697,10.8100004196167,54.0499992370605
2016-09-03 19:00:00,4.03000020980835,3.979765764265239,135.61000061035202,16.9500007629395,10.8100004196167,20.0300006866455
2016-09-03 19:10:00,3.75999999046326,3.713472512764901,139.38999938964798,16.8700008392334,10.8100004196167,3.53999996185303
2016-09-03 19:20:00,3.49000000953674,3.446892837574307,158.19999694824196,16.8500003814697,10.8100004196167,-15.3699998855591
2016-09-03 19:30:00,2.69000005722046,2.6568963493721904,158.529998779297,16.8099994659424,1.96000003814697,-3.00999999046326
2016-09-03 19:40:00,2.44000005722046,2.40983439153652,140.44999694824202,16.8600006103516,0.899999976158142,-1.54999995231628
2016-09-03 19:50:00,2.69000005722046,2.6568352642801374,121.12999725341804,16.8299999237061,0.670000016689301,-1.52999997138977
2016-09-03 20:00:00,3.08999991416931,3.052289554612883,128.33999633789097,16.7199993133545,0.990000009536743,-1.49000000953674
2016-09-03 20:10:00,3.55999994277954,3.516796363819068,122.40000152587902,16.6599998474121,6.21999979019165,-1.67999994754791
2016-09-03 20:20:00,3.25,3.2109648336972243,123.26000213623,16.5499992370605,10.8100004196167,-10.5299997329712
2016-09-03 20:30:00,3.77999997138977,3.734899913921513,110.279998779297,16.4799995422363,4.28999996185303,16.6000003814697
2016-09-03 20:40:00,4.67000007629395,4.617631720896443,104.69999694824202,15.8500003814697,10.8100004196167,76.5999984741211
2016-09-03 20:50:00,5.71999979019165,5.6596456565293405,83.29000091552729,15.2700004577637,11.2399997711182,205.630004882813
2016-09-03 21:00:00,4.44999980926514,4.404420790410616,92.5,15.0,10.8500003814697,59.060001373291
2016-09-03 21:10:00,3.48000001907349,3.4454326757000864,94.66999816894533,14.7299995422363,5.21999979019165,1.9099999666214
2016-09-03 21:20:00,3.26999998092651,3.2379310579783462,98.48999786376952,14.6199998855591,1.25999999046326,-3.25
2016-09-03 21:30:00,2.83999991416931,2.8121480062330653,107.209999084473,14.6199998855591,1.12999999523163,-1.5
2016-09-03 21:40:00,4.05999994277954,4.019950672826647,120.55999755859398,14.6700000762939,7.32999992370605,8.80000019073486
2016-09-03 21:50:00,4.15999984741211,4.118773348982516,117.08999633789097,14.710000038147,10.8100004196167,31.4599990844727
2016-09-03 22:00:00,4.34000015258789,4.296840550294385,120.80000305175798,14.7399997711182,10.8100004196167,51.9799995422363
2016-09-03 22:10:00,3.95000004768372,3.9103114057624406,124.08000183105504,14.8299999237061,10.8100004196167,16.2199993133545
2016-09-03 22:20:00,4.01999998092651,3.9793777050570416,125.12999725341804,14.8800001144409,10.8100004196167,18.3999996185303
2016-09-03 22:30:00,3.98000001907349,3.939553997187358,119.720001220703,14.9300003051758,10.8100004196167,14.9099998474121
2016-09-03 22:40:00,4.17999982833862,4.137521344989174,108.769996643066,14.9300003051758,10.8100004196167,33.4500007629395
2016-09-03 22:50:00,4.09999990463257,4.058428329203215,106.180000305176,14.9099998474121,10.8100004196167,15.8299999237061
2016-09-03 23:00:00,4.09000015258789,4.049842568475547,102.930000305176,14.6300001144409,10.8100004196167,5.01000022888184
2016-09-03 23:10:00,4.05999994277954,4.020695849169525,77.2699966430664,14.5100002288818,10.8100004196167,13.8999996185303
2016-09-03 23:20:00,3.23000001907349,3.198064088807525,92.04000091552729,14.6899995803833,7.1100001335144,-5.51000022888184
2016-09-03 23:30:00,2.91000008583069,2.880627745790488,100.61000061035202,14.8699998855591,1.10000002384186,-2.9300000667572
2016-09-03 23:40:00,2.28999996185303,2.266806947541867,94.12000274658205,14.8999996185303,0.879999995231628,-1.22000002861023
2016-09-03 23:50:00,2.49000000953674,2.4647814039393627,107.73999786377,14.8999996185303,0.839999973773956,-1.47000002861023
2016-09-04 00:00:00,2.75999999046326,2.732268180336203,107.459999084473,14.8299999237061,1.05999994277954,-1.82000005245209
2016-09-04 00:10:00,2.61999988555908,2.593494657456101,103.569999694824,14.8900003433228,0.949999988079071,-1.37999999523163
2016-09-04 00:20:00,1.95000004768372,1.9302505368688376,82.33000183105469,14.8999996185303,0.610000014305115,-1.42999994754791
2016-09-04 00:30:00,2.16000008583069,2.1382969291416822,68.73999786376947,14.8299999237061,0.400000005960464,-1.19000005722046
2016-09-04 00:40:00,2.77999997138977,2.752640833478232,67.23999786376953,14.6499996185303,0.610000014305115,-1.25
2016-09-04 00:50:00,3.20000004768372,3.1686543196071275,56.54999923706049,14.6099996566772,1.25,-1.9099999666214
2016-09-04 01:00:00,3.21000003814697,3.178225047513666,51.70999908447271,14.6999998092651,1.20000004768372,-1.39999997615814
2016-09-04 01:10:00,3.29999995231628,3.2673340749553303,31.239999771118164,14.6999998092651,1.37000000476837,-2.25999999046326
2016-09-04 01:20:00,3.41000008583069,3.376245344553682,44.41999816894531,14.6999998092651,8.09000015258789,-4.17000007629395
2016-09-04 01:30:00,3.11999988555908,3.089115784013468,38.40999984741211,14.6999998092651,1.13999998569489,-1.28999996185303
2016-09-04 01:40:00,3.9300000667572,3.891143036622198,25.440000534057617,14.6899995803833,4.5,21.7299995422363
2016-09-04 01:50:00,5.03999996185303,4.990746063935255,33.70000076293951,14.5900001525879,10.8400001525879,141.869995117188
2016-09-04 02:00:00,4.76999998092651,4.723384684516475,34.13999938964838,14.5900001525879,10.8599996566772,105.769996643066
2016-09-04 02:10:00,4.71999979019165,4.673764844022817,35.029998779296875,14.6099996566772,10.9200000762939,97.5100021362305
2016-09-04 02:20:00,4.32000017166138,4.277683437707032,34.400001525878906,14.6099996566772,10.8299999237061,62.9900016784668
2016-09-04 02:30:00,5.17999982833862,5.130209940064591,32.95000076293951,14.4499998092651,11.1099996566772,174.270004272461
2016-09-04 02:40:00,4.25,4.208271460608756,30.86000061035162,14.6300001144409,10.8500003814697,38.6800003051758
2016-09-04 02:50:00,4.28000020980835,4.238026204381114,32.79999923706049,14.6199998855591,10.8500003814697,51.7700004577637
2016-09-04 03:00:00,4.32999992370605,4.28758523678178,23.01000022888178,14.6099996566772,10.8100004196167,32.689998626709
2016-09-04 03:10:00,4.25,4.208417701712524,22.09000015258789,14.6000003814697,10.8100004196167,31.4200000762939
2016-09-04 03:20:00,4.71999979019165,4.67414388115973,12.14000034332281,14.539999961853,10.8100004196167,43.7700004577637
2016-09-04 03:30:00,5.59000015258789,5.539352774005283,357.3500061035159,13.9700002670288,10.9399995803833,164.149993896484
2016-09-04 03:40:00,5.46999979019165,5.421320949930172,45.58000183105469,13.8299999237061,10.8500003814697,77.9899978637695
2016-09-04 03:50:00,5.48000001907349,5.429277956695942,10.26000022888178,14.1400003433228,10.8900003433228,145.809997558594
2016-09-04 04:00:00,5.76000022888184,5.705958373178962,21.86000061035162,14.25,11.210000038147,188.570007324219
2016-09-04 04:10:00,5.80999994277954,5.754888319093986,352.7200012207029,14.3400001525879,11.7600002288818,242.830001831055
2016-09-04 04:20:00,6.67999982833862,6.6162521471597255,356.04000854492193,14.3900003433228,13.7600002288818,471.260009765625
2016-09-04 04:30:00,6.82999992370605,6.764115139049586,355.6099853515629,14.4799995422363,13.6899995803833,460.510009765625
2016-09-04 04:40:00,6.92999982833862,6.866255143479094,357.850006103516,14.0900001525879,13.7200002670288,468.459991455078
2016-09-04 04:50:00,6.98000001907349,6.917561944023922,356.3599853515629,13.8699998855591,13.3699998855591,431.510009765625
2016-09-04 05:00:00,6.80999994277954,6.74759397841158,9.43000030517578,14.0600004196167,13.4499998092651,443.630004882813
2016-09-04 05:10:00,7.59000015258789,7.520010015722028,4.179999828338623,14.1099996566772,15.0200004577637,642.609985351563
2016-09-04 05:20:00,7.71000003814697,7.63792853146053,15.59000015258789,14.2200002670288,14.8400001525879,620.590026855469
2016-09-04 05:30:00,7.26000022888184,7.193387040937809,7.610000133514404,14.0699996948242,13.6599998474121,465.790008544922
2016-09-04 05:40:00,6.94000005722046,6.878958513377514,7.639999866485596,13.7399997711182,13.0500001907349,404.290008544922
2016-09-04 05:50:00,6.71999979019165,6.660428992975324,8.819999694824219,13.8000001907349,12.8999996185303,385.649993896484
2016-09-04 06:00:00,7.28999996185303,7.223195338991881,352.390014648438,14.0600004196167,14.5200004577637,575.830017089844
2016-09-04 06:10:00,7.19999980926514,7.132695680623329,355.839996337891,14.2200002670288,14.8999996185303,608.799987792969
2016-09-04 06:20:00,7.0,6.934002462716271,354.529998779297,14.289999961853,14.0100002288818,500.0
2016-09-04 06:30:00,7.44000005722046,7.373789712024426,356.70001220703097,13.8299999237061,14.9499998092651,620.460021972656
2016-09-04 06:40:00,7.09000015258789,7.027802575976271,353.869995117188,13.7200002670288,14.1099996566772,511.119995117188
2016-09-04 06:50:00,6.48000001907349,6.4208417036290415,348.059997558594,14.0299997329712,12.7399997711182,366.450012207031
2016-09-04 07:00:00,6.1100001335144,6.0523937104265135,16.42000007629389,14.289999961853,12.0299997329712,290.230010986328
2016-09-04 07:10:00,6.42999982833862,6.368342625365827,345.470001220703,14.4300003051758,12.3100004196167,321.220001220703
2016-09-04 07:20:00,6.25,6.189494928934797,351.9899902343749,14.5100002288818,12.4899997711182,337.700012207031
2016-09-04 07:30:00,6.6399998664856,6.578083114306139,348.929992675781,14.1999998092651,12.8500003814697,382.149993896484
2016-09-04 07:40:00,7.07999992370605,7.016259923397936,353.589996337891,13.9200000762939,14.1700000762939,548.239990234375
2016-09-04 07:50:00,7.65999984741211,7.592713686867631,356.73999023437494,13.7299995422363,15.4799995422363,733.02001953125
2016-09-04 08:00:00,6.82999992370605,6.767489227661223,4.349999904632568,14.0500001907349,14.0299997329712,510.730010986328
2016-09-04 08:10:00,6.88000011444092,6.814422816807485,11.05000019073492,14.3800001144409,13.1800003051758,418.369995117188
2016-09-04 08:20:00,6.76999998092651,6.704849382853119,7.849999904632568,14.460000038147,13.1199998855591,404.130004882813
2016-09-04 08:30:00,4.90999984741211,4.861791112813583,9.220000267028809,14.6300001144409,10.8599996566772,119.419998168945
2016-09-04 08:40:00,4.92999982833862,4.883462074961734,358.6400146484379,14.3000001907349,10.8100004196167,94.9100036621094
2016-09-04 08:50:00,4.07999992370605,4.043033681288815,358.519989013672,13.9700002670288,8.57999992370605,18.4599990844727
2016-09-04 09:00:00,3.04999995231628,3.021699491673413,353.029998779297,14.1599998474121,1.00999999046326,-3.33999991416931
2016-09-04 09:10:00,3.23000001907349,3.1985827476142994,327.23001098632795,14.5500001907349,1.13999998569489,-1.97000002861023
2016-09-04 09:20:00,3.86999988555908,3.83111506585296,345.75,14.8299999237061,4.59999990463257,15.1199998855591
2016-09-04 09:30:00,4.0,3.9584348948342014,334.769989013672,15.1300001144409,10.8100004196167,26.5400009155273
2016-09-04 09:40:00,4.59000015258789,4.539943164815278,327.45999145507795,15.5799999237061,10.8100004196167,56.9300003051758
2016-09-04 09:50:00,4.90000009536743,4.84538791677676,327.309997558594,15.789999961853,10.8199996948242,95.9899978637695
2016-09-04 10:00:00,5.26000022888184,5.201255717832369,332.950012207031,15.8100004196167,10.8500003814697,159.089996337891
2016-09-04 10:10:00,4.82000017166138,4.765345226970906,331.489990234375,15.960000038147,10.8199996948242,100.5
2016-09-04 10:20:00,5.23999977111816,5.179567356209326,326.420013427734,16.1299991607666,10.8100004196167,128.580001831055
2016-09-04 10:30:00,5.51999998092651,5.45879258535129,329.160003662109,15.7399997711182,10.8599996566772,163.410003662109
2016-09-04 10:40:00,5.38000011444092,5.3210205202002765,332.700012207031,15.6300001144409,10.8599996566772,157.399993896484
2016-09-04 10:50:00,4.82999992370605,4.774295997723482,332.39001464843795,16.1299991607666,10.8100004196167,94.4300003051758
2016-09-04 11:00:00,5.01999998092651,4.959249210038735,326.929992675781,16.6299991607666,10.8100004196167,108.23999786377
2016-09-04 11:10:00,4.98000001907349,4.916455378725007,314.630004882813,17.2099990844727,10.8100004196167,89.3499984741211
2016-09-04 11:20:00,4.96000003814697,4.894407970199388,334.9999999999999,17.6200008392334,10.8100004196167,118.040000915527
2016-09-04 11:30:00,5.07999992370605,5.010639147984271,340.420013427734,18.0,10.8500003814697,123.019996643066
2016-09-04 11:40:00,5.19999980926514,5.131528092652598,5.179999828338623,17.5699996948242,10.8199996948242,147.740005493164
2016-09-04 11:50:00,5.19999980926514,5.1342374478941535,355.070007324219,17.1100006103516,10.8599996566772,159.369995117188
2016-09-04 12:00:00,5.09000015258789,5.023322470413041,0.8100000023841858,17.5100002288818,10.8199996948242,143.690002441406
2016-09-04 12:10:00,4.3899998664856,4.3299114260877065,356.95999145507807,18.0300006866455,10.8100004196167,68.25
2016-09-04 12:20:00,4.26999998092651,4.209434839116316,355.64001464843795,18.4699993133545,10.8100004196167,51.310001373291
2016-09-04 12:30:00,4.46999979019165,4.404484399369733,356.850006103516,18.8899993896484,10.8100004196167,65.9899978637695
2016-09-04 12:40:00,4.38000011444092,4.313933541737802,353.760009765625,19.2700004577637,10.8100004196167,53.8300018310547
2016-09-04 12:50:00,4.1100001335144,4.047867741229638,0.0199999995529651,19.2999992370605,10.8100004196167,22.2600002288818
2016-09-04 13:00:00,4.03000020980835,3.971024401151016,0.050000000745058,18.8700008392334,10.8100004196167,9.71000003814697
2016-09-04 13:10:00,3.08999991416931,3.04401602079839,357.8399963378909,19.0900001525879,3.59999990463257,-5.19000005722046
2016-09-04 13:20:00,2.33999991416931,2.3026847041929868,337.0700073242189,20.0400009155273,0.75,-1.21000003814697
2016-09-04 13:30:00,2.96000003814697,2.910714558394326,329.91000366210903,20.6700000762939,0.899999976158142,-1.27999997138977
2016-09-04 13:40:00,3.10999989509583,3.0566571617456697,321.190002441406,21.1200008392334,1.0,-1.46000003814697
2016-09-04 13:50:00,2.92000007629395,2.8689740854453225,345.850006103516,21.4099998474121,1.04999995231628,-1.4099999666214
2016-09-04 14:00:00,2.80999994277954,2.760240368263177,355.690002441406,21.6200008392334,0.939999997615814,-1.28999996185303
2016-09-04 14:10:00,3.05999994277954,3.005337645543756,356.23001098632795,21.7600002288818,1.19000005722046,-1.53999996185303
2016-09-04 14:20:00,2.88000011444092,2.828105795696497,7.380000114440918,21.8999996185303,1.08000004291534,-1.3400000333786
2016-09-04 14:30:00,2.97000002861023,2.915858249177721,21.530000686645508,22.0900001525879,0.949999988079071,-1.4099999666214
2016-09-04 14:40:00,3.24000000953674,3.1809003369752444,21.959999084472717,22.1000003814697,1.01999998092651,-1.26999998092651
2016-09-04 14:50:00,2.97000002861023,2.9156278412255867,28.11000061035162,22.1599998474121,1.13999998569489,-1.67999994754791
2016-09-04 15:00:00,2.34999990463257,2.3066397164887604,31.90999984741211,22.2900009155273,0.990000009536743,-1.38999998569489
2016-09-04 15:10:00,2.57999992370605,2.5320817613320097,26.56999969482422,22.3999996185303,0.970000028610229,-1.38999998569489
2016-09-04 15:20:00,2.54999995231628,2.5023567821150983,30.790000915527287,22.5,0.930000007152557,-1.24000000953674
2016-09-04 15:30:00,2.40000009536743,2.355026711643512,33.810001373291016,22.5499992370605,0.829999983310699,-1.37999999523163
2016-09-04 15:40:00,2.36999988555908,2.325090787901019,28.92000007629389,22.7399997711182,0.829999983310699,-1.33000004291534
2016-09-04 15:50:00,2.83999991416931,2.785776869027069,30.770000457763672,22.8700008392334,1.00999999046326,-1.37999999523163
2016-09-04 16:00:00,3.10999989509583,3.0505187989187137,28.34000015258789,22.8999996185303,1.1599999666214,-1.37000000476837
2016-09-04 16:10:00,3.44000005722046,3.3745494514006165,5.289999961853027,22.8099994659424,3.82999992370605,-1.21000003814697
2016-09-04 16:20:00,3.86999988555908,3.798165480719711,39.0099983215332,22.3899993896484,10.8100004196167,15.460000038147
2016-09-04 16:30:00,3.27999997138977,3.2207525684161498,38.41999816894531,21.9400005340576,7.96000003814697,0.529999971389771
2016-09-04 16:40:00,2.96000003814697,2.9063030806561643,40.5099983215332,22.0100002288818,1.05999994277954,-1.30999994277954
2016-09-04 16:50:00,3.27999997138977,3.220170673939068,36.83000183105469,22.1000003814697,1.20000004768372,-1.33000004291534
2016-09-04 17:00:00,2.90000009536743,2.8469736798857856,50.7599983215332,22.1399993896484,1.03999996185303,-1.33000004291534
2016-09-04 17:10:00,2.75,2.6998077602041537,79.76000213623047,22.1100006103516,0.939999997615814,-1.82000005245209
2016-09-04 17:20:00,2.13000011444092,2.091100333445296,76.9400024414063,22.1200008392334,0.75,-1.32000005245209
2016-09-04 17:30:00,1.30999994277954,1.2860030827579778,116.730003356934,22.1700000762939,0.0299999993294477,-0.850000023841858
2016-09-04 17:40:00,0.660000026226044,0.6480929344901079,71.19999694824219,21.9200000762939,0.0,-0.740000009536743
2016-09-04 17:50:00,1.53999996185303,1.51252437177255,106.540000915527,21.7399997711182,0.100000001490116,-0.949999988079071
2016-09-04 18:00:00,2.4300000667572,2.3879420648193883,135.32000732421898,21.2600002288818,0.0,-0.850000023841858
2016-09-04 18:10:00,2.69000005722046,2.6457806385565963,198.72999572753892,20.4799995422363,0.349999994039536,-1.97000002861023
2016-09-04 18:20:00,2.4300000667572,2.3912224725166054,153.17999267578102,20.0499992370605,0.910000026226044,-1.35000002384186
2016-09-04 18:30:00,2.33999991416931,2.3033657787433377,147.990005493164,19.7800006866455,0.839999973773956,-1.4099999666214
2016-09-04 18:40:00,2.33999991416931,2.304310137596643,138.05999755859398,19.4200000762939,0.769999980926514,-1.42999994754791
2016-09-04 18:50:00,2.63000011444092,2.5908617169693238,135.82000732421898,19.0900001525879,0.829999983310699,-1.21000003814697
2016-09-04 19:00:00,2.75,2.71015819180648,145.729995727539,18.7399997711182,0.990000009536743,-1.36000001430511
2016-09-04 19:10:00,2.96000003814697,2.9181491957422394,136.44000244140602,18.4300003051758,0.939999997615814,-1.37999999523163
2016-09-04 19:20:00,3.15000009536743,3.106350927035417,135.33999633789097,18.1800003051758,0.990000009536743,-1.55999994277954
2016-09-04 19:30:00,3.44000005722046,3.393147891082844,103.58000183105504,17.9699993133545,1.00999999046326,-2.0
2016-09-04 19:40:00,3.08999991416931,3.0488575288343087,137.08999633789097,17.7000007629395,1.22000002861023,-1.50999999046326
2016-09-04 19:50:00,3.70000004768372,3.6516566469285694,134.509994506836,17.4799995422363,6.40000009536743,2.75999999046326
2016-09-04 20:00:00,4.01999998092651,3.9682949476001625,128.69000244140602,17.2999992370605,10.8100004196167,35.2200012207031
2016-09-04 20:10:00,3.84999990463257,3.801179515517042,164.00999450683594,17.1399993896484,10.8100004196167,8.1899995803833
2016-09-04 20:20:00,3.67000007629395,3.624169798869557,181.13000488281293,16.9699993133545,10.8100004196167,5.57000017166138
2016-09-04 20:30:00,4.1100001335144,4.059048342709636,130.35000610351597,16.8899993896484,10.8100004196167,2.94000005722046
2016-09-04 20:40:00,3.77999997138977,3.7332250073433033,149.64999389648403,16.8700008392334,10.8100004196167,9.19999980926514
2016-09-04 20:50:00,4.19000005722046,4.13829431528654,169.28999328613304,16.8400001525879,10.8100004196167,34.4000015258789
2016-09-04 21:00:00,4.96000003814697,4.899580875693245,150.42999267578097,16.7000007629395,10.8100004196167,100.470001220703
2016-09-04 21:10:00,5.07999992370605,5.019678132919756,140.21000671386702,16.4300003051758,10.8100004196167,139.070007324219
2016-09-04 21:20:00,4.67000007629395,4.615875481977011,143.16999816894497,16.1800003051758,10.8100004196167,99.9599990844727
2016-09-04 21:30:00,4.69999980926514,4.646277048376842,146.42999267578102,16.0400009155273,10.8100004196167,104.680000305176
2016-09-04 21:40:00,4.63000011444092,4.581464745949765,148.869995117188,15.210000038147,10.8100004196167,92.8199996948242
2016-09-04 21:50:00,4.3899998664856,4.345588434075015,156.89999389648403,14.8900003433228,10.8100004196167,76.9100036621094
2016-09-04 22:00:00,4.78999996185303,4.739787346847678,159.63999938964798,15.210000038147,10.8100004196167,109.01000213623
2016-09-04 22:10:00,5.40999984741211,5.3517417407750845,130.029998779297,15.460000038147,10.8100004196167,173.509994506836
2016-09-04 22:20:00,4.96000003814697,4.905624799585496,152.53999328613304,15.6300001144409,10.8199996948242,161.339996337891
2016-09-04 22:30:00,4.98000001907349,4.925178134817312,166.63000488281295,15.6700000762939,10.8100004196167,130.889999389648
2016-09-04 22:40:00,5.5,5.440018861961445,126.720001220703,15.5799999237061,10.8199996948242,153.339996337891
2016-09-04 22:50:00,5.09000015258789,5.037574586392458,170.57000732421898,15.0500001907349,10.8199996948242,161.869995117188
2016-09-04 23:00:00,5.46999979019165,5.414349274877812,158.16999816894497,14.9399995803833,11.0900001525879,206.839996337891
2016-09-04 23:10:00,5.84999990463257,5.788274084856471,147.970001220703,15.2700004577637,11.3500003814697,240.139999389648
2016-09-04 23:20:00,5.44000005722046,5.3814188904223546,132.46000671386702,15.460000038147,11.0299997329712,191.009994506836
2016-09-04 23:30:00,4.96000003814697,4.905964597266879,141.5,15.5699996948242,10.8100004196167,153.899993896484
2016-09-04 23:40:00,5.19000005722046,5.133221895117798,147.270004272461,15.6099996566772,10.8599996566772,193.559997558594
2016-09-04 23:50:00,5.40000009536743,5.343825411945084,152.75999450683594,15.1400003433228,11.1599998474121,225.139999389648
2016-09-05 00:00:00,5.71999979019165,5.663182205203248,153.46000671386696,14.7299995422363,11.6499996185303,263.739990234375
2016-09-05 00:10:00,5.51000022888184,5.45350109346588,167.67999267578102,15.0100002288818,10.960000038147,210.119995117188
2016-09-05 00:20:00,5.38000011444092,5.322925892302084,154.60000610351597,15.3199996948242,10.8900003433228,201.919998168945
2016-09-05 00:30:00,5.40000009536743,5.342466779810417,151.94999694824202,15.3599996566772,10.9899997711182,208.220001220703
2016-09-05 00:40:00,5.6100001335144,5.550101163443233,166.08000183105491,15.3800001144409,11.75,272.559997558594
2016-09-05 00:50:00,6.19000005722046,6.124332876776186,185.94999694824196,15.3199996948242,12.5,337.839996337891
2016-09-05 01:00:00,6.17000007629395,6.107934713420703,175.279998779297,14.8400001525879,12.3999996185303,328.609985351563
2016-09-05 01:10:00,6.05999994277954,6.000430452104946,171.61000061035202,14.6400003433228,11.9200000762939,287.529998779297
2016-09-05 01:20:00,6.28999996185303,6.225646805586362,167.05999755859398,14.9899997711182,12.4300003051758,333.820007324219
2016-09-05 01:30:00,6.11999988555908,6.056125185223185,170.13999938964798,15.1700000762939,12.4300003051758,330.829986572266
2016-09-05 01:40:00,6.19000005722046,6.125040716247064,169.44999694824196,15.2200002670288,12.4700002670288,335.600006103516
2016-09-05 01:50:00,6.34000015258789,6.273321652232706,171.75,15.2399997711182,12.8400001525879,372.709991455078
2016-09-05 02:00:00,6.03999996185303,5.98048853836402,182.770004272461,14.6599998474121,12.1800003051758,309.970001220703
2016-09-05 02:10:00,6.3600001335144,6.298795138889186,163.94999694824196,14.460000038147,12.5,341.730010986328
2016-09-05 02:20:00,6.19000005722046,6.126953532913077,173.08000183105503,14.9499998092651,12.4899997711182,337.959991455078
2016-09-05 02:30:00,6.11999988555908,6.055635152953134,167.99000549316406,15.2399997711182,12.039999961853,296.040008544922
2016-09-05 02:40:00,5.73000001907349,5.669081776102163,159.83000183105503,15.3400001525879,11.3400001525879,219.190002441406
2016-09-05 02:50:00,5.94000005722046,5.876645513349047,164.16999816894497,15.3699998855591,11.6400003433228,257.160003662109
2016-09-05 03:00:00,5.84000015258789,5.78058533898823,167.25,14.9399995803833,11.5,251.929992675781
2016-09-05 03:10:00,6.01999998092651,5.9620669528225,164.83999633789097,14.460000038147,11.6700000762939,265.630004882813
2016-09-05 03:20:00,5.48000001907349,5.425566386513912,160.24000549316406,14.7299995422363,11.1599998474121,195.940002441406
2016-09-05 03:30:00,5.28999996185303,5.235817261103309,158.55000305175804,15.0,10.8100004196167,160.770004272461
2016-09-05 03:40:00,4.80000019073486,4.750176989946736,166.24000549316406,15.1199998855591,10.8100004196167,116.110000610352
2016-09-05 03:50:00,4.53000020980835,4.481995076488883,178.46000671386696,15.3100004196167,10.8100004196167,89.5500030517578
2016-09-05 04:00:00,4.96000003814697,4.907494839283152,181.1799926757809,15.3000001907349,10.8800001144409,154.020004272461
2016-09-05 04:10:00,4.03000020980835,3.98978485008562,175.71000671386696,14.7700004577637,10.8100004196167,37.5200004577637
2016-09-05 04:20:00,5.46999979019165,5.4187416458326005,180.949996948242,14.2399997711182,11.2799997329712,213.910003662109
2016-09-05 04:30:00,3.96000003814697,3.92170947012232,175.720001220703,14.5,10.8100004196167,32.0699996948242
2016-09-05 04:40:00,4.86999988555908,4.821625472527503,141.88000488281295,14.7299995422363,10.9300003051758,124.660003662109
2016-09-05 04:50:00,6.09000015258789,6.028739526219222,151.82000732421898,14.8400001525879,12.4499998092651,337.040008544922
2016-09-05 05:00:00,6.84000015258789,6.770254899937369,149.30999755859398,14.960000038147,13.960000038147,491.070007324219
2016-09-05 05:10:00,7.21999979019165,7.150435779140142,152.41999816894497,14.4700002670288,14.7299995422363,586.969970703125
2016-09-05 05:20:00,7.57000017166138,7.501413292573901,158.42999267578102,13.9700002670288,15.9300003051758,756.460021972656
2016-09-05 05:30:00,8.5600004196167,8.482049915730686,152.99000549316406,14.0100002288818,17.0200004577637,1015.29998779297
2016-09-05 05:40:00,8.23999977111816,8.163068625459385,152.220001220703,14.210000038147,16.2999992370605,845.169982910156
2016-09-05 05:50:00,6.51999998092651,6.45605827504579,155.58000183105503,14.6199998855591,13.25,415.010009765625
2016-09-05 06:00:00,8.07999992370605,7.996870698375716,162.61000061035202,15.039999961853,15.4799995422363,780.5
2016-09-05 06:10:00,9.0600004196167,8.965959127510429,152.32000732421898,15.1199998855591,17.1000003814697,1193.31994628906
2016-09-05 06:20:00,8.89000034332275,8.806694138856868,156.529998779297,14.2399997711182,17.0900001525879,1144.66003417969
2016-09-05 06:30:00,10.3900003433228,10.293593195653084,156.35000610351608,14.1599998474121,17.1000003814697,1545.71997070313
2016-09-05 06:40:00,9.10999965667725,9.024631887861212,148.729995727539,14.2399997711182,17.0900001525879,1158.08996582031
2016-09-05 06:50:00,8.39999961853027,8.322250475621598,154.17999267578102,14.1400003433228,16.7299995422363,965.330017089844
2016-09-05 07:00:00,9.52999973297119,9.437960342798355,161.38999938964798,14.4899997711182,16.9300003051758,1192.4599609375
2016-09-05 07:10:00,9.97999954223633,9.879265545154007,146.44000244140602,14.8699998855591,17.1000003814697,1335.78002929688
2016-09-05 07:20:00,8.57999992370605,8.4947735438552,154.78999328613304,14.7299995422363,16.8199996948242,984.049987792969
2016-09-05 07:30:00,9.03999996185303,8.944201643248737,157.64999389648403,15.3100004196167,16.75,974.77001953125
2016-09-05 07:40:00,9.03999996185303,8.938421205236581,164.42999267578102,15.8699998855591,17.0,1137.30004882813
2016-09-05 07:50:00,8.93000030517578,8.832001000386816,165.41000366210903,15.6400003433228,17.0,1099.18005371094
2016-09-05 08:00:00,9.21000003814697,9.106826162068964,164.86000061035202,15.8400001525879,16.9599990844727,1085.92004394531
2016-09-05 08:10:00,9.0600004196167,8.956028320741705,164.69000244140602,16.0799999237061,16.9599990844727,1064.5
2016-09-05 08:20:00,9.30000019073486,9.19232050278093,181.03999328613293,16.1700000762939,17.0400009155273,1133.0
2016-09-05 08:30:00,10.7299995422363,10.604296755827352,167.96000671386696,16.2900009155273,17.1000003814697,1481.51000976563
2016-09-05 08:40:00,10.6199998855591,10.491479331310666,177.28999328613304,16.6299991607666,17.0900001525879,1509.19995117188
2016-09-05 08:50:00,11.3699998855591,11.231111252134344,181.759994506836,16.7299995422363,17.1000003814697,1716.17004394531
2016-09-05 09:00:00,12.289999961853,12.139035714146049,185.6799926757809,16.7900009155273,17.1000003814697,1817.31005859375
2016-09-05 09:10:00,12.1899995803833,12.039294890462882,186.229995727539,16.8600006103516,17.1000003814697,1893.03002929688
2016-09-05 09:20:00,11.1899995803833,11.048230306890128,181.2799987792969,17.1299991607666,17.0900001525879,1569.82995605469
2016-09-05 09:30:00,10.6199998855591,10.48485012404003,181.960006713867,17.1800003051758,17.1000003814697,1410.36999511719
2016-09-05 09:40:00,10.289999961853,10.160333117129674,187.55000305175795,17.0699996948242,17.1000003814697,1306.7099609375
2016-09-05 09:50:00,10.6400003433228,10.507130000708925,177.91000366210903,16.9699993133545,17.0599994659424,1408.51000976563
2016-09-05 10:00:00,9.88000011444092,9.754491561706145,180.44000244140597,17.1599998474121,16.8400001525879,1204.11999511719
2016-09-05 10:10:00,9.31999969482422,9.203719024214427,176.82000732421898,16.9599990844727,16.9699993133545,1102.23999023438
2016-09-05 10:20:00,9.64000034332275,9.519508438835556,189.199996948242,16.9799995422363,17.0499992370605,1244.59997558594
2016-09-05 10:30:00,10.2299995422363,10.098074147483892,180.059997558594,17.3299999237061,17.1000003814697,1328.68005371094
2016-09-05 10:40:00,11.5600004196167,11.409483401045293,183.509994506836,17.4400005340576,17.1000003814697,1788.0400390625
2016-09-05 10:50:00,9.94999980926514,9.819094398264326,181.470001220703,17.5599994659424,16.9300003051758,1259.21997070313
2016-09-05 11:00:00,9.02999973297119,8.908849283730683,175.16999816894497,17.7900009155273,16.5400009155273,948.119995117188
2016-09-05 11:10:00,8.85000038146973,8.72886536173931,179.80999755859398,18.0300006866455,16.25,866.090026855469
2016-09-05 11:20:00,9.27000045776367,9.142279471521547,179.39999389648403,18.1100006103516,16.75,1115.82995605469
2016-09-05 11:30:00,8.77000045776367,8.646497465460218,175.10000610351597,18.3799991607666,16.2399997711182,842.900024414063
2016-09-05 11:40:00,8.72999954223633,8.600083885527875,181.60000610351597,19.0900001525879,16.8600006103516,977.72998046875
2016-09-05 11:50:00,8.17000007629395,8.048785310225814,183.7400054931639,19.0499992370605,16.1200008392334,806.429992675781
2016-09-05 12:00:00,8.01000022888184,7.89278032410516,184.32000732421895,18.8700008392334,15.210000038147,645.210021972656
2016-09-05 12:10:00,8.44999980926514,8.324250973987906,179.779998779297,19.0900001525879,16.5599994659424,886.239990234375
2016-09-05 12:20:00,7.71999979019165,7.602773784772794,179.61999511718795,19.3600006103516,14.9200000762939,620.039978027344
2016-09-05 12:30:00,6.67000007629395,6.565203620096965,189.619995117188,19.8299999237061,12.5600004196167,336.519989013672
2016-09-05 12:40:00,7.63000011444092,7.505853103893486,207.22999572753892,20.3299999237061,14.3199996948242,581.609985351563
2016-09-05 12:50:00,8.07999992370605,7.945013246324243,192.64999389648395,20.7199993133545,14.9499998092651,653.919982910156
2016-09-05 13:00:00,7.98999977111816,7.857408004967025,168.779998779297,20.6200008392334,15.2399997711182,645.909973144531
2016-09-05 13:10:00,7.51999998092651,7.397138712670311,201.559997558594,20.3899993896484,14.2299995422363,517.659973144531
2016-09-05 13:20:00,7.3600001335144,7.2403285052906705,182.64999389648392,20.3199996948242,14.0299997329712,496.269989013672
2016-09-05 13:30:00,8.72000026702881,8.573640859525971,215.63000488281295,20.7900009155273,15.8400001525879,911.960021972656
2016-09-05 13:40:00,8.47000026702881,8.328970530107972,172.86999511718795,20.6700000762939,15.6000003814697,783.599975585938
2016-09-05 13:50:00,7.78999996185303,7.664816952005766,196.1399993896479,20.1499996185303,14.9499998092651,614.440002441406
2016-09-05 14:00:00,7.44000005722046,7.318196516952988,202.52999877929696,20.4200000762939,14.0299997329712,502.029998779297
2016-09-05 14:10:00,8.06999969482422,7.932301908232271,205.53999328613293,21.0400009155273,14.8900003433228,618.799987792969
2016-09-05 14:20:00,8.32999992370605,8.186011164430845,188.82000732421892,21.2399997711182,15.8599996566772,779.02001953125
2016-09-05 14:30:00,9.71000003814697,9.546699382944809,208.17999267578097,20.8199996948242,17.0900001525879,1285.23999023438
2016-09-05 14:40:00,8.68000030517578,8.538187027428044,196.19000244140597,20.3899993896484,16.2099990844727,883.77001953125
2016-09-05 14:50:00,8.14999961853027,8.016936497894234,197.13999938964795,20.3799991607666,16.0499992370605,770.119995117188
2016-09-05 15:00:00,8.28999996185303,8.153262481523386,197.05999755859403,20.5300006866455,16.2900009155273,805.359985351563
2016-09-05 15:10:00,8.06999969482422,7.936080352768205,197.10000610351597,20.6200008392334,15.3699998855591,698.309997558594
2016-09-05 15:20:00,7.28999996185303,7.167317066885978,200.490005493164,20.8299999237061,13.75,471.970001220703
2016-09-05 15:30:00,7.23999977111816,7.115577473452613,194.710006713867,21.1499996185303,13.9899997711182,498.079986572266
2016-09-05 15:40:00,5.96000003814697,5.856447622326753,196.059997558594,21.3199996948242,11.8299999237061,258.350006103516
2016-09-05 15:50:00,6.23999977111816,6.130472354655336,192.389999389648,21.4799995422363,11.9200000762939,277.410003662109
2016-09-05 16:00:00,6.26000022888184,6.152489303499094,198.08999633789097,21.1399993896484,12.210000038147,295.5
2016-09-05 16:10:00,7.01000022888184,6.893749499775172,187.55000305175795,20.6100006103516,13.4499998092651,428.350006103516
2016-09-05 16:20:00,6.63000011444092,6.520569105558367,202.399993896484,20.5400009155273,12.6700000762939,353.640014648438
2016-09-05 16:30:00,6.65000009536743,6.537346548019841,196.60000610351605,20.9300003051758,12.789999961853,358.570007324219
2016-09-05 16:40:00,6.71999979019165,6.60488796115409,193.889999389648,21.1000003814697,12.8800001144409,370.920013427734
2016-09-05 16:50:00,5.94999980926514,5.847481762291188,195.979995727539,21.1900005340576,11.8100004196167,247.449996948242
2016-09-05 17:00:00,5.07999992370605,4.993150561468778,208.13999938964795,21.0699996948242,11.4099998474121,156.300003051758
2016-09-05 17:10:00,5.09999990463257,5.015423772250325,198.47000122070295,20.6100006103516,10.9200000762939,124.459999084473
2016-09-05 17:20:00,6.0,5.902039415805495,196.0,20.3799991607666,11.4799995422363,234.509994506836
2016-09-05 17:30:00,4.92999982833862,4.847637909699509,184.72000122070295,20.7199993133545,10.8100004196167,97.5199966430664
2016-09-05 17:40:00,4.94000005722046,4.855709214671899,181.389999389648,21.0400009155273,10.8100004196167,79.3099975585938
2016-09-05 17:50:00,4.8899998664856,4.806072134092409,183.899993896484,21.1299991607666,10.8299999237061,87.620002746582
2016-09-05 18:00:00,4.67999982833862,4.599155462099279,186.8399963378909,21.2299995422363,10.8100004196167,79.4899978637695
2016-09-05 18:10:00,4.59000015258789,4.510710480155108,194.399993896484,21.2299995422363,10.8100004196167,80.1800003051758
2016-09-05 18:20:00,4.67000007629395,4.591929697933731,188.49999999999991,20.7299995422363,10.8100004196167,69.4199981689453
2016-09-05 18:30:00,4.82000017166138,4.740766862733193,179.19999694824196,20.4799995422363,10.8100004196167,58.9099998474121
2016-09-05 18:40:00,4.3600001335144,4.287014905166102,157.72999572753906,20.75,10.8100004196167,44.8899993896484
2016-09-05 18:50:00,4.3899998664856,4.3155337568726,163.05000305175804,20.9500007629395,10.8100004196167,58.7299995422363
2016-09-05 19:00:00,4.48000001907349,4.404157025608713,165.61000061035202,20.9200000762939,10.8100004196167,57.0400009155273
2016-09-05 19:10:00,4.65000009536743,4.571797411610434,166.75999450683594,20.8199996948242,10.8100004196167,81.6100006103516
2016-09-05 19:20:00,4.42000007629395,4.346750083759873,165.0,20.6000003814697,10.8100004196167,64.5400009155273
2016-09-05 19:30:00,4.30999994277954,4.2420898436048935,181.24999999999991,19.8700008392334,10.8100004196167,53.0900001525879
2016-09-05 19:40:00,4.42000007629395,4.352189400905122,189.16999816894491,19.5,10.8100004196167,74.9499969482422
2016-09-05 19:50:00,5.15000009536743,5.069431370223303,190.5700073242189,19.7700004577637,10.8400001525879,164.809997558594
2016-09-05 20:00:00,5.73000001907349,5.639138548965894,200.199996948242,19.9599990844727,11.6800003051758,262.059997558594
2016-09-05 20:10:00,6.44999980926514,6.3474324614775774,205.029998779297,20.0,13.0600004196167,386.829986572266
2016-09-05 20:20:00,6.23999977111816,6.140283130010015,202.07000732421895,20.0699996948242,12.8699998855591,372.359985351563
2016-09-05 20:30:00,5.61999988555908,5.533022908479049,195.990005493164,19.6200008392334,11.1899995803833,215.0
2016-09-05 20:40:00,5.25,5.171695058269254,165.63000488281295,19.1200008392334,10.8100004196167,123.870002746582
2016-09-05 20:50:00,4.15000009536743,4.088148528758862,176.529998779297,19.1100006103516,10.8100004196167,38.8300018310547
2016-09-05 21:00:00,4.5,4.4317192812959085,142.759994506836,19.3500003814697,10.8100004196167,48.0900001525879
2016-09-05 21:10:00,3.82999992370605,3.771842462046399,153.42999267578102,19.3600006103516,10.8100004196167,20.4300003051758
2016-09-05 21:20:00,4.23999977111816,4.175854529456678,172.33999633789097,19.3099994659424,10.8100004196167,55.5
2016-09-05 21:30:00,5.11999988555908,5.043231333293484,184.610000610352,19.1900005340576,10.8900003433228,145.410003662109
2016-09-05 21:40:00,6.17999982833862,6.090673097093774,190.22000122070293,18.7099990844727,12.3299999237061,319.429992675781
2016-09-05 21:50:00,7.19000005722046,7.0905313646219446,194.0899963378909,18.1599998474121,14.0,494.350006103516
2016-09-05 22:00:00,6.98999977111816,6.893297944558532,190.21000671386696,18.1599998474121,14.0500001907349,495.920013427734
2016-09-05 22:10:00,6.59999990463257,6.505196844014253,192.2700042724609,18.6299991607666,13.1400003433228,397.279998779297
2016-09-05 22:20:00,5.36999988555908,5.291293474433953,199.0,18.8899993896484,11.1199998855591,197.619995117188
2016-09-05 22:30:00,6.8600001335144,6.758992393948816,208.41999816894491,18.9500007629395,13.6499996185303,464.529998779297
2016-09-05 22:40:00,6.57999992370605,6.482227409100558,189.75,19.0699996948242,12.710000038147,356.570007324219
2016-09-05 22:50:00,6.26000022888184,6.17078598625922,185.869995117188,18.5300006866455,11.710000038147,262.170013427734
2016-09-05 23:00:00,5.80000019073486,5.719237694219096,160.82000732421898,18.2399997711182,10.8800001144409,171.229995727539
2016-09-05 23:10:00,6.0,5.915775936770811,159.14999389648403,18.3400001525879,11.6800003051758,263.339996337891
2016-09-05 23:20:00,7.05000019073486,6.949368462361959,180.149993896484,18.5499992370605,14.1199998855591,514.190002441406
2016-09-05 23:30:00,8.85999965667725,8.735129378194125,195.97000122070295,18.3899993896484,16.7999992370605,1009.21002197266
2016-09-05 23:40:00,9.09000015258789,8.966914782225254,190.22000122070293,17.8999996185303,16.9799995422363,998.830017089844
2016-09-05 23:50:00,9.46000003814697,9.332866680557611,189.190002441406,17.8099994659424,17.0900001525879,1084.59997558594
2016-09-06 00:00:00,9.3100004196167,9.183725723343793,193.9499969482419,17.9200000762939,16.8899993896484,1117.55004882813
2016-09-06 00:10:00,10.1199998855591,9.981710201010664,206.85000610351597,18.0100002288818,17.1000003814697,1388.13000488281
2016-09-06 00:20:00,9.3100004196167,9.181518182311793,210.33000183105491,18.1299991607666,16.8600006103516,1123.03002929688
2016-09-06 00:30:00,8.38000011444092,8.263595842305888,189.49000549316392,18.2099990844727,15.7799997329712,759.349975585938
2016-09-06 00:40:00,7.84000015258789,7.728445229255239,196.160003662109,18.5100002288818,15.4700002670288,683.450012207031
2016-09-06 00:50:00,8.28999996185303,8.167750279304244,199.679992675781,18.9699993133545,16.6000003814697,866.0
2016-09-06 01:00:00,8.44999980926514,8.326245839936409,200.649993896484,18.8799991607666,16.7999992370605,911.739990234375
2016-09-06 01:10:00,8.19999980926514,8.084061668956462,203.350006103516,18.4300003051758,16.0400009155273,821.059997558594
2016-09-06 01:20:00,9.78999996185303,9.652022527433486,214.99000549316395,18.3899993896484,17.1000003814697,1334.16003417969
2016-09-06 01:30:00,9.72000026702881,9.584543820353836,196.110000610352,18.25,17.1000003814697,1204.01000976563
2016-09-06 01:40:00,9.75,9.61500545198309,190.139999389648,18.1700000762939,17.1000003814697,1167.81005859375
2016-09-06 01:50:00,9.52999973297119,9.3978361561761,178.16999816894497,18.1900005340576,17.0900001525879,1196.14001464844
2016-09-06 02:00:00,8.47999954223633,8.362206205608757,188.69999694824196,18.2099990844727,17.0499992370605,997.609985351563
2016-09-06 02:10:00,9.10000038146973,8.974518926160174,184.63999938964795,18.1200008392334,17.0699996948242,1021.98999023438
2016-09-06 02:20:00,9.76000022888184,9.625197640133642,192.66999816894497,18.1399993896484,17.1000003814697,1306.69995117188
2016-09-06 02:30:00,9.47999954223633,9.347994644853337,191.910003662109,18.2399997711182,17.1000003814697,1216.51000976563
2016-09-06 02:40:00,9.14999961853027,9.022177002954798,194.27999877929693,18.2800006866455,17.1000003814697,1140.31994628906
2016-09-06 02:50:00,9.8100004196167,9.67328974449164,191.339996337891,18.25,17.1000003814697,1282.86999511719
2016-09-06 03:00:00,10.3500003814697,10.20599785305158,195.809997558594,18.2299995422363,17.1000003814697,1443.53002929688
2016-09-06 03:10:00,10.710000038147,10.560505501221328,195.9299926757809,18.2700004577637,17.1000003814697,1600.66003417969
2016-09-06 03:20:00,10.5,10.353555159590998,195.160003662109,18.2600002288818,17.1000003814697,1526.18005371094
2016-09-06 03:30:00,9.86999988555908,9.731562592238529,203.9299926757809,18.3299999237061,17.1000003814697,1271.7099609375
2016-09-06 03:40:00,10.2299995422363,10.085129060152395,190.3200073242189,18.4500007629395,17.1000003814697,1340.36999511719
2016-09-06 03:50:00,9.72999954223633,9.590455967281606,191.610000610352,18.6100006103516,16.9500007629395,1191.80004882813
2016-09-06 04:00:00,7.94999980926514,7.835805214610016,184.02000427246088,18.6299991607666,15.3999996185303,672.799987792969
2016-09-06 04:10:00,7.55000019073486,7.43900256978441,176.11999511718795,18.9300003051758,14.3199996948242,533.97998046875
2016-09-06 04:20:00,8.4399995803833,8.312598468728414,171.19000244140602,19.2800006866455,15.9799995422363,770.77001953125
2016-09-06 04:30:00,8.94999980926514,8.814297500681821,172.779998779297,19.3400001525879,16.6599998474121,963.080017089844
2016-09-06 04:40:00,8.5,8.377139605716572,172.71000671386696,18.7099990844727,16.2399997711182,808.840026855469
2016-09-06 04:50:00,8.89000034332275,8.76250368478017,175.41000366210903,18.6100006103516,16.6299991607666,948.960021972656
2016-09-06 05:00:00,8.94999980926514,8.821441114308776,192.759994506836,18.6299991607666,16.8400001525879,986.760009765625
2016-09-06 05:10:00,9.32999992370605,9.196508201618988,184.160003662109,18.5799999237061,16.7399997711182,1093.77001953125
2016-09-06 05:20:00,10.210000038147,10.063802463981894,186.119995117188,18.5900001525879,17.1000003814697,1392.68005371094
2016-09-06 05:30:00,10.1400003433228,9.993549233543492,190.139999389648,18.7000007629395,17.0,1298.16003417969
2016-09-06 05:40:00,9.60000038146973,9.45972807512184,187.4199981689449,18.8500003814697,16.9699993133545,1145.67004394531
2016-09-06 05:50:00,10.3299999237061,10.179758369786828,193.070007324219,18.7900009155273,17.1000003814697,1403.02001953125
2016-09-06 06:00:00,10.460000038147,10.307161676537971,195.58999633789097,18.8500003814697,17.0900001525879,1404.06005859375
2016-09-06 06:10:00,10.9700002670288,10.80884628827862,196.550003051758,18.9200000762939,17.1000003814697,1565.59997558594
2016-09-06 06:20:00,10.3100004196167,10.15657194935176,205.929992675781,19.0900001525879,17.1000003814697,1419.48999023438
2016-09-06 06:30:00,10.6700000762939,10.510135451446793,200.309997558594,19.1800003051758,17.1000003814697,1511.81994628906
2016-09-06 06:40:00,10.8999996185303,10.736688996469349,200.89999389648392,19.1800003051758,17.1000003814697,1502.83996582031
2016-09-06 06:50:00,10.2299995422363,10.075923103933064,201.470001220703,19.25,17.1000003814697,1339.81005859375
2016-09-06 07:00:00,9.40999984741211,9.267111670846916,212.600006103516,19.3600006103516,16.7800006866455,1029.7900390625
2016-09-06 07:10:00,10.6899995803833,10.526355654089,203.10000610351597,19.4699993133545,17.0,1423.09997558594
2016-09-06 07:20:00,11.3999996185303,11.226382169911773,190.259994506836,19.3999996185303,17.0799999237061,1608.7900390625
2016-09-06 07:30:00,11.5900001525879,11.413359025560856,211.8600006103519,19.4099998474121,17.1000003814697,1723.41003417969
2016-09-06 07:40:00,10.1099996566772,9.954214022389696,200.85000610351597,19.5599994659424,17.0599994659424,1265.02001953125
2016-09-06 07:50:00,9.48999977111816,9.3418532412529,193.25,19.7399997711182,16.9200000762939,1064.86999511719
2016-09-06 08:00:00,10.789999961853,10.61986757849938,202.21000671386693,19.8799991607666,17.1000003814697,1554.0
2016-09-06 08:10:00,10.6999998092651,10.530328306719795,215.61999511718795,19.9599990844727,17.0699996948242,1438.78002929688
2016-09-06 08:20:00,10.5699996948242,10.399670150997755,209.7700042724609,20.1900005340576,16.8799991607666,1383.88000488281
2016-09-06 08:30:00,10.4700002670288,10.298123563323776,211.009994506836,20.4599990844727,17.0,1408.94995117188
2016-09-06 08:40:00,10.1999998092651,10.027548907472791,216.11999511718795,20.8999996185303,16.9599990844727,1328.81994628906
2016-09-06 08:50:00,9.82999992370605,9.661833523338828,214.88000488281293,21.0799999237061,16.9099998474121,1269.18994140625
2016-09-06 09:00:00,9.19999980926514,9.040256139745876,216.27999877929693,21.3099994659424,16.6700000762939,1036.57995605469
2016-09-06 09:10:00,8.89000034332275,8.729911301820735,225.47999572753895,21.8899993896484,16.3999996185303,928.059997558594
2016-09-06 09:20:00,9.92000007629395,9.73729432494684,221.58999633789097,22.2600002288818,16.3999996185303,1237.81994628906
2016-09-06 09:30:00,9.47999954223633,9.302669288219818,224.91999816894491,22.5200004577637,16.6200008392334,1123.68994140625
2016-09-06 09:40:00,9.3100004196167,9.13183681231372,227.089996337891,22.9099998474121,16.25,935.960021972656
2016-09-06 09:50:00,9.14999961853027,8.972272196341702,233.389999389648,23.1700000762939,16.4300003051758,1047.4599609375
2016-09-06 10:00:00,9.85000038146973,9.66106781799842,221.110000610352,22.9500007629395,16.5599994659424,1245.76000976563
2016-09-06 10:10:00,9.07999992370605,8.903632158985653,218.41999816894491,23.1700000762939,16.3700008392334,975.159973144531
2016-09-06 10:20:00,6.65999984741211,6.52762835101194,223.729995727539,23.5799999237061,12.5500001907349,329.450012207031
2016-09-06 10:30:00,7.46000003814697,7.307461927815797,222.7100067138669,24.1000003814697,14.210000038147,527.369995117188
2016-09-06 10:40:00,7.1399998664856,6.99149698798819,228.350006103516,24.4200000762939,13.6300001144409,444.880004882813
2016-09-06 10:50:00,7.42999982833862,7.272859235053955,211.509994506836,24.7399997711182,13.8299999237061,511.880004882813
2016-09-06 11:00:00,6.92000007629395,6.7720547376176805,215.119995117188,24.9500007629395,12.8199996948242,363.140014648438
2016-09-06 11:10:00,8.10000038146973,7.928778353016216,214.94999694824196,24.7299995422363,15.1300001144409,651.119995117188
2016-09-06 11:20:00,8.8100004196167,8.625314617864815,213.5,24.5699996948242,16.2800006866455,865.539978027344
2016-09-06 11:30:00,8.25,8.078953563173133,234.399993896484,24.3600006103516,15.8100004196167,760.140014648438
2016-09-06 11:40:00,6.82000017166138,6.678302503544298,215.22000122070293,24.3999996185303,12.8699998855591,369.429992675781
2016-09-06 11:50:00,7.6100001335144,7.445887877271183,224.479995727539,25.1200008392334,14.0500001907349,501.769989013672
2016-09-06 12:00:00,7.80999994277954,7.637224253212288,201.880004882813,25.6299991607666,14.6099996566772,597.659973144531
2016-09-06 12:10:00,8.02999973297119,7.852181921641929,235.17999267578097,25.6499996185303,15.9300003051758,759.489990234375
2016-09-06 12:20:00,6.88000011444092,6.731028828748863,231.74000549316395,25.2000007629395,13.0500001907349,385.130004882813
2016-09-06 12:30:00,6.26999998092651,6.131292736595124,202.669998168945,25.6299991607666,11.6999998092651,236.880004882813
2016-09-06 12:40:00,6.17999982833862,6.040858360212292,223.64999389648395,25.9899997711182,12.1499996185303,284.149993896484
2016-09-06 12:50:00,6.51000022888184,6.3588972194001,215.33999633789097,26.6299991607666,12.6700000762939,323.940002441406
2016-09-06 13:00:00,5.8600001335144,5.720868920722614,210.33000183105491,27.1200008392334,11.6300001144409,239.009994506836
2016-09-06 13:10:00,6.19000005722046,6.042698432379201,227.8399963378909,27.1700000762939,11.8100004196167,255.059997558594
2016-09-06 13:20:00,6.67000007629395,6.513662703065956,206.639999389648,26.8400001525879,12.1400003433228,294.839996337891
2016-09-06 13:30:00,6.59999990463257,6.450252416082735,232.059997558594,26.1499996185303,12.7200002670288,348.760009765625
2016-09-06 13:40:00,6.03000020980835,5.896010378522012,225.100006103516,25.7199993133545,11.4899997711182,225.440002441406
2016-09-06 13:50:00,6.0,5.867003979715726,210.080001831055,25.6700000762939,11.4499998092651,217.710006713867
2016-09-06 14:00:00,5.76999998092651,5.64021528202647,215.33000183105497,25.9699993133545,11.3999996185303,206.539993286133
2016-09-06 14:10:00,5.65000009536743,5.522914555751066,233.22999572753895,25.9699993133545,11.5100002288818,221.880004882813
2016-09-06 14:20:00,4.0,3.909853659350065,216.27999877929693,26.0100002288818,10.8100004196167,39.3899993896484
2016-09-06 14:30:00,5.1399998664856,5.026571305651788,225.039993286133,25.5799999237061,10.8299999237061,104.220001220703
2016-09-06 14:40:00,4.44999980926514,4.354618106845671,234.91999816894497,25.0,10.8299999237061,45.6599998474121
2016-09-06 14:50:00,4.17000007629395,4.081487094136728,238.190002441406,24.8099994659424,9.6899995803833,28.7700004577637
2016-09-06 15:00:00,4.05000019073486,3.9629263024761214,220.800003051758,25.0599994659424,6.01000022888184,26.7800006866455
2016-09-06 15:10:00,4.07999992370605,3.9917010890032554,249.63999938964804,25.1900005340576,9.60999965667725,35.75
2016-09-06 15:20:00,3.32999992370605,3.25775051251939,223.729995727539,25.2399997711182,2.9300000667572,8.43000030517578
2016-09-06 15:30:00,5.59000015258789,5.469694411020567,214.72999572753892,25.0799999237061,11.1499996185303,191.490005493164
2016-09-06 15:40:00,5.69999980926514,5.578199701899988,201.71000671386693,24.9400005340576,10.9499998092651,172.619995117188
2016-09-06 15:50:00,4.65000009536743,4.551044009861952,203.88999938964795,24.8600006103516,10.8199996948242,70.120002746582
2016-09-06 16:00:00,5.03000020980835,4.923728543891347,204.300003051758,24.7199993133545,10.8199996948242,102.830001831055
2016-09-06 16:10:00,5.30000019073486,5.192618698956429,178.35000610351608,23.9300003051758,10.8800001144409,114.720001220703
2016-09-06 16:20:00,5.40000009536743,5.293326026830193,208.770004272461,23.4699993133545,11.0600004196167,183.029998779297
2016-09-06 16:30:00,5.21999979019165,5.117169068312113,218.14999389648395,23.4200000762939,10.8599996566772,143.339996337891
2016-09-06 16:40:00,5.59000015258789,5.477972643755324,215.179992675781,23.7299995422363,11.1800003051758,205.610000610352
2016-09-06 16:50:00,5.8899998664856,5.770729344650792,215.889999389648,23.9200000762939,11.7700004577637,267.609985351563
2016-09-06 17:00:00,5.90000009536743,5.780591936751815,220.05999755859392,23.9099998474121,11.7700004577637,258.089996337891
2016-09-06 17:10:00,6.46000003814697,6.330679290407381,211.03999328613295,23.7099990844727,12.4099998474121,320.809997558594
2016-09-06 17:20:00,5.82000017166138,5.708366921991254,217.75999450683597,22.9500007629395,11.6599998474121,245.699996948242
2016-09-06 17:30:00,5.53999996185303,5.435880031333742,190.5800018310549,22.6000003814697,11.0299997329712,176.630004882813
2016-09-06 17:40:00,5.98999977111816,5.878350154359396,200.350006103516,22.4599990844727,12.0699996948242,290.339996337891
2016-09-06 17:50:00,5.59000015258789,5.484384243773768,202.24999999999997,22.6900005340576,11.3000001907349,213.210006713867
2016-09-06 18:00:00,5.26999998092651,5.170663120950586,201.550003051758,22.6499996185303,11.0600004196167,176.009994506836
2016-09-06 18:10:00,5.53000020980835,5.42619053710489,203.27999877929693,22.5799999237061,11.0799999237061,192.529998779297
2016-09-06 18:20:00,6.44000005722046,6.321816690110934,214.3200073242189,22.2000007629395,12.6499996185303,354.290008544922
2016-09-06 18:30:00,6.8600001335144,6.742108281914797,203.97999572753895,21.1499996185303,13.7299995422363,452.829986572266
2016-09-06 18:40:00,7.07000017166138,6.951650272315097,197.910003662109,20.75,13.3400001525879,415.040008544922
2016-09-06 18:50:00,7.48000001907349,7.350870461986271,194.52000427246097,21.2199993133545,14.2399997711182,513.070007324219
2016-09-06 19:00:00,6.98000001907349,6.856785663525898,186.8300018310549,21.5699996948242,13.5600004196167,440.709991455078
2016-09-06 19:10:00,5.98999977111816,5.883130431916761,194.029998779297,21.7399997711182,11.6999998092651,259.839996337891
2016-09-06 19:20:00,6.46999979019165,6.356651053853768,188.929992675781,21.4500007629395,12.3900003433228,329.410003662109
2016-09-06 19:30:00,6.65000009536743,6.538532567694715,190.809997558594,20.7700004577637,13.0600004196167,384.549987792969
2016-09-06 19:40:00,6.07000017166138,5.969541208917379,196.02999877929693,20.5799999237061,12.0100002288818,287.070007324219
2016-09-06 19:50:00,6.46000003814697,6.350493182202691,198.649993896484,20.9400005340576,13.0699996948242,389.220001220703
2016-09-06 20:00:00,5.6399998664856,5.5431997821469,209.070007324219,21.1299991607666,11.210000038147,209.130004882813
2016-09-06 20:10:00,6.32999992370605,6.221357274595399,210.25,21.1299991607666,12.2799997329712,313.730010986328
2016-09-06 20:20:00,7.46000003814697,7.332876807532997,209.53999328613295,21.0200004577637,14.460000038147,570.239990234375
2016-09-06 20:30:00,7.48000001907349,7.360133213641473,217.639999389648,20.1100006103516,15.0799999237061,632.210021972656
2016-09-06 20:40:00,8.38000011444092,8.248430648789196,232.49999999999997,19.8199996948242,16.5400009155273,865.760009765625
2016-09-06 20:50:00,7.6100001335144,7.490093899025507,228.039993286133,19.8700008392334,15.1800003051758,652.940002441406
2016-09-06 21:00:00,6.21000003814697,6.110623868203113,217.72000122070295,20.0900001525879,12.0200004577637,284.660003662109
2016-09-06 21:10:00,6.5,6.393440429170551,204.149993896484,20.4400005340576,12.4799995422363,335.260009765625
2016-09-06 21:20:00,7.82000017166138,7.691451526982358,203.410003662109,20.4799995422363,14.8800001144409,607.47998046875
2016-09-06 21:30:00,7.19000005722046,7.0718076349303445,207.830001831055,20.4799995422363,14.1400003433228,510.579986572266
2016-09-06 21:40:00,8.40999984741211,8.278053562231936,217.860000610352,19.8099994659424,16.3500003814697,893.619995117188
2016-09-06 21:50:00,8.15999984741211,8.037558319502034,212.860000610352,19.2000007629395,15.75,751.469970703125
2016-09-06 22:00:00,7.21000003814697,7.101651413767036,206.1799926757809,19.2199993133545,13.8699998855591,475.779998779297
2016-09-06 22:10:00,6.71000003814697,6.607508274424728,208.72999572753892,19.4400005340576,12.9700002670288,381.529998779297
2016-09-06 22:20:00,6.71999979019165,6.614267252301008,203.19000244140597,19.8500003814697,13.1099996566772,395.959991455078
2016-09-06 22:30:00,6.6399998664856,6.534634077607913,204.55999755859392,19.9699993133545,12.8500003814697,365.519989013672
2016-09-06 22:40:00,6.5,6.396492087679019,208.339996337891,20.0200004577637,12.7700004577637,360.730010986328
2016-09-06 22:50:00,6.26999998092651,6.171628611060482,191.369995117188,19.8099994659424,11.8699998855591,279.940002441406
2016-09-06 23:00:00,6.96000003814697,6.855486463481482,203.19999694824196,19.2099990844727,13.4499998092651,435.269989013672
2016-09-06 23:10:00,6.8600001335144,6.758221271379,204.059997558594,19.0499992370605,13.3599996566772,422.579986572266
2016-09-06 23:20:00,6.73999977111816,6.637049777064184,200.940002441406,19.4400005340576,13.1000003814697,391.010009765625
2016-09-06 23:30:00,7.53999996185303,7.423054901903792,186.940002441406,19.6499996185303,14.5799999237061,562.619995117188
2016-09-06 23:40:00,7.34999990463257,7.238887237349735,209.97999572753892,19.2999992370605,14.7299995422363,576.809997558594
2016-09-06 23:50:00,6.86999988555908,6.766374923218724,197.809997558594,19.2700004577637,13.3400001525879,419.779998779297
2016-09-07 00:00:00,6.82000017166138,6.714298716489623,208.39999389648392,19.6399993896484,13.5200004577637,436.709991455078
2016-09-07 00:10:00,6.55999994277954,6.460756356849362,201.74000549316403,19.3099994659424,12.9200000762939,372.369995117188
2016-09-07 00:20:00,6.8899998664856,6.787930773077952,195.47999572753892,19.0300006866455,13.1899995803833,403.109985351563
2016-09-07 00:30:00,7.03000020980835,6.924751306206242,193.1799926757809,19.1700000762939,13.8299999237061,475.480010986328
2016-09-07 00:40:00,6.90999984741211,6.802980962777724,188.910003662109,19.6299991607666,13.3999996185303,419.589996337891
2016-09-07 00:50:00,6.96999979019165,6.860489854756738,187.850006103516,19.8299999237061,13.5900001525879,445.100006103516
2016-09-07 01:00:00,6.30000019073486,6.200241157302003,182.99999999999997,19.9400005340576,11.8900003433228,282.690002441406
2016-09-07 01:10:00,6.3600001335144,6.2625690711145845,188.27999877929696,19.4799995422363,11.9799995422363,288.709991455078
2016-09-07 01:20:00,6.07999992370605,5.989383655845966,188.7799987792969,19.1100006103516,11.6199998855591,252.470001220703
2016-09-07 01:30:00,6.01999998092651,5.930142693661006,179.83000183105503,19.1299991607666,11.4300003051758,232.5
2016-09-07 01:40:00,6.34999990463257,6.252579593587424,173.05999755859398,19.5,11.8999996185303,284.299987792969
2016-09-07 01:50:00,6.36999988555908,6.270915919751186,188.3800048828129,19.6900005340576,12.539999961853,336.940002441406
2016-09-07 02:00:00,6.46999979019165,6.368780445507092,182.229995727539,19.7700004577637,12.6800003051758,349.040008544922
2016-09-07 02:10:00,5.59999990463257,5.512203029814612,179.35000610351597,19.7999992370605,11.1499996185303,211.529998779297
2016-09-07 02:20:00,5.76000022888184,5.673635602220823,187.94000244140597,19.1900005340576,11.5200004577637,242.169998168945
2016-09-07 02:30:00,5.15999984741211,5.083907163913845,188.72000122070295,18.9699993133545,11.0,140.720001220703
2016-09-07 02:40:00,4.90000009536743,4.8265301887598895,192.30000305175795,19.1900005340576,10.8599996566772,119.650001525879
2016-09-07 02:50:00,5.19999980926514,5.12016422819209,192.429992675781,19.5100002288818,10.9499998092651,146.029998779297
2016-09-07 03:00:00,6.0,5.90700751978485,184.839996337891,19.6399993896484,11.8000001907349,264.019989013672
2016-09-07 03:10:00,6.55000019073486,6.447896190767205,180.44999694824196,19.7199993133545,12.4200000762939,327.940002441406
2016-09-07 03:20:00,6.92000007629395,6.812205907966197,184.32000732421895,19.7099990844727,13.3699998855591,420.339996337891
2016-09-07 03:30:00,7.26000022888184,7.153021211005725,194.72999572753892,18.9599990844727,14.2299995422363,523.190002441406
2016-09-07 03:40:00,7.80999994277954,7.698344033132792,197.88999938964795,18.5699996948242,15.3199996948242,688.52001953125
2016-09-07 03:50:00,7.40000009536743,7.293455790400781,191.1799926757809,18.6599998474121,14.460000038147,560.349975585938
2016-09-07 04:00:00,6.67000007629395,6.570140876563563,184.75,19.1700000762939,12.8299999237061,365.290008544922
2016-09-07 04:10:00,6.34999990463257,6.253505695183802,193.99999999999997,19.3700008392334,12.5500001907349,338.109985351563
2016-09-07 04:20:00,6.3899998664856,6.292037554601667,196.440002441406,19.4899997711182,12.5799999237061,342.0
2016-09-07 04:30:00,7.26000022888184,7.1491074980544544,209.16999816894491,19.4400005340576,14.3800001144409,535.590026855469
2016-09-07 04:40:00,7.07999992370605,6.976708395862359,200.199996948242,18.8299999237061,13.5600004196167,446.339996337891
2016-09-07 04:50:00,6.55999994277954,6.466510261453434,191.22000122070293,18.5300006866455,12.4499998092651,332.170013427734
2016-09-07 05:00:00,6.3899998664856,6.296774886790292,198.88999938964795,18.8299999237061,12.789999961853,364.049987792969
2016-09-07 05:10:00,7.48000001907349,7.367677959273699,200.83000183105497,19.2099990844727,14.8199996948242,607.590026855469
2016-09-07 05:20:00,6.71999979019165,6.618033920110399,198.270004272461,19.3500003814697,13.4700002670288,430.829986572266
2016-09-07 05:30:00,7.01000022888184,6.903476694947901,191.28999328613295,19.3700008392334,13.7399997711182,459.679992675781
2016-09-07 05:40:00,6.8600001335144,6.760149767457031,182.99000549316395,18.7999992370605,13.1599998474121,398.079986572266
2016-09-07 05:50:00,6.19999980926514,6.112339264811447,184.52999877929696,18.4300003051758,11.8699998855591,277.769989013672
2016-09-07 06:00:00,6.65999984741211,6.565235082372114,197.399993896484,18.5100002288818,13.5600004196167,441.070007324219
2016-09-07 06:10:00,6.59999990463257,6.502820450037067,198.41000366210892,18.9500007629395,13.4700002670288,430.010009765625
2016-09-07 06:20:00,6.84999990463257,6.75083467979664,194.220001220703,18.7299995422363,13.5799999237061,440.739990234375
2016-09-07 06:30:00,6.44000005722046,6.346915240018648,197.240005493164,18.7099990844727,12.8299999237061,366.720001220703
2016-09-07 06:40:00,6.26999998092651,6.176270203069019,196.36999511718795,19.1499996185303,12.3199996948242,319.720001220703
2016-09-07 06:50:00,6.73000001907349,6.6284112126166495,197.1799926757809,19.2800006866455,13.5699996948242,439.679992675781
2016-09-07 07:00:00,6.48999977111816,6.395534925601253,199.47000122070295,18.7999992370605,12.8100004196167,363.529998779297
2016-09-07 07:10:00,6.61999988555908,6.524835001775445,196.449996948242,18.6399993896484,13.1000003814697,394.779998779297
2016-09-07 07:20:00,6.69999980926514,6.601423275571858,196.710006713867,18.9400005340576,13.5100002288818,434.390014648438
2016-09-07 07:30:00,6.44999980926514,6.352275569840015,195.259994506836,19.3299999237061,12.8800001144409,369.399993896484
2016-09-07 07:40:00,5.94999980926514,5.857848961620644,196.440002441406,19.6299991607666,12.0200004577637,289.359985351563
2016-09-07 07:50:00,6.61999988555908,6.514210754639614,198.460006713867,20.0699996948242,12.9899997711182,388.390014648438
2016-09-07 08:00:00,7.40999984741211,7.293161947583824,203.57000732421892,19.8799991607666,14.3699998855591,537.280029296875
2016-09-07 08:10:00,6.94999980926514,6.842517221621218,207.49000549316395,19.6100006103516,13.4499998092651,434.440002441406
2016-09-07 08:20:00,8.03999996185303,7.914579172963673,213.16000366210895,19.7299995422363,15.6499996185303,730.909973144531
2016-09-07 08:30:00,7.53999996185303,7.417064609995534,204.80999755859395,20.3600006103516,14.6700000762939,593.539978027344
2016-09-07 08:40:00,6.55000019073486,6.440208864863204,205.25999450683597,20.7700004577637,12.3500003814697,322.589996337891
2016-09-07 08:50:00,5.36999988555908,5.277953409245275,209.85000610351597,21.1100006103516,10.8699998855591,143.789993286133
2016-09-07 09:00:00,7.94000005722046,7.805581894299417,193.139999389648,20.9200000762939,15.0200004577637,622.169982910156
2016-09-07 09:10:00,5.92999982833862,5.829807697626038,216.0299987792969,20.8899993896484,11.5600004196167,226.610000610352
2016-09-07 09:20:00,6.90000009536743,6.778964739489107,223.100006103516,21.4699993133545,12.6199998855591,350.140014648438
2016-09-07 09:30:00,6.42000007629395,6.303535729420651,203.410003662109,22.0100002288818,12.5,328.660003662109
2016-09-07 09:40:00,4.73000001907349,4.642516600469515,216.130004882813,22.3299999237061,10.8100004196167,88.6399993896484
2016-09-07 09:50:00,6.01999998092651,5.907591338274229,205.13999938964795,22.4899997711182,11.9700002670288,273.540008544922
2016-09-07 10:00:00,7.1100001335144,6.977081095196068,201.78999328613293,22.5100002288818,13.8999996185303,475.640014648438
2016-09-07 10:10:00,7.3600001335144,7.225504316723348,201.75,22.1299991607666,13.6000003814697,450.529998779297
2016-09-07 10:20:00,8.22000026702881,8.072341239345983,205.509994506836,21.8500003814697,15.710000038147,728.409973144531
2016-09-07 10:30:00,7.40000009536743,7.265265446013396,213.02999877929693,22.0699996948242,13.8699998855591,474.309997558594
2016-09-07 10:40:00,8.76000022888184,8.594684907386968,211.580001831055,22.6700000762939,16.4500007629395,877.890014648438
2016-09-07 10:50:00,9.02999973297119,8.858890382995588,213.940002441406,22.7399997711182,16.8799991607666,972.599975585938
2016-09-07 11:00:00,8.93000030517578,8.768695631014113,210.1100006103519,21.9400005340576,16.5799999237061,952.280029296875
2016-09-07 11:10:00,7.23000001907349,7.096197953611946,220.80999755859403,22.3400001525879,13.3299999237061,426.929992675781
2016-09-07 11:20:00,7.80999994277954,7.662439975108872,193.50999450683597,22.6900005340576,14.3199996948242,545.369995117188
2016-09-07 11:30:00,7.80000019073486,7.649011134412044,219.0200042724609,23.1100006103516,15.0600004196167,631.669982910156
2016-09-07 11:40:00,8.1899995803833,8.028751968602865,212.75,23.4099998474121,15.3400001525879,726.130004882813
2016-09-07 11:50:00,7.96999979019165,7.818888281335334,218.399993896484,22.75,15.4499998092651,717.119995117188
2016-09-07 12:00:00,7.36999988555908,7.232627983359291,214.509994506836,22.4599990844727,13.75,467.320007324219
2016-09-07 12:10:00,7.69000005722046,7.54589784485893,208.24999999999997,22.5499992370605,14.9499998092651,632.369995117188
2016-09-07 12:20:00,7.69000005722046,7.545217467904243,219.36000061035196,22.6299991607666,15.0600004196167,625.929992675781
2016-09-07 12:30:00,7.61999988555908,7.471654641163186,200.149993896484,23.2099990844727,14.6999998092651,573.289978027344
2016-09-07 12:40:00,8.28999996185303,8.128885525290782,194.33000183105497,23.1800003051758,15.710000038147,722.5
2016-09-07 12:50:00,8.42000007629395,8.255244943354,206.699996948242,23.2999992370605,15.8599996566772,760.030029296875
2016-09-07 13:00:00,9.0600004196167,8.883621417430357,203.410003662109,23.2099990844727,16.6399993896484,984.849975585938
2016-09-07 13:10:00,8.68000030517578,8.512072360105286,215.970001220703,23.1000003814697,16.7399997711182,922.739990234375
2016-09-07 13:20:00,8.72000026702881,8.547933507573152,212.1600036621089,23.4500007629395,16.4799995422363,881.869995117188
2016-09-07 13:30:00,8.97000026702881,8.792209984256976,212.600006103516,23.5300006866455,16.8299999237061,984.760009765625
2016-09-07 13:40:00,8.22999954223633,8.067964397043127,221.49000549316395,23.4099998474121,8.75,351.309997558594
2016-09-07 13:50:00,7.3899998664856,7.244014433462377,207.64999389648403,23.4699993133545,11.1099996566772,356.079986572266
2016-09-07 14:00:00,7.57999992370605,7.425924247400485,193.9499969482419,23.9899997711182,14.25,544.340026855469
2016-09-07 14:10:00,7.3899998664856,7.238730733452701,216.759994506836,24.1200008392334,14.9099998474121,595.97998046875
2016-09-07 14:20:00,7.63000011444092,7.47818126701338,211.320007324219,23.6000003814697,14.9300003051758,605.580017089844
2016-09-07 14:30:00,7.3899998664856,7.2480893248839475,209.089996337891,22.9699993133545,14.539999961853,555.960021972656
2016-09-07 14:40:00,7.23000001907349,7.093318484873433,201.850006103516,22.7000007629395,13.6199998855591,442.929992675781
2016-09-07 14:50:00,8.18000030517578,8.026354116435334,191.880004882813,22.5900001525879,15.3699998855591,665.140014648438
2016-09-07 15:00:00,7.3600001335144,7.217934500170965,204.729995727539,23.0599994659424,15.0299997329712,606.940002441406
2016-09-07 15:10:00,7.44000005722046,7.291797944163183,208.25999450683597,23.6200008392334,14.4200000762939,534.340026855469
2016-09-07 15:20:00,7.23999977111816,7.095701906544689,216.190002441406,23.6299991607666,14.039999961853,489.899993896484
2016-09-07 15:30:00,6.88000011444092,6.747959086229376,211.53999328613304,22.9599990844727,12.8800001144409,369.660003662109
2016-09-07 15:40:00,6.67999982833862,6.554011320291963,205.57000732421895,22.6599998474121,13.210000038147,399.980010986328
2016-09-07 15:50:00,6.38000011444092,6.259246606335465,204.0800018310549,22.7199993133545,12.7399997711182,349.660003662109
2016-09-07 16:00:00,6.13000011444092,6.010662006989376,202.429992675781,23.2099990844727,12.0799999237061,291.769989013672
2016-09-07 16:10:00,6.44000005722046,6.313136095265411,220.089996337891,23.4200000762939,12.5,330.799987792969
2016-09-07 16:20:00,5.92000007629395,5.802792855647799,211.63000488281293,23.5100002288818,11.7299995422363,248.860000610352
2016-09-07 16:30:00,5.98000001907349,5.864835693540431,200.7799987792969,23.0200004577637,11.5500001907349,247.699996948242
2016-09-07 16:40:00,4.67999982833862,4.591111692045834,202.72000122070293,22.7800006866455,10.8199996948242,87.75
2016-09-07 16:50:00,4.76000022888184,4.669592629604482,201.80999755859395,22.7800006866455,10.8599996566772,94.6600036621094
2016-09-07 17:00:00,5.05000019073486,4.952634551027968,199.1000061035159,23.0400009155273,10.8100004196167,119.720001220703
2016-09-07 17:10:00,5.07999992370605,4.981103094108788,186.889999389648,23.2099990844727,10.8100004196167,101.569999694824
2016-09-07 17:20:00,5.51000022888184,5.402610672226946,191.9999999999999,23.2299995422363,10.8900003433228,160.440002441406
2016-09-07 17:30:00,5.71999979019165,5.609211376897155,179.96000671386696,23.1200008392334,10.9399995803833,198.979995727539
2016-09-07 17:40:00,5.15000009536743,5.053437745027395,195.6799926757809,22.5599994659424,10.8100004196167,123.319999694824
2016-09-07 17:50:00,4.19000005722046,4.112457780531513,186.2100067138669,22.3400001525879,10.8100004196167,24.6200008392334
2016-09-07 18:00:00,4.19000005722046,4.11217947232652,190.97000122070293,22.3999996185303,10.8100004196167,32.560001373291
2016-09-07 18:10:00,4.21999979019165,4.14078156588644,195.74999999999997,22.5799999237061,10.8100004196167,41.7599983215332
2016-09-07 18:20:00,3.82999992370605,3.757721652910432,200.58000183105491,22.6700000762939,10.8100004196167,4.98999977111816
2016-09-07 18:30:00,3.88000011444092,3.806864055718008,193.61000061035196,22.6499996185303,10.8100004196167,11.75
2016-09-07 18:40:00,3.00999999046326,2.953362840853285,194.2100067138669,22.6200008392334,6.17000007629395,-9.35999965667725
2016-09-07 18:50:00,2.9300000667572,2.8749330260581187,188.389999389648,22.6000003814697,1.05999994277954,-1.63999998569489
2016-09-07 19:00:00,3.03999996185303,2.9828655598699467,193.22999572753892,22.6000003814697,1.16999995708466,-1.76999998092651
2016-09-07 19:10:00,3.02999997138977,2.973254588548993,190.809997558594,22.5400009155273,1.08000004291534,-1.62000000476837
2016-09-07 19:20:00,2.84999990463257,2.7968147251297446,177.72999572753906,22.4799995422363,0.769999980926514,-1.5900000333786
2016-09-07 19:30:00,3.33999991416931,3.278521063775944,119.69000244140602,22.25,1.4099999666214,-4.21999979019165
2016-09-07 19:40:00,4.44000005722046,4.358863994256417,129.630004882813,22.1299991607666,10.8000001907349,68.379997253418
2016-09-07 19:50:00,4.51999998092651,4.437402008331098,134.30000305175804,22.1299991607666,10.8100004196167,84.0400009155273
2016-09-07 20:00:00,5.32000017166138,5.223608762249662,106.11000061035202,21.9899997711182,10.8100004196167,145.720001220703
2016-09-07 20:10:00,5.55999994277954,5.463397355136924,117.73999786377,21.3199996948242,10.8800001144409,193.259994506836
2016-09-07 20:20:00,5.98000001907349,5.878096947007948,110.33999633789097,21.0200004577637,11.4200000762939,240.460006713867
2016-09-07 20:30:00,5.75,5.652400606936138,136.41999816894503,20.9599990844727,11.3900003433228,235.630004882813
2016-09-07 20:40:00,6.59000015258789,6.474915455113046,116.84999847412098,21.3999996185303,12.7299995422363,353.679992675781
2016-09-07 20:50:00,6.53000020980835,6.415382568988493,136.33000183105497,21.4799995422363,13.1499996185303,392.350006103516
2016-09-07 21:00:00,6.53999996185303,6.426661298233489,154.80000305175804,21.2800006866455,13.1800003051758,411.660003662109
2016-09-07 21:10:00,6.71000003814697,6.6011971580178725,149.619995117188,20.2800006866455,13.4700002670288,428.910003662109
2016-09-07 21:20:00,6.55000019073486,6.4479695815842,126.5,19.7099990844727,12.6999998092651,351.049987792969
2016-09-07 21:30:00,7.3899998664856,7.274801618522807,140.470001220703,19.7199993133545,14.710000038147,577.890014648438
2016-09-07 21:40:00,7.90999984741211,7.78474684497691,136.619995117188,19.9400005340576,15.7600002288818,713.97998046875
2016-09-07 21:50:00,7.28999996185303,7.176850686034963,141.88000488281295,19.6599998474121,14.75,581.830017089844
2016-09-07 22:00:00,7.3600001335144,7.245187070411053,145.97999572753906,19.7299995422363,15.1099996566772,624.219970703125
2016-09-07 22:10:00,7.48999977111816,7.375173838579854,157.28999328613304,19.4899997711182,15.3000001907349,651.219970703125
2016-09-07 22:20:00,8.81999969482422,8.690033458560718,145.16999816894497,18.9599990844727,16.8799991607666,946.710021972656
2016-09-07 22:30:00,9.18000030517578,9.047931130492785,144.5,18.6499996185303,17.0900001525879,1096.82995605469
2016-09-07 22:40:00,9.22999954223633,9.098042563685995,147.28999328613304,18.5699996948242,17.0200004577637,1109.13000488281
2016-09-07 22:50:00,9.17000007629395,9.038900881994218,144.19999694824202,18.5699996948242,17.0900001525879,1065.86999511719
2016-09-07 23:00:00,8.19999980926514,8.081844885694524,142.19000244140602,18.6700000762939,15.960000038147,748.669982910156
2016-09-07 23:10:00,7.96000003814697,7.841185418159029,133.779998779297,19.1299991607666,16.0699996948242,772.609985351563
2016-09-07 23:20:00,7.69000005722046,7.571159483587908,144.61000061035202,19.6000003814697,15.3999996185303,669.010009765625
2016-09-07 23:30:00,6.55000019073486,6.449952341537704,142.11999511718795,19.4400005340576,12.8800001144409,371.459991455078
2016-09-07 23:40:00,6.82000017166138,6.7159047266691445,132.770004272461,19.4300003051758,13.5200004577637,435.179992675781
2016-09-07 23:50:00,6.84999990463257,6.748754366881264,147.10000610351597,19.0,13.4499998092651,429.489990234375
2016-09-08 00:00:00,5.92000007629395,5.832833047970847,153.66000366210903,18.9500007629395,11.789999961853,272.899993896484
2016-09-08 00:10:00,6.75,6.648033515375857,152.38000488281295,19.2900009155273,13.7299995422363,460.519989013672
2016-09-08 00:20:00,6.53000020980835,6.4296719032802825,150.86000061035202,19.5200004577637,13.2600002288818,408.220001220703
2016-09-08 00:30:00,6.94000005722046,6.833138967766671,143.41999816894497,19.5499992370605,13.789999961853,465.040008544922
2016-09-08 00:40:00,6.65000009536743,6.550589723184465,148.529998779297,19.1499996185303,13.3500003814697,415.450012207031
2016-09-08 00:50:00,6.57999992370605,6.4855582251055335,146.770004272461,18.6200008392334,13.1800003051758,400.220001220703
2016-09-08 01:00:00,6.88000011444092,6.782492588801519,141.14999389648403,18.4599990844727,13.3500003814697,419.140014648438
2016-09-08 01:10:00,6.19999980926514,6.10829181950853,144.66999816894497,19.0100002288818,12.3900003433228,322.609985351563
2016-09-08 01:20:00,6.6399998664856,6.540067819593962,162.33999633789097,19.2399997711182,12.8699998855591,372.209991455078
2016-09-08 01:30:00,6.59999990463257,6.499262381211941,143.11000061035202,19.4300003051758,13.3000001907349,415.440002441406
2016-09-08 01:40:00,6.03999996185303,5.9488266505031016,148.83999633789097,19.2800006866455,12.0600004196167,294.299987792969
2016-09-08 01:50:00,6.1100001335144,6.020791389653084,139.30999755859398,18.8400001525879,11.8100004196167,272.359985351563
2016-09-08 02:00:00,4.57000017166138,4.503944639547774,144.85000610351602,18.7099990844727,10.8100004196167,78.9300003051758
2016-09-08 02:10:00,4.55999994277954,4.492293943723721,154.82000732421898,19.0599994659424,10.8199996948242,80.7399978637695
2016-09-08 02:20:00,6.38000011444092,6.283837790464283,154.85000610351597,19.2600002288818,12.7299995422363,359.420013427734
2016-09-08 02:30:00,5.80999994277954,5.72138558062106,141.91000366210903,19.4200000762939,11.789999961853,269.410003662109
2016-09-08 02:40:00,5.53999996185303,5.455379341304081,135.80000305175798,19.4400005340576,11.0,188.360000610352
2016-09-08 02:50:00,5.69999980926514,5.616584900928437,141.19999694824196,18.8700008392334,11.1199998855591,206.539993286133
2016-09-08 03:00:00,5.53999996185303,5.460984376597935,148.33999633789102,18.5400009155273,11.1700000762939,204.199996948242
2016-09-08 03:10:00,6.28999996185303,6.199933092853447,149.41000366210903,18.5900001525879,12.5100002288818,343.359985351563
2016-09-08 03:20:00,6.25,6.1579740000002765,150.71000671386696,18.9500007629395,12.7600002288818,359.959991455078
2016-09-08 03:30:00,8.10000038146973,7.980188321007682,159.71000671386696,19.0100002288818,15.6599998474121,726.080017089844
2016-09-08 03:40:00,6.80999994277954,6.710647498388983,149.53999328613304,18.8299999237061,13.6599998474121,458.649993896484
2016-09-08 03:50:00,5.82000017166138,5.7364011054424,151.770004272461,18.6299991607666,11.5900001525879,253.690002441406
2016-09-08 04:00:00,6.23999977111816,6.152125357950516,143.07000732421898,18.3799991607666,12.2700004577637,313.299987792969
2016-09-08 04:10:00,6.07999992370605,5.995064237875758,136.740005493164,18.2800006866455,11.6599998474121,260.760009765625
2016-09-08 04:20:00,5.03999996185303,4.967434652927733,142.69000244140602,18.6599998474121,10.8699998855591,145.199996948242
2016-09-08 04:30:00,5.21999979019165,5.14337447105092,143.41000366210903,18.9099998474121,10.8100004196167,161.720001220703
2016-09-08 04:40:00,4.78000020980835,4.7093500348549,142.380004882813,19.0,10.8100004196167,120.650001525879
2016-09-08 04:50:00,3.9300000667572,3.8714715358076814,157.36999511718795,19.1000003814697,10.8100004196167,16.1900005340576
2016-09-08 05:00:00,4.03999996185303,3.981059598428588,157.11000061035202,18.8299999237061,10.8100004196167,22.8999996185303
2016-09-08 05:10:00,4.34999990463257,4.288398085331678,145.57000732421898,18.4500007629395,10.8100004196167,55.6599998474121
2016-09-08 05:20:00,5.01000022888184,4.938995473410147,141.05999755859403,18.4599990844727,10.8100004196167,141.320007324219
2016-09-08 05:30:00,5.34000015258789,5.2622139832688735,134.19000244140602,18.8099994659424,10.8100004196167,175.460006713867
2016-09-08 05:40:00,5.21999979019165,5.142963622678966,136.38999938964798,18.9799995422363,10.9300003051758,169.270004272461
2016-09-08 05:50:00,5.46000003814697,5.378746942181476,141.63999938964798,19.0900001525879,11.0699996948242,207.059997558594
2016-09-08 06:00:00,5.80999994277954,5.723277212625884,139.86999511718807,19.1299991607666,11.4899997711182,245.869995117188
2016-09-08 06:10:00,5.8600001335144,5.775694539228184,140.44999694824202,18.6499996185303,11.1199998855591,218.729995727539
2016-09-08 06:20:00,5.38000011444092,5.303024178108861,148.619995117188,18.5799999237061,10.8599996566772,187.440002441406
2016-09-08 06:30:00,5.6399998664856,5.557336149968395,155.67999267578102,18.8899993896484,11.3599996566772,236.419998168945
2016-09-08 06:40:00,5.96999979019165,5.880352374185132,164.36999511718795,19.2099990844727,11.6099996566772,256.329986572266
2016-09-08 06:50:00,5.73000001907349,5.642541531276169,163.08000183105503,19.4300003051758,11.2600002288818,211.949996948242
2016-09-08 07:00:00,5.5,5.41389412297719,156.69000244140602,19.7800006866455,11.1499996185303,212.690002441406
2016-09-08 07:10:00,5.21000003814697,5.127442587429195,152.55000305175804,19.9500007629395,10.8800001144409,169.369995117188
2016-09-08 07:20:00,4.98000001907349,4.9028162601993,148.16000366210903,19.6399993896484,10.8199996948242,115.629997253418
2016-09-08 07:30:00,5.42999982833862,5.346937584236028,146.46000671386696,19.4599990844727,10.9300003051758,162.949996948242
2016-09-08 07:40:00,5.82999992370605,5.73925021073969,145.5,19.7000007629395,11.3400001525879,221.440002441406
2016-09-08 07:50:00,5.84999990463257,5.756188380226516,149.720001220703,20.1200008392334,11.4899997711182,240.949996948242
2016-09-08 08:00:00,4.86999988555908,4.790869411759128,156.33999633789097,20.3099994659424,10.8599996566772,113.209999084473
2016-09-08 08:10:00,4.96999979019165,4.888911286275228,148.86000061035202,20.3700008392334,10.8100004196167,120.610000610352
2016-09-08 08:20:00,5.30999994277954,5.223304826701629,144.279998779297,20.3799991607666,10.8100004196167,146.089996337891
2016-09-08 08:30:00,4.98000001907349,4.901087139392321,145.05000305175804,19.9500007629395,10.8100004196167,119.769996643066
2016-09-08 08:40:00,5.09000015258789,5.0087177128433,156.970001220703,20.0599994659424,10.8100004196167,124.23999786377
2016-09-08 08:50:00,5.36999988555908,5.280466892209438,158.10000610351597,20.6900005340576,11.0500001907349,165.75
2016-09-08 09:00:00,6.78999996185303,6.673689048285044,183.7400054931639,21.1000003814697,12.8999996185303,379.899993896484
2016-09-08 09:10:00,8.28999996185303,8.147532990097622,177.58999633789097,21.1499996185303,15.9300003051758,767.919982910156
2016-09-08 09:20:00,10.0100002288818,9.843105386605826,190.60000610351588,20.6900005340576,17.0699996948242,1270.31994628906
2016-09-08 09:30:00,11.8699998855591,11.685630655430694,212.75,19.6700000762939,17.0599994659424,1655.71997070313
2016-09-08 09:40:00,10.5600004196167,10.40855331998631,215.33999633789097,18.6100006103516,17.0799999237061,1407.41003417969
2016-09-08 09:50:00,9.86999988555908,9.736798801297232,209.86000061035196,17.8600006103516,16.6399993896484,1246.93994140625
2016-09-08 10:00:00,9.35999965667725,9.236750566774672,216.240005493164,17.5699996948242,16.7399997711182,1142.38000488281
2016-09-08 10:10:00,9.23999977111816,9.123354666246092,211.889999389648,17.0900001525879,16.8899993896484,1064.68994140625
2016-09-08 10:20:00,8.64999961853027,8.54531950956587,208.350006103516,16.6299991607666,16.1399993896484,843.239990234375
2016-09-08 10:30:00,10.3599996566772,10.237806192815064,200.1799926757809,16.3600006103516,17.0900001525879,1443.22998046875
2016-09-08 10:40:00,9.5,9.392602490711168,204.91999816894497,15.9300003051758,17.0400009155273,1200.19995117188
2016-09-08 10:50:00,9.71000003814697,9.603551738863608,190.0599975585939,15.6300001144409,17.0900001525879,1250.83996582031
2016-09-08 11:00:00,10.0200004577637,9.910382499384651,198.30999755859395,15.6099996566772,17.1000003814697,1425.32995605469
2016-09-08 11:10:00,12.7799997329712,12.645152558079577,204.149993896484,15.2700004577637,17.1100006103516,1904.88000488281
2016-09-08 11:20:00,13.0200004577637,12.888283626806558,190.300003051758,14.8900003433228,17.1100006103516,1944.64001464844
2016-09-08 11:30:00,12.1000003814697,11.978006600231469,218.47000122070293,14.8599996566772,17.1000003814697,1799.88000488281
2016-09-08 11:40:00,11.4700002670288,11.351337363421868,213.99000549316395,15.0900001525879,17.1000003814697,1690.01000976563
2016-09-08 11:50:00,8.30000019073486,8.213372734054339,256.170013427734,15.1700000762939,15.6899995803833,748.130004882813
2016-09-08 12:00:00,6.42999982833862,6.359068975307888,213.21000671386693,15.6899995803833,12.5,347.089996337891
2016-09-08 12:10:00,8.21000003814697,8.114099597605167,189.5899963378909,16.2600002288818,15.2600002288818,770.349975585938
2016-09-08 12:20:00,11.5600004196167,11.414329983759664,197.67999267578097,17.0699996948242,17.0200004577637,1631.34997558594
2016-09-08 12:30:00,12.789999961853,12.632167878719066,198.96000671386693,16.8400001525879,17.1100006103516,1928.57995605469
2016-09-08 12:40:00,12.6800003051758,12.52568569020079,201.309997558594,16.6900005340576,17.1000003814697,1837.69995117188
2016-09-08 12:50:00,13.0500001907349,12.893110630384426,187.529998779297,16.5599994659424,17.1000003814697,1972.22998046875
2016-09-08 13:00:00,13.2799997329712,13.1188358210947,203.19999694824196,16.6599998474121,17.1000003814697,1963.56005859375
2016-09-08 13:10:00,11.210000038147,11.071792855166375,200.61999511718795,16.8299999237061,17.1000003814697,1565.94995117188
2016-09-08 13:20:00,11.1999998092651,11.06102596479536,207.240005493164,16.8999996185303,17.1000003814697,1682.51000976563
2016-09-08 13:30:00,11.8599996566772,11.71001088515984,219.580001831055,17.1100006103516,17.0400009155273,1715.51000976563
2016-09-08 13:40:00,12.1599998474121,12.002496688094263,219.30000305175795,17.3799991607666,17.0499992370605,1741.64001464844
2016-09-08 13:50:00,12.289999961853,12.12719643520308,207.179992675781,17.6399993896484,17.0900001525879,1799.08996582031
2016-09-08 14:00:00,12.1700000762939,12.003147530836042,207.339996337891,18.0499992370605,17.1000003814697,1785.90002441406
2016-09-08 14:10:00,11.0799999237061,10.925965697278022,210.02000427246097,18.2199993133545,17.0699996948242,1609.69995117188
2016-09-08 14:20:00,9.55000019073486,9.416481987463634,209.75,18.2900009155273,16.5900001525879,1055.97998046875
2016-09-08 14:30:00,10.6300001144409,10.482461619283631,203.2700042724609,18.2000007629395,17.0200004577637,1448.13000488281
2016-09-08 14:40:00,9.13000011444092,9.001427449103586,203.24000549316392,18.3799991607666,16.2999992370605,1027.16003417969
2016-09-08 14:50:00,10.5900001525879,10.445766304246824,213.699996948242,17.9699993133545,17.0,1439.75
2016-09-08 15:00:00,11.5100002288818,11.355316828347837,208.60000610351597,17.8099994659424,17.1000003814697,1657.9599609375
2016-09-08 15:10:00,12.039999961853,11.874929737666164,194.5,18.0499992370605,17.1000003814697,1794.23999023438
2016-09-08 15:20:00,11.8699998855591,11.711417693937555,210.02999877929696,17.7399997711182,17.0699996948242,1736.81005859375
2016-09-08 15:30:00,10.710000038147,10.565946827105597,206.99999999999991,17.8199996948242,17.1000003814697,1520.60998535156
2016-09-08 15:40:00,11.7700004577637,11.610492913765256,206.380004882813,17.9099998474121,17.1000003814697,1836.19995117188
2016-09-08 15:50:00,11.210000038147,11.06150308569616,210.2700042724609,17.6399993896484,17.1000003814697,1636.32995605469
2016-09-08 16:00:00,10.1899995803833,10.054322913410855,212.77999877929696,17.7000007629395,17.0300006866455,1346.14001464844
2016-09-08 16:10:00,10.4399995803833,10.300994241365723,199.350006103516,17.7000007629395,16.9400005340576,1341.38000488281
2016-09-08 16:20:00,10.3400001525879,10.203729775508716,214.72000122070293,17.5799999237061,17.0499992370605,1322.68994140625
2016-09-08 16:30:00,9.56999969482422,9.448537660406023,201.78999328613293,17.1499996185303,16.8700008392334,1101.55004882813
2016-09-08 16:40:00,9.3100004196167,9.193527610314431,205.05999755859395,16.9899997711182,16.9500007629395,1101.75
2016-09-08 16:50:00,8.73999977111816,8.629270239005034,214.300003051758,17.1299991607666,16.7099990844727,958.400024414063
2016-09-08 17:00:00,7.65000009536743,7.555075993443106,210.850006103516,16.8999996185303,15.1300001144409,646.119995117188
2016-09-08 17:10:00,7.86999988555908,7.767261256790698,210.77999877929696,17.4699993133545,15.4099998474121,706.059997558594
2016-09-08 17:20:00,8.22000026702881,8.109624230743245,226.589996337891,17.7999992370605,16.2800006866455,829.72998046875
2016-09-08 17:30:00,8.82999992370605,8.71652893722963,225.3200073242189,17.2900009155273,16.3899993896484,918.960021972656
2016-09-08 17:40:00,7.57000017166138,7.480111200506822,225.72999572753892,16.4300003051758,14.8599996566772,604.47998046875
2016-09-08 17:50:00,7.53999996185303,7.44969552697422,222.16000366210892,16.5200004577637,14.5299997329712,567.059997558594
2016-09-08 18:00:00,7.69000005722046,7.593358096742045,222.520004272461,17.0400009155273,14.8500003814697,617.599975585938
2016-09-08 18:10:00,8.01000022888184,7.907248256839787,226.86999511718795,17.2700004577637,15.4700002670288,726.340026855469
2016-09-08 18:20:00,8.27000045776367,8.166538573463729,224.9299926757809,16.9899997711182,15.9899997711182,788.570007324219
2016-09-08 18:30:00,7.53999996185303,7.453385409910395,201.550003051758,16.0900001525879,14.4099998474121,549.330017089844
2016-09-08 18:40:00,8.22999954223633,8.136208921144933,200.339996337891,16.0100002288818,15.539999961853,724.859985351563
2016-09-08 18:50:00,7.1399998664856,7.055704212750897,207.74000549316392,16.3700008392334,14.0799999237061,507.220001220703
2016-09-08 19:00:00,7.03999996185303,6.954083800942689,217.6999969482419,16.7199993133545,13.6899995803833,462.730010986328
2016-09-08 19:10:00,6.82000017166138,6.73630412861181,244.80999755859392,16.7800006866455,13.2299995422363,415.290008544922
2016-09-08 19:20:00,8.23999977111816,8.139813232367162,223.61000061035196,16.6800003051758,15.1099996566772,735.590026855469
2016-09-08 19:30:00,9.19999980926514,9.101454345114815,188.970001220703,15.4099998474121,16.6200008392334,1060.89001464844
2016-09-08 19:40:00,7.25,7.174331440180585,202.61999511718795,15.1700000762939,14.3500003814697,543.010009765625
2016-09-08 19:50:00,7.59999990463257,7.519113960242658,197.10000610351597,15.3500003814697,14.5799999237061,574.440002441406
2016-09-08 20:00:00,7.23999977111816,7.15831665692656,215.089996337891,15.9099998474121,14.3900003433228,543.570007324219
2016-09-08 20:10:00,6.55999994277954,6.483223695375877,209.940002441406,16.2800006866455,12.960000038147,389.380004882813
2016-09-08 20:20:00,5.3600001335144,5.296292551158758,201.229995727539,16.4400005340576,11.0799999237061,153.240005493164
2016-09-08 20:30:00,4.84999990463257,4.792298891254247,192.77999877929696,16.4500007629395,10.8100004196167,128.320007324219
2016-09-08 20:40:00,5.59000015258789,5.527761459912026,187.97000122070295,15.7799997329712,11.1800003051758,208.320007324219
2016-09-08 20:50:00,5.28999996185303,5.233034085590591,182.679992675781,15.460000038147,10.8299999237061,148.990005493164
2016-09-08 21:00:00,5.48999977111816,5.428999742655475,180.25999450683597,15.7600002288818,10.9399995803833,194.339996337891
2016-09-08 21:10:00,5.57999992370605,5.516345604980563,180.330001831055,16.0200004577637,10.8999996185303,189.0
2016-09-08 21:20:00,5.76999998092651,5.703718022626058,182.16000366210895,16.0900001525879,11.1899995803833,223.679992675781
2016-09-08 21:30:00,5.96999979019165,5.90121634332872,164.58999633789097,16.1200008392334,11.6199998855591,260.700012207031
2016-09-08 21:40:00,5.09000015258789,5.032051564197107,163.92999267578102,16.0,10.8800001144409,139.369995117188
2016-09-08 21:50:00,4.98999977111816,4.936207464002871,174.82000732421898,15.4700002670288,11.0100002288818,146.330001831055
2016-09-08 22:00:00,6.19000005722046,6.123625357651543,188.69999694824196,15.4200000762939,12.460000038147,336.859985351563
2016-09-08 22:10:00,5.26999998092651,5.2108432613998605,188.330001831055,15.8599996566772,11.0299997329712,194.669998168945
2016-09-08 22:20:00,5.34999990463257,5.288664534049197,185.74000549316392,16.0699996948242,11.0,203.649993896484
2016-09-08 22:30:00,4.55000019073486,4.497421828503779,176.35000610351597,16.1499996185303,10.8100004196167,98.0500030517578
2016-09-08 22:40:00,5.88000011444092,5.812052694006648,166.05999755859398,16.1499996185303,11.2200002670288,222.850006103516
2016-09-08 22:50:00,6.59999990463257,6.527269063243788,153.63000488281295,15.6800003051758,12.5,340.450012207031
2016-09-08 23:00:00,6.90000009536743,6.82853716576701,176.47999572753906,15.1000003814697,13.5900001525879,456.600006103516
2016-09-08 23:10:00,6.88000011444092,6.807170321817215,174.11000061035202,15.3000001907349,13.789999961853,473.070007324219
2016-09-08 23:20:00,7.44999980926514,7.367562023376712,178.10000610351597,15.7200002670288,15.0900001525879,636.320007324219
2016-09-08 23:30:00,6.76999998092651,6.693079268744616,167.07000732421898,15.9799995422363,13.3699998855591,425.399993896484
2016-09-08 23:40:00,7.3600001335144,7.275872571098081,170.58999633789097,16.0400009155273,14.8000001907349,607.0
2016-09-08 23:50:00,7.17000007629395,7.093772536102295,167.05999755859398,15.3400001525879,13.8800001144409,497.489990234375
2016-09-09 00:00:00,7.07000017166138,6.997585860439453,166.83000183105503,15.0,13.3900003433228,429.309997558594
2016-09-09 00:10:00,7.76999998092651,7.688459742887978,173.85000610351597,15.2200002670288,15.2799997329712,671.619995117188
2016-09-09 00:20:00,7.46999979019165,7.388193336253212,172.30000305175804,15.6199998855591,15.1300001144409,641.510009765625
2016-09-09 00:30:00,7.46000003814697,7.377877295762229,178.63999938964798,15.6700000762939,15.039999961853,637.619995117188
2016-09-09 00:40:00,7.38000011444092,7.301118190078479,171.07000732421898,15.3900003433228,14.7299995422363,589.179992675781
2016-09-09 00:50:00,7.80999994277954,7.733048913478324,169.25,14.6599998474121,15.2200002670288,674.669982910156
2016-09-09 01:00:00,8.51000022888184,8.427225929894297,170.39999389648403,14.5500001907349,16.6499996185303,912.030029296875
2016-09-09 01:10:00,7.51000022888184,7.436952639266951,173.14999389648403,14.5500001907349,15.0,622.5
2016-09-09 01:20:00,6.84999990463257,6.779682085643732,174.10000610351597,15.0200004577637,13.8599996566772,484.850006103516
2016-09-09 01:30:00,7.19999980926514,7.123206425528423,174.60000610351597,15.3699998855591,14.7799997329712,592.739990234375
2016-09-09 01:40:00,6.98999977111816,6.9137691999979936,179.05000305175804,15.5799999237061,14.0699996948242,513.359985351563
2016-09-09 01:50:00,7.05000019073486,6.972471368507797,181.02999877929696,15.6599998474121,14.1899995803833,521.570007324219
2016-09-09 02:00:00,6.19000005722046,6.123271720668444,185.39999389648395,15.4700002670288,12.4700002670288,334.119995117188
2016-09-09 02:10:00,6.61999988555908,6.5524979039414255,181.91000366210892,14.960000038147,13.3299999237061,422.809997558594
2016-09-09 02:20:00,6.48000001907349,6.414816299846696,184.289993286133,14.8400001525879,13.3699998855591,426.440002441406
2016-09-09 02:30:00,6.28999996185303,6.225934916324343,189.47999572753895,14.9499998092651,12.8699998855591,373.829986572266
2016-09-09 02:40:00,6.28000020980835,6.212947529654743,180.58999633789097,15.3800001144409,12.0900001525879,305.920013427734
2016-09-09 02:50:00,7.65000009536743,7.566397078930413,183.119995117188,15.6000003814697,15.1099996566772,635.969970703125
2016-09-09 03:00:00,7.48000001907349,7.397230266616456,184.64999389648395,15.7200002670288,15.0,618.97998046875
2016-09-09 03:10:00,7.65999984741211,7.580227383207334,183.899993896484,15.1499996185303,15.0100002288818,627.169982910156
2016-09-09 03:20:00,7.63000011444092,7.552986041843679,188.039993286133,14.8699998855591,14.8699998855591,604.450012207031
2016-09-09 03:30:00,7.73000001907349,7.648349137836879,188.13999938964795,15.2799997329712,15.6300001144409,708.739990234375
2016-09-09 03:40:00,7.28000020980835,7.198945168060502,196.13000488281295,15.7799997329712,15.0100002288818,647.349975585938
2016-09-09 03:50:00,8.47999954223633,8.384809986957054,198.94000244140597,15.8599996566772,16.7999992370605,902.530029296875
2016-09-09 04:00:00,8.90999984741211,8.816190466507036,181.71000671386693,15.25,16.8500003814697,944.900024414063
2016-09-09 04:10:00,8.51000022888184,8.420986288269662,184.850006103516,15.1899995803833,16.6200008392334,883.77001953125
2016-09-09 04:20:00,8.73999977111816,8.647280686021633,199.02000427246097,15.3199996948242,17.0200004577637,1003.96997070313
2016-09-09 04:30:00,8.23999977111816,8.152302380115131,194.6900024414059,15.3500003814697,15.960000038147,781.429992675781
2016-09-09 04:40:00,8.14000034332275,8.049091537371487,183.899993896484,15.8100004196167,15.5699996948242,702.950012207031
2016-09-09 04:50:00,7.6100001335144,7.52275486498188,184.199996948242,16.0699996948242,14.6599998474121,575.539978027344
2016-09-09 05:00:00,7.76999998092651,7.68012382828776,189.44999694824187,16.1599998474121,15.3999996185303,678.599975585938
2016-09-09 05:10:00,7.69999980926514,7.612775748995864,196.72999572753895,15.9499998092651,15.0299997329712,627.330017089844
2016-09-09 05:20:00,8.34000015258789,8.249904217147112,185.100006103516,15.4899997711182,15.8900003433228,789.130004882813
2016-09-09 05:30:00,8.46000003814697,8.369961209040262,189.529998779297,15.3500003814697,16.2999992370605,878.510009765625
2016-09-09 05:40:00,8.52000045776367,8.4263060488284,193.649993896484,15.6599998474121,16.2700004577637,912.419982910156
2016-09-09 05:50:00,9.02999973297119,8.926063309327837,189.4299926757809,16.1100006103516,16.8400001525879,1064.68005371094
2016-09-09 06:00:00,9.69999980926514,9.594104131791042,199.82000732421895,15.5900001525879,17.0200004577637,1219.05004882813
2016-09-09 06:10:00,12.1499996185303,12.017912080221798,203.16999816894497,15.5500001907349,17.1000003814697,1871.43994140625
2016-09-09 06:20:00,10.8000001907349,10.681232634396371,202.91999816894491,15.6599998474121,17.0900001525879,1548.08996582031
2016-09-09 06:30:00,11.1199998855591,10.99758636260328,200.13000488281293,15.6700000762939,17.1000003814697,1693.43994140625
2016-09-09 06:40:00,11.3500003814697,11.228036175373331,211.77999877929696,15.4399995803833,17.0400009155273,1745.15002441406
2016-09-09 06:50:00,11.8199996948242,11.693930556438325,203.99999999999997,15.3699998855591,17.1000003814697,1835.2099609375
2016-09-09 07:00:00,12.4399995803833,12.305754001909122,202.55999755859395,15.4799995422363,17.1100006103516,1942.56994628906
2016-09-09 07:10:00,13.0500001907349,12.909320902094915,205.029998779297,15.4700002670288,17.1100006103516,1979.36999511719
2016-09-09 07:20:00,13.210000038147,13.068652571252304,206.5899963378909,15.3999996185303,17.1000003814697,1980.38000488281
2016-09-09 07:30:00,12.1499996185303,12.01957764750914,199.89999389648395,15.4300003051758,17.1000003814697,1894.23999023438
2016-09-09 07:40:00,12.5200004577637,12.384033482451818,198.119995117188,15.539999961853,17.1000003814697,1968.94995117188
2016-09-09 07:50:00,12.7600002288818,12.622301380824114,194.970001220703,15.4799995422363,17.1100006103516,1978.18994140625
2016-09-09 08:00:00,12.539999961853,12.405105038413236,194.41999816894497,15.4499998092651,17.1000003814697,1960.66003417969
2016-09-09 08:10:00,12.0,11.869954330391796,192.5200042724609,15.5200004577637,17.1000003814697,1886.34997558594
2016-09-09 08:20:00,13.1700000762939,13.025620662887556,189.27000427246097,15.6300001144409,17.1100006103516,2019.21997070313
2016-09-09 08:30:00,12.7799997329712,12.640917255912576,184.80999755859395,15.5600004196167,17.1000003814697,1972.41003417969
2016-09-09 08:40:00,12.6899995803833,12.55160674101236,192.13000488281293,15.5799999237061,17.1100006103516,1958.05004882813
2016-09-09 08:50:00,11.8400001525879,11.711282743301528,194.639999389648,15.5500001907349,17.1000003814697,1850.7900390625
2016-09-09 09:00:00,11.9700002670288,11.838229590990217,186.66999816894497,15.6700000762939,17.1000003814697,1872.32995605469
2016-09-09 09:10:00,12.6999998092651,12.560917884419668,186.979995727539,15.6199998855591,17.1000003814697,1992.47998046875
2016-09-09 09:20:00,12.25,12.115846172839028,189.49999999999991,15.6199998855591,17.1000003814697,1927.93994140625
2016-09-09 09:30:00,11.1800003051758,11.056926272973604,184.9299926757809,15.6700000762939,17.0900001525879,1658.93994140625
2016-09-09 09:40:00,11.8199996948242,11.687722439096108,183.630004882813,15.8299999237061,17.1000003814697,1806.78002929688
2016-09-09 09:50:00,11.1400003433228,11.016603836855754,182.300003051758,15.7299995422363,17.0900001525879,1676.09997558594
2016-09-09 10:00:00,9.89000034332275,9.78146583885622,192.5899963378909,15.6400003433228,17.0699996948242,1254.25
2016-09-09 10:10:00,10.7299995422363,10.610532435672404,183.029998779297,15.7799997329712,17.0799999237061,1505.2900390625
2016-09-09 10:20:00,11.9899997711182,11.85623033885028,184.91000366210892,15.8000001907349,17.1000003814697,1908.56005859375
2016-09-09 10:30:00,11.4200000762939,11.29311112206068,184.580001831055,15.7600002288818,17.1000003814697,1735.35998535156
2016-09-09 10:40:00,10.4099998474121,10.29219612132922,185.08000183105491,15.9399995803833,17.0900001525879,1443.92004394531
2016-09-09 10:50:00,9.47000026702881,9.35970527627773,199.740005493164,16.2299995422363,16.9500007629395,1158.4599609375
2016-09-09 11:00:00,10.2600002288818,10.139336476062942,193.440002441406,16.3299999237061,17.0699996948242,1373.31994628906
2016-09-09 11:10:00,9.61999988555908,9.50686292041156,190.46000671386696,16.3299999237061,17.0,1115.81994628906
2016-09-09 11:20:00,8.31999969482422,8.219880514325938,193.99999999999997,16.5699996948242,16.2099990844727,890.510009765625
2016-09-09 11:30:00,11.0600004196167,10.925652391532344,199.64999389648392,16.6700000762939,17.1000003814697,1623.13000488281
2016-09-09 11:40:00,11.9200000762939,11.777102101136109,194.91000366210895,16.5300006866455,17.1000003814697,1810.42004394531
2016-09-09 11:50:00,12.7399997711182,12.587561272025654,198.130004882813,16.5100002288818,17.1100006103516,1933.26000976563
2016-09-09 12:00:00,11.5699996948242,11.430639942867469,183.559997558594,16.5799999237061,17.1000003814697,1726.18005371094
2016-09-09 12:10:00,12.3199996948242,12.171886337936186,195.979995727539,16.5599994659424,17.1100006103516,1942.01000976563
2016-09-09 12:20:00,13.8400001525879,13.676918478055256,190.259994506836,16.3500003814697,17.1000003814697,2034.43994140625
2016-09-09 12:30:00,12.3400001525879,12.192768745113735,192.559997558594,16.4799995422363,17.1100006103516,1889.81994628906
2016-09-09 12:40:00,13.0600004196167,12.902545279093967,183.33000183105497,16.5900001525879,17.1100006103516,1998.81005859375
2016-09-09 12:50:00,13.4799995422363,13.316561634821538,206.3600006103519,16.6499996185303,17.0300006866455,2025.97998046875
2016-09-09 13:00:00,14.4799995422363,14.304930771412192,189.339996337891,16.6200008392334,17.1100006103516,2044.60998535156
2016-09-09 13:10:00,12.7399997711182,12.588430510976366,188.88000488281295,16.4500007629395,17.1000003814697,1983.31994628906
2016-09-09 13:20:00,13.039999961853,12.88219317837311,185.050003051758,16.6299991607666,17.1100006103516,1978.68994140625
2016-09-09 13:30:00,14.3999996185303,14.223607783224336,188.49999999999991,16.7600002288818,17.1200008392334,2006.82995605469
2016-09-09 13:40:00,14.3000001907349,14.123696646019614,183.33000183105497,16.8299999237061,17.0900001525879,2046.56994628906
2016-09-09 13:50:00,12.8800001144409,12.713316947280177,179.66000366210903,17.3700008392334,17.1100006103516,1961.2900390625
2016-09-09 14:00:00,13.7299995422363,13.548431184178163,165.82000732421898,17.6200008392334,17.1100006103516,2011.2900390625
2016-09-09 14:10:00,15.2600002288818,15.057335814925532,170.63000488281295,17.6700000762939,17.1200008392334,2025.2099609375
2016-09-09 14:20:00,15.6000003814697,15.389998662811552,176.86999511718795,17.8299999237061,17.1100006103516,2054.93994140625
2016-09-09 14:30:00,16.8700008392334,16.640615592401282,186.520004272461,17.9500007629395,17.0499992370605,2044.96997070313
2016-09-09 14:40:00,20.1700000762939,19.900986701258425,183.17999267578097,17.7199993133545,17.1100006103516,2059.78002929688
2016-09-09 14:50:00,18.9699993133545,18.722570893893085,181.389999389648,17.4599990844727,17.0900001525879,2058.17993164063
2016-09-09 15:00:00,16.4400005340576,16.228177607848735,181.77999877929696,17.3199996948242,17.1000003814697,2053.47998046875
2016-09-09 15:10:00,14.5799999237061,14.393133455320632,177.85000610351597,17.2600002288818,17.1100006103516,2031.64001464844
2016-09-09 15:20:00,15.4700002670288,15.268047708249552,180.97000122070293,17.4699993133545,17.1000003814697,2053.67993164063
2016-09-09 15:30:00,14.8599996566772,14.665001153399071,187.32000732421895,17.5300006866455,17.1100006103516,2037.86999511719
2016-09-09 15:40:00,15.6000003814697,15.391762081186233,187.600006103516,17.7299995422363,17.1100006103516,2046.98999023438
2016-09-09 15:50:00,16.3500003814697,16.12934812171843,188.8399963378909,17.8600006103516,17.1100006103516,2052.6201171875
2016-09-09 16:00:00,15.6400003433228,15.428753196596643,190.5899963378909,17.8700008392334,17.1100006103516,2045.67004394531
2016-09-09 16:10:00,15.2799997329712,15.074133066175524,190.619995117188,17.8400001525879,17.1000003814697,2045.75
2016-09-09 16:20:00,16.7199993133545,16.49529850542354,188.320007324219,17.8099994659424,17.1100006103516,2056.3798828125
2016-09-09 16:30:00,16.3400001525879,16.120590859259487,185.27000427246097,17.7999992370605,17.1100006103516,2056.31005859375
2016-09-09 16:40:00,15.7799997329712,15.567396591358987,185.96000671386687,17.8400001525879,17.1100006103516,2026.82995605469
2016-09-09 16:50:00,15.1000003814697,14.896729486962927,182.35000610351588,17.8299999237061,17.1100006103516,2040.73999023438
2016-09-09 17:00:00,15.7200002670288,15.511937933073062,178.83999633789097,17.6299991607666,17.1200008392334,2014.63000488281
2016-09-09 17:10:00,15.3299999237061,15.130395615794438,161.36000061035202,17.4400005340576,17.0900001525879,2017.75
2016-09-09 17:20:00,15.3000001907349,15.100959722216716,182.16999816894497,17.4300003051758,17.1299991607666,2047.0400390625
2016-09-09 17:30:00,16.3099994659424,16.09818908582884,182.96000671386696,17.4099998474121,17.1000003814697,2054.31005859375
2016-09-09 17:40:00,15.960000038147,15.752915663109468,182.479995727539,17.3999996185303,17.1100006103516,2054.05004882813
2016-09-09 17:50:00,15.4099998474121,15.209179435061156,184.899993896484,17.4500007629395,17.1100006103516,2051.34008789063
2016-09-09 18:00:00,15.1400003433228,14.941670264588732,179.92999267578102,17.5100002288818,17.1100006103516,2046.68005371094
2016-09-09 18:10:00,12.5500001907349,12.385314369074475,180.029998779297,17.5300006866455,17.0900001525879,1862.97998046875
2016-09-09 18:20:00,12.3999996185303,12.238264646575123,177.71000671386696,17.4599990844727,17.1100006103516,1877.43994140625
2016-09-09 18:30:00,13.3000001907349,13.127279271780091,177.38000488281295,17.4099998474121,17.1100006103516,1989.92004394531
2016-09-09 18:40:00,12.2799997329712,12.12122039426508,175.97999572753906,17.3600006103516,17.1100006103516,1878.84997558594
2016-09-09 18:50:00,12.5200004577637,12.357125508358784,172.38000488281307,17.4300003051758,17.1000003814697,1920.94995117188
2016-09-09 19:00:00,12.8599996566772,12.692119256435616,179.88999938964798,17.4699993133545,17.1200008392334,1961.64001464844
2016-09-09 19:10:00,13.8100004196167,13.631594719137164,183.0899963378909,17.3500003814697,17.1100006103516,2013.93005371094
2016-09-09 19:20:00,13.8500003814697,13.67186238776534,181.759994506836,17.2999992370605,17.1100006103516,2039.27001953125
2016-09-09 19:30:00,13.3400001525879,13.16932863244078,178.66000366210903,17.2399997711182,17.1100006103516,2032.76000976563
2016-09-09 19:40:00,13.5299997329712,13.35766404762038,168.61000061035202,17.1900005340576,17.1100006103516,2011.16003417969
2016-09-09 19:50:00,14.0500001907349,13.867062123012303,189.869995117188,17.4400005340576,17.1100006103516,2006.63000488281
2016-09-09 20:00:00,13.460000038147,13.286115848263185,179.77000427246094,17.3500003814697,17.1100006103516,1990.42004394531
2016-09-09 20:10:00,13.3500003814697,13.179654805236062,178.38999938964798,17.2099990844727,17.1100006103516,1954.93994140625
2016-09-09 20:20:00,12.8699998855591,12.705487382224822,184.789993286133,17.2299995422363,17.0599994659424,1899.22998046875
2016-09-09 20:30:00,12.960000038147,12.793896509335148,189.49000549316392,17.2600002288818,17.0900001525879,1935.23999023438
2016-09-09 20:40:00,14.0200004577637,13.83872305957563,183.88000488281293,17.3600006103516,17.1100006103516,2011.52001953125
2016-09-09 20:50:00,13.7700004577637,13.592111500296236,184.5,17.3500003814697,17.1100006103516,2021.23999023438
2016-09-09 21:00:00,13.0699996948242,12.903819474366909,187.72000122070295,17.1700000762939,17.1100006103516,1984.81005859375
2016-09-09 21:10:00,11.3999996185303,11.255699025932064,186.809997558594,17.1200008392334,17.0900001525879,1688.59997558594
2016-09-09 21:20:00,10.9300003051758,10.791401115266874,188.949996948242,17.1399993896484,17.0900001525879,1546.94995117188
2016-09-09 21:30:00,8.46000003814697,8.349942368195023,214.0,17.4300003051758,15.7799997329712,845.299987792969
2016-09-09 21:40:00,7.1399998664856,7.046386909652884,224.32000732421892,17.5200004577637,13.710000038147,469.959991455078
2016-09-09 21:50:00,8.05000019073486,7.944365061202633,199.869995117188,17.5300006866455,14.8400001525879,718.289978027344
2016-09-09 22:00:00,14.5200004577637,14.350723929762797,252.940002441406,16.2399997711182,16.9099998474121,1869.96997070313
2016-09-09 22:10:00,12.8100004196167,12.681435435165367,251.8200073242189,14.8199996948242,16.9899997711182,1818.32995605469
2016-09-09 22:20:00,11.2700004577637,11.157149666027683,252.78999328613304,14.8000001907349,17.1000003814697,1625.97998046875
2016-09-09 22:30:00,11.1899995803833,11.076283257326764,252.860000610352,14.9300003051758,17.0900001525879,1643.08996582031
2016-09-09 22:40:00,10.1099996566772,10.004134193107838,250.350006103516,15.1999998092651,17.0300006866455,1368.27001953125
2016-09-09 22:50:00,11.039999961853,10.926543840881893,245.949996948242,15.0299997329712,17.1000003814697,1593.59997558594
2016-09-09 23:00:00,10.4499998092651,10.343923290680593,241.77000427246105,14.9200000762939,16.9599990844727,1388.84997558594
2016-09-09 23:10:00,9.11999988555908,9.026484080273477,241.440002441406,15.0100002288818,16.5599994659424,1005.40997314453
2016-09-09 23:20:00,8.21000003814697,8.126379365742475,247.57000732421895,14.9499998092651,15.6400003433228,741.630004882813
2016-09-09 23:30:00,7.67000007629395,7.592055104066379,249.509994506836,14.9300003051758,14.9700002670288,636.190002441406
2016-09-09 23:40:00,7.96999979019165,7.883536768355711,252.110000610352,15.5299997329712,15.1700000762939,673.130004882813
2016-09-09 23:50:00,6.98000001907349,6.902285159644815,228.16999816894497,15.7799997329712,13.6700000762939,468.75
2016-09-10 00:00:00,5.5,5.43801061981992,199.7100067138669,15.8999996185303,11.2200002670288,164.089996337891
2016-09-10 00:10:00,4.94000005722046,4.8851111397962,205.55000305175795,15.7600002288818,10.8400001525879,81.7399978637695
2016-09-10 00:20:00,5.65999984741211,5.60241631537075,199.63000488281295,14.9399995803833,10.9300003051758,157.529998779297
2016-09-10 00:30:00,5.03999996185303,4.989705817705057,192.5899963378909,14.7700004577637,10.8800001144409,92.0899963378906
2016-09-10 00:40:00,5.40000009536743,5.344010791891968,205.7599945068359,15.1099996566772,11.0100002288818,185.149993896484
2016-09-10 00:50:00,5.78000020980835,5.719343505287439,217.55000305175795,15.2200002670288,11.4700002670288,245.529998779297
2016-09-10 01:00:00,5.40999984741211,5.353226015181829,215.259994506836,15.2200002670288,11.210000038147,215.649993896484
2016-09-10 01:10:00,4.88000011444092,4.829011514769218,224.9299926757809,15.1800003051758,11.039999961853,104.660003662109
2016-09-10 01:20:00,5.05000019073486,4.998738329599771,225.119995117188,14.9200000762939,11.210000038147,125.889999389648
2016-09-10 01:30:00,5.80000019073486,5.745716331242908,213.229995727539,14.2299995422363,11.7399997711182,235.830001831055
2016-09-10 01:40:00,5.28999996185303,5.240854095798108,209.55000305175795,14.1700000762939,11.039999961853,149.779998779297
2016-09-10 01:50:00,5.23000001907349,5.178829331817815,201.600006103516,14.6000003814697,10.8900003433228,115.519996643066
2016-09-10 02:00:00,2.73000001907349,2.7024132493161184,190.66000366210895,14.8800001144409,0.829999983310699,-2.86999988555908
2016-09-10 02:10:00,2.42000007629395,2.39596186562084,199.600006103516,14.7299995422363,0.740000009536743,-1.32000005245209
2016-09-10 02:20:00,3.19000005722046,3.1584596179714723,201.020004272461,14.6899995803833,1.02999997138977,-2.05999994277954
2016-09-10 02:30:00,3.74000000953674,3.7034075869504535,179.38000488281295,14.6000003814697,3.58999991416931,-0.839999973773956
2016-09-10 02:40:00,4.15000009536743,4.1098247272569015,205.929992675781,14.5100002288818,10.8400001525879,29.4300003051758
2016-09-10 02:50:00,4.53000020980835,4.48666609834235,217.55999755859395,14.4099998474121,10.8900003433228,45.5800018310547
2016-09-10 03:00:00,4.67000007629395,4.625541204938422,210.27999877929693,14.3699998855591,10.8199996948242,84.3600006103516
2016-09-10 03:10:00,4.55000019073486,4.506788228179857,205.300003051758,14.3500003814697,10.8599996566772,82.9100036621094
2016-09-10 03:20:00,4.73000001907349,4.685132896241965,243.740005493164,14.3400001525879,10.9099998474121,72.8099975585938
2016-09-10 03:30:00,4.96000003814697,4.9129512157244495,223.600006103516,14.3400001525879,11.1899995803833,116.870002746582
2016-09-10 03:40:00,4.36999988555908,4.331512736820888,190.270004272461,13.75,8.05000019073486,7.6100001335144
2016-09-10 03:50:00,4.59999990463257,4.561873448792644,209.71000671386693,13.3000001907349,10.3299999237061,78.2200012207031
2016-09-10 04:00:00,4.28999996185303,4.252859831617195,217.78999328613293,13.6199998855591,10.8599996566772,53.439998626709
2016-09-10 04:10:00,4.07000017166138,4.033686559622075,220.300003051758,13.8500003814697,10.8800001144409,30.6700000762939
2016-09-10 04:20:00,4.75,4.707400566436508,232.6600036621089,13.8900003433228,10.8599996566772,97.6999969482422
2016-09-10 04:30:00,4.73999977111816,4.697326382682107,224.899993896484,13.9200000762939,11.0,110.900001525879
2016-09-10 04:40:00,5.65999984741211,5.609108992097267,230.4299926757809,13.9099998474121,11.3800001144409,234.729995727539
2016-09-10 04:50:00,5.73000001907349,5.6816483411210905,234.820007324219,13.4300003051758,11.5200004577637,250.979995727539
2016-09-10 05:00:00,5.17000007629395,5.12959777707681,267.04000854492193,12.8900003433228,10.8500003814697,144.160003662109
2016-09-10 05:10:00,5.36999988555908,5.326669368801737,238.52999877929696,13.1099996566772,10.9799995422363,174.300003051758
2016-09-10 05:20:00,5.8600001335144,5.810010891871424,238.449996948242,13.5100002288818,11.4799995422363,236.490005493164
2016-09-10 05:30:00,5.67000007629395,5.620063659361077,235.38999938964795,13.75,11.1800003051758,197.449996948242
2016-09-10 05:40:00,5.30000019073486,5.252529188057159,239.0200042724609,13.8800001144409,11.1700000762939,154.470001220703
2016-09-10 05:50:00,4.8600001335144,4.816022727082198,243.470001220703,13.960000038147,10.8599996566772,116.190002441406
2016-09-10 06:00:00,4.44999980926514,4.409527665865076,205.929992675781,14.0,10.6000003814697,47.9700012207031
2016-09-10 06:10:00,3.8199999332428,3.78833839807263,151.71000671386702,13.3000001907349,5.75,-3.44000005722046
2016-09-10 06:20:00,4.1100001335144,4.078119111429427,155.13999938964798,12.8400001525879,10.8100004196167,23.1200008392334
2016-09-10 06:30:00,3.91000008583069,3.878179366109951,153.08999633789108,13.1700000762939,10.8100004196167,17.8799991607666
2016-09-10 06:40:00,4.32999992370605,4.293661694708854,207.339996337891,13.3900003433228,10.8100004196167,64.7799987792969
2016-09-10 06:50:00,5.09999990463257,5.056670320921011,163.30000305175804,13.4799995422363,10.8100004196167,119.620002746582
2016-09-10 07:00:00,4.71999979019165,4.679572183251433,141.029998779297,13.539999961853,10.8100004196167,49.7700004577637
2016-09-10 07:10:00,4.51999998092651,4.480972825673371,163.220001220703,13.6000003814697,10.8100004196167,66.4800033569336
2016-09-10 07:20:00,4.69999980926514,4.660719131413702,192.5299987792969,13.3599996566772,10.8100004196167,87.8099975585938
2016-09-10 07:30:00,5.67999982833862,5.636991832859898,205.49000549316403,12.6800003051758,11.0600004196167,199.660003662109
2016-09-10 07:40:00,5.55000019073486,5.507398547406507,185.88000488281295,12.7700004577637,10.8400001525879,170.5
2016-09-10 07:50:00,5.5,5.454858395499532,186.809997558594,13.2299995422363,10.8299999237061,156.350006103516
2016-09-10 08:00:00,6.23999977111816,6.18691280114117,196.69999694824187,13.4899997711182,11.7799997329712,276.359985351563
2016-09-10 08:10:00,5.8899998664856,5.837854588798624,199.03999328613293,13.789999961853,11.539999961853,252.699996948242
2016-09-10 08:20:00,4.57000017166138,4.52822639056751,207.71000671386696,14.039999961853,10.8100004196167,99.879997253418
2016-09-10 08:30:00,4.26999998092651,4.230035830689838,196.050003051758,14.2299995422363,10.8100004196167,49.1100006103516
2016-09-10 08:40:00,4.46999979019165,4.430065828108336,194.1900024414059,13.8599996566772,10.8100004196167,61.2299995422363
2016-09-10 08:50:00,4.96999979019165,4.926056673521907,195.100006103516,13.7799997329712,10.8199996948242,105.980003356934
2016-09-10 09:00:00,4.78999996185303,4.745609379886662,187.47999572753892,14.1499996185303,10.8100004196167,88.6399993896484
2016-09-10 09:10:00,6.1100001335144,6.052112987423338,188.399993896484,14.3299999237061,11.5299997329712,245.589996337891
2016-09-10 09:20:00,6.51999998092651,6.45770433367276,184.410003662109,14.3999996185303,13.0500001907349,392.190002441406
2016-09-10 09:30:00,6.6100001335144,6.5447967632023945,187.199996948242,14.6700000762939,13.2799997329712,418.829986572266
2016-09-10 09:40:00,6.01999998092651,5.9593055563336,197.88000488281295,14.8599996566772,12.1000003814697,306.350006103516
2016-09-10 09:50:00,6.67000007629395,6.606577598698244,204.240005493164,14.3599996566772,12.8699998855591,377.029998779297
2016-09-10 10:00:00,6.53000020980835,6.468508949211059,201.279998779297,14.2799997329712,12.5900001525879,349.869995117188
2016-09-10 10:10:00,6.82000017166138,6.751630763311528,196.88000488281295,14.8100004196167,13.1400003433228,404.220001220703
2016-09-10 10:20:00,5.98000001907349,5.916834136777564,206.30999755859395,15.2799997329712,12.0100002288818,287.559997558594
2016-09-10 10:30:00,5.73999977111816,5.677073590776041,203.61000061035196,15.6300001144409,11.6899995803833,245.880004882813
2016-09-10 10:40:00,5.23999977111816,5.180821309825941,234.22000122070295,15.9200000762939,10.9700002670288,149.169998168945
2016-09-10 10:50:00,5.40999984741211,5.3479766041575285,220.53999328613295,16.0699996948242,10.8999996185303,154.600006103516
2016-09-10 11:00:00,6.03999996185303,5.973095574834722,229.74000549316392,15.7299995422363,11.5699996948242,238.149993896484
2016-09-10 11:10:00,6.30000019073486,6.229712662387076,261.019989013672,15.8000001907349,12.1599998474121,306.279998779297
2016-09-10 11:20:00,5.8899998664856,5.821132140173314,222.490005493164,16.2700004577637,11.4099998474121,226.550003051758
2016-09-10 11:30:00,5.23000001907349,5.16706452206363,238.91999816894497,16.5699996948242,11.1300001144409,167.179992675781
2016-09-10 11:40:00,3.98000001907349,3.930840550659774,256.1300048828129,16.8500003814697,7.25,33.5800018310547
2016-09-10 11:50:00,4.51000022888184,4.452657241139092,221.61000061035196,17.1700000762939,7.76000022888184,61.2099990844727
2016-09-10 12:00:00,4.96000003814697,4.895755327124956,219.02999877929696,17.3799991607666,10.8100004196167,121.169998168945
2016-09-10 12:10:00,5.09999990463257,5.033999584052569,221.32000732421892,17.3700008392334,10.8100004196167,144.919998168945
2016-09-10 12:20:00,5.28000020980835,5.215922987998717,220.520004272461,16.6599998474121,10.9399995803833,147.679992675781
2016-09-10 12:30:00,3.21000003814697,3.1710440009727328,217.39999389648395,16.6599998474121,2.35999989509583,-4.92999982833862
2016-09-10 12:40:00,2.85999989509583,2.8247391879164385,209.30000305175795,16.8299999237061,0.920000016689301,-2.98000001907349
2016-09-10 12:50:00,3.95000004768372,3.8993743574988415,213.009994506836,17.2600002288818,4.76999998092651,17.4200000762939
2016-09-10 13:00:00,4.6100001335144,4.549610327126634,189.88000488281295,17.5100002288818,10.8100004196167,47.5999984741211
2016-09-10 13:10:00,3.67000007629395,3.6214672350599737,188.449996948242,17.6200008392334,5.80000019073486,2.32999992370605
2016-09-10 13:20:00,4.98999977111816,4.923220966227949,202.78999328613293,17.7600002288818,10.8100004196167,64.4499969482422
2016-09-10 13:30:00,4.44000005722046,4.380079811161517,219.35000610351597,17.8600006103516,10.8100004196167,38.7200012207031
2016-09-10 13:40:00,4.61999988555908,4.5558247403803005,206.46000671386696,18.2099990844727,10.8100004196167,76.1399993896484
2016-09-10 13:50:00,5.26000022888184,5.184741226258733,206.199996948242,18.5799999237061,11.0,143.149993896484
2016-09-10 14:00:00,4.61999988555908,4.552753723637834,220.660003662109,18.7999992370605,10.8100004196167,60.1599998474121
2016-09-10 14:10:00,4.51000022888184,4.445268908632155,224.270004272461,18.6200008392334,10.8400001525879,57.5999984741211
2016-09-10 14:20:00,5.19000005722046,5.116093365267975,211.16000366210892,18.5200004577637,10.9099998474121,117.559997558594
2016-09-10 14:30:00,5.01999998092651,4.946310495086352,202.33000183105491,18.9099998474121,10.8699998855591,109.040000915527
2016-09-10 14:40:00,5.51000022888184,5.426456120804895,198.289993286133,19.3400001525879,11.1800003051758,186.330001831055
2016-09-10 14:50:00,5.11999988555908,5.041392543068557,212.77000427246097,19.5100002288818,10.8400001525879,132.720001220703
2016-09-10 15:00:00,4.55999994277954,4.4891723364660265,227.369995117188,19.6700000762939,10.8199996948242,78.5299987792969
2016-09-10 15:10:00,5.44000005722046,5.3557478500727616,187.050003051758,19.6299991607666,10.9799995422363,160.910003662109
2016-09-10 15:20:00,5.11999988555908,5.044900063395928,193.39999389648392,18.8999996185303,10.8100004196167,119.309997558594
2016-09-10 15:30:00,4.73999977111816,4.672661390709361,229.78999328613304,18.4899997711182,10.8100004196167,91.0199966430664
2016-09-10 15:40:00,4.88000011444092,4.808475476920771,208.889999389648,18.8899993896484,10.8100004196167,89.9700012207031
2016-09-10 15:50:00,5.1399998664856,5.0639709842910845,183.050003051758,19.0100002288818,10.8599996566772,120.180000305176
2016-09-10 16:00:00,4.78999996185303,4.717910427150645,199.330001831055,19.2399997711182,10.9499998092651,136.380004882813
2016-09-10 16:10:00,5.21999979019165,5.141555990810455,175.11000061035202,19.2199993133545,11.4499998092651,160.130004882813
2016-09-10 16:20:00,5.84999990463257,5.766958323549722,201.210006713867,18.4799995422363,11.4099998474121,237.75
2016-09-10 16:30:00,5.59000015258789,5.515318224710145,192.44000244140597,17.7399997711182,11.1499996185303,182.880004882813
2016-09-10 16:40:00,6.3600001335144,6.276038075566272,187.009994506836,17.6000003814697,11.9200000762939,282.549987792969
2016-09-10 16:50:00,6.05999994277954,5.97657437105294,178.86000061035202,18.1000003814697,11.8299999237061,262.049987792969
2016-09-10 17:00:00,6.32000017166138,6.231925609653146,190.949996948242,18.25,12.210000038147,312.019989013672
2016-09-10 17:10:00,6.40000009536743,6.310666290776076,205.57000732421895,18.2700004577637,12.7200002670288,356.420013427734
2016-09-10 17:20:00,5.55999994277954,5.484524966540885,202.49000549316392,17.9300003051758,10.9799995422363,198.580001831055
2016-09-10 17:30:00,6.0,5.9242564235315225,201.78999328613293,17.0900001525879,11.6999998092651,267.700012207031
2016-09-10 17:40:00,6.44999980926514,6.369892560540371,202.64999389648395,16.9099998474121,12.8599996566772,370.070007324219
2016-09-10 17:50:00,6.40000009536743,6.317031215527432,198.94999694824196,17.3899993896484,12.539999961853,342.809997558594
2016-09-10 18:00:00,6.69999980926514,6.612686588124919,197.55999755859392,17.4500007629395,13.1999998092651,402.779998779297
2016-09-10 18:10:00,5.84000015258789,5.76435718498991,191.1600036621089,17.3799991607666,11.3000001907349,226.580001831055
2016-09-10 18:20:00,5.78999996185303,5.719009986425885,189.940002441406,16.7700004577637,11.0100002288818,208.740005493164
2016-09-10 18:30:00,5.98999977111816,5.922282817848815,199.550003051758,15.9300003051758,11.8299999237061,276.880004882813
2016-09-10 18:40:00,5.73999977111816,5.675109068093258,213.32000732421892,15.9300003051758,11.6199998855591,261.029998779297
2016-09-10 18:50:00,6.78000020980835,6.7007263202615714,224.880004882813,16.2700004577637,13.3100004196167,416.959991455078
2016-09-10 19:00:00,7.03999996185303,6.956404408464792,207.97000122070293,16.4300003051758,13.6800003051758,458.040008544922
2016-09-10 19:10:00,6.65999984741211,6.580916555391259,209.71000671386693,16.4300003051758,13.289999961853,413.380004882813
2016-09-10 19:20:00,6.30000019073486,6.229640796302863,206.75999450683597,15.8100004196167,12.3900003433228,325.679992675781
2016-09-10 19:30:00,6.59999990463257,6.532172876536855,212.4499969482419,15.0299997329712,13.1700000762939,404.880004882813
2016-09-10 19:40:00,7.26000022888184,7.184642638308489,215.889999389648,15.1199998855591,14.9300003051758,631.570007324219
2016-09-10 19:50:00,7.65000009536743,7.566659142805593,212.830001831055,15.5699996948242,15.6400003433228,708.510009765625
2016-09-10 20:00:00,7.80999994277954,7.725807971885272,212.050003051758,15.4700002670288,15.5100002288818,688.840026855469
2016-09-10 20:10:00,7.30999994277954,7.2405758921063805,218.11999511718795,14.3500003814697,14.8100004196167,598.140014648438
2016-09-10 20:20:00,7.07000017166138,7.003830019367312,241.24999999999997,14.2299995422363,14.3199996948242,537.179992675781
2016-09-10 20:30:00,7.03999996185303,6.970554921726359,220.86000061035196,14.6700000762939,14.1099996566772,511.429992675781
2016-09-10 20:40:00,7.61999988555908,7.542563031120223,222.27999877929696,14.9300003051758,15.1000003814697,676.960021972656
2016-09-10 20:50:00,8.15999984741211,8.080255442147129,225.020004272461,14.5900001525879,16.5,858.820007324219
2016-09-10 21:00:00,8.19999980926514,8.129859934712929,218.050003051758,13.5299997329712,16.1900005340576,805.010009765625
2016-09-10 21:10:00,8.47999954223633,8.40922500043406,221.399993896484,13.3500003814697,16.7999992370605,952.150024414063
2016-09-10 21:20:00,9.0,8.92654754272553,220.75999450683597,13.1899995803833,17.1000003814697,1093.35998535156
2016-09-10 21:30:00,8.14000034332275,8.072439151334763,216.550003051758,13.3100004196167,16.0799999237061,783.890014648438
2016-09-10 21:40:00,7.44000005722046,7.37293342641436,211.91999816894491,13.9300003051758,14.9499998092651,622.27001953125
2016-09-10 21:50:00,7.80000019073486,7.727356295703822,212.55999755859403,14.1899995803833,15.7799997329712,742.630004882813
2016-09-10 22:00:00,8.02999973297119,7.958446399054695,217.3600006103519,13.8400001525879,16.4400005340576,852.710021972656
2016-09-10 22:10:00,7.94000005722046,7.875748797901872,222.589996337891,13.1300001144409,15.8299999237061,742.130004882813
2016-09-10 22:20:00,7.82000017166138,7.757261940147066,220.33000183105503,13.0699996948242,15.6599998474121,719.599975585938
2016-09-10 22:30:00,8.39999961853027,8.327664899173325,216.949996948242,13.5799999237061,16.7700004577637,902.010009765625
2016-09-10 22:40:00,7.78000020980835,7.713273492028691,216.57000732421892,13.5500001907349,15.789999961853,734.659973144531
2016-09-10 22:50:00,8.07999992370605,8.01181815182717,218.080001831055,13.4300003051758,16.2999992370605,812.989990234375
2016-09-10 23:00:00,7.69000005722046,7.626617578187666,217.55000305175795,13.2600002288818,15.5699996948242,702.5
2016-09-10 23:10:00,8.11999988555908,8.055042437489643,219.940002441406,13.0500001907349,16.25,852.780029296875
2016-09-10 23:20:00,5.73000001907349,5.683169128290084,213.75999450683597,13.1999998092651,11.4099998474121,216.809997558594
2016-09-10 23:30:00,6.09999990463257,6.047400814899528,205.639999389648,13.5900001525879,11.9700002670288,292.470001220703
2016-09-10 23:40:00,6.53999996185303,6.482175415882024,200.309997558594,13.7799997329712,13.0799999237061,397.459991455078
2016-09-10 23:50:00,6.05000019073486,5.995881227278304,212.21000671386693,13.8699998855591,12.3299999237061,324.320007324219
2016-09-11 00:00:00,6.32000017166138,6.26339324066608,209.47999572753892,13.8800001144409,12.7799997329712,366.829986572266
2016-09-11 00:10:00,6.48999977111816,6.4357590050307545,206.35000610351597,13.3599996566772,13.0699996948242,397.380004882813
2016-09-11 00:20:00,6.80999994277954,6.756151644755917,203.64999389648395,12.9700002670288,13.3800001144409,431.149993896484
2016-09-11 00:30:00,6.59999990463257,6.545220562879427,197.8399963378909,13.3100004196167,12.8000001907349,369.070007324219
2016-09-11 00:40:00,6.23999977111816,6.185546397823615,198.41000366210892,13.6800003051758,12.1800003051758,313.029998779297
2016-09-11 00:50:00,5.96999979019165,5.916733881810311,199.52999877929693,13.8500003814697,11.6599998474121,265.410003662109
2016-09-11 01:00:00,5.94000005722046,5.8866599892398215,190.149993896484,13.8999996185303,11.1800003051758,224.449996948242
2016-09-11 01:10:00,5.44000005722046,5.3928412615358745,171.39999389648403,13.6300001144409,10.8199996948242,167.520004272461
2016-09-11 01:20:00,5.03999996185303,4.999506867430464,181.03999328613293,13.0799999237061,10.8100004196167,137.509994506836
2016-09-11 01:30:00,5.03000020980835,4.989645566489593,184.64999389648395,13.0699996948242,10.8100004196167,150.110000610352
2016-09-11 01:40:00,5.03999996185303,4.997877701660053,185.970001220703,13.3599996566772,10.8100004196167,161.910003662109
2016-09-11 01:50:00,5.53000020980835,5.483081105841987,183.210006713867,13.4700002670288,10.8900003433228,201.580001831055
2016-09-11 02:00:00,5.78999996185303,5.741141984092466,185.110000610352,13.4300003051758,11.5900001525879,261.029998779297
2016-09-11 02:10:00,5.88000011444092,5.830653972540942,188.869995117188,13.3900003433228,12.3100004196167,322.190002441406
2016-09-11 02:20:00,6.01000022888184,5.961644390465046,177.05000305175804,13.0900001525879,12.0299997329712,296.989990234375
2016-09-11 02:30:00,6.44999980926514,6.404075507529934,182.16999816894497,12.289999961853,12.8100004196167,372.570007324219
2016-09-11 02:40:00,6.3899998664856,6.344502767162454,186.46000671386696,12.289999961853,13.1999998092651,410.809997558594
2016-09-11 02:50:00,5.90000009536743,5.855531167653635,187.4100036621089,12.6499996185303,12.1000003814697,303.839996337891
2016-09-11 03:00:00,6.25,6.202531399701486,183.1900024414059,12.6999998092651,12.5500001907349,345.329986572266
2016-09-11 03:10:00,6.71999979019165,6.669506012542336,182.779998779297,12.6300001144409,13.6300001144409,461.299987792969
2016-09-11 03:20:00,7.71999979019165,7.664496032510609,192.13000488281293,12.3500003814697,15.460000038147,693.710021972656
2016-09-11 03:30:00,8.14999961853027,8.099924600448233,190.149993896484,11.4499998092651,16.0499992370605,793.460021972656
2016-09-11 03:40:00,8.4399995803833,8.392273099451288,196.80999755859395,11.0299997329712,17.0499992370605,980.650024414063
2016-09-11 03:50:00,7.6399998664856,7.594837858168755,200.759994506836,11.25,15.9099998474121,762.0
2016-09-11 04:00:00,6.80000019073486,6.754108768137506,199.78999328613293,11.9700002670288,14.0200004577637,503.779998779297
2016-09-11 04:10:00,7.42999982833862,7.378304361720103,198.710006713867,12.1499996185303,15.3599996566772,688.390014648438
2016-09-11 04:20:00,8.71000003814697,8.650611769164657,207.949996948242,12.0299997329712,17.0900001525879,1083.51000976563
2016-09-11 04:30:00,9.38000011444092,9.323787620804906,198.24999999999991,11.3199996948242,17.1000003814697,1118.03002929688
2016-09-11 04:40:00,8.88000011444092,8.827301222975661,201.190002441406,11.2700004577637,17.1000003814697,1080.75
2016-09-11 04:50:00,9.32999992370605,9.275391488309854,204.91000366210895,11.1999998092651,17.1000003814697,1222.41003417969
2016-09-11 05:00:00,8.86999988555908,8.81818720374816,201.509994506836,11.1899995803833,17.0599994659424,1044.66003417969
2016-09-11 05:10:00,7.8899998664856,7.838402166629531,200.38000488281293,11.789999961853,15.8599996566772,749.690002441406
2016-09-11 05:20:00,8.68000030517578,8.619607751152628,197.240005493164,12.1499996185303,16.7000007629395,927.299987792969
2016-09-11 05:30:00,9.0600004196167,8.999909151606227,203.149993896484,11.8699998855591,17.0900001525879,1110.44995117188
2016-09-11 05:40:00,9.10000038146973,9.044618094600448,199.589996337891,11.3999996185303,17.0599994659424,1057.47998046875
2016-09-11 05:50:00,8.14999961853027,8.100968426375394,194.899993896484,11.3400001525879,15.9899997711182,770.580017089844
2016-09-11 06:00:00,7.07000017166138,7.02442242369544,202.05000305175795,11.710000038147,14.5,562.260009765625
2016-09-11 06:10:00,7.03000020980835,6.980435415676495,203.39999389648392,12.2299995422363,14.4799995422363,560.739990234375
2016-09-11 06:20:00,7.23999977111816,7.186269363071917,218.850006103516,12.5500001907349,14.4399995803833,554.700012207031
2016-09-11 06:30:00,8.10000038146973,8.038199881500868,216.529998779297,12.7299995422363,15.9200000762939,853.169982910156
2016-09-11 06:40:00,8.14999961853027,8.09310551968467,220.14999389648392,12.1700000762939,16.3999996185303,866.359985351563
2016-09-11 06:50:00,6.65000009536743,6.602805995493076,230.399993896484,12.2700004577637,13.1999998092651,419.329986572266
2016-09-11 07:00:00,5.65999984741211,5.615768318586286,192.02000427246097,12.8900003433228,11.2600002288818,185.039993286133
2016-09-11 07:10:00,6.55999994277954,6.505022781598035,199.990005493164,13.3800001144409,12.7600002288818,370.559997558594
2016-09-11 07:20:00,6.75,6.690707363874338,208.440002441406,13.7299995422363,13.3599996566772,432.209991455078
2016-09-11 07:30:00,7.28999996185303,7.224453258088807,198.649993896484,13.9099998474121,14.3400001525879,542.890014648438
2016-09-11 07:40:00,7.69000005722046,7.620945322898589,200.440002441406,13.8999996185303,15.1199998855591,644.809997558594
2016-09-11 07:50:00,7.46999979019165,7.405931852611671,196.580001831055,13.5500001907349,14.3299999237061,543.169982910156
2016-09-11 08:00:00,6.82000017166138,6.760249745386646,201.600006103516,13.710000038147,13.3900003433228,432.609985351563
2016-09-11 08:10:00,7.5,7.431357214410946,207.41000366210892,14.0500001907349,14.6800003051758,612.510009765625
2016-09-11 08:20:00,7.71000003814697,7.639701267418371,214.16999816894497,14.0200004577637,15.3500003814697,697.760009765625
2016-09-11 08:30:00,7.98999977111816,7.919814860144377,221.0,13.7299995422363,15.6700000762939,733.859985351563
2016-09-11 08:40:00,8.43000030517578,8.355076759624989,221.25,13.8199996948242,16.2000007629395,858.340026855469
2016-09-11 08:50:00,8.97000026702881,8.892757114479622,217.850006103516,13.5799999237061,16.7399997711182,1021.94000244141
2016-09-11 09:00:00,10.4899997711182,10.401602595125388,222.41000366210892,13.4200000762939,17.0799999237061,1495.13000488281
2016-09-11 09:10:00,8.90999984741211,8.833273375066657,223.75999450683597,13.5799999237061,16.0699996948242,1025.09997558594
2016-09-11 09:20:00,6.94000005722046,6.875206104537924,203.770004272461,14.210000038147,13.1199998855591,405.079986572266
2016-09-11 09:30:00,6.88000011444092,6.807248989217228,210.72999572753895,15.289999961853,12.8999996185303,384.089996337891
2016-09-11 09:40:00,9.17000007629395,9.067169709025174,197.860000610352,15.8500003814697,16.6800003051758,1076.5400390625
2016-09-11 09:50:00,10.3699998855591,10.256316173195582,203.91999816894491,15.6300001144409,16.9599990844727,1400.58996582031
2016-09-11 10:00:00,9.72000026702881,9.61732929866339,207.19000244140597,15.2799997329712,17.0499992370605,1180.77001953125
2016-09-11 10:10:00,10.3299999237061,10.219704675659894,192.889999389648,15.3800001144409,17.1000003814697,1424.46997070313
2016-09-11 10:20:00,8.96000003814697,8.859115859370633,176.99000549316406,15.8900003433228,16.5200004577637,982.22998046875
2016-09-11 10:30:00,8.51000022888184,8.412436859347741,174.11000061035202,16.0699996948242,15.9899997711182,807.549987792969
2016-09-11 10:40:00,8.65999984741211,8.55539553354296,169.38000488281295,16.6100006103516,16.1200008392334,829.510009765625
2016-09-11 10:50:00,8.77999973297119,8.66836527808915,192.91000366210892,17.1700000762939,16.5300006866455,959.140014648438
2016-09-11 11:00:00,8.8100004196167,8.69718573149249,173.72999572753906,17.25,16.0,900.900024414063
2016-09-11 11:10:00,9.89000034332275,9.76975217218606,195.600006103516,16.6800003051758,16.9500007629395,1240.81994628906
2016-09-11 11:20:00,12.039999961853,11.89142308299612,189.46000671386696,16.8400001525879,17.1000003814697,1837.69995117188
2016-09-11 11:30:00,9.72999954223633,9.6108125615247,155.38000488281295,16.7600002288818,16.9500007629395,1174.92004394531
2016-09-11 11:40:00,9.60999965667725,9.489010654811644,192.05999755859392,17.0599994659424,16.6900005340576,1065.0
2016-09-11 11:50:00,9.14000034332275,9.025550627785496,182.78999328613295,17.0,16.9599990844727,1048.40002441406
2016-09-11 12:00:00,9.60000038146973,9.48044413929845,180.080001831055,16.9400005340576,17.0400009155273,1122.02001953125
2016-09-11 12:10:00,11.1499996185303,11.00722054138648,178.30000305175804,17.25,17.1000003814697,1614.01000976563
2016-09-11 12:20:00,9.51000022888184,9.385421691802284,187.199996948242,17.5100002288818,16.75,1143.69995117188
2016-09-11 12:30:00,10.0900001525879,9.955312689109974,188.710006713867,17.7299995422363,16.6100006103516,1290.10998535156
2016-09-11 12:40:00,10.2299995422363,10.092865006701413,185.27000427246097,17.7800006866455,17.0100002288818,1323.92004394531
2016-09-11 12:50:00,10.9899997711182,10.844790064544474,176.25,17.6100006103516,16.6900005340576,1474.48999023438
2016-09-11 13:00:00,11.3299999237061,11.17619929711865,181.960006713867,17.9300003051758,16.9099998474121,1574.38000488281
2016-09-11 13:10:00,9.64000034332275,9.503919633406555,192.039993286133,18.4099998474121,16.5599994659424,1150.91003417969
2016-09-11 13:20:00,13.1599998474121,12.976307216588248,185.779998779297,18.2700004577637,17.1000003814697,2010.9599609375
2016-09-11 13:30:00,11.7399997711182,11.577320021685503,193.50999450683597,18.1800003051758,17.1000003814697,1748.98999023438
2016-09-11 13:40:00,12.7600002288818,12.587652813190909,184.899993896484,17.8700008392334,17.1100006103516,1965.63000488281
2016-09-11 13:50:00,11.5100002288818,11.354276298146656,189.330001831055,17.8899993896484,17.1000003814697,1691.57995605469
2016-09-11 14:00:00,11.7200002670288,11.561435152041312,188.47999572753895,17.8899993896484,17.1000003814697,1757.41003417969
2016-09-11 14:10:00,10.8100004196167,10.658988115178012,188.940002441406,18.2800006866455,17.0900001525879,1520.18994140625
2016-09-11 14:20:00,11.5699996948242,11.408631432077463,168.53999328613304,18.2600002288818,17.1100006103516,1653.16003417969
2016-09-11 14:30:00,13.2200002670288,13.03308535465188,192.05000305175795,18.4300003051758,17.0200004577637,1950.5400390625
2016-09-11 14:40:00,12.3999996185303,12.224538777481616,184.429992675781,18.4400005340576,17.1100006103516,1809.93994140625
2016-09-11 14:50:00,12.539999961853,12.364961541622565,194.91999816894497,18.2700004577637,17.1000003814697,1890.08996582031
2016-09-11 15:00:00,11.8699998855591,11.701771063040413,188.69999694824196,18.4599990844727,17.1000003814697,1816.25
2016-09-11 15:10:00,12.5,12.32199737201914,176.91999816894497,18.5200004577637,17.1000003814697,1940.5400390625
2016-09-11 15:20:00,12.6199998855591,12.4451260815345,187.4199981689449,18.1800003051758,17.1000003814697,1968.16003417969
2016-09-11 15:30:00,10.6800003051758,10.532249865835992,188.82000732421892,18.1599998474121,17.0900001525879,1438.81994628906
2016-09-11 15:40:00,11.8599996566772,11.698468649391202,190.96000671386696,17.9699993133545,17.1000003814697,1700.67004394531
2016-09-11 15:50:00,10.5799999237061,10.433632920684092,189.91000366210895,18.1599998474121,17.0900001525879,1437.90002441406
2016-09-11 16:00:00,10.960000038147,10.80849967678406,183.7499999999999,18.1499996185303,17.0400009155273,1554.61999511719
2016-09-11 16:10:00,12.960000038147,12.784658412765996,191.38000488281293,17.8899993896484,17.1000003814697,1957.42004394531
2016-09-11 16:20:00,11.6499996185303,11.49238157356205,177.28999328613304,17.8899993896484,17.1000003814697,1760.34997558594
2016-09-11 16:30:00,10.1300001144409,9.9920313817545,173.72999572753906,17.9699993133545,17.0699996948242,1285.69995117188
2016-09-11 16:40:00,9.53999996185303,9.40780534229263,179.49000549316406,18.1800003051758,16.9899997711182,1182.73999023438
2016-09-11 16:50:00,10.1999998092651,10.061538523084996,182.470001220703,17.9300003051758,17.0799999237061,1384.68994140625
2016-09-11 17:00:00,10.539999961853,10.400736055244929,185.28999328613293,17.6100006103516,17.1000003814697,1452.91003417969
2016-09-11 17:10:00,10.7700004577637,10.628428725068227,180.69999694824196,17.5499992370605,17.0699996948242,1512.36999511719
2016-09-11 17:20:00,11.6199998855591,11.466203177182084,174.17999267578102,17.6299991607666,17.1000003814697,1710.31994628906
2016-09-11 17:30:00,11.9899997711182,11.8329338830929,175.21000671386696,17.5100002288818,17.1100006103516,1818.90002441406
2016-09-11 17:40:00,11.4700002670288,11.32052523743125,176.55999755859398,17.4500007629395,17.0900001525879,1687.84997558594
2016-09-11 17:50:00,10.4799995422363,10.344850164085658,163.63999938964798,17.3299999237061,17.1000003814697,1416.69995117188
2016-09-11 18:00:00,12.1499996185303,11.99413989500462,172.80000305175804,17.2700004577637,17.1100006103516,1850.64001464844
2016-09-11 18:10:00,12.9099998474121,12.749075120232686,178.69000244140602,16.9500007629395,17.1100006103516,2000.76000976563
2016-09-11 18:20:00,14.0500001907349,13.878374390756912,176.529998779297,16.7299995422363,17.1100006103516,2054.6201171875
2016-09-11 18:30:00,13.75,13.583913471011131,171.83000183105503,16.6100006103516,17.1000003814697,2041.57995605469
2016-09-11 18:40:00,13.9099998474121,13.74403640898618,169.80000305175804,16.4799995422363,17.1100006103516,2035.27001953125
2016-09-11 18:50:00,12.2700004577637,12.121790873274843,156.69999694824196,16.6100006103516,17.1000003814697,1830.92004394531
2016-09-11 19:00:00,11.5600004196167,11.42049832333576,161.47999572753895,16.6000003814697,17.1000003814697,1771.85998535156
2016-09-11 19:10:00,11.1400003433228,11.009367598816004,161.11999511718795,16.2999992370605,17.1000003814697,1629.43994140625
2016-09-11 19:20:00,10.710000038147,10.585263045344137,158.71000671386696,16.2299995422363,17.1000003814697,1522.2900390625
2016-09-11 19:30:00,10.4799995422363,10.35615225873834,159.00999450683594,16.3799991607666,17.1000003814697,1437.34997558594
2016-09-11 19:40:00,10.210000038147,10.090737736436813,164.21000671386696,16.2600002288818,17.1000003814697,1385.06994628906
2016-09-11 19:50:00,11.1099996566772,10.984654435777443,172.38999938964798,15.9099998474121,17.1000003814697,1687.60998535156
2016-09-11 20:00:00,11.5699996948242,11.43880515729964,172.21000671386696,15.960000038147,17.1000003814697,1720.14001464844
2016-09-11 20:10:00,10.5600004196167,10.437611612473033,163.07000732421898,16.1800003051758,17.1000003814697,1465.93005371094
2016-09-11 20:20:00,10.4300003051758,10.3092369551557,159.47999572753906,16.1700000762939,17.1000003814697,1403.13000488281
2016-09-11 20:30:00,10.5299997329712,10.410838040139463,167.61999511718795,15.9399995803833,17.1000003814697,1504.32995605469
2016-09-11 20:40:00,9.85000038146973,9.738533833548177,169.74000549316406,15.9399995803833,17.0100002288818,1266.47998046875
2016-09-11 20:50:00,9.77000045776367,9.658993752395,169.66000366210903,15.9799995422363,17.0900001525879,1286.63000488281
2016-09-11 21:00:00,10.7399997711182,10.621401709799017,167.49000549316406,15.6999998092651,17.0900001525879,1506.52001953125
2016-09-11 21:10:00,11.75,11.62145599280329,167.69999694824196,15.6099996566772,17.1000003814697,1805.56005859375
2016-09-11 21:20:00,12.3599996566772,12.22393570728171,168.58999633789097,15.6700000762939,17.1100006103516,1947.81994628906
2016-09-11 21:30:00,12.3800001144409,12.245977742476931,164.13000488281295,15.5100002288818,17.1000003814697,1960.85998535156
2016-09-11 21:40:00,12.3299999237061,12.199055030082626,161.85000610351597,15.3299999237061,17.1000003814697,1925.22998046875
2016-09-11 21:50:00,12.6499996185303,12.516813462190644,169.779998779297,15.25,17.1000003814697,1962.07995605469
2016-09-11 22:00:00,11.6999998092651,11.574007229641015,172.21000671386696,15.460000038147,17.1000003814697,1824.28002929688
2016-09-11 22:10:00,13.039999961853,12.903005947466996,164.69000244140602,15.2299995422363,17.1100006103516,2020.55004882813
2016-09-11 22:20:00,13.5200004577637,13.379974540726469,183.610000610352,15.1000003814697,17.1000003814697,2009.63000488281
2016-09-11 22:30:00,12.1400003433228,12.013016883801278,183.899993896484,15.1899995803833,17.1000003814697,1857.52001953125
2016-09-11 22:40:00,11.4099998474121,11.288173247927867,183.949996948242,15.3800001144409,17.1000003814697,1754.88000488281
2016-09-11 22:50:00,11.460000038147,11.339211791822136,176.279998779297,15.2600002288818,17.1000003814697,1705.2099609375
2016-09-11 23:00:00,12.8400001525879,12.70540098986032,179.86000061035202,15.210000038147,17.1200008392334,1979.9599609375
2016-09-11 23:10:00,12.8900003433228,12.753402957823925,179.89999389648403,15.3100004196167,17.1000003814697,1953.23999023438
2016-09-11 23:20:00,12.3000001907349,12.167405918565256,183.220001220703,15.4700002670288,17.1100006103516,1946.14001464844
2016-09-11 23:30:00,13.1300001144409,12.99161008976469,179.94000244140602,15.2600002288818,17.1100006103516,2016.36999511719
2016-09-11 23:40:00,11.9399995803833,11.814152145336758,177.99000549316406,15.2600002288818,17.0900001525879,1787.33996582031
2016-09-11 23:50:00,11.5600004196167,11.436968635034896,168.02000427246094,15.3500003814697,17.1000003814697,1744.40002441406
2016-09-12 00:00:00,12.0299997329712,11.900178645537755,170.83000183105503,15.4799995422363,17.1000003814697,1826.40002441406
2016-09-12 00:10:00,9.63000011444092,9.527619192131557,165.58999633789097,15.3400001525879,16.9699993133545,1117.28002929688
2016-09-12 00:20:00,8.30000019073486,8.21137961120128,157.05999755859398,15.3800001144409,15.6400003433228,743.119995117188
2016-09-12 00:30:00,8.10999965667725,8.02285167109803,165.470001220703,15.4399995803833,15.7799997329712,748.130004882813
2016-09-12 00:40:00,8.84000015258789,8.745917024992956,176.75999450683594,15.3500003814697,16.7399997711182,976.530029296875
2016-09-12 00:50:00,9.10999965667725,9.015960681260312,162.11000061035202,15.0699996948242,16.8500003814697,1007.20001220703
2016-09-12 01:00:00,8.35000038146973,8.261227719976564,155.30999755859398,15.3400001525879,15.8900003433228,761.359985351563
2016-09-12 01:10:00,7.94999980926514,7.860215691605656,163.39999389648403,15.9200000762939,15.7299995422363,738.330017089844
2016-09-12 01:20:00,9.02000045776367,8.920189869107562,155.55999755859398,15.7200002670288,17.0300006866455,1041.92004394531
2016-09-12 01:30:00,9.77999973297119,9.68565812483872,158.57000732421898,14.4799995422363,17.0900001525879,1272.30004882813
2016-09-12 01:40:00,9.78999996185303,9.698372554115286,162.67999267578102,14.2299995422363,17.1000003814697,1315.35998535156
2016-09-12 01:50:00,9.39999961853027,9.310834515824098,161.720001220703,14.3400001525879,17.0900001525879,1193.26000976563
2016-09-12 02:00:00,8.21000003814697,8.133820763855159,140.970001220703,14.1599998474121,15.8299999237061,769.349975585938
2016-09-12 02:10:00,7.78000020980835,7.704683495315271,146.80999755859398,14.5100002288818,15.539999961853,725.840026855469
2016-09-12 02:20:00,8.44999980926514,8.362870467716363,144.19000244140602,15.0600004196167,16.7800006866455,916.900024414063
2016-09-12 02:30:00,8.5,8.416250479660368,146.25999450683605,14.6599998474121,16.4599990844727,893.070007324219
2016-09-12 02:40:00,7.42999982833862,7.360716474827324,145.029998779297,14.1999998092651,14.7200002670288,594.599975585938
2016-09-12 02:50:00,7.51999998092651,7.448149786520001,147.520004272461,14.3999996185303,14.9300003051758,612.869995117188
2016-09-12 03:00:00,7.90000009536743,7.81935590044067,146.33999633789097,14.9700002670288,15.6499996185303,722.679992675781
2016-09-12 03:10:00,7.78999996185303,7.708873655653158,151.32000732421898,15.1499996185303,15.75,735.119995117188
2016-09-12 03:20:00,9.31999969482422,9.231058319913911,150.36000061035202,14.3900003433228,16.9899997711182,1165.67004394531
2016-09-12 03:30:00,8.88000011444092,8.80148605055176,153.05000305175804,13.7799997329712,17.0,1071.73999023438
2016-09-12 03:40:00,8.32999992370605,8.256252866150797,159.5,13.789999961853,16.4300003051758,846.469970703125
2016-09-12 03:50:00,8.63000011444092,8.553994598030567,157.30999755859398,13.75,17.0200004577637,984.52001953125
2016-09-12 04:00:00,8.73999977111816,8.661717405531995,164.63999938964798,13.8800001144409,16.7900009155273,932.47998046875
2016-09-12 04:10:00,10.3100004196167,10.213387712099198,154.49000549316406,14.2399997711182,17.1000003814697,1400.71997070313
2016-09-12 04:20:00,10.0299997329712,9.935089067432148,145.720001220703,14.3199996948242,17.0300006866455,1281.75
2016-09-12 04:30:00,7.82999992370605,7.756266914469363,152.74000549316406,14.2799997329712,15.4499998092651,686.5
2016-09-12 04:40:00,7.28000020980835,7.210777474437731,165.22999572753906,14.3599996566772,14.3000001907349,533.090026855469
2016-09-12 04:50:00,5.46999979019165,5.4148505392214,167.55999755859398,14.8599996566772,11.3599996566772,213.110000610352
2016-09-12 05:00:00,6.53000020980835,6.462518821584289,162.69000244140602,15.0799999237061,13.3500003814697,450.269989013672
2016-09-12 05:10:00,7.40999984741211,7.3312207602184705,158.24000549316406,15.3400001525879,14.8599996566772,615.52001953125
2016-09-12 05:20:00,6.01000022888184,5.947961339191503,149.970001220703,15.0699996948242,12.1099996566772,273.480010986328
2016-09-12 05:30:00,3.95000004768372,3.910899981320744,152.69999694824196,14.6999998092651,7.13000011444092,30.3799991607666
2016-09-12 05:40:00,3.48000001907349,3.4453528889378955,156.529998779297,14.75,1.46000003814697,-2.1800000667572
2016-09-12 05:50:00,6.09999990463257,6.037311287830475,146.66000366210898,15.0299997329712,11.1000003814697,241.259994506836
2016-09-12 06:00:00,6.59000015258789,6.520843114951461,142.41999816894497,15.2200002670288,12.9899997711182,392.119995117188
2016-09-12 06:10:00,7.59999990463257,7.51920084019429,156.82000732421898,15.3400001525879,15.3000001907349,665.200012207031
2016-09-12 06:20:00,8.06999969482422,7.9830049208932,149.67999267578102,15.4700002670288,15.7200002670288,726.960021972656
2016-09-12 06:30:00,7.80000019073486,7.719662388364491,137.58999633789102,15.0500001907349,15.0900001525879,633.469970703125
2016-09-12 06:40:00,6.82000017166138,6.750771282842246,144.490005493164,14.9200000762939,13.3299999237061,421.75
2016-09-12 06:50:00,6.34999990463257,6.282780548742703,140.520004272461,15.3000001907349,12.4799995422363,338.529998779297
2016-09-12 07:00:00,6.25,6.181054767764026,135.80000305175798,15.6899995803833,11.9399995803833,287.549987792969
2016-09-12 07:10:00,5.67000007629395,5.606482608019156,144.990005493164,15.8400001525879,11.2299995422363,228.559997558594
2016-09-12 07:20:00,5.65000009536743,5.585611632720326,138.25,16.0100002288818,11.0600004196167,215.119995117188
2016-09-12 07:30:00,5.57000017166138,5.507730002669876,139.82000732421898,15.8199996948242,11.0699996948242,193.949996948242
2016-09-12 07:40:00,6.26000022888184,6.191802271285963,160.94999694824196,15.5699996948242,12.2200002670288,317.660003662109
2016-09-12 07:50:00,7.03000020980835,6.949965126049427,162.41000366210903,16.0,13.8599996566772,485.480010986328
2016-09-12 08:00:00,7.3600001335144,7.269426420131346,170.0,16.8099994659424,14.3900003433228,544.280029296875
2016-09-12 08:10:00,7.17999982833862,7.086187502757551,167.25,17.4799995422363,13.8299999237061,481.029998779297
2016-09-12 08:20:00,7.1100001335144,7.013966424533777,152.53999328613304,17.8700008392334,13.3999996185303,429.730010986328
2016-09-12 08:30:00,8.35000038146973,8.237312527640476,159.16000366210903,17.8600006103516,15.6999998092651,756.429992675781
2016-09-12 08:40:00,8.22000026702881,8.109252617447291,162.22999572753906,17.8400001525879,15.7200002670288,784.030029296875
2016-09-12 08:50:00,6.61999988555908,6.528491457512177,159.25999450683594,18.1499996185303,12.8999996185303,387.010009765625
2016-09-12 09:00:00,6.44000005722046,6.346915240018648,189.27000427246097,18.7099990844727,12.6099996566772,352.579986572266
2016-09-12 09:10:00,6.84000015258789,6.734985651289517,176.30000305175804,19.5100002288818,12.8100004196167,368.679992675781
2016-09-12 09:20:00,8.97000026702881,8.825955308869506,184.61999511718795,20.1399993896484,16.6000003814697,961.369995117188
2016-09-12 09:30:00,10.6000003814697,10.426818267947526,186.850006103516,20.3899993896484,17.0300006866455,1389.68005371094
2016-09-12 09:40:00,9.98999977111816,9.825222038490637,192.960006713867,20.5300006866455,16.9899997711182,1197.84997558594
2016-09-12 09:50:00,10.289999961853,10.121997560582242,190.5700073242189,20.3799991607666,16.9400005340576,1293.32995605469
2016-09-12 10:00:00,12.289999961853,12.089618598818126,191.83999633789097,20.3600006103516,17.1000003814697,1758.26000976563
2016-09-12 10:10:00,14.5500001907349,14.312120713356562,187.929992675781,20.3999996185303,17.1200008392334,2045.5
2016-09-12 10:20:00,14.5799999237061,14.339839034429373,182.860000610352,20.5100002288818,17.0300006866455,1943.43005371094
2016-09-12 10:30:00,12.8699998855591,12.654416028015406,187.74000549316395,20.7600002288818,17.1100006103516,1840.09997558594
2016-09-12 10:40:00,12.1300001144409,11.9261356630593,187.789993286133,20.8099994659424,17.1000003814697,1818.57995605469
2016-09-12 10:50:00,11.9700002670288,11.767624053391204,190.559997558594,20.8999996185303,17.1000003814697,1759.94995117188
2016-09-12 11:00:00,12.710000038147,12.492988754122145,197.009994506836,21.0499992370605,17.1100006103516,1890.46997070313
2016-09-12 11:10:00,12.6700000762939,12.452261047184557,184.77000427246097,21.1499996185303,17.1000003814697,1807.83996582031
2016-09-12 11:20:00,11.5799999237061,11.379833076564092,186.259994506836,21.2399997711182,17.1000003814697,1632.0
2016-09-12 11:30:00,13.1199998855591,12.892775324242082,182.300003051758,21.2700004577637,17.1100006103516,1892.35998535156
2016-09-12 11:40:00,12.0600004196167,11.84912199579175,185.72000122070295,21.4200000762939,17.1000003814697,1741.81005859375
2016-09-12 11:50:00,13.5500001907349,13.312013593336358,179.80999755859398,21.4899997711182,17.1100006103516,1954.56005859375
2016-09-12 12:00:00,13.3400001525879,13.104367766708208,181.77999877929696,21.5799999237061,17.1000003814697,1937.94995117188
2016-09-12 12:10:00,11.0699996948242,10.872742404589696,174.27000427246094,21.7199993133545,17.0799999237061,1444.40002441406
2016-09-12 12:20:00,11.8299999237061,11.618280809587018,180.57000732421895,21.7900009155273,17.1000003814697,1705.64001464844
2016-09-12 12:30:00,11.1300001144409,10.92920325517193,180.839996337891,21.9200000762939,17.0499992370605,1508.06005859375
2016-09-12 12:40:00,14.3699998855591,14.111228297345258,179.97999572753906,21.8899993896484,17.1100006103516,1977.26000976563
2016-09-12 12:50:00,13.8599996566772,13.61364270347132,182.570007324219,21.6800003051758,17.0599994659424,1969.72998046875
2016-09-12 13:00:00,14.1999998092651,13.944447090958976,185.029998779297,21.8799991607666,17.0599994659424,1948.81005859375
2016-09-12 13:10:00,14.5600004196167,14.292803236477372,186.58000183105497,22.2000007629395,17.1000003814697,2018.18994140625
2016-09-12 13:20:00,13.8800001144409,13.623744540911568,188.28999328613295,22.2999992370605,16.9899997711182,1910.15002441406
2016-09-12 13:30:00,15.4799995422363,15.191805225743332,186.53999328613295,22.4400005340576,17.1200008392334,2043.97998046875
2016-09-12 13:40:00,16.4799995422363,16.174282493169024,179.74000549316406,22.3799991607666,17.1000003814697,2047.23999023438
2016-09-12 13:50:00,14.4200000762939,14.147074439168575,172.96000671386696,22.7199993133545,17.1000003814697,1921.75
2016-09-12 14:00:00,13.8199996948242,13.551410855937844,177.08000183105503,23.1800003051758,17.0599994659424,1891.06994628906
2016-09-12 14:10:00,14.9099998474121,14.622036585932486,190.369995117188,23.0699996948242,17.1100006103516,2010.31005859375
2016-09-12 14:20:00,17.2099990844727,16.879134593912863,188.8399963378909,22.9899997711182,17.1100006103516,2060.419921875
2016-09-12 14:30:00,16.0599994659424,15.752485124254775,188.55999755859395,22.9200000762939,17.1000003814697,2057.36010742188
2016-09-12 14:40:00,16.1399993896484,15.832201053714892,192.3300018310549,22.8500003814697,17.1000003814697,2045.57995605469
2016-09-12 14:50:00,16.9500007629395,16.636127740153327,185.52000427246097,22.3500003814697,17.1100006103516,2056.19995117188
2016-09-12 15:00:00,15.1999998092651,14.921562951491824,180.58999633789097,22.1700000762939,17.1100006103516,1983.72998046875
2016-09-12 15:10:00,14.2700004577637,14.01018106814473,177.61000061035202,22.0699996948242,17.1000003814697,1988.16003417969
2016-09-12 15:20:00,12.8000001907349,12.564817984224293,178.779998779297,22.2199993133545,17.0900001525879,1865.58996582031
2016-09-12 15:30:00,13.6000003814697,13.348613019554056,181.690002441406,22.3199996948242,17.1100006103516,1972.39001464844
2016-09-12 15:40:00,12.6700000762939,12.435803178844523,176.60000610351597,22.3199996948242,17.1000003814697,1867.25
2016-09-12 15:50:00,13.1400003433228,12.896970291344818,181.8099975585939,22.3299999237061,17.0499992370605,1926.30004882813
2016-09-12 16:00:00,12.5900001525879,12.355888230048937,184.710006713867,22.4200000762939,16.7199993133545,1766.93994140625
2016-09-12 16:10:00,13.6400003433228,13.381686906316869,202.03999328613295,22.7299995422363,2.02999997138977,9.82999992370605
2016-09-12 16:20:00,13.1800003051758,12.931709631891168,176.22999572753906,22.6399993896484,17.0200004577637,1899.7900390625
2016-09-12 16:30:00,13.3500003814697,13.099983586181231,182.009994506836,22.5400009155273,17.1000003814697,1890.0400390625
2016-09-12 16:40:00,12.9700002670288,12.72810455234876,182.9100036621089,22.4699993133545,17.1100006103516,1881.43994140625
2016-09-12 16:50:00,13.6800003051758,13.42713419552414,178.44999694824196,22.3199996948242,17.1100006103516,1976.16003417969
2016-09-12 17:00:00,12.1199998855591,11.894627650452572,175.35000610351597,22.4200000762939,17.1000003814697,1729.25
2016-09-12 17:10:00,12.0200004577637,11.796487718924864,171.25,22.4200000762939,17.1000003814697,1729.57995605469
2016-09-12 17:20:00,11.8100004196167,11.592092393678666,178.00999450683594,22.2900009155273,17.0400009155273,1657.93005371094
2016-09-12 17:30:00,11.0100002288818,10.808804719806986,190.60000610351588,22.1299991607666,17.1000003814697,1509.47998046875
2016-09-12 17:40:00,10.1499996185303,9.96508215242881,167.22999572753906,22.0799999237061,17.0300006866455,1213.11999511719
2016-09-12 17:50:00,8.93000030517578,8.76612181216684,177.33999633789097,22.2000007629395,16.7900009155273,971.52001953125
2016-09-12 18:00:00,9.89999961853027,9.717223677660703,168.61999511718795,22.2999992370605,17.0,1153.42004394531
2016-09-12 18:10:00,9.35999965667725,9.19030497040228,167.58999633789097,22.0,16.8500003814697,1021.22998046875
2016-09-12 18:20:00,10.0,9.820699076165372,170.69999694824196,21.8199996948242,17.0599994659424,1217.36999511719
2016-09-12 18:30:00,11.1199998855591,10.921604712754696,174.10000610351597,21.7399997711182,17.1000003814697,1545.61999511719
2016-09-12 18:40:00,11.2399997711182,11.040087637408853,174.25999450683605,21.6900005340576,17.1000003814697,1606.0400390625
2016-09-12 18:50:00,10.6700000762939,10.481529495592603,178.94000244140602,21.5799999237061,17.1000003814697,1469.77001953125
2016-09-12 19:00:00,10.6199998855591,10.433828742694486,177.86999511718795,21.4599990844727,17.0900001525879,1482.60998535156
2016-09-12 19:10:00,9.77999973297119,9.607467086301575,172.16999816894497,21.5599994659424,17.0599994659424,1223.25
2016-09-12 19:20:00,9.92000007629395,9.745879560345148,172.38000488281307,21.4799995422363,17.0900001525879,1231.52001953125
2016-09-12 19:30:00,10.4700002670288,10.28948642638564,185.42999267578088,21.2000007629395,17.1000003814697,1404.56994628906
2016-09-12 19:40:00,9.39000034332275,9.228838491072484,188.1000061035159,21.1299991607666,17.1000003814697,1180.96997070313
2016-09-12 19:50:00,8.92000007629395,8.767401468384689,183.220001220703,21.0799999237061,16.9699993133545,977.840026855469
2016-09-12 20:00:00,8.73999977111816,8.589993967041494,173.279998779297,21.1299991607666,16.25,795.0
2016-09-12 20:10:00,8.14000034332275,8.0002017910018,184.550003051758,21.1399993896484,16.1499996185303,775.47998046875
2016-09-12 20:20:00,8.07999992370605,7.941591650063138,177.58999633789097,21.1000003814697,15.4300003051758,664.700012207031
2016-09-12 20:30:00,7.44999980926514,7.318902696068505,181.77000427246097,21.5200004577637,14.7299995422363,570.070007324219
2016-09-12 20:40:00,7.19999980926514,7.070823242164447,180.820007324219,21.8299999237061,14.0900001525879,493.140014648438
2016-09-12 20:50:00,7.15999984741211,7.031223117389805,170.44000244140602,21.8700008392334,13.7600002288818,456.809997558594
2016-09-12 21:00:00,6.61999988555908,6.504244073534621,171.69999694824196,21.4200000762939,12.5799999237061,342.359985351563
2016-09-12 21:10:00,6.30999994277954,6.202403176151498,166.05999755859398,21.0300006866455,11.8299999237061,272.700012207031
2016-09-12 21:20:00,6.73000001907349,6.615841264094526,180.6499938964839,20.9500007629395,13.0600004196167,388.630004882813
2016-09-12 21:30:00,6.92999982833862,6.809054593318547,170.13999938964798,21.3899993896484,13.0900001525879,393.010009765625
2016-09-12 21:40:00,7.34000015258789,7.210594013085159,167.720001220703,21.5499992370605,14.0299997329712,494.570007324219
2016-09-12 21:50:00,7.98999977111816,7.851265867927084,181.509994506836,21.3099994659424,15.460000038147,686.789978027344
2016-09-12 22:00:00,7.51000022888184,7.384871191350701,165.25999450683594,20.6800003051758,14.0799999237061,495.140014648438
2016-09-12 22:10:00,6.48999977111816,6.382155257327591,157.0,20.6399993896484,12.4499998092651,329.660003662109
2016-09-12 22:20:00,6.82000017166138,6.704086838383415,173.35000610351597,20.9799995422363,13.4799995422363,427.630004882813
2016-09-12 22:30:00,7.48000001907349,7.3509537042235475,173.35000610351597,21.2099990844727,14.960000038147,608.900024414063
2016-09-12 22:40:00,7.5,7.369607329496495,173.11000061035202,21.3299999237061,15.0299997329712,610.340026855469
2016-09-12 22:50:00,7.40000009536743,7.27678639598582,173.28999328613304,20.6700000762939,14.5299997329712,552.299987792969
2016-09-12 23:00:00,7.98999977111816,7.860084517752483,169.13999938964798,20.3199996948242,15.2399997711182,644.969970703125
2016-09-12 23:10:00,6.90000009536743,6.787345421986708,136.05999755859398,20.3799991607666,12.9399995803833,380.679992675781
2016-09-12 23:20:00,6.11999988555908,6.01775750215201,156.75999450683594,20.7199993133545,12.3999996185303,322.339996337891
2016-09-12 23:30:00,6.36999988555908,6.263083672199692,161.69999694824196,20.7900009155273,12.7600002288818,353.839996337891
2016-09-12 23:40:00,6.17000007629395,6.066028019329781,159.19999694824196,20.8500003814697,12.5799999237061,337.540008544922
2016-09-12 23:50:00,6.48000001907349,6.37109304163097,151.86000061035196,20.8099994659424,13.0200004577637,380.260009765625
2016-09-13 00:00:00,6.82000017166138,6.709794778722727,150.57000732421898,20.2299995422363,13.710000038147,453.700012207031
2016-09-13 00:10:00,6.88000011444092,6.77067192862097,152.28999328613304,19.9899997711182,13.8900003433228,473.700012207031
2016-09-13 00:20:00,6.6399998664856,6.53485701749822,164.96000671386696,19.9400005340576,13.5900001525879,439.630004882813
2016-09-13 00:30:00,6.84000015258789,6.729853910122373,141.63999938964798,20.1800003051758,13.1000003814697,390.869995117188
2016-09-13 00:40:00,6.46999979019165,6.364076554450499,138.88999938964798,20.4200000762939,13.0100002288818,379.899993896484
2016-09-13 00:50:00,6.3600001335144,6.255451619527862,147.13000488281307,20.4799995422363,13.1999998092651,398.220001220703
2016-09-13 01:00:00,6.44000005722046,6.336943288107177,156.55000305175804,20.0900001525879,12.8900003433228,367.489990234375
2016-09-13 01:10:00,7.19000005722046,7.079450741657382,157.63000488281295,19.5300006866455,14.2700004577637,522.02001953125
2016-09-13 01:20:00,7.1100001335144,7.00195700715725,163.16000366210903,19.3700008392334,14.5100002288818,549.760009765625
2016-09-13 01:30:00,7.40999984741211,7.295984846354603,165.80000305175804,19.5400009155273,15.1999998092651,636.739990234375
2016-09-13 01:40:00,7.42999982833862,7.313262550580338,162.14999389648403,19.8299999237061,15.2399997711182,641.369995117188
2016-09-13 01:50:00,7.65000009536743,7.526297097238812,159.970001220703,20.2399997711182,15.5200004577637,679.349975585938
2016-09-13 02:00:00,7.51000022888184,7.39091302835249,158.16000366210892,19.9599990844727,15.0799999237061,619.880004882813
2016-09-13 02:10:00,7.57999992370605,7.464559547274517,153.46000671386696,19.3999996185303,14.8000001907349,588.140014648438
2016-09-13 02:20:00,8.0,7.880408576532543,171.55999755859398,19.1499996185303,15.960000038147,745.950012207031
2016-09-13 02:30:00,7.96999979019165,7.849067053803706,169.80000305175804,19.3500003814697,15.8500003814697,731.190002441406
2016-09-13 02:40:00,7.90000009536743,7.774463370943388,176.86000061035202,19.9899997711182,16.0,749.059997558594
2016-09-13 02:50:00,8.21000003814697,8.07696636332546,184.449996948242,20.2700004577637,16.5400009155273,845.820007324219
2016-09-13 03:00:00,8.82999992370605,8.691760853243858,170.32000732421898,19.7800006866455,16.6000003814697,870.869995117188
2016-09-13 03:10:00,8.52999973297119,8.397795427737263,173.83999633789097,19.6399993896484,16.5200004577637,883.880004882813
2016-09-13 03:20:00,8.22000026702881,8.091863643737405,174.58999633789097,19.7199993133545,16.0200004577637,771.869995117188
2016-09-13 03:30:00,8.0600004196167,7.933816164173915,171.38000488281295,19.7800006866455,15.9799995422363,752.52001953125
2016-09-13 03:40:00,7.90999984741211,7.783950178415673,171.10000610351597,20.0300006866455,15.8800001144409,737.469970703125
2016-09-13 03:50:00,8.46000003814697,8.32556450895767,166.25999450683594,19.9899997711182,16.3999996185303,827.859985351563
2016-09-13 04:00:00,7.92000007629395,7.794588722567137,169.75,19.9400005340576,15.6599998474121,706.059997558594
2016-09-13 04:10:00,7.48000001907349,7.359882264591423,172.16999816894497,20.1399993896484,14.8299999237061,588.950012207031
2016-09-13 04:20:00,7.65000009536743,7.529549262819523,174.16999816894497,19.8600006103516,15.3900003433228,663.989990234375
2016-09-13 04:30:00,7.5,7.383507224996245,177.85000610351597,19.6700000762939,15.2799997329712,648.070007324219
2016-09-13 04:40:00,6.8600001335144,6.754370870996197,183.58000183105497,19.5499992370605,13.5200004577637,434.089996337891
2016-09-13 04:50:00,6.98000001907349,6.870098476197571,171.13999938964798,19.8600006103516,13.2600002288818,405.450012207031
2016-09-13 05:00:00,6.48999977111816,6.386070283481147,153.25999450683594,20.1000003814697,12.2299995422363,313.100006103516
2016-09-13 05:10:00,7.67999982833862,7.555296730053212,161.64999389648403,20.2999992370605,15.3500003814697,657.169982910156
2016-09-13 05:20:00,7.51000022888184,7.391249257174025,155.25999450683594,19.9200000762939,14.4300003051758,536.719970703125
2016-09-13 05:30:00,7.01000022888184,6.901825491230524,155.58999633789097,19.5799999237061,13.6199998855591,448.989990234375
2016-09-13 05:40:00,6.30000019073486,6.203276307189425,143.66000366210903,19.5100002288818,12.3299999237061,316.549987792969
2016-09-13 05:50:00,5.57000017166138,5.481613503899806,155.94000244140602,19.9699993133545,11.4099998474121,239.289993286133
2016-09-13 06:00:00,5.76999998092651,5.676826197930501,155.39999389648403,20.2199993133545,12.0600004196167,291.970001220703
2016-09-13 06:10:00,5.8899998664856,5.793966814802525,159.470001220703,20.3600006103516,12.3800001144409,321.130004882813
2016-09-13 06:20:00,6.1100001335144,6.011609264924172,152.25,20.1800003051758,12.5600004196167,337.630004882813
2016-09-13 06:30:00,6.17000007629395,6.073335825692362,147.82000732421898,19.7900009155273,11.9399995803833,282.459991455078
2016-09-13 06:40:00,5.67999982833862,5.590439873597207,157.38999938964798,19.8799991607666,11.3699998855591,236.429992675781
2016-09-13 06:50:00,6.0,5.901905371439177,153.220001220703,20.3999996185303,12.2200002670288,305.059997558594
2016-09-13 07:00:00,5.90000009536743,5.800972516034695,156.10000610351597,20.7900009155273,12.1499996185303,298.720001220703
2016-09-13 07:10:00,5.59000015258789,5.495178836697388,162.99000549316406,20.9500007629395,11.1999998092651,222.110000610352
2016-09-13 07:20:00,5.92000007629395,5.819251327663028,182.300003051758,21.0,11.5699996948242,250.580001831055
2016-09-13 07:30:00,5.76000022888184,5.664543222891098,165.91999816894497,20.6000003814697,11.039999961853,206.729995727539
2016-09-13 07:40:00,5.1100001335144,5.025600349795594,171.07000732421898,20.5499992370605,10.8100004196167,137.399993896484
2016-09-13 07:50:00,4.78999996185303,4.709122434474787,170.41000366210903,20.8799991607666,10.8100004196167,108.209999084473
2016-09-13 08:00:00,5.07000017166138,4.982080304434156,166.63000488281295,21.2900009155273,10.8100004196167,135.529998779297
2016-09-13 08:10:00,5.26999998092651,5.177557036817213,168.21000671386696,21.4699993133545,10.8199996948242,157.889999389648
2016-09-13 08:20:00,5.38000011444092,5.284671139829522,168.07000732421898,21.6299991607666,10.8699998855591,178.910003662109
2016-09-13 08:30:00,5.73000001907349,5.628723947865912,174.91999816894497,21.5900001525879,11.3100004196167,230.0
2016-09-13 08:40:00,5.67000007629395,5.570792705393576,180.600006103516,21.4300003051758,11.2799997329712,222.740005493164
2016-09-13 08:50:00,5.90000009536743,5.795850423806551,183.600006103516,21.5699996948242,11.4399995803833,239.679992675781
2016-09-13 09:00:00,5.40000009536743,5.301859804545093,183.649993896484,22.0400009155273,11.1300001144409,185.279998779297
2016-09-13 09:10:00,4.21000003814697,4.131295516925809,179.41000366210892,22.5100002288818,10.8100004196167,46.4000015258789
2016-09-13 09:20:00,3.89000010490417,3.815214342472141,188.669998168945,22.9899997711182,10.8100004196167,17.2800006866455
2016-09-13 09:30:00,4.75,4.65674203758096,185.0899963378909,23.3600006103516,10.8100004196167,87.6699981689453
2016-09-13 09:40:00,4.82999992370605,4.733522253674183,180.77999877929696,23.6700000762939,10.8100004196167,82.0400009155273
2016-09-13 09:50:00,4.90000009536743,4.802771516727143,165.46000671386696,23.5499992370605,10.8100004196167,80.0500030517578
2016-09-13 10:00:00,4.90999984741211,4.812356591402444,202.49000549316392,23.5900001525879,10.8299999237061,73.8399963378906
2016-09-13 10:10:00,5.07000017166138,4.967557341617878,188.2299957275389,23.8799991607666,10.8400001525879,104.269996643066
2016-09-13 10:20:00,4.78999996185303,4.691320198549882,227.869995117188,24.2399997711182,10.8199996948242,87.9499969482422
2016-09-13 10:30:00,4.61999988555908,4.523960466727545,214.669998168945,24.4099998474121,10.8100004196167,72.3300018310547
2016-09-13 10:40:00,4.01999998092651,3.934626903046701,256.9700012207029,24.8199996948242,10.8000001907349,20.6299991607666
2016-09-13 10:50:00,3.24000000953674,3.1687831841513243,279.450012207031,25.5,1.24000000953674,-2.14000010490417
2016-09-13 11:00:00,2.73000001907349,2.668742792071031,266.140014648438,25.9200000762939,0.720000028610229,-1.69000005722046
2016-09-13 11:10:00,3.84999990463257,3.763821270221558,341.929992675781,25.8700008392334,7.28000020980835,8.0600004196167
2016-09-13 11:20:00,4.38000011444092,4.282817467491768,345.769989013672,25.6900005340576,10.8100004196167,68.8000030517578
2016-09-13 11:30:00,5.17000007629395,5.059751570790238,326.6099853515629,24.8999996185303,10.8199996948242,135.720001220703
2016-09-13 11:40:00,4.75,4.656375642712747,337.649993896484,23.4300003051758,10.8100004196167,97.8899993896484
2016-09-13 11:50:00,4.51999998092651,4.433501649528538,337.25,22.9099998474121,10.8100004196167,79.0100021362305
2016-09-13 12:00:00,5.07000017166138,4.970683098887143,330.130004882813,23.3199996948242,10.8100004196167,129.619995117188
2016-09-13 12:10:00,5.53999996185303,5.429279300751654,332.510009765625,23.6800003051758,11.1499996185303,212.490005493164
2016-09-13 12:20:00,5.44999980926514,5.340957906792286,333.649993896484,23.7000007629395,11.0799999237061,187.080001831055
2016-09-13 12:30:00,5.17999982833862,5.0765310245917,349.24999999999994,23.6700000762939,10.8800001144409,153.149993896484
2016-09-13 12:40:00,5.05999994277954,4.961380863295553,344.510009765625,23.2299995422363,10.8800001144409,134.860000610352
2016-09-13 12:50:00,4.92999982833862,4.835492085911253,348.79998779296903,22.9400005340576,10.8199996948242,106.660003662109
2016-09-13 13:00:00,4.96999979019165,4.873847506502212,353.3800048828129,23.1000003814697,10.8100004196167,104.970001220703
2016-09-13 13:10:00,4.59999990463257,4.507913925722923,351.119995117188,23.7099990844727,10.8100004196167,77.4800033569336
2016-09-13 13:20:00,4.51999998092651,4.428272757854781,341.709991455078,23.9599990844727,10.8100004196167,90.0599975585938
2016-09-13 13:30:00,4.34000015258789,4.2505909268668685,4.489999771118164,24.2399997711182,10.8100004196167,53.5
2016-09-13 13:40:00,5.11999988555908,5.012668303402904,318.429992675781,24.5699996948242,10.8100004196167,110.48999786377
2016-09-13 13:50:00,4.84999990463257,4.750350305669129,343.6300048828129,24.1900005340576,10.8100004196167,101.900001525879
2016-09-13 14:00:00,5.15999984741211,5.057044124634509,13.210000038146973,23.6499996185303,10.8299999237061,118.5
2016-09-13 14:10:00,4.88000011444092,4.782362588721789,348.470001220703,23.7000007629395,10.8100004196167,61.1199989318848
2016-09-13 14:20:00,4.80000019073486,4.700113666438524,347.0599975585939,24.4300003051758,10.8100004196167,59.0699996948242
2016-09-13 14:30:00,4.57999992370605,4.482483364786248,337.670013427734,24.8700008392334,10.8100004196167,46.939998626709
2016-09-13 14:40:00,4.84000015258789,4.7372656587488144,338.429992675781,24.8099994659424,10.8100004196167,86.0800018310547
2016-09-13 14:50:00,4.09000015258789,4.004440002611494,350.690002441406,24.5300006866455,10.8100004196167,37.5699996948242
2016-09-13 15:00:00,4.19999980926514,4.115875092649098,347.470001220703,23.7199993133545,10.8100004196167,32.5099983215332
2016-09-13 15:10:00,4.25,4.168527805415428,353.320007324219,22.9400005340576,10.8100004196167,48.810001373291
2016-09-13 15:20:00,4.71000003814697,4.621427213971051,346.450012207031,22.6100006103516,10.8400001525879,81.2399978637695
2016-09-13 15:30:00,5.09000015258789,4.991582443470434,352.899993896484,23.0900001525879,10.8800001144409,158.860000610352
2016-09-13 15:40:00,4.76999998092651,4.676612244414801,347.869995117188,23.3099994659424,10.8100004196167,106.980003356934
2016-09-13 15:50:00,4.8600001335144,4.764368283291728,350.3999938964839,23.3999996185303,11.0299997329712,134.360000610352
2016-09-13 16:00:00,4.82999992370605,4.7346391073065215,352.019989013672,23.4599990844727,10.8599996566772,123.660003662109
2016-09-13 16:10:00,5.1399998664856,5.044136804376066,0.6800000071525574,22.4699993133545,10.8299999237061,166.610000610352
2016-09-13 16:20:00,5.11999988555908,5.028311465492292,356.51000976562494,21.7999992370605,10.8699998855591,170.300003051758
2016-09-13 16:30:00,4.82000017166138,4.733951626223125,347.890014648438,21.75,10.8100004196167,119.370002746582
2016-09-13 16:40:00,5.25,5.153945726007773,342.190002441406,22.1499996185303,10.8800001144409,151.779998779297
2016-09-13 16:50:00,6.32999992370605,6.214256063390526,347.260009765625,22.1399993896484,12.8599996566772,381.859985351563
2016-09-13 17:00:00,7.30999994277954,7.178930968482395,357.01000976562506,21.8199996948242,15.3299999237061,653.179992675781
2016-09-13 17:10:00,7.84999990463257,7.726224260719455,3.400000095367432,19.8799991607666,15.6800003051758,726.559997558594
2016-09-13 17:20:00,6.03999996185303,5.952968772772645,11.8100004196167,18.6700000762939,11.9300003051758,282.010009765625
2016-09-13 17:30:00,5.63000011444092,5.549257012701367,41.11000061035156,18.6100006103516,11.3299999237061,191.619995117188
2016-09-13 17:40:00,5.42000007629395,5.339524961238484,19.51000022888178,19.0599994659424,11.2200002670288,192.740005493164
2016-09-13 17:50:00,5.67000007629395,5.585239653770877,14.64000034332281,19.1499996185303,11.1700000762939,181.820007324219
2016-09-13 18:00:00,5.46999979019165,5.388597882723071,349.910003662109,19.0900001525879,10.8900003433228,153.619995117188
2016-09-13 18:10:00,5.57000017166138,5.487923983073448,348.01000976562506,18.9599990844727,10.9899997711182,187.630004882813
2016-09-13 18:20:00,7.1399998664856,7.046063722266007,12.6899995803833,17.5599994659424,14.0900001525879,509.799987792969
2016-09-13 18:30:00,6.63000011444092,6.55104684151476,17.790000915527287,16.4599990844727,12.4399995803833,331.380004882813
2016-09-13 18:40:00,6.48999977111816,6.411459434334305,359.290008544922,16.6299991607666,12.4200000762939,331.700012207031
2016-09-13 18:50:00,7.32000017166138,7.227012052539732,2.9100000858306885,17.1599998474121,14.3299999237061,538.299987792969
2016-09-13 19:00:00,7.03000020980835,6.939421428341425,12.43000030517578,17.3199996948242,13.6300001144409,451.809997558594
2016-09-13 19:10:00,7.13000011444092,7.03902154190648,16.399999618530273,17.2099990844727,13.9099998474121,492.820007324219
2016-09-13 19:20:00,6.44000005722046,6.364481667977062,11.649999618530272,16.2999992370605,12.3299999237061,322.179992675781
2016-09-13 19:30:00,5.73000001907349,5.665157044760706,13.289999961853027,15.9399995803833,11.3699998855591,191.309997558594
2016-09-13 19:40:00,5.25,5.188017900506625,14.479999542236328,16.3700008392334,11.1199998855591,141.259994506836
2016-09-13 19:50:00,5.88000011444092,5.808240591895105,13.64000034332281,16.7199993133545,12.039999961853,272.019989013672
2016-09-13 20:00:00,5.8600001335144,5.787885736382704,350.850006103516,16.8099994659424,11.25,210.160003662109
2016-09-13 20:10:00,5.26999998092651,5.204847090004002,10.01000022888178,16.8600006103516,10.960000038147,146.490005493164
2016-09-13 20:20:00,5.25,5.185809731505331,13.899999618530272,16.7399997711182,11.3299999237061,169.130004882813
2016-09-13 20:30:00,5.71999979019165,5.655530837169074,36.4900016784668,15.8999996185303,11.3599996566772,201.860000610352
2016-09-13 20:40:00,6.26999998092651,6.201478294007456,351.5700073242189,15.6000003814697,11.6899995803833,258.75
2016-09-13 20:50:00,5.42000007629395,5.358356281193741,10.09000015258789,15.9899997711182,11.3500003814697,185.020004272461
2016-09-13 21:00:00,6.34000015258789,6.266087399177373,12.39000034332281,16.2399997711182,12.2700004577637,319.989990234375
2016-09-13 21:10:00,6.59999990463257,6.522154646277079,4.0,16.3600006103516,13.0600004196167,396.190002441406
2016-09-13 21:20:00,6.96000003814697,6.877750311475104,4.0,16.3799991607666,13.6400003433228,454.390014648438
2016-09-13 21:30:00,7.09999990463257,7.021678121864525,357.809997558594,15.6899995803833,13.7700004577637,481.890014648438
2016-09-13 21:40:00,7.94999980926514,7.87039344401795,358.359985351563,14.8000001907349,15.3800001144409,685.510009765625
2016-09-13 21:50:00,7.80000019073486,7.723773917706906,357.359985351563,14.5900001525879,15.25,660.700012207031
2016-09-13 22:00:00,7.32999992370605,7.251568665677113,0.75,15.3999996185303,14.6800003051758,583.02001953125
2016-09-13 22:10:00,7.34000015258789,7.259282202009043,5.769999980926514,15.6599998474121,14.6999998092651,582.150024414063
2016-09-13 22:20:00,6.21999979019165,6.151811489820116,17.649999618530273,15.6300001144409,12.5200004577637,324.600006103516
2016-09-13 22:30:00,5.48999977111816,5.433768577004817,15.920000076293888,15.0,11.460000038147,195.639999389648
2016-09-13 22:40:00,5.19999980926514,5.147453583450366,17.40999984741211,14.8800001144409,11.2799997329712,158.070007324219
2016-09-13 22:50:00,6.78999996185303,6.718666422345651,12.03999996185297,15.2299995422363,13.4399995803833,441.950012207031
2016-09-13 23:00:00,7.67000007629395,7.587580213860153,16.719999313354492,15.4399995803833,15.1800003051758,663.630004882813
2016-09-13 23:10:00,7.73000001907349,7.6490563926441935,28.1299991607666,15.1999998092651,15.6599998474121,768.570007324219
2016-09-13 23:20:00,6.98999977111816,6.923534538913237,18.18000030517578,14.3599996566772,13.3699998855591,435.230010986328
2016-09-13 23:30:00,9.06999969482422,8.98615339823527,0.5,14.1300001144409,16.8099994659424,1056.06994628906
2016-09-13 23:40:00,7.61999988555908,7.550083567582817,344.440002441406,14.0699996948242,14.9399995803833,620.640014648438
2016-09-13 23:50:00,8.46000003814697,8.376741653198293,352.5,14.6499996185303,16.3799991607666,970.47998046875
2016-09-14 00:00:00,11.3500003814697,11.240644207658754,351.33999633789097,14.4700002670288,17.1000003814697,1840.46997070313
2016-09-14 00:10:00,12.5900001525879,12.480423575916982,4.010000228881836,13.6599998474121,17.1100006103516,2052.14990234375
2016-09-14 00:20:00,12.0100002288818,11.90699407538634,4.679999828338623,13.5500001907349,17.1000003814697,1935.39001464844
2016-09-14 00:30:00,10.6599998474121,10.566606956071997,5.480000019073486,13.710000038147,17.1000003814697,1645.90002441406
2016-09-14 00:40:00,9.84000015258789,9.752091827881593,5.860000133514404,13.8599996566772,17.0699996948242,1405.09997558594
2016-09-14 00:50:00,11.0600004196167,10.964377320800764,5.630000114440918,13.6099996566772,17.1000003814697,1719.34997558594
2016-09-14 01:00:00,10.2600002288818,10.17105735214866,1.2699999809265137,13.6300001144409,17.1000003814697,1439.60998535156
2016-09-14 01:10:00,9.5600004196167,9.474923682655822,7.400000095367432,13.8299999237061,17.0799999237061,1281.21997070313
2016-09-14 01:20:00,9.32999992370605,9.249011617704582,6.360000133514404,13.6400003433228,17.0499992370605,1202.92004394531
2016-09-14 01:30:00,9.23999977111816,9.158728323497536,5.099999904632568,13.7399997711182,16.9099998474121,1164.67004394531
2016-09-14 01:40:00,8.72999954223633,8.652208683816793,10.39000034332281,13.8400001525879,16.7800006866455,984.840026855469
2016-09-14 01:50:00,7.90000009536743,7.829877990578026,13.44999980926508,13.8100004196167,15.5699996948242,713.25
2016-09-14 02:00:00,7.09999990463257,7.031673576506861,356.01998901367205,14.460000038147,13.710000038147,468.279998779297
2016-09-14 02:10:00,7.82000017166138,7.7418747915579775,358.98001098632795,14.7799997329712,15.0699996948242,656.52001953125
2016-09-14 02:20:00,7.25,7.176240173400227,10.6899995803833,14.9399995803833,14.1700000762939,523.090026855469
2016-09-14 02:30:00,8.0,7.92136040760783,7.369999885559082,14.6400003433228,15.7700004577637,742.049987792969
2016-09-14 02:40:00,8.89000034332275,8.809965225988185,5.570000171661377,13.9200000762939,16.9200000762939,1069.84997558594
2016-09-14 02:50:00,7.98999977111816,7.920090944101023,3.059999942779541,13.6999998092651,15.5,704.75
2016-09-14 03:00:00,7.61999988555908,7.550171185803179,7.300000190734863,14.0600004196167,14.8599996566772,626.140014648438
2016-09-14 03:10:00,8.40999984741211,8.328101731404477,3.559999942779541,14.5600004196167,16.6100006103516,950.679992675781
2016-09-14 03:20:00,9.39999961853027,9.311806319432026,2.539999961853028,14.25,17.0400009155273,1264.69995117188
2016-09-14 03:30:00,7.84999990463257,7.78185861850324,12.0,13.6400003433228,14.8800001144409,706.989990234375
2016-09-14 03:40:00,8.39000034332275,8.316784984766024,7.670000076293945,13.6800003051758,16.6700000762939,918.690002441406
2016-09-14 03:50:00,7.82999992370605,7.761671410183458,8.220000267028809,13.6800003051758,15.6000003814697,765.450012207031
2016-09-14 04:00:00,9.71000003814697,9.62425918620097,5.0,13.7700004577637,16.7999992370605,1350.66003417969
2016-09-14 04:10:00,11.539999961853,11.442621539537315,3.7899999618530273,13.4300003051758,17.1000003814697,1871.23999023438
2016-09-14 04:20:00,11.4300003051758,11.33341828446366,347.6199951171879,13.4399995803833,17.1000003814697,1889.63000488281
2016-09-14 04:30:00,10.4399995803833,10.352746329972998,5.050000190734863,13.3599996566772,17.1000003814697,1596.47998046875
2016-09-14 04:40:00,9.39000034332275,9.31195592829234,358.9299926757809,13.3199996948242,16.8500003814697,1203.69995117188
2016-09-14 04:50:00,9.40999984741211,9.329510063974787,358.429992675781,13.5299997329712,17.0599994659424,1271.21997070313
2016-09-14 05:00:00,8.90999984741211,8.83481425548472,359.2999877929689,13.4300003051758,16.9200000762939,1052.31994628906
2016-09-14 05:10:00,9.15999984741211,9.083127288997687,8.609999656677246,13.3900003433228,17.0300006866455,1219.41003417969
2016-09-14 05:20:00,9.07999992370605,9.003065671994046,9.119999885559082,13.460000038147,17.0900001525879,1161.46997070313
2016-09-14 05:30:00,9.59000015258789,9.510736135034463,359.8200073242189,13.2799997329712,16.8899993896484,1268.44995117188
2016-09-14 05:40:00,9.85000038146973,9.766201231837597,357.6499938964839,13.4899997711182,17.0799999237061,1399.38000488281
2016-09-14 05:50:00,10.1800003051758,10.094802575532022,12.5,13.3699998855591,17.1000003814697,1523.97998046875
2016-09-14 06:00:00,9.01000022888184,8.935114161621257,7.690000057220459,13.3199996948242,17.0,1112.59997558594
2016-09-14 06:10:00,9.25,9.170985426124142,4.150000095367432,13.5200004577637,16.7900009155273,1145.47998046875
2016-09-14 06:20:00,8.17000007629395,8.095601058598062,7.730000019073486,14.0100002288818,16.0,798.799987792969
2016-09-14 06:30:00,8.90999984741211,8.825789713457532,358.17999267578097,14.3100004196167,16.6700000762939,989.239990234375
2016-09-14 06:40:00,8.82999992370605,8.750809819471197,357.450012207031,13.8900003433228,16.7800006866455,993.690002441406
2016-09-14 06:50:00,8.14999961853027,8.07897251817315,2.5999999046325684,13.6700000762939,15.9099998474121,777.119995117188
2016-09-14 07:00:00,8.73999977111816,8.66373014169706,359.059997558594,13.6800003051758,16.7299995422363,973.919982910156
2016-09-14 07:10:00,7.82999992370605,7.760859773185125,7.210000038146973,13.7700004577637,15.5500001907349,716.219970703125
2016-09-14 07:20:00,8.14000034332275,8.063628692889566,6.46999979019165,14.25,16.1599998474121,811.02001953125
2016-09-14 07:30:00,7.69000005722046,7.614672354998364,9.06999969482422,14.6099996566772,15.2600002288818,669.809997558594
2016-09-14 07:40:00,7.94999980926514,7.872854912056149,11.579999923706112,14.5299997329712,15.460000038147,721.799987792969
2016-09-14 07:50:00,7.75,7.680406477631688,17.540000915527287,13.8999996185303,15.289999961853,684.760009765625
2016-09-14 08:00:00,7.21000003814697,7.14600252269086,13.960000038146973,13.8100004196167,14.039999961853,517.789978027344
2016-09-14 08:10:00,7.26000022888184,7.191467954656245,18.780000686645508,14.3000001907349,13.960000038147,500.559997558594
2016-09-14 08:20:00,7.3899998664856,7.317017562354919,0.959999978542328,14.6800003051758,14.289999961853,545.739990234375
2016-09-14 08:30:00,7.67999982833862,7.602129169902636,9.399999618530272,14.9099998474121,14.7299995422363,600.260009765625
2016-09-14 08:40:00,8.26000022888184,8.178047139281308,8.1899995803833,14.7200002670288,15.7600002288818,755.02001953125
2016-09-14 08:50:00,8.53999996185303,8.46301756667551,7.869999885559082,13.9300003051758,15.960000038147,829.299987792969
2016-09-14 09:00:00,8.21000003814697,8.137409896343167,9.3100004196167,13.7799997329712,15.6599998474121,779.059997558594
2016-09-14 09:10:00,8.01000022888184,7.936413406344672,8.5,14.0799999237061,15.1199998855591,658.609985351563
2016-09-14 09:20:00,7.6399998664856,7.564636215893165,15.48999977111822,14.6700000762939,15.1599998474121,665.140014648438
2016-09-14 09:30:00,8.77000045776367,8.682283625126011,24.520000457763672,14.789999961853,16.6399993896484,1046.93005371094
2016-09-14 09:40:00,7.59999990463257,7.53026709388032,21.13999938964838,14.0699996948242,14.9899997711182,634.27001953125
2016-09-14 09:50:00,8.55000019073486,8.472140752601428,2.3499999046325684,14.0100002288818,15.8599996566772,846.22998046875
2016-09-14 10:00:00,8.22999954223633,8.154864834274262,20.65999984741211,14.0299997329712,16.2399997711182,919.320007324219
2016-09-14 10:10:00,8.35000038146973,8.269165602833683,12.31999969482422,14.5100002288818,16.0699996948242,850.859985351563
2016-09-14 10:20:00,7.92000007629395,7.844600877412747,13.31999969482422,14.3699998855591,15.2799997329712,692.469970703125
2016-09-14 10:30:00,6.98999977111816,6.921849687442931,6.199999809265137,14.5699996948242,13.1800003051758,408.100006103516
2016-09-14 10:40:00,6.84000015258789,6.769941611176124,3.900000095367432,15.0,13.4200000762939,436.0
2016-09-14 10:50:00,6.55999994277954,6.492959525623504,15.649999618530272,14.9799995422363,12.9099998474121,383.029998779297
2016-09-14 11:00:00,6.55999994277954,6.496870264664681,14.44999980926508,14.460000038147,13.1499996185303,412.510009765625
2016-09-14 11:10:00,6.42999982833862,6.367530866408521,15.460000038146973,14.539999961853,12.4200000762939,327.140014648438
2016-09-14 11:20:00,6.23999977111816,6.176015274308889,16.48999977111822,15.0100002288818,12.1899995803833,311.339996337891
2016-09-14 11:30:00,6.15999984741211,6.095073531840245,12.59000015258789,15.2600002288818,12.1300001144409,301.079986572266
2016-09-14 11:40:00,6.80999994277954,6.737366199348057,12.25,15.3699998855591,13.3299999237061,422.920013427734
2016-09-14 11:50:00,6.25,6.182553465131406,10.40999984741211,15.4799995422363,12.0,292.720001220703
2016-09-14 12:00:00,6.17999982833862,6.1173382832183645,22.059999465942383,14.9099998474121,12.210000038147,307.399993896484
2016-09-14 12:10:00,6.48000001907349,6.416153325732524,357.04998779296903,14.6599998474121,12.1999998092651,312.070007324219
2016-09-14 12:20:00,6.88000011444092,6.809610650980753,3.940000057220459,14.9899997711182,13.4899997711182,442.239990234375
2016-09-14 12:30:00,6.73999977111816,6.668420812601343,19.899999618530277,15.3299999237061,13.2200002670288,413.100006103516
2016-09-14 12:40:00,6.21000003814697,6.142630479422481,21.11000061035162,15.5299997329712,12.4099998474121,327.429992675781
2016-09-14 12:50:00,6.01000022888184,5.944045489342743,15.979999542236328,15.6400003433228,11.789999961853,266.179992675781
2016-09-14 13:00:00,6.3899998664856,6.322868598372352,17.5,15.2299995422363,12.4099998474121,330.200012207031
2016-09-14 13:10:00,6.75,6.683183431705311,16.100000381469727,14.6999998092651,12.8800001144409,379.25
2016-09-14 13:20:00,6.17999982833862,6.117196710972943,20.17000007629389,14.9300003051758,12.3800001144409,318.029998779297
2016-09-14 13:30:00,6.53000020980835,6.460576800024794,27.020000457763672,15.3400001525879,12.8199996948242,378.200012207031
2016-09-14 13:40:00,6.46999979019165,6.4001791395598175,20.86000061035162,15.4799995422363,7.03999996185303,184.240005493164
2016-09-14 13:50:00,5.96999979019165,5.904143306674294,20.229999542236328,15.6899995803833,10.1499996185303,250.119995117188
2016-09-14 14:00:00,6.69999980926514,6.626166986466084,17.86000061035162,15.6800003051758,13.0600004196167,401.75
2016-09-14 14:10:00,7.09000015258789,7.012274256069171,6.940000057220459,15.6300001144409,13.6300001144409,464.119995117188
2016-09-14 14:20:00,6.13000011444092,6.065740544883406,22.63999938964838,15.210000038147,12.1999998092651,313.649993896484
2016-09-14 14:30:00,6.30999994277954,6.24753882542899,14.81999969482422,14.6999998092651,12.0900001525879,305.109985351563
2016-09-14 14:40:00,6.26999998092651,6.206785023742852,12.55000019073492,14.8599996566772,12.0699996948242,298.309997558594
2016-09-14 14:50:00,6.17000007629395,6.104545067472332,11.3100004196167,15.3199996948242,11.8599996566772,280.079986572266
2016-09-14 15:00:00,6.30999994277954,6.241689672052051,9.600000381469728,15.5100002288818,12.2600002288818,320.290008544922
2016-09-14 15:10:00,6.11999988555908,6.053047603913703,3.470000028610229,15.6099996566772,11.6499996185303,261.010009765625
2016-09-14 15:20:00,6.19999980926514,6.132172335213925,10.529999732971191,15.6099996566772,12.1000003814697,302.119995117188
2016-09-14 15:30:00,6.44000005722046,6.374776032775437,10.270000457763672,14.8999996185303,12.4300003051758,335.369995117188
2016-09-14 15:40:00,6.19000005722046,6.129720705024099,11.210000038146973,14.5600004196167,11.9300003051758,288.459991455078
2016-09-14 15:50:00,6.28000020980835,6.216108937184625,9.520000457763672,14.9399995803833,12.039999961853,299.720001220703
2016-09-14 16:00:00,6.19000005722046,6.1247575398405605,9.960000038146973,15.2600002288818,12.1300001144409,305.390014648438
2016-09-14 16:10:00,5.48000001907349,5.42148908336575,18.190000534057617,15.3800001144409,11.4799995422363,237.570007324219
2016-09-14 16:20:00,6.3899998664856,6.321626642263272,11.670000076293888,15.3999996185303,12.3400001525879,325.880004882813
2016-09-14 16:30:00,5.71999979019165,5.659907325786911,12.14000034332281,15.2299995422363,11.3500003814697,222.050003051758
2016-09-14 16:40:00,6.28999996185303,6.228313868489976,8.979999542236328,14.6199998855591,11.8900003433228,277.920013427734
2016-09-14 16:50:00,5.51999998092651,5.465548756174832,17.04999923706049,14.6700000762939,11.3299999237061,195.110000610352
2016-09-14 17:00:00,5.8899998664856,5.829064864730568,12.899999618530272,15.0900001525879,11.7200002670288,254.539993286133
2016-09-14 17:10:00,5.8600001335144,5.798034785195681,13.15999984741211,15.289999961853,11.6300001144409,235.949996948242
2016-09-14 17:20:00,6.17999982833862,6.1141561479707045,8.850000381469727,15.3599996566772,11.7299995422363,263.230010986328
2016-09-14 17:30:00,5.88000011444092,5.8170167065610645,9.640000343322754,15.4099998474121,11.4700002670288,231.660003662109
2016-09-14 17:40:00,6.19999980926514,6.136141559625004,7.0,15.0500001907349,11.8400001525879,265.989990234375
2016-09-14 17:50:00,5.65999984741211,5.604946673847074,10.39000034332281,14.5500001907349,11.1899995803833,188.610000610352
2016-09-14 18:00:00,4.73999977111816,4.692916668020443,18.73999977111822,14.7299995422363,10.960000038147,91.5500030517578
2016-09-14 18:10:00,4.3600001335144,4.314893746110326,28.46999931335449,15.0900001525879,10.9099998474121,61.5699996948242
2016-09-14 18:20:00,4.38000011444092,4.333634635557137,28.6299991607666,15.3000001907349,10.9700002670288,63.8800010681152
2016-09-14 18:30:00,4.44999980926514,4.402537232593754,35.22999954223633,15.3699998855591,10.9799995422363,53.3600006103516
2016-09-14 18:40:00,4.05000019073486,4.006479922774379,30.29999923706049,15.4399995803833,10.9399995803833,31.2099990844727
2016-09-14 18:50:00,4.21999979019165,4.174315268677859,38.560001373291016,15.5100002288818,10.8999996185303,38.2000007629395
2016-09-14 19:00:00,3.75999999046326,3.7213591376332418,34.45000076293951,15.0299997329712,10.8100004196167,8.01000022888184
2016-09-14 19:10:00,4.03000020980835,3.989831043108581,32.41999816894531,14.7600002288818,10.8100004196167,23.5300006866455
2016-09-14 19:20:00,3.84999990463257,3.8102578563305607,31.38999938964838,15.0699996948242,10.8100004196167,6.96999979019165
2016-09-14 19:30:00,4.07000017166138,4.0266370975765895,28.15999984741211,15.3599996566772,10.8100004196167,26.2800006866455
2016-09-14 19:40:00,4.05999994277954,4.015954789335688,23.540000915527287,15.5299997329712,10.8299999237061,19.0200004577637
2016-09-14 19:50:00,4.3600001335144,4.3123021004471545,19.780000686645508,15.6099996566772,10.8100004196167,25.9699993133545
2016-09-14 20:00:00,3.77999997138977,3.738431327720041,32.720001220703125,15.6599998474121,10.8599996566772,20.8799991607666
2016-09-14 20:10:00,4.15999984741211,4.115487702142161,29.770000457763672,15.3999996185303,10.8199996948242,32.1100006103516
2016-09-14 20:20:00,4.36999988555908,4.325740727666545,29.280000686645508,14.8999996185303,10.8100004196167,51.7299995422363
2016-09-14 20:30:00,3.50999999046326,3.474330257861689,28.309999465942383,14.9300003051758,5.34999990463257,0.720000028610229
2016-09-14 20:40:00,2.88000011444092,2.849348597069504,23.20000076293951,15.3500003814697,1.07000005245209,-1.80999994277954
2016-09-14 20:50:00,2.25,2.22543656917507,24.209999084472717,15.5900001525879,0.819999992847443,-1.25
2016-09-14 21:00:00,3.32999992370605,3.293608023720917,15.93000030517578,15.6000003814697,1.10000002384186,-1.27999997138977
2016-09-14 21:10:00,3.53999996185303,3.501313076714681,1.7799999713897705,15.6000003814697,1.37000000476837,-1.82000005245209
2016-09-14 21:20:00,4.34000015258789,4.292372270930249,1.850000023841858,15.6400003433228,10.6899995803833,61.0999984741211
2016-09-14 21:30:00,4.28000020980835,4.232981922757752,3.3299999237060547,15.6499996185303,10.8100004196167,57.0800018310547
2016-09-14 21:40:00,4.98999977111816,4.935181726697699,355.730010986328,15.6499996185303,10.8100004196167,122.580001831055
2016-09-14 21:50:00,5.23999977111816,5.182495144341577,351.589996337891,15.6400003433228,10.8100004196167,130.990005493164
2016-09-14 22:00:00,5.09999990463257,5.04397344488509,351.230010986328,15.6499996185303,10.8100004196167,117.75
2016-09-14 22:10:00,4.76999998092651,4.717435417737085,352.690002441406,15.6800003051758,10.8100004196167,79.5699996948242
2016-09-14 22:20:00,4.82999992370605,4.776829302067373,355.070007324219,15.6700000762939,10.8100004196167,98.5500030517578
2016-09-14 22:30:00,4.55999994277954,4.51256354487812,356.440002441406,15.1400003433228,10.8100004196167,60.1399993896484
2016-09-14 22:40:00,4.88000011444092,4.831694209118752,351.7799987792969,14.6999998092651,10.8100004196167,82.3899993896484
2016-09-14 22:50:00,4.44999980926514,4.404471743311398,353.040008544922,14.9899997711182,10.8100004196167,45.1800003051758
2016-09-14 23:00:00,4.26999998092651,4.224750111419954,355.0,15.3100004196167,10.8100004196167,43.3300018310547
2016-09-14 23:10:00,3.80999994277954,3.768928059727068,356.1900024414061,15.4700002670288,10.8100004196167,5.90000009536743
2016-09-14 23:20:00,3.44000005722046,3.402445300134553,357.209991455078,15.5900001525879,10.789999961853,-7.6399998664856
2016-09-14 23:30:00,3.0,2.967043258355796,344.11999511718795,15.6499996185303,1.01999998092651,-3.42000007629395
2016-09-14 23:40:00,2.70000004768372,2.670215706831769,348.1400146484379,15.6899995803833,0.879999995231628,-1.17999994754791
2016-09-14 23:50:00,3.47000002861023,3.431998903378658,328.26000976562494,15.6199998855591,1.41999995708466,-1.89999997615814
2016-09-15 00:00:00,4.0,3.956149001497357,343.200012207031,15.6300001144409,10.7200002670288,28.1100006103516
2016-09-15 00:10:00,3.83999991416931,3.797859118075478,346.839996337891,15.6400003433228,10.8100004196167,16.3700008392334
2016-09-15 00:20:00,3.99000000953674,3.946304191442726,340.420013427734,15.6199998855591,10.8100004196167,27.7099990844727
2016-09-15 00:30:00,4.09000015258789,4.047967946637956,337.200012207031,15.0299997329712,10.8100004196167,23.2700004577637
2016-09-15 00:40:00,3.98000001907349,3.940968118556721,336.51000976562494,14.6199998855591,10.8100004196167,19.8199996948242
2016-09-15 00:50:00,3.78999996185303,3.75165842830836,342.190002441406,14.8900003433228,10.8100004196167,9.5
2016-09-15 01:00:00,3.46000003814697,3.4235712539641767,339.200012207031,15.25,9.93000030517578,-7.42999982833862
2016-09-15 01:10:00,3.26999998092651,3.235010865656644,341.739990234375,15.3999996185303,1.27999997138977,-5.30000019073486
2016-09-15 01:20:00,3.79999995231628,3.759252964777455,337.3999938964839,15.4200000762939,6.01000022888184,6.46999979019165
2016-09-15 01:30:00,3.84999990463257,3.8084088570895855,340.299987792969,15.4899997711182,10.8100004196167,15.0299997329712
2016-09-15 01:40:00,3.63000011444092,3.590619839983997,346.98999023437494,15.5299997329712,10.8100004196167,1.02999997138977
2016-09-15 01:50:00,3.78999996185303,3.748797346143727,342.559997558594,15.5500001907349,10.8100004196167,12.5900001525879
2016-09-15 02:00:00,3.9300000667572,3.887410109237056,334.670013427734,15.5200004577637,10.8100004196167,24.5599994659424
2016-09-15 02:10:00,4.26000022888184,4.216952739995596,334.589996337891,14.8800001144409,10.8100004196167,34.6800003051758
2016-09-15 02:20:00,4.28000020980835,4.238320785307119,335.329986572266,14.5600004196167,10.8100004196167,42.939998626709
2016-09-15 02:30:00,3.95000004768372,3.909813658913203,342.7999877929689,14.9399995803833,10.8100004196167,22.3400001525879
2016-09-15 02:40:00,4.1100001335144,4.066821803831556,338.769989013672,15.2299995422363,10.8100004196167,37.8499984741211
2016-09-15 02:50:00,3.65000009536743,3.611111835448684,341.230010986328,15.3599996566772,10.8100004196167,0.990000009536743
2016-09-15 03:00:00,3.36999988555908,3.3339022540597285,350.589996337891,15.4099998474121,7.8600001335144,0.990000009536743
2016-09-15 03:10:00,2.49000000953674,2.463356921504989,351.019989013672,15.3999996185303,1.00999999046326,-1.25999999046326
2016-09-15 03:20:00,2.79999995231628,2.7700398539497177,355.20001220703097,15.3999996185303,1.08000004291534,-1.24000000953674
2016-09-15 03:30:00,2.76999998092651,2.740360883313212,356.5499877929689,15.3999996185303,1.0,-1.24000000953674
2016-09-15 03:40:00,2.72000002861023,2.690958104112943,356.850006103516,15.3800001144409,0.990000009536743,-1.26999998092651
2016-09-15 03:50:00,2.76999998092651,2.740455859104137,340.459991455078,15.3699998855591,1.0900000333786,-1.27999997138977
2016-09-15 04:00:00,2.26999998092651,2.2453737496736594,332.89001464843795,15.5299997329712,0.860000014305115,-1.26999998092651
2016-09-15 04:10:00,1.9099999666214,1.8894319472368204,326.8900146484379,15.460000038147,0.680000007152557,-1.22000002861023
2016-09-15 04:20:00,1.49000000953674,1.4740229009621897,334.450012207031,15.4200000762939,0.550000011920929,-0.839999973773956
2016-09-15 04:30:00,1.80999994277954,1.7906328794750253,340.910003662109,15.3999996185303,0.649999976158142,-1.14999997615814
2016-09-15 04:40:00,1.36000001430511,1.34546350799105,332.380004882813,15.3900003433228,0.379999995231628,-0.860000014305115
2016-09-15 04:50:00,0.509999990463257,0.5046012705612662,340.899993896484,15.3000001907349,0.0,-0.699999988079071
2016-09-15 05:00:00,0.340000003576279,0.3364008568697921,62.41999816894531,15.3000001907349,0.0,-1.19000005722046
2016-09-15 05:10:00,0.409999996423721,0.4056598490082313,354.429992675781,15.3000001907349,0.0,-0.939999997615814
2016-09-15 05:20:00,0.449999988079071,0.4452364117320767,329.25,15.3000001907349,0.0,-0.860000014305115
2016-09-15 05:30:00,0.430000007152557,0.4254481451135754,5.170000076293945,15.3000001907349,0.0,-1.12000000476837
2016-09-15 05:40:00,0.300000011920929,0.2968242941459467,304.320007324219,15.3000001907349,0.0,-0.930000007152557
2016-09-15 05:50:00,0.28999999165535,0.2869301313498532,308.570007324219,15.3000001907349,0.0,-0.970000028610229
2016-09-15 06:00:00,0.649999976158142,0.6431192548381457,289.95001220703097,15.3000001907349,0.0,-1.23000001907349
2016-09-15 06:10:00,1.88999998569489,1.870425357570872,272.690002441406,15.1000003814697,0.0,-0.899999976158142
2016-09-15 06:20:00,2.27999997138977,2.256699338686875,279.910003662109,14.9799995422363,0.0,-1.00999999046326
2016-09-15 06:30:00,1.91999995708466,1.900554285807852,264.290008544922,14.8999996185303,0.0,-1.1599999666214
2016-09-15 06:40:00,2.5699999332428,2.544206647479023,246.289993286133,14.8199996948242,0.0,-0.860000014305115
2016-09-15 06:50:00,1.8400000333786,1.821786331468604,237.6799926757809,14.6999998092651,0.0,-0.949999988079071
2016-09-15 07:00:00,1.72000002861023,1.7029741768504518,254.550003051758,14.6999998092651,0.0,-1.28999996185303
2016-09-15 07:10:00,1.04999995231628,1.0393776280949485,231.990005493164,14.8900003433228,0.0,-1.00999999046326
2016-09-15 07:20:00,0.709999978542328,0.702679051675299,173.39999389648403,15.0600004196167,0.0,-0.990000009536743
2016-09-15 07:30:00,1.36000001430511,1.3453702616443566,188.330001831055,15.4499998092651,0.0,-1.0900000333786
2016-09-15 07:40:00,1.27999997138977,1.2658361638353868,186.009994506836,15.7200002670288,0.0,-1.03999996185303
2016-09-15 07:50:00,1.07000005245209,1.057842716218536,182.619995117188,15.9799995422363,0.0,-0.839999973773956
2016-09-15 08:00:00,1.30999994277954,1.2948172416446777,202.229995727539,16.1800003051758,0.0,-1.27999997138977
2016-09-15 08:10:00,0.419999986886978,0.4150270851550131,194.589996337891,16.3999996185303,0.0,-0.920000016689301
2016-09-15 08:20:00,1.07000005245209,1.0572092986391242,250.53999328613295,16.5,0.0,-0.930000007152557
2016-09-15 08:30:00,1.60000002384186,1.5808190874160182,263.89001464843795,16.5300006866455,0.0,-1.26999998092651
2016-09-15 08:40:00,1.05999994277954,1.0470155441486888,290.899993896484,16.7600002288818,0.0,-0.930000007152557
2016-09-15 08:50:00,1.62000000476837,1.5997146073119528,316.1499938964839,17.0,0.209999993443489,-0.980000019073486
2016-09-15 09:00:00,1.3400000333786,1.3227043033854806,329.25,17.3400001525879,0.379999995231628,-1.25
2016-09-15 09:10:00,1.11000001430511,1.0953085900211286,350.9400024414059,17.6299991607666,0.340000003576279,-0.959999978542328
2016-09-15 09:20:00,2.02999997138977,2.002649884020098,324.3599853515629,17.8400001525879,0.610000014305115,-1.28999996185303
2016-09-15 09:30:00,1.37999999523163,1.361033247908538,334.190002441406,18.0799999237061,0.409999996423721,-1.04999995231628
2016-09-15 09:40:00,1.41999995708466,1.39998688745056,309.040008544922,18.3899993896484,0.0099999997764825,-0.949999988079071
2016-09-15 09:50:00,0.899999976158142,0.8871533732239478,281.92999267578097,18.5499992370605,0.0,-0.910000026226044
2016-09-15 10:00:00,0.740000009536743,0.7291956773165139,275.440002441406,18.8400001525879,0.0,-1.25999999046326
2016-09-15 10:10:00,0.680000007152557,0.669911140442201,275.23999023437494,19.0499992370605,0.0,-0.959999978542328
2016-09-15 10:20:00,0.790000021457672,0.7780484306500115,302.89001464843795,19.3099994659424,0.0,-0.879999995231628
2016-09-15 10:30:00,0.230000004172325,0.2264249814559356,270.959991455078,19.6800003051758,0.0,-1.0900000333786
2016-09-15 10:40:00,0.330000013113022,0.3247523810020499,329.980010986328,20.0,0.0,-0.949999988079071
2016-09-15 10:50:00,0.819999992847443,0.8067128294010064,346.790008544922,20.2700004577637,0.0599999986588955,-1.03999996185303
2016-09-15 11:00:00,0.730000019073486,0.7180488650365744,321.769989013672,20.4200000762939,0.0799999982118607,-1.00999999046326
2016-09-15 11:10:00,0.589999973773956,0.5802881164634411,293.660003662109,20.5,0.0,-1.14999997615814
2016-09-15 11:20:00,0.970000028610229,0.9538165811689652,181.949996948242,20.7000007629395,0.0,-0.75
2016-09-15 11:30:00,0.540000021457672,0.5308642493847446,183.1999969482419,20.9099998474121,0.0,-1.29999995231628
2016-09-15 11:40:00,0.879999995231628,0.8649650235380503,147.63999938964804,21.0599994659424,0.0,-0.870000004768372
2016-09-15 11:50:00,1.77999997138977,1.7492712805696204,159.05000305175804,21.2199993133545,0.0,-1.02999997138977
2016-09-15 12:00:00,1.37999999523163,1.3558236025456645,170.5,21.4500007629395,0.0099999997764825,-1.0900000333786
2016-09-15 12:10:00,1.3400000333786,1.3161075778904534,175.66000366210903,21.7299995422363,0.0,-0.970000028610229
2016-09-15 12:20:00,0.569999992847443,0.5597292427996131,182.220001220703,21.8999996185303,0.0,-0.930000007152557
2016-09-15 12:30:00,0.579999983310699,0.5693175909803472,214.16999816894497,22.2600002288818,0.0,-1.04999995231628
2016-09-15 12:40:00,0.889999985694885,0.8732829807218477,201.44999694824196,22.5900001525879,0.0,-0.709999978542328
2016-09-15 12:50:00,1.42999994754791,1.40255537483339,197.33000183105491,22.9599990844727,0.0,-1.05999994277954
2016-09-15 13:00:00,1.4099999666214,1.3824880590662514,174.220001220703,23.25,0.0399999991059303,-1.05999994277954
2016-09-15 13:10:00,1.87000000476837,1.8330797708266255,158.80000305175804,23.4599990844727,0.0500000007450581,-0.899999976158142
2016-09-15 13:20:00,1.99000000953674,1.9506228793750724,152.529998779297,23.5,0.0700000002980232,-0.779999971389771
2016-09-15 13:30:00,1.5,1.470203115400695,149.02000427246094,23.5699996948242,0.0199999995529652,-1.3400000333786
2016-09-15 13:40:00,1.49000000953674,1.4600901876454158,160.38999938964798,23.7600002288818,0.0,-0.790000021457672
2016-09-15 13:50:00,1.77999997138977,1.7437990499989102,177.0,24.0,0.0,-0.740000009536743
2016-09-15 14:00:00,1.80999994277954,1.7727117658787823,180.6399993896479,24.2399997711182,0.0,-1.37000000476837
2016-09-15 14:10:00,1.85000002384186,1.811542679355022,174.97999572753906,24.4099998474121,0.0,-0.769999980926514
2016-09-15 14:20:00,2.27999997138977,2.2321289024445283,164.38000488281295,24.6000003814697,0.0,-0.720000028610229
2016-09-15 14:30:00,2.39000010490417,2.3398194640108883,162.41999816894497,24.6000003814697,0.0,-0.75
2016-09-15 14:40:00,2.53999996185303,2.486669911493134,156.71000671386696,24.6000003814697,0.0,-0.810000002384186
2016-09-15 14:50:00,2.98000001907349,2.9174316909331464,156.50999450683594,24.6000003814697,0.0,-0.839999973773956
2016-09-15 15:00:00,3.24000000953674,3.172327885562086,153.05000305175804,24.5,0.0,-0.779999971389771
2016-09-15 15:10:00,3.01999998092651,2.957254094674329,162.08000183105503,24.3999996185303,0.0,-0.759999990463257
2016-09-15 15:20:00,2.64000010490417,2.585149393866337,179.21000671386696,24.3999996185303,0.0,-0.800000011920929
2016-09-15 15:30:00,2.34999990463257,2.3006333552074074,176.5,24.6100006103516,0.0,-0.910000026226044
2016-09-15 15:40:00,2.27999997138977,2.231904047735319,174.91000366210892,24.6900005340576,0.0,-0.730000019073486
2016-09-15 15:50:00,2.10999989509583,2.0650741456376527,173.03999328613304,24.8700008392334,0.0,-0.800000011920929
2016-09-15 16:00:00,2.85999989509583,2.799011363273387,150.020004272461,24.8999996185303,0.0,-0.769999980926514
2016-09-15 16:10:00,2.80999994277954,2.750754613454576,156.42999267578102,24.6800003051758,0.0,-0.769999980926514
2016-09-15 16:20:00,3.55999994277954,3.4855660850540287,150.03999328613304,24.5200004577637,0.0,-0.779999971389771
2016-09-15 16:30:00,4.32000017166138,4.230908124234927,150.03999328613304,24.2600002288818,0.0,-0.910000026226044
2016-09-15 16:40:00,4.03999996185303,3.95810249221052,147.369995117188,23.9400005340576,0.0,-0.769999980926514
2016-09-15 16:50:00,3.88000011444092,3.801900733843127,141.85000610351597,23.8099994659424,0.0,-0.75
2016-09-15 17:00:00,3.30999994277954,3.2438473463113837,144.619995117188,23.6800003051758,0.0,-0.759999990463257
2016-09-15 17:10:00,3.6800000667572,3.606938896715656,139.16000366210903,23.5599994659424,0.0,-0.819999992847443
2016-09-15 17:20:00,3.59999990463257,3.529796434275825,134.83999633789097,23.2399997711182,0.0,-0.759999990463257
2016-09-15 17:30:00,3.11999988555908,3.060189711963759,135.259994506836,22.9400005340576,0.0,-0.939999997615814
2016-09-15 17:40:00,3.02999997138977,2.972685012086309,136.42999267578102,22.7099990844727,0.0,-0.779999971389771
2016-09-15 17:50:00,2.89000010490417,2.836036485288472,143.39999389648403,22.4899997711182,0.0,-0.779999971389771
2016-09-15 18:00:00,3.97000002861023,3.89705679793344,146.61000061035202,22.2199993133545,0.0,-0.779999971389771
2016-09-15 18:10:00,3.35999989509583,3.2996056400101583,168.88000488281295,21.8600006103516,0.0,-0.899999976158142
2016-09-15 18:20:00,2.86999988555908,2.818604229117568,191.89999389648395,21.7999992370605,0.0,-0.759999990463257
2016-09-15 18:30:00,2.95000004768372,2.89756476328929,195.00999450683597,21.6800003051758,0.0,-0.75
2016-09-15 18:40:00,2.33999991416931,2.298927132995751,178.89999389648403,21.4799995422363,0.0,-0.920000016689301
2016-09-15 18:50:00,1.88999998569489,1.8570989905187325,171.03999328613304,21.3500003814697,0.0,-0.759999990463257
2016-09-15 19:00:00,1.74000000953674,1.7100005753027478,179.38000488281295,21.2000007629395,0.0,-0.920000016689301
2016-09-15 19:10:00,1.98000001907349,1.945994966912898,178.86999511718795,21.1399993896484,0.0,-0.899999976158142
2016-09-15 19:20:00,1.5,1.474355502891254,180.630004882813,21.0699996948242,0.0,-0.790000021457672
2016-09-15 19:30:00,1.54999995231628,1.5236214804309192,177.05000305175804,21.0,0.0,-0.889999985694885
2016-09-15 19:40:00,1.22000002861023,1.1994143365268326,200.5899963378909,20.8700008392334,0.0,-0.839999973773956
2016-09-15 19:50:00,2.05999994277954,2.0254701537066757,177.0,20.7700004577637,0.0,-0.910000026226044
2016-09-15 20:00:00,3.25999999046326,3.205610261650806,174.21000671386696,20.7000007629395,0.0,-0.819999992847443
2016-09-15 20:10:00,3.25999999046326,3.205610261650806,170.970001220703,20.7000007629395,0.0,-0.839999973773956
2016-09-15 20:20:00,3.64000010490417,3.5792704671243523,178.92999267578102,20.7000007629395,0.0,-0.879999995231628
2016-09-15 20:30:00,3.25,3.195777110687857,179.75,20.7000007629395,0.0,-0.889999985694885
2016-09-15 20:40:00,2.83999991416931,2.792617452325465,195.899993896484,20.7000007629395,0.0,-0.769999980926514
2016-09-15 20:50:00,2.74000000953674,2.6942248237934416,217.25,20.7199993133545,0.0,-0.930000007152557
2016-09-15 21:00:00,2.36999988555908,2.330221013034984,237.92999267578097,20.7900009155273,0.0,-0.899999976158142
2016-09-15 21:10:00,2.24000000953674,2.202627925667106,236.429992675781,20.7000007629395,0.0,-0.899999976158142
2016-09-15 21:20:00,2.40000009536743,2.3599585755150483,245.740005493164,20.7000007629395,0.0,-0.769999980926514
2016-09-15 21:30:00,1.75,1.721017836572989,251.66999816894497,20.5900001525879,0.0,-0.879999995231628
2016-09-15 21:40:00,1.91999995708466,1.8883952681892928,249.960006713867,20.5,0.0,-1.14999997615814
2016-09-15 21:50:00,3.25,3.196575052936596,257.350006103516,20.4799995422363,0.0,-0.939999997615814
2016-09-15 22:00:00,3.46000003814697,3.403432135053227,247.050003051758,20.3999996185303,0.0,-0.740000009536743
2016-09-15 22:10:00,4.96000003814697,4.878963881659845,250.72999572753903,20.3899993896484,0.0,-0.889999985694885
2016-09-15 22:20:00,5.42999982833862,5.341830841695616,246.809997558594,20.2999992370605,0.0,-0.870000004768372
2016-09-15 22:30:00,5.34999990463257,5.264026978570428,263.190002441406,20.1499996185303,0.0,-0.910000026226044
2016-09-15 22:40:00,4.90999984741211,4.832306105215938,273.829986572266,19.9300003051758,0.0,-0.870000004768372
2016-09-15 22:50:00,4.25,4.183558856627771,277.720001220703,19.7600002288818,0.0,-0.850000023841858
2016-09-15 23:00:00,3.97000002861023,3.908203053003445,276.109985351563,19.7000007629395,0.0,-0.930000007152557
2016-09-15 23:10:00,3.32999992370605,3.278501072126681,280.829986572266,19.6100006103516,0.0,-0.740000009536743
2016-09-15 23:20:00,2.75999999046326,2.7170378617841093,290.799987792969,19.7000007629395,0.0,-0.939999997615814
2016-09-15 23:30:00,2.49000000953674,2.451240697511218,310.070007324219,19.7000007629395,0.0,-0.910000026226044
2016-09-15 23:40:00,2.10999989509583,2.076895655745086,313.670013427734,19.8099994659424,0.0,-0.939999997615814
2016-09-15 23:50:00,2.20000004768372,2.1652620695695743,302.600006103516,19.8999996185303,0.0,-0.910000026226044
2016-09-16 00:00:00,3.82999992370605,3.769524264322788,293.010009765625,19.8999996185303,0.0,-0.889999985694885
2016-09-16 00:10:00,4.67999982833862,4.606993699824038,299.149993896484,19.7299995422363,0.0,-0.889999985694885
2016-09-16 00:20:00,4.88000011444092,4.805515397331135,303.880004882813,19.4300003051758,0.0,-0.759999990463257
2016-09-16 00:30:00,3.40000009536743,3.348791891226068,309.549987792969,19.25,0.0,-1.02999997138977
2016-09-16 00:40:00,4.05000019073486,3.9896845272533135,306.820007324219,19.1000003814697,0.0,-0.720000028610229
2016-09-16 00:50:00,3.57999992370605,3.5272874320295724,297.890014648438,18.9500007629395,0.0,-1.00999999046326
2016-09-16 01:00:00,4.13000011444092,4.070164960841367,313.950012207031,18.7399997711182,0.0,-0.939999997615814
2016-09-16 01:10:00,4.88000011444092,4.809848354352834,304.29998779296886,18.6399993896484,0.0,-0.740000009536743
2016-09-16 01:20:00,4.76999998092651,4.702127918195317,304.549987792969,18.5100002288818,0.0,-1.00999999046326
2016-09-16 01:30:00,5.34999990463257,5.27496044012901,293.08999633789097,18.3299999237061,0.0,-0.689999997615814
2016-09-16 01:40:00,4.28000020980835,4.220789358375396,307.910003662109,18.1599998474121,0.0,-1.0
2016-09-16 01:50:00,5.69000005722046,5.611925054289879,297.609985351563,18.0599994659424,0.0,-0.970000028610229
2016-09-16 02:00:00,5.30000019073486,5.229192637748793,281.940002441406,17.7399997711182,0.0,-0.779999971389771
2016-09-16 02:10:00,6.42999982833862,6.34598684062217,276.279998779297,17.4799995422363,0.0,-0.930000007152557
2016-09-16 02:20:00,7.17999982833862,7.088057784889644,278.6700134277339,17.25,0.0,-0.959999978542328
2016-09-16 02:30:00,7.03000020980835,6.941014838739377,281.99999999999994,17.1200008392334,0.0,-0.910000026226044
2016-09-16 02:40:00,5.30000019073486,5.233033261691633,292.579986572266,17.1000003814697,0.0,-0.819999992847443
2016-09-16 02:50:00,2.59999990463257,2.567679103018314,286.11999511718795,16.9200000762939,0.0,-0.860000014305115
2016-09-16 03:00:00,1.08000004291534,1.0665989928664583,281.309997558594,16.8999996185303,0.0,-0.949999988079071
2016-09-16 03:10:00,2.57999992370605,2.5480448746971,286.100006103516,16.8799991607666,0.0,-0.980000019073486
2016-09-16 03:20:00,4.34999990463257,4.29681368333159,292.399993896484,16.7399997711182,0.0,-0.779999971389771
2016-09-16 03:30:00,6.94000005722046,6.857513002336072,281.950012207031,16.4400005340576,0.0,-1.01999998092651
2016-09-16 03:40:00,8.42000007629395,8.32337258844479,279.61999511718795,16.0799999237061,0.0,-0.959999978542328
2016-09-16 03:50:00,7.23000001907349,7.148924386453096,276.029998779297,15.8500003814697,0.0,-0.920000016689301
2016-09-16 04:00:00,9.14999961853027,9.048437305436549,278.299987792969,15.75,0.0,-0.970000028610229
2016-09-16 04:10:00,13.0299997329712,12.887006354293325,280.220001220703,15.6400003433228,0.0,-0.920000016689301
2016-09-16 04:20:00,13.0900001525879,12.950235890785605,277.390014648438,15.3800001144409,0.0,-0.939999997615814
2016-09-16 04:30:00,11.0,10.884940855417272,274.440002441406,15.1899995803833,0.0,-0.899999976158142
2016-09-16 04:40:00,9.73999977111816,9.64012653279499,279.010009765625,15.0100002288818,0.0,-0.930000007152557
2016-09-16 04:50:00,10.7299995422363,10.620957885391157,293.6300048828129,14.9300003051758,0.0,-0.949999988079071
2016-09-16 05:00:00,11.039999961853,10.935912417696606,290.70001220703097,14.289999961853,0.0,-0.939999997615814
2016-09-16 05:10:00,11.0799999237061,10.98957178803975,294.720001220703,13.1899995803833,0.0,-0.930000007152557
2016-09-16 05:20:00,9.0600004196167,8.986162878977018,304.619995117188,13.1800003051758,0.0,-0.889999985694885
2016-09-16 05:30:00,10.289999961853,10.206138123533377,293.320007324219,13.1800003051758,0.0,-0.959999978542328
2016-09-16 05:40:00,8.67000007629395,8.598440173542935,293.130004882813,13.2700004577637,0.0,-0.860000014305115
2016-09-16 05:50:00,9.35999965667725,9.282636657169192,296.170013427734,13.2799997329712,0.0,-1.07000005245209
2016-09-16 06:00:00,9.73999977111816,9.65972079495708,298.359985351563,13.2600002288818,0.0,-0.930000007152557
2016-09-16 06:10:00,10.5100002288818,10.42470952519592,299.850006103516,13.1499996185303,0.0,-1.12000000476837
2016-09-16 06:20:00,10.6800003051758,10.596909178762797,293.83999633789097,12.8599996566772,0.0,-0.939999997615814
2016-09-16 06:30:00,11.1999998092651,11.116751241405476,294.3800048828129,12.5600004196167,0.0,-0.959999978542328
2016-09-16 06:40:00,11.5,11.41425523453253,298.959991455078,12.5799999237061,0.0,-0.899999976158142
2016-09-16 06:50:00,11.6800003051758,11.591020653994898,293.940002441406,12.7200002670288,0.0,-1.20000004768372
2016-09-16 07:00:00,8.78999996185303,8.721918125699835,290.98001098632795,12.8299999237061,0.0,-0.899999976158142
2016-09-16 07:10:00,9.63000011444092,9.55596911122881,297.029998779297,12.7799997329712,0.0,-0.949999988079071
2016-09-16 07:20:00,9.72000026702881,9.645389821930316,303.989990234375,12.7700004577637,0.0,-0.879999995231628
2016-09-16 07:30:00,9.88000011444092,9.804504445674947,297.549987792969,12.7399997711182,0.0,-1.13999998569489
2016-09-16 07:40:00,8.93000030517578,8.861350577925492,286.9200134277339,12.7799997329712,0.0,-0.910000026226044
2016-09-16 07:50:00,7.69999980926514,7.640805759022282,284.100006103516,12.7799997329712,0.0,-0.899999976158142
2016-09-16 08:00:00,7.05000019073486,6.996129292654423,282.869995117188,12.7399997711182,0.0,-1.07000005245209
2016-09-16 08:10:00,7.92999982833862,7.871056869403019,302.070007324219,12.5600004196167,0.0,-0.949999988079071
2016-09-16 08:20:00,10.0100002288818,9.936292422850832,282.790008544922,12.5,0.0,-1.08000004291534
2016-09-16 08:30:00,10.4099998474121,10.333829053325095,292.429992675781,12.460000038147,0.0,-1.0
2016-09-16 08:40:00,10.8000001907349,10.720600391683409,288.100006103516,12.4899997711182,0.0,-0.980000019073486
2016-09-16 08:50:00,10.25,10.174643710564377,292.540008544922,12.4899997711182,0.0,-0.920000016689301
2016-09-16 09:00:00,9.67000007629395,9.598795833172517,293.440002441406,12.5,0.0,-1.13999998569489
2016-09-16 09:10:00,9.65999984741211,9.588869240146202,291.690002441406,12.5,0.0,-0.889999985694885
2016-09-16 09:20:00,9.81999969482422,9.747349722923396,275.929992675781,12.5299997329712,0.0,-1.47000002861023
2016-09-16 09:30:00,9.17000007629395,9.100248025011382,278.970001220703,12.710000038147,10.6199998855591,625.52001953125
2016-09-16 09:40:00,8.80000019073486,8.73011137763416,286.320007324219,13.0,16.8400001525879,1041.40002441406
2016-09-16 09:50:00,8.72999954223633,8.65733994661514,286.829986572266,13.3299999237061,16.7800006866455,1005.02001953125
2016-09-16 10:00:00,8.27999973297119,8.20822127496229,291.220001220703,13.6300001144409,16.1499996185303,870.369995117188
2016-09-16 10:10:00,8.39999961853027,8.325342710907247,300.290008544922,13.8199996948242,16.1700000762939,870.960021972656
2016-09-16 10:20:00,9.23999977111816,9.15543186136726,288.239990234375,14.0500001907349,16.7900009155273,1071.40002441406
2016-09-16 10:30:00,8.71000003814697,8.627380029690675,289.010009765625,14.3400001525879,16.1499996185303,881.25
2016-09-16 10:40:00,9.36999988555908,9.281119349808236,286.570007324219,14.3400001525879,16.8999996185303,1138.14001464844
2016-09-16 10:50:00,9.14000034332275,9.051203088465645,296.059997558594,14.539999961853,16.5799999237061,1042.39001464844
2016-09-16 11:00:00,9.35000038146973,9.255732458729728,293.6499938964839,14.8599996566772,16.5400009155273,1088.52001953125
2016-09-16 11:10:00,7.57999992370605,7.501581024024517,305.29000854492193,15.0900001525879,14.4799995422363,571.609985351563
2016-09-16 11:20:00,7.63000011444092,7.546005941439626,294.3800048828129,15.6700000762939,14.460000038147,586.049987792969
2016-09-16 11:30:00,7.46999979019165,7.383423622828373,302.440002441406,16.1800003051758,13.8299999237061,521.109985351563
2016-09-16 11:40:00,8.11999988555908,8.023395301797935,314.429992675781,16.4500007629395,15.0699996948242,744.330017089844
2016-09-16 11:50:00,8.81999969482422,8.71546842417645,298.390014648438,16.4099998474121,16.2600002288818,930.299987792969
2016-09-16 12:00:00,8.64000034332275,8.53711100796623,312.480010986328,16.4599990844727,16.1700000762939,847.469970703125
2016-09-16 12:10:00,9.0600004196167,8.948609019596162,301.890014648438,16.7999992370605,16.5300006866455,969.010009765625
2016-09-16 12:20:00,9.18000030517578,9.06609138049988,312.260009765625,16.8999996185303,15.8900003433228,1038.32995605469
2016-09-16 12:30:00,8.36999988555908,8.261776508059233,292.059997558594,17.3600006103516,15.6899995803833,779.640014648438
2016-09-16 12:40:00,8.25,8.137450173904234,316.380004882813,17.9899997711182,15.5200004577637,724.289978027344
2016-09-16 12:50:00,8.15999984741211,8.047480219581757,294.959991455078,18.1200008392334,15.4399995803833,712.359985351563
2016-09-16 13:00:00,6.98000001907349,6.888642831443505,291.0700073242189,17.5,13.3199996948242,423.970001220703
2016-09-16 13:10:00,6.17999982833862,6.10044297569662,315.769989013672,17.3099994659424,11.7700004577637,266.420013427734
2016-09-16 13:20:00,7.17999982833862,7.083264052285948,318.739990234375,17.8400001525879,14.1700000762939,525.239990234375
2016-09-16 13:30:00,7.01999998092651,6.922328704647288,304.369995117188,18.2299995422363,13.8599996566772,484.390014648438
2016-09-16 13:40:00,8.03999996185303,7.927865056014748,321.26998901367193,18.2600002288818,15.6199998855591,793.690002441406
2016-09-16 13:50:00,8.69999980926514,8.587312517059669,318.100006103516,17.3799991607666,16.7900009155273,969.349975585938
2016-09-16 14:00:00,8.28999996185303,8.187416773203342,316.950012207031,16.8700008392334,16.2099990844727,878.010009765625
2016-09-16 14:10:00,8.39999961853027,8.293958616290048,332.410003662109,17.0900001525879,16.4899997711182,917.559997558594
2016-09-16 14:20:00,7.17999982833862,7.089115770026865,2.359999895095825,17.1200008392334,14.4300003051758,575.760009765625
2016-09-16 14:30:00,5.05000019073486,4.984132314577704,29.75,17.4599990844727,11.1400003433228,136.470001220703
2016-09-16 14:40:00,4.73999977111816,4.678014304470274,33.93000030517578,17.4899997711182,11.0699996948242,70.5699996948242
2016-09-16 14:50:00,4.46000003814697,4.401120985664211,63.29999923706049,17.6000003814697,10.8500003814697,34.4700012207031
2016-09-16 15:00:00,4.32000017166138,4.263115971974854,41.54999923706049,17.5699996948242,9.96000003814697,59.2000007629395
2016-09-16 15:10:00,3.05999994277954,3.019014818849474,35.75,17.7700004577637,1.12000000476837,-4.07999992370605
2016-09-16 15:20:00,2.84999990463257,2.8114087838507618,38.84999847412109,17.8999996185303,1.05999994277954,-1.3400000333786
2016-09-16 15:30:00,2.0,1.9730314991088835,52.90999984741211,17.8500003814697,0.720000028610229,-1.26999998092651
2016-09-16 15:40:00,2.80999994277954,2.772140955081536,34.88999938964844,17.8400001525879,0.930000007152557,-1.33000004291534
2016-09-16 15:50:00,2.69000005722046,2.6530286430460417,47.560001373291016,18.0799999237061,1.04999995231628,-1.37000000476837
2016-09-16 16:00:00,3.57999992370605,3.530028828572331,34.56999969482422,18.2700004577637,3.61999988555908,4.6399998664856
2016-09-16 16:10:00,4.09000015258789,4.031895933295482,48.970001220703125,18.4899997711182,8.81999969482422,16.1399993896484
2016-09-16 16:20:00,4.0,3.94258863240392,39.83000183105469,18.6200008392334,8.88000011444092,30.3199996948242
2016-09-16 16:30:00,3.82999992370605,3.774640476561106,54.88999938964838,18.7099990844727,10.8100004196167,8.43000030517578
2016-09-16 16:40:00,3.47000002861023,3.418751150066055,47.2400016784668,18.9899997711182,5.44000005722046,-1.8400000333786
2016-09-16 16:50:00,3.03999996185303,2.994077278983744,45.70999908447271,19.2900009155273,1.0,-1.3400000333786
2016-09-16 17:00:00,2.70000004768372,2.658425848225237,14.369999885559082,19.5499992370605,0.870000004768372,-1.79999995231628
2016-09-16 17:10:00,2.5699999332428,2.530024142020416,10.829999923706112,19.6900005340576,0.800000011920929,-1.25999999046326
2016-09-16 17:20:00,3.47000002861023,3.4169197342227045,348.6900024414061,19.4599990844727,1.87000000476837,-1.8400000333786
2016-09-16 17:30:00,3.14000010490417,3.093413278145836,23.40999984741211,19.0499992370605,4.94999980926514,-5.1100001335144
2016-09-16 17:40:00,3.13000011444092,3.08482903953553,23.23999977111822,18.6900005340576,1.14999997615814,-1.23000001907349
2016-09-16 17:50:00,3.53999996185303,3.489549737582473,357.549987792969,18.5300006866455,3.92000007629395,0.0599999986588955
2016-09-16 18:00:00,3.44000005722046,3.39221596445951,6.5,18.2099990844727,8.85000038146973,-4.51000022888184
2016-09-16 18:10:00,3.0,2.959140553466613,12.18000030517578,17.9699993133545,1.23000001907349,-1.30999994277954
2016-09-16 18:20:00,2.48000001907349,2.4466151310259034,7.849999904632568,17.8299999237061,1.03999996185303,-1.25999999046326
2016-09-16 18:30:00,3.13000011444092,3.0885375384744997,2.369999885559082,17.6399993896484,1.23000001907349,-1.23000001907349
2016-09-16 18:40:00,3.51999998092651,3.473849054816223,343.0599975585939,17.5200004577637,4.73000001907349,-2.91000008583069
2016-09-16 18:50:00,3.53999996185303,3.4937070166706308,343.429992675781,17.4899997711182,10.8100004196167,-1.87000000476837
2016-09-16 19:00:00,4.09999990463257,4.046430192218699,337.480010986328,17.4799995422363,10.8000001907349,3.13000011444092
2016-09-16 19:10:00,3.39000010490417,3.3456687233460443,334.290008544922,17.4899997711182,1.28999996185303,-1.49000000953674
2016-09-16 19:20:00,3.36999988555908,3.326273424499586,300.739990234375,17.3999996185303,1.11000001430511,-1.71000003814697
2016-09-16 19:30:00,3.00999999046326,2.9714219334672767,329.040008544922,17.2600002288818,1.27999997138977,-1.26999998092651
2016-09-16 19:40:00,2.95000004768372,2.9123915708246946,325.8800048828129,17.2000007629395,1.25,-1.44000005722046
2016-09-16 19:50:00,3.08999991416931,3.050606629969985,312.369995117188,17.2000007629395,1.23000001907349,-1.27999997138977
2016-09-16 20:00:00,3.32999992370605,3.2878489606865604,299.6499938964839,17.1200008392334,1.07000005245209,-1.32000005245209
2016-09-16 20:10:00,3.95000004768372,3.900538738619349,291.0100097656249,17.0,7.3600001335144,11.9099998474121
2016-09-16 20:20:00,4.17000007629395,4.11773665344036,300.230010986328,17.0100002288818,10.8500003814697,46.0099983215332
2016-09-16 20:30:00,4.88000011444092,4.819613386497162,298.119995117188,16.8700008392334,11.1400003433228,113.870002746582
2016-09-16 20:40:00,5.32999992370605,5.264831518719525,295.269989013672,16.7399997711182,11.1000003814697,160.580001831055
2016-09-16 20:50:00,5.65999984741211,5.592082939093946,295.540008544922,16.5400009155273,11.3999996185303,215.889999389648
2016-09-16 21:00:00,6.57000017166138,6.498349973986879,287.200012207031,15.5799999237061,12.4700002670288,336.720001220703
2016-09-16 21:10:00,6.76000022888184,6.689832554851024,289.929992675781,15.1199998855591,13.1499996185303,405.559997558594
2016-09-16 21:20:00,7.23999977111816,7.161290818266621,289.450012207031,15.5500001907349,14.2700004577637,530.880004882813
2016-09-16 21:30:00,7.30000019073486,7.219138925655511,284.380004882813,15.7299995422363,14.3400001525879,539.239990234375
2016-09-16 21:40:00,7.40999984741211,7.328850472816799,293.929992675781,15.6199998855591,14.3199996948242,540.239990234375
2016-09-16 21:50:00,6.71000003814697,6.642733363500563,296.3599853515629,14.8100004196167,13.1999998092651,409.899993896484
2016-09-16 22:00:00,7.17999982833862,7.110738811090051,296.489990234375,14.4799995422363,13.6499996185303,467.299987792969
2016-09-16 22:10:00,7.05000019073486,6.978113636126671,302.329986572266,14.960000038147,13.8800001144409,483.5
2016-09-16 22:20:00,6.3899998664856,6.32389211403988,296.95999145507795,15.0900001525879,12.710000038147,359.079986572266
2016-09-16 22:30:00,5.67000007629395,5.61127619068725,302.049987792969,15.1000003814697,11.9300003051758,286.279998779297
2016-09-16 22:40:00,5.57999992370605,5.523741637049761,301.820007324219,14.8599996566772,11.5699996948242,237.559997558594
2016-09-16 22:50:00,5.26000022888184,5.211133070363576,303.910003662109,14.1700000762939,11.3599996566772,210.720001220703
2016-09-16 23:00:00,6.69000005722046,6.628386057160428,292.630004882813,14.1000003814697,13.0100002288818,396.929992675781
2016-09-16 23:10:00,7.5,7.4278243003061935,282.20999145507795,14.460000038147,14.3800001144409,553.619995117188
2016-09-16 23:20:00,6.44000005722046,6.376399779646817,302.8800048828129,14.6800003051758,13.1099996566772,406.989990234375
2016-09-16 23:30:00,5.65999984741211,5.603843132910814,313.630004882813,14.7200002670288,11.1300001144409,194.669998168945
2016-09-16 23:40:00,5.15000009536743,5.1016222528326765,306.790008544922,14.2600002288818,11.3000001907349,198.639999389648
2016-09-16 23:50:00,6.09999990463257,6.046065695616364,300.820007324219,13.7799997329712,12.3299999237061,325.380004882813
2016-09-17 00:00:00,6.67000007629395,6.608800358021034,303.850006103516,14.0699996948242,13.1400003433228,411.410003662109
2016-09-17 00:10:00,6.51000022888184,6.448173882875013,298.3200073242189,14.3500003814697,12.9499998092651,381.820007324219
2016-09-17 00:20:00,6.44999980926514,6.38822487500294,295.739990234375,14.4200000762939,12.5500001907349,346.209991455078
2016-09-17 00:30:00,5.32999992370605,5.278523537940591,302.869995117188,14.4899997711182,11.4300003051758,225.75
2016-09-17 00:40:00,5.53000020980835,5.480023698989339,302.299987792969,13.9499998092651,11.4300003051758,236.720001220703
2016-09-17 00:50:00,5.34000015258789,5.294262136311249,302.8800048828129,13.539999961853,11.3199996948242,207.699996948242
2016-09-17 01:00:00,5.23999977111816,5.19318680422819,304.230010986328,13.8599996566772,11.2799997329712,208.770004272461
2016-09-17 01:10:00,5.6100001335144,5.558268293031063,300.209991455078,14.1099996566772,11.4499998092651,232.649993896484
2016-09-17 01:20:00,5.92999982833862,5.874635545180573,298.77999877929693,14.210000038147,11.7600002288818,268.679992675781
2016-09-17 01:30:00,5.82000017166138,5.765462252024959,297.70999145507795,14.2399997711182,11.6999998092651,260.809997558594
2016-09-17 01:40:00,6.32999992370605,6.271555929454606,283.079986572266,14.1199998855591,12.039999961853,294.480010986328
2016-09-17 01:50:00,6.34000015258789,6.2867935979813465,292.470001220703,13.3900003433228,12.3400001525879,329.059997558594
2016-09-17 02:00:00,5.75,5.702010184277,298.470001220703,13.3500003814697,11.460000038147,237.210006713867
2016-09-17 02:10:00,5.28999996185303,5.242983883708617,303.6300048828129,13.8199996948242,11.3000001907349,186.639999389648
2016-09-17 02:20:00,5.34000015258789,5.291556435019982,298.83999633789097,13.9799995422363,11.1599998474121,186.380004882813
2016-09-17 02:30:00,4.8899998664856,4.8449636259041045,307.4200134277339,14.1000003814697,10.8999996185303,138.630004882813
2016-09-17 02:40:00,5.15999984741211,5.112002418435539,298.8599853515629,14.1800003051758,11.2299995422363,154.729995727539
2016-09-17 02:50:00,5.55999994277954,5.509496457327355,294.869995117188,13.9899997711182,11.1800003051758,190.960006713867
2016-09-17 03:00:00,6.21999979019165,6.168517975562939,291.75,13.289999961853,11.8000001907349,278.529998779297
2016-09-17 03:10:00,5.61999988555908,5.573159902051462,298.890014648438,13.3400001525879,11.210000038147,210.429992675781
2016-09-17 03:20:00,5.55999994277954,5.510776216543905,295.809997558594,13.789999961853,11.2799997329712,215.860000610352
2016-09-17 03:30:00,5.07000017166138,5.0242391743646735,290.420013427734,13.9399995803833,10.9200000762939,137.779998779297
2016-09-17 03:40:00,5.0,4.9545831960684,292.980010986328,13.9899997711182,10.9799995422363,129.919998168945
2016-09-17 03:50:00,4.75,4.706416992732949,296.39001464843795,14.0699996948242,10.9799995422363,106.349998474121
2016-09-17 04:00:00,5.05999994277954,5.014853292388615,288.809997558594,13.8500003814697,10.8500003814697,127.76000213623
2016-09-17 04:10:00,5.69000005722046,5.643101967930494,285.83999633789097,13.2600002288818,10.960000038147,197.169998168945
2016-09-17 04:20:00,5.3600001335144,5.315203442647903,283.7600097656249,13.3599996566772,10.8699998855591,177.020004272461
2016-09-17 04:30:00,5.59000015258789,5.540961442395107,281.429992675781,13.7200002670288,11.0,202.080001831055
2016-09-17 04:40:00,5.82000017166138,5.768072599330067,282.67999267578097,13.8500003814697,11.3000001907349,235.509994506836
2016-09-17 04:50:00,5.6399998664856,5.58922393469161,283.339996337891,13.9200000762939,10.960000038147,203.75
2016-09-17 05:00:00,5.38000011444092,5.331317306799313,286.140014648438,13.960000038147,10.9200000762939,171.729995727539
2016-09-17 05:10:00,4.71000003814697,4.669386641667901,293.779998779297,13.5900001525879,10.8100004196167,93.9800033569336
2016-09-17 05:20:00,4.94000005722046,4.899283614084053,288.440002441406,13.2600002288818,10.8400001525879,111.76000213623
2016-09-17 05:30:00,4.76999998092651,4.728814244068403,290.709991455078,13.6000003814697,10.8299999237061,107.620002746582
2016-09-17 05:40:00,5.92999982833862,5.877295605779824,270.799987792969,13.8199996948242,11.7700004577637,261.160003662109
2016-09-17 05:50:00,6.32999992370605,6.273521999444819,280.850006103516,13.8500003814697,13.0200004577637,389.489990234375
2016-09-17 06:00:00,5.36999988555908,5.321778310442501,285.170013427734,13.8999996185303,11.210000038147,218.820007324219
2016-09-17 06:10:00,5.3899998664856,5.342467375375163,286.709991455078,13.7600002288818,11.039999961853,208.860000610352
2016-09-17 06:20:00,5.26000022888184,5.215917929656169,287.450012207031,13.3800001144409,10.8900003433228,191.5
2016-09-17 06:30:00,5.26999998092651,5.224314898252951,292.220001220703,13.6300001144409,11.039999961853,195.539993286133
2016-09-17 06:40:00,5.26000022888184,5.211193529935536,293.119995117188,14.1599998474121,10.9200000762939,194.949996948242
2016-09-17 06:50:00,5.17000007629395,5.120365653077676,291.519989013672,14.4399995803833,10.8599996566772,181.190002441406
2016-09-17 07:00:00,4.76000022888184,4.712827596872503,297.70999145507795,14.710000038147,10.8100004196167,108.089996337891
2016-09-17 07:10:00,4.6100001335144,4.562835100003968,299.730010986328,14.9899997711182,10.8100004196167,71.5400009155273
2016-09-17 07:20:00,4.21000003814697,4.166541848793205,301.690002441406,15.0699996948242,10.8400001525879,24.0499992370605
2016-09-17 07:30:00,3.77999997138977,3.741673006124225,308.220001220703,14.9099998474121,10.1199998855591,-2.76999998092651
2016-09-17 07:40:00,3.53999996185303,3.502566971121523,299.429992675781,15.289999961853,5.23999977111816,0.829999983310699
2016-09-17 07:50:00,3.54999995231628,3.5098267315567364,297.0,15.9399995803833,10.8100004196167,-2.07999992370605
2016-09-17 08:00:00,3.3199999332428,3.280501507607555,301.329986572266,16.4500007629395,2.65000009536743,-3.21000003814697
2016-09-17 08:10:00,3.04999995231628,3.0124660098586578,319.660003662109,16.8099994659424,1.25999999046326,-1.50999999046326
2016-09-17 08:20:00,2.75999999046326,2.72481375517701,312.799987792969,17.2000007629395,1.10000002384186,-1.14999997615814
2016-09-17 08:30:00,2.55999994277954,2.526667456192752,324.809997558594,17.4400005340576,0.970000028610229,-1.20000004768372
2016-09-17 08:40:00,2.28999996185303,2.259587019961297,316.679992675781,17.6700000762939,0.870000004768372,-1.25999999046326
2016-09-17 08:50:00,2.14000010490417,2.110660379140415,319.209991455078,18.0499992370605,0.779999971389771,-1.22000002861023
2016-09-17 09:00:00,1.62999999523163,1.606917014227474,349.350006103516,18.4500007629395,0.310000002384186,-1.02999997138977
2016-09-17 09:10:00,1.1599999666214,1.1431417512778206,353.76998901367193,18.7800006866455,0.100000001490116,-0.709999978542328
2016-09-17 09:20:00,0.680000007152557,0.6697736379183251,311.899993896484,19.2299995422363,0.0799999982118607,-0.75
2016-09-17 09:30:00,1.1599999666214,1.142138459535308,313.2999877929689,19.5499992370605,0.280000001192093,-0.930000007152557
2016-09-17 09:40:00,2.39000010490417,2.3526367308736806,355.070007324219,19.7600002288818,0.46000000834465,-0.959999978542328
2016-09-17 09:50:00,2.96000003814697,2.9140905708177725,6.039999961853027,19.6499996185303,1.0900000333786,-1.96000003814697
2016-09-17 10:00:00,2.53999996185303,2.5006331458198465,10.30000019073492,19.6399993896484,0.870000004768372,-1.37999999523163
2016-09-17 10:10:00,2.11999988555908,2.0864301818990434,12.8100004196167,19.9400005340576,0.639999985694885,-1.39999997615814
2016-09-17 10:20:00,2.70000004768372,2.6570648768145038,357.790008544922,20.0,0.990000009536743,-1.39999997615814
2016-09-17 10:30:00,2.92000007629395,2.8735664837014765,349.959991455078,20.0,1.0900000333786,-1.39999997615814
2016-09-17 10:40:00,2.70000004768372,2.6570648768145038,327.989990234375,20.0,0.860000014305115,-1.70000004768372
2016-09-17 10:50:00,2.96000003814697,2.912897247379189,346.48001098632795,20.0100002288818,0.879999995231628,-1.4099999666214
2016-09-17 11:00:00,2.20000004768372,2.1644745142848136,1.7599999904632568,20.2199993133545,0.699999988079071,-1.44000005722046
2016-09-17 11:10:00,2.39000010490417,2.350765593976869,2.109999895095825,20.4599990844727,0.75,-1.50999999046326
2016-09-17 11:20:00,2.63000011444092,2.5861212821036115,341.570007324219,20.7000007629395,0.949999988079071,-1.37000000476837
2016-09-17 11:30:00,2.61999988555908,2.5754117594642434,340.86999511718795,21.0,0.889999985694885,-1.48000001907349
2016-09-17 11:40:00,3.48000001907349,3.4203497870149957,331.13000488281307,21.1100006103516,4.71000003814697,-2.94000005722046
2016-09-17 11:50:00,3.30999994277954,3.252490129315484,348.77999877929705,21.3199996948242,5.71999979019165,-2.96000003814697
2016-09-17 12:00:00,2.67000007629395,2.6232833771213366,358.3800048828129,21.4300003051758,0.930000007152557,-1.44000005722046
2016-09-17 12:10:00,2.15000009536743,2.1119278205865983,20.21999931335449,21.6200008392334,0.560000002384186,-1.38999998569489
2016-09-17 12:20:00,1.46000003814697,1.4337248984647806,31.26000022888178,21.8799991607666,0.280000001192093,-0.920000016689301
2016-09-17 12:30:00,2.10999989509583,2.071371845071396,18.729999542236328,22.1599998474121,0.600000023841858,-1.32000005245209
2016-09-17 12:40:00,2.30999994277954,2.267377799717466,9.34000015258789,22.2900009155273,0.790000021457672,-1.48000001907349
2016-09-17 12:50:00,2.5,2.453567670745114,10.0,22.3999996185303,0.889999985694885,-1.5
2016-09-17 13:00:00,2.49000000953674,2.4439463705769517,8.970000267028809,22.3299999237061,0.970000028610229,-1.49000000953674
2016-09-17 13:10:00,2.80999994277954,2.75784111087842,14.399999618530272,22.3899993896484,0.990000009536743,-1.45000004768372
2016-09-17 13:20:00,2.9300000667572,2.876068018737516,13.369999885559082,22.25,0.970000028610229,-1.52999997138977
2016-09-17 13:30:00,2.53999996185303,2.493218449969679,3.0199999809265137,22.2600002288818,0.899999976158142,-1.41999995708466
2016-09-17 13:40:00,2.23000001907349,2.188483652776276,348.79998779296903,22.4400005340576,0.790000021457672,-1.51999998092651
2016-09-17 13:50:00,1.80999994277954,1.775742287788815,336.24999999999994,22.7199993133545,0.509999990463257,-1.41999995708466
2016-09-17 14:00:00,2.58999991416931,2.540492815548061,347.029998779297,22.8899993896484,0.870000004768372,-1.5
2016-09-17 14:10:00,2.50999999046326,2.462132961375687,337.239990234375,22.8500003814697,0.759999990463257,-1.46000003814697
2016-09-17 14:20:00,2.51999998092651,2.4720814515246325,339.190002441406,22.7999992370605,0.800000011920929,-1.45000004768372
2016-09-17 14:30:00,2.54999995231628,2.501905536482848,346.459991455078,22.6599998474121,0.819999992847443,-1.49000000953674
2016-09-17 14:40:00,2.28999996185303,2.2469612184308083,349.359985351563,22.6000003814697,0.680000007152557,-1.45000004768372
2016-09-17 14:50:00,2.28999996185303,2.247011871887092,356.920013427734,22.5799999237061,0.620000004768372,-1.51999998092651
2016-09-17 15:00:00,2.42000007629395,2.375053580158218,15.31999969482422,22.3999996185303,0.589999973773956,-1.49000000953674
2016-09-17 15:10:00,2.0,1.963407895622009,5.110000133514404,22.1499996185303,0.430000007152557,-0.850000023841858
2016-09-17 15:20:00,2.36999988555908,2.326927205205387,44.93999862670898,22.0400009155273,0.219999998807907,-0.860000014305115
2016-09-17 15:30:00,1.95000004768372,1.9154260644262149,77.0199966430664,21.6399993896484,0.0,-1.23000001907349
2016-09-17 15:40:00,2.19000005722046,2.152022836759077,109.069999694824,21.2900009155273,0.0,-0.920000016689301
2016-09-17 15:50:00,1.98000001907349,1.9459729252144935,131.770004272461,21.1499996185303,0.0,-0.930000007152557
2016-09-17 16:00:00,3.20000004768372,3.1450423873366757,160.46000671386696,21.1399993896484,0.759999990463257,-2.94000005722046
2016-09-17 16:10:00,3.41000008583069,3.351701594269417,138.22999572753906,21.0699996948242,1.39999997615814,-1.55999994277954
2016-09-17 16:20:00,4.19999980926514,4.129646105410012,125.59999847412098,20.7600002288818,8.14000034332275,36.2999992370605
2016-09-17 16:30:00,4.15999984741211,4.091801724582755,121.569999694824,20.4400005340576,10.8100004196167,43.8499984741211
2016-09-17 16:40:00,4.15999984741211,4.092777793706926,132.36000061035202,20.2299995422363,10.8100004196167,46.3499984741211
2016-09-17 16:50:00,4.01000022888184,3.9460989379492544,129.779998779297,20.0300006866455,10.8100004196167,33.1500015258789
2016-09-17 17:00:00,4.17000007629395,4.104622758271785,133.630004882813,19.7999992370605,10.8100004196167,53.0
2016-09-17 17:10:00,3.86999988555908,3.810149869257345,142.44999694824196,19.6100006103516,10.8100004196167,16.25
2016-09-17 17:20:00,3.90000009536743,3.840517130776615,143.029998779297,19.4200000762939,10.8100004196167,16.6200008392334
2016-09-17 17:30:00,3.99000000953674,3.929860876824909,146.36000061035202,19.2600002288818,10.8100004196167,19.0400009155273
2016-09-17 17:40:00,3.84999990463257,3.7928791171852736,151.13999938964798,19.0499992370605,10.8100004196167,14.7200002670288
2016-09-17 17:50:00,3.95000004768372,3.8924615900545856,156.11999511718795,18.8099994659424,10.8100004196167,34.7400016784668
2016-09-17 18:00:00,3.83999991416931,3.785144487076533,158.16999816894497,18.5599994659424,10.8100004196167,19.7000007629395
2016-09-17 18:10:00,4.01000022888184,3.953891348024964,152.05999755859398,18.2999992370605,10.8100004196167,27.0499992370605
2016-09-17 18:20:00,3.61999988555908,3.572906652599921,157.17999267578102,17.4300003051758,10.8100004196167,-4.71999979019165
2016-09-17 18:30:00,3.77999997138977,3.734985889300696,151.03999328613298,16.4599990844727,10.8100004196167,-4.98999977111816
2016-09-17 18:40:00,3.70000004768372,3.655644132288279,148.33999633789102,16.5300006866455,10.8100004196167,0.0700000002980232
2016-09-17 18:50:00,3.58999991416931,3.5458206183306435,149.58000183105503,16.8099994659424,10.8100004196167,-6.40000009536743
2016-09-17 19:00:00,2.98000001907349,2.943090697572667,144.53999328613304,16.8799991607666,3.3199999332428,-6.21999979019165
2016-09-17 19:10:00,2.86999988555908,2.8346810618731486,147.35000610351597,16.8099994659424,1.0900000333786,-1.42999994754791
2016-09-17 19:20:00,2.96000003814697,2.923909821490604,150.25,16.7099990844727,1.11000001430511,-1.50999999046326
2016-09-17 19:30:00,2.82999992370605,2.7957841347738484,154.71000671386696,16.6200008392334,1.08000004291534,-1.39999997615814
2016-09-17 19:40:00,2.55999994277954,2.529630679631813,162.88000488281295,16.4200000762939,1.03999996185303,-1.54999995231628
2016-09-17 19:50:00,2.34999990463257,2.322683489327851,181.61000061035196,16.2099990844727,0.759999990463257,-1.44000005722046
2016-09-17 20:00:00,2.38000011444092,2.352931435967139,174.89999389648403,15.9899997711182,0.939999997615814,-1.54999995231628
2016-09-17 20:10:00,2.44000005722046,2.4128054212423606,185.83000183105491,15.789999961853,0.779999971389771,-1.49000000953674
2016-09-17 20:20:00,2.90000009536743,2.868108806605809,188.21000671386693,15.6599998474121,0.910000026226044,-1.48000001907349
2016-09-17 20:30:00,2.54999995231628,2.5221322810391267,193.21000671386696,15.6000003814697,1.01999998092651,-2.0
2016-09-17 20:40:00,3.17000007629395,3.1360085091287737,206.410003662109,15.4200000762939,1.28999996185303,-1.54999995231628
2016-09-17 20:50:00,3.82999992370605,3.788887482986397,220.199996948242,15.4300003051758,7.80000019073486,1.23000001907349
2016-09-17 21:00:00,2.9300000667572,2.898013020554164,216.550003051758,15.5900001525879,5.94999980926514,-9.26000022888184
2016-09-17 21:10:00,2.73000001907349,2.7007889224645423,225.22999572753903,15.3999996185303,1.12000000476837,-1.29999995231628
2016-09-17 21:20:00,3.44000005722046,3.4034671744674414,258.489990234375,15.3299999237061,1.37000000476837,-1.78999996185303
2016-09-17 21:30:00,3.86999988555908,3.8288561521310274,256.480010986328,15.3400001525879,9.47000026702881,2.97000002861023
2016-09-17 21:40:00,3.51999998092651,3.4822554027266994,244.22000122070295,15.4200000762939,7.46000003814697,-8.73999977111816
2016-09-17 21:50:00,2.35999989509583,2.3349096600970176,233.55000305175795,15.3400001525879,0.649999976158142,-1.28999996185303
2016-09-17 22:00:00,2.50999999046326,2.483630743852194,228.610000610352,15.2299995422363,0.620000004768372,-0.699999988079071
2016-09-17 22:10:00,2.07999992370605,2.0584812816220865,236.25999450683597,15.0900001525879,0.540000021457672,-1.05999994277954
2016-09-17 22:20:00,1.64999997615814,1.633213257243512,226.99999999999991,14.9399995803833,0.330000013113022,-0.670000016689301
2016-09-17 22:30:00,3.0699999332428,3.039575569764656,168.46000671386696,14.710000038147,0.409999996423721,-1.35000002384186
2016-09-17 22:40:00,3.24000000953674,3.2081138196063184,191.1600036621089,14.6499996185303,1.13999998569489,-1.51999998092651
2016-09-17 22:50:00,3.64000010490417,3.604344338720765,185.47000122070293,14.6099996566772,9.53999996185303,-0.649999976158142
2016-09-17 23:00:00,3.49000000953674,3.455853604496776,227.97999572753892,14.6000003814697,9.14999961853027,-9.06999969482422
2016-09-17 23:10:00,3.25,3.21891040712105,218.13000488281304,14.4099998474121,1.24000000953674,-1.30999994277954
2016-09-17 23:20:00,3.03999996185303,3.0111635874034994,222.5,14.3400001525879,1.24000000953674,-1.36000001430511
2016-09-17 23:30:00,2.75,2.723724995329913,224.759994506836,14.3999996185303,1.12000000476837,-1.3400000333786
2016-09-17 23:40:00,2.44000005722046,2.4169111204795297,214.240005493164,14.3199996948242,0.889999985694885,-1.37999999523163
2016-09-17 23:50:00,2.3199999332428,2.29809981387423,219.899993896484,14.3000001907349,0.769999980926514,-1.3400000333786
2016-09-18 00:00:00,2.35999989509583,2.337884864026345,250.46000671386696,14.2399997711182,0.560000002384186,-1.08000004291534
2016-09-18 00:10:00,3.19000005722046,3.160033976133804,267.179992675781,14.2600002288818,1.04999995231628,-1.75999999046326
2016-09-18 00:20:00,2.92000007629395,2.892771623775382,242.03999328613293,14.1999998092651,3.34999990463257,-3.97000002861023
2016-09-18 00:30:00,2.25999999046326,2.238925914838442,243.49999999999997,14.1999998092651,0.800000011920929,-1.5900000333786
2016-09-18 00:40:00,2.0699999332428,2.0506737838737026,224.32000732421892,14.210000038147,0.639999985694885,-1.53999996185303
2016-09-18 00:50:00,2.07999992370605,2.06062821954869,207.339996337891,14.1899995803833,0.430000007152557,-0.860000014305115
2016-09-18 01:00:00,3.55999994277954,3.5279089212747192,207.570007324219,13.9300003051758,4.69999980926514,-4.78000020980835
2016-09-18 01:10:00,3.10999989509583,3.0817506440032574,194.699996948242,13.9899997711182,1.16999995708466,-1.44000005722046
2016-09-18 01:20:00,2.6800000667572,2.655625830428437,164.00999450683594,14.0,0.75,-2.0699999332428
2016-09-18 01:30:00,2.75,2.7249891237931183,178.91000366210903,14.0,1.01999998092651,-1.72000002861023
2016-09-18 01:40:00,3.01999998092651,2.9925334915927877,178.10000610351597,14.0,1.19000005722046,-1.6599999666214
2016-09-18 01:50:00,3.50999999046326,3.478198149051925,180.7299957275389,13.9700002670288,9.75,-6.40000009536743
2016-09-18 02:00:00,3.16000008583069,3.1317329909916376,188.83000183105491,13.8699998855591,9.39999961853027,-11.1400003433228
2016-09-18 02:10:00,3.25999999046326,3.232002375266898,222.02000427246105,13.5600004196167,1.36000001430511,-1.83000004291534
2016-09-18 02:20:00,3.4300000667572,3.4015314078806576,200.949996948242,13.3100004196167,9.46000003814697,-5.32000017166138
2016-09-18 02:30:00,3.21000003814697,3.183727870119546,216.83000183105491,13.210000038147,1.1599999666214,-1.36000001430511
2016-09-18 02:40:00,3.36999988555908,3.3428462873711284,221.539993286133,13.1000003814697,1.19000005722046,-1.69000005722046
2016-09-18 02:50:00,3.73000001907349,3.700549130310701,201.0,12.960000038147,5.67000007629395,2.38000011444092
2016-09-18 03:00:00,3.58999991416931,3.5621940225871525,201.58000183105497,12.8299999237061,10.8100004196167,4.90999984741211
2016-09-18 03:10:00,3.51999998092651,3.49338787909682,212.3399963378909,12.6700000762939,10.8100004196167,-2.45000004768372
2016-09-18 03:20:00,3.72000002861023,3.692478856925058,224.089996337891,12.5299997329712,10.8100004196167,-7.42000007629395
2016-09-18 03:30:00,3.96000003814697,3.930932653121687,221.309997558594,12.4799995422363,10.8100004196167,-3.80999994277954
2016-09-18 03:40:00,3.48000001907349,3.454415639690731,229.360000610352,12.4899997711182,7.51999998092651,12.5500001907349
2016-09-18 03:50:00,3.92000007629395,3.8918168197839287,196.2299957275389,12.3500003814697,4.05000019073486,22.9400005340576
2016-09-18 04:00:00,3.97000002861023,3.942332028173231,208.440002441406,12.1599998474121,10.8100004196167,22.7199993133545
2016-09-18 04:10:00,3.85999989509583,3.833680869718372,218.139999389648,12.0299997329712,6.73000001907349,3.88000011444092
2016-09-18 04:20:00,4.78999996185303,4.758396810044919,200.690002441406,11.8400001525879,10.8100004196167,92.5500030517578
2016-09-18 04:30:00,4.69999980926514,4.669263537581264,198.800003051758,11.789999961853,10.8100004196167,71.870002746582
2016-09-18 04:40:00,4.26000022888184,4.232042376832358,216.83000183105491,11.8100004196167,10.8100004196167,46.3899993896484
2016-09-18 04:50:00,4.0,3.9735625822556986,206.47000122070295,11.8500003814697,10.8100004196167,8.34000015258789
2016-09-18 05:00:00,4.05000019073486,4.022526723132444,196.979995727539,12.0,10.8100004196167,23.9599990844727
2016-09-18 05:10:00,4.57000017166138,4.538309678555351,212.729995727539,12.1300001144409,10.8100004196167,77.3199996948242
2016-09-18 05:20:00,4.05000019073486,4.021962613755341,203.9299926757809,12.1199998855591,10.8100004196167,30.2999992370605
2016-09-18 05:30:00,4.15000009536743,4.1242119646794855,212.47999572753892,11.5100002288818,10.8100004196167,51.0900001525879
2016-09-18 05:40:00,4.6399998664856,4.611815009520309,212.630004882813,11.3900003433228,10.8100004196167,126.849998474121
2016-09-18 05:50:00,5.1100001335144,5.076404461245441,221.4499969482419,11.8199996948242,10.8100004196167,180.050003051758
2016-09-18 06:00:00,5.44000005722046,5.401708598792645,222.490005493164,12.2200002670288,10.8699998855591,194.119995117188
2016-09-18 06:10:00,5.15999984741211,5.121407052215141,206.9499969482419,12.6000003814697,10.8100004196167,162.759994506836
2016-09-18 06:20:00,4.73999977111816,4.702519459451241,212.36000061035196,12.9700002670288,10.8100004196167,132.100006103516
2016-09-18 06:30:00,4.32000017166138,4.284593359498082,216.05000305175795,13.2200002670288,10.8100004196167,82.5400009155273
2016-09-18 06:40:00,4.51999998092651,4.482432276820969,213.820007324219,13.3199996948242,10.8100004196167,94.5699996948242
2016-09-18 06:50:00,4.46999979019165,4.434654432939044,204.91999816894497,12.9700002670288,10.8100004196167,78.4300003051758
2016-09-18 07:00:00,4.34999990463257,4.315301796145117,204.91000366210895,13.0299997329712,10.8100004196167,68.3000030517578
2016-09-18 07:10:00,4.09999990463257,4.064646418360307,209.47999572753892,13.5900001525879,10.8100004196167,30.0
2016-09-18 07:20:00,4.15999984741211,4.122260923829326,202.199996948242,13.9799995422363,10.8100004196167,43.5699996948242
2016-09-18 07:30:00,4.42000007629395,4.378428894706043,201.899993896484,14.2700004577637,10.8100004196167,64.0400009155273
2016-09-18 07:40:00,4.03000020980835,3.990755331011446,205.8399963378909,14.5600004196167,10.6199998855591,45.9199981689453
2016-09-18 07:50:00,1.32000005245209,1.3065253258383902,192.369995117188,14.9700002670288,0.579999983310699,-1.0
2016-09-18 08:00:00,2.24000000953674,2.2159807322680845,186.8399963378909,15.4200000762939,0.600000023841858,-0.850000023841858
2016-09-18 08:10:00,2.6800000667572,2.65000826782873,189.240005493164,15.8299999237061,0.800000011920929,-1.21000003814697
2016-09-18 08:20:00,2.66000008583069,2.6291710872918155,211.66000366210892,16.1800003051758,1.0,-1.51999998092651
2016-09-18 08:30:00,4.1100001335144,4.062131874387609,222.22999572753895,16.2299995422363,4.51000022888184,27.5499992370605
2016-09-18 08:40:00,5.3899998664856,5.327285101097745,215.7299957275389,16.2199993133545,11.0,173.190002441406
2016-09-18 08:50:00,5.78999996185303,5.722235560417674,214.199996948242,16.2800006866455,11.3599996566772,230.490005493164
2016-09-18 09:00:00,5.6399998664856,5.572771857215671,217.28999328613293,16.4699993133545,11.3800001144409,215.559997558594
2016-09-18 09:10:00,5.90999984741211,5.84177307116174,211.339996337891,16.1399993896484,11.5900001525879,244.520004272461
2016-09-18 09:20:00,6.1100001335144,6.04141425770524,214.97000122070295,15.8599996566772,11.8000001907349,272.980010986328
2016-09-18 09:30:00,6.55000019073486,6.476699338567471,217.49999999999997,15.8299999237061,13.0900001525879,400.640014648438
2016-09-18 09:40:00,6.36999988555908,6.297260984892255,217.44000244140597,16.0300006866455,12.5600004196167,340.179992675781
2016-09-18 09:50:00,6.19000005722046,6.119246034567722,211.41999816894497,16.0400009155273,12.1999998092651,303.769989013672
2016-09-18 10:00:00,6.01999998092651,5.950640456076408,210.240005493164,16.1200008392334,11.7299995422363,269.170013427734
2016-09-18 10:10:00,5.15000009536743,5.08960883630689,209.97999572753892,16.2999992370605,10.8400001525879,152.789993286133
2016-09-18 10:20:00,5.48999977111816,5.428373513464112,207.589996337891,15.8599996566772,11.1400003433228,194.630004882813
2016-09-18 10:30:00,6.09999990463257,6.033823688969108,214.55000305175795,15.5299997329712,12.1000003814697,296.440002441406
2016-09-18 10:40:00,5.6100001335144,5.54696287238772,203.770004272461,15.8699998855591,11.2299995422363,197.229995727539
2016-09-18 10:50:00,5.92999982833862,5.860664409923136,199.77999877929693,16.2700004577637,11.5299997329712,243.029998779297
2016-09-18 11:00:00,6.57999992370605,6.500744333262673,198.919998168945,16.5799999237061,12.7399997711182,365.359985351563
2016-09-18 11:10:00,6.73000001907349,6.647561332516448,201.949996948242,16.7600002288818,13.1199998855591,402.660003662109
2016-09-18 11:20:00,6.44999980926514,6.370771219196952,199.27999877929696,16.7900009155273,12.3199996948242,326.809997558594
2016-09-18 11:30:00,5.63000011444092,5.562891300816216,205.47000122070293,16.4699993133545,11.5,210.350006103516
2016-09-18 11:40:00,7.30999994277954,7.2223670414757715,216.96000671386693,16.5300006866455,14.0299997329712,506.309997558594
2016-09-18 11:50:00,6.28999996185303,6.211237524290395,202.47999572753903,17.0,12.3000001907349,315.010009765625
2016-09-18 12:00:00,6.76000022888184,6.67381944648676,201.550003051758,17.2000007629395,13.3100004196167,434.179992675781
2016-09-18 12:10:00,7.46000003814697,7.364387975830192,197.69999694824196,17.2600002288818,14.6599998474121,586.609985351563
2016-09-18 12:20:00,7.69000005722046,7.592922039324347,196.38999938964795,17.0900001525879,14.4200000762939,558.049987792969
2016-09-18 12:30:00,7.38000011444092,7.289850761680497,191.86999511718795,16.7299995422363,14.0699996948242,505.950012207031
2016-09-18 12:40:00,7.98000001907349,7.881343458791509,203.72999572753892,16.8600006103516,15.3500003814697,681.489990234375
2016-09-18 12:50:00,7.76000022888184,7.659048982999296,208.86999511718795,17.4300003051758,15.3000001907349,663.760009765625
2016-09-18 13:00:00,6.78999996185303,6.698288447356514,201.490005493164,17.8700008392334,13.4099998474121,430.029998779297
2016-09-18 13:10:00,7.11999988555908,7.02270516724946,230.509994506836,18.0100002288818,14.1599998474121,522.400024414063
2016-09-18 13:20:00,6.44999980926514,6.361350883874535,203.47000122070295,18.0799999237061,12.1700000762939,306.279998779297
2016-09-18 13:30:00,7.42000007629395,7.323724006437739,193.440002441406,17.3999996185303,14.1300001144409,524.0
2016-09-18 13:40:00,7.59999990463257,7.506213835801959,202.309997558594,16.8400001525879,15.1300001144409,638.929992675781
2016-09-18 13:50:00,7.57000017166138,7.473836228873714,215.19999694824196,17.1599998474121,14.8199996948242,602.950012207031
2016-09-18 14:00:00,7.07000017166138,6.975465635697351,208.979995727539,17.75,13.3999996185303,430.450012207031
2016-09-18 14:10:00,7.88000011444092,7.7721420434585555,221.75,18.0300006866455,16.0,804.489990234375
2016-09-18 14:20:00,7.71000003814697,7.606559285556993,204.889999389648,17.7900009155273,14.6400003433228,575.340026855469
2016-09-18 14:30:00,6.67999982833862,6.592720394667297,193.220001220703,17.4799995422363,12.7200002670288,356.869995117188
2016-09-18 14:40:00,6.92999982833862,6.836397356573056,191.149993896484,17.8700008392334,12.9300003051758,385.279998779297
2016-09-18 14:50:00,6.63000011444092,6.5344675321218535,203.210006713867,18.6700000762939,13.3100004196167,418.859985351563
2016-09-18 15:00:00,5.75,5.664948232689864,205.27999877929693,19.0100002288818,11.4300003051758,227.830001831055
2016-09-18 15:10:00,6.73000001907349,6.629998646309154,206.66999816894491,19.0699996948242,13.3500003814697,427.299987792969
2016-09-18 15:20:00,5.78000020980835,5.694959552845728,208.27999877929693,18.9400005340576,11.6499996185303,255.119995117188
2016-09-18 15:30:00,6.48999977111816,6.3992633217606985,212.0,18.2900009155273,12.4700002670288,335.339996337891
2016-09-18 15:40:00,6.65999984741211,6.568765420306439,204.27999877929693,18.0400009155273,12.6499996185303,355.079986572266
2016-09-18 15:50:00,5.92999982833862,5.8466246634577566,204.80000305175795,18.3600006103516,11.6700000762939,251.419998168945
2016-09-18 16:00:00,6.17999982833862,6.090603535507227,206.71000671386693,18.7199993133545,11.9200000762939,280.670013427734
2016-09-18 16:10:00,6.3600001335144,6.265711021889283,203.139999389648,19.0400009155273,12.1099996566772,298.559997558594
2016-09-18 16:20:00,6.1399998664856,6.047592823276268,204.52999877929696,19.2399997711182,11.9099998474121,271.880004882813
2016-09-18 16:30:00,6.26999998092651,6.180219492797042,208.360000610352,18.5900001525879,12.2200002670288,310.049987792969
2016-09-18 16:40:00,6.76999998092651,6.676418097717788,213.279998779297,18.1499996185303,13.5200004577637,443.970001220703
2016-09-18 16:50:00,6.48999977111816,6.399116956430369,183.58999633789097,18.3099994659424,12.5100002288818,334.399993896484
2016-09-18 17:00:00,5.32000017166138,5.243403453633369,217.72000122070295,18.6599998474121,10.9399995803833,182.660003662109
2016-09-18 17:10:00,5.88000011444092,5.79527438513883,214.05999755859392,18.6700000762939,11.5900001525879,254.5
2016-09-18 17:20:00,5.42999982833862,5.352308506372409,218.720001220703,18.5799999237061,11.210000038147,201.940002441406
2016-09-18 17:30:00,5.94999980926514,5.867551385332707,233.97000122070293,18.1800003051758,11.5100002288818,240.410003662109
2016-09-18 17:40:00,6.67000007629395,6.583455415015867,222.889999389648,17.3999996185303,13.2200002670288,406.359985351563
2016-09-18 17:50:00,5.88000011444092,5.804571701194714,222.240005493164,17.2700004577637,11.7799997329712,272.079986572266
2016-09-18 18:00:00,5.19000005722046,5.120896824801682,220.679992675781,17.7000007629395,10.8500003814697,165.039993286133
2016-09-18 18:10:00,6.05000019073486,5.968488842885012,220.669998168945,17.8400001525879,11.9799995422363,289.489990234375
2016-09-18 18:20:00,5.57999992370605,5.5046947516050695,226.970001220703,17.8600006103516,11.4300003051758,241.619995117188
2016-09-18 18:30:00,4.80999994277954,4.745358141483103,231.42999267578097,17.8099994659424,10.8100004196167,126.279998779297
2016-09-18 18:40:00,3.54999995231628,3.5044204678142337,221.88999938964795,17.2800006866455,6.65000009536743,16.3700008392334
2016-09-18 18:50:00,3.72000002861023,3.673798636926471,210.919998168945,16.9099998474121,7.03999996185303,-2.40000009536743
2016-09-18 19:00:00,4.15000009536743,4.0979873361687815,208.85000610351597,17.0100002288818,10.8100004196167,33.810001373291
2016-09-18 19:10:00,4.1399998664856,4.087032845305702,211.22999572753895,17.2399997711182,10.8100004196167,37.8699989318848
2016-09-18 19:20:00,4.48000001907349,4.422429234705319,208.38000488281293,17.2900009155273,10.8100004196167,66.9899978637695
2016-09-18 19:30:00,4.48000001907349,4.422479992543547,206.38999938964795,17.2800006866455,10.8100004196167,64.4899978637695
2016-09-18 19:40:00,4.61999988555908,4.560839406399205,206.53999328613295,17.25,10.8100004196167,81.120002746582
2016-09-18 19:50:00,4.88000011444092,4.819225692326923,212.309997558594,16.9400005340576,10.8100004196167,121.220001220703
2016-09-18 20:00:00,4.65999984741211,4.605407583621306,218.24000549316403,16.2900009155273,10.8100004196167,100.540000915527
2016-09-18 20:10:00,4.46999979019165,4.4179895870247226,211.36999511718795,16.2199993133545,10.8100004196167,73.1999969482422
2016-09-18 20:20:00,4.28999996185303,4.238034716096821,220.74999999999997,16.6399993896484,10.8100004196167,64.2399978637695
2016-09-18 20:30:00,4.28999996185303,4.237303735741215,225.97000122070293,16.7900009155273,10.8100004196167,60.25
2016-09-18 20:40:00,4.15000009536743,4.098787963857543,235.899993896484,16.8400001525879,10.8100004196167,44.9500007629395
2016-09-18 20:50:00,4.78999996185303,4.730726925426028,229.020004272461,16.8700008392334,10.9099998474121,133.580001831055
2016-09-18 21:00:00,5.80999994277954,5.739094702342362,225.17999267578097,16.7199993133545,11.4099998474121,242.520004272461
2016-09-18 21:10:00,5.46999979019165,5.407537972525326,217.960006713867,16.0300006866455,10.8500003814697,180.029998779297
2016-09-18 21:20:00,4.82000017166138,4.765949748132068,234.720001220703,15.8500003814697,10.8199996948242,121.309997558594
2016-09-18 21:30:00,5.05000019073486,4.991068976596882,246.75,16.25,10.8299999237061,130.169998168945
2016-09-18 21:40:00,4.21000003814697,4.159578065175077,256.299987792969,16.5200004577637,10.8100004196167,51.5099983215332
2016-09-18 21:50:00,2.14000010490417,2.1138106213411976,274.359985351563,16.75,2.24000000953674,-5.69000005722046
2016-09-18 22:00:00,2.34999990463257,2.3211069943344245,339.480010986328,16.7999992370605,0.379999995231628,-1.78999996185303
2016-09-18 22:10:00,1.86000001430511,1.8371315820715903,290.350006103516,16.7999992370605,0.519999980926514,-1.30999994277954
2016-09-18 22:20:00,2.61999988555908,2.5877873643902984,279.100006103516,16.7999992370605,0.699999988079071,-1.24000000953674
2016-09-18 22:30:00,3.94000005722046,3.891558324093769,263.529998779297,16.7999992370605,3.16000008583069,14.6300001144409
2016-09-18 22:40:00,5.21000003814697,5.14570721863163,270.5,16.8400001525879,11.1300001144409,160.820007324219
2016-09-18 22:50:00,5.5,5.432190945244718,272.690002441406,16.8299999237061,11.3699998855591,196.419998168945
2016-09-18 23:00:00,5.65999984741211,5.590346695968098,274.160003662109,16.8099994659424,11.289999961853,218.100006103516
2016-09-18 23:10:00,5.65999984741211,5.590796626481602,276.630004882813,16.7399997711182,11.6300001144409,236.559997558594
2016-09-18 23:20:00,6.0,5.931896408174809,280.75,15.9700002670288,11.75,270.350006103516
2016-09-18 23:30:00,6.09000015258789,6.023028446712864,286.269989013672,15.6599998474121,11.9200000762939,284.890014648438
2016-09-18 23:40:00,6.76999998092651,6.693156428366915,279.510009765625,15.9700002670288,13.5799999237061,455.549987792969
2016-09-18 23:50:00,6.71999979019165,6.641197995880754,289.739990234375,16.2999992370605,13.4799995422363,436.529998779297
2016-09-19 00:00:00,6.76000022888184,6.679498851228875,282.040008544922,16.4599990844727,13.6400003433228,453.760009765625
2016-09-19 00:10:00,6.46000003814697,6.38439415926242,280.950012207031,16.2800006866455,12.9499998092651,380.679992675781
2016-09-19 00:20:00,6.73000001907349,6.655529372790853,280.989990234375,15.7200002670288,13.2700004577637,415.920013427734
2016-09-19 00:30:00,6.98000001907349,6.9032409884376005,267.79000854492193,15.6599998474121,13.7799997329712,469.450012207031
2016-09-19 00:40:00,5.5,5.4369449450052425,277.890014648438,16.0699996948242,11.4899997711182,230.639999389648
2016-09-19 00:50:00,4.59999990463257,4.5469485468158055,279.25,16.1299991607666,10.8199996948242,95.7699966430664
2016-09-19 01:00:00,4.19999980926514,4.151561614193163,281.17999267578097,16.1299991607666,10.8100004196167,42.7900009155273
2016-09-19 01:10:00,4.82999992370605,4.774956337082387,280.959991455078,16.0100002288818,10.8699998855591,129.970001220703
2016-09-19 01:20:00,5.3600001335144,5.303996261662166,278.899993896484,15.1800003051758,11.1099996566772,210.360000610352
2016-09-19 01:30:00,5.40999984741211,5.356075486518155,282.54000854492193,14.7600002288818,11.1099996566772,182.839996337891
2016-09-19 01:40:00,6.21999979019165,6.155721963681777,293.299987792969,15.0799999237061,12.5299997329712,329.429992675781
2016-09-19 01:50:00,6.80000019073486,6.727162235418447,281.290008544922,15.4099998474121,13.6800003051758,460.859985351563
2016-09-19 02:00:00,6.98999977111816,6.914328015004033,281.730010986328,15.5100002288818,14.0799999237061,507.369995117188
2016-09-19 02:10:00,7.15999984741211,7.084042335681147,286.6600036621089,15.3199996948242,14.2700004577637,534.070007324219
2016-09-19 02:20:00,7.19000005722046,7.120725090741886,285.1099853515629,14.4700002670288,14.5699996948242,569.559997558594
2016-09-19 02:30:00,7.67000007629395,7.599889596613029,285.149993896484,14.039999961853,15.2799997329712,665.530029296875
2016-09-19 02:40:00,7.09000015258789,7.022909758662749,280.4400024414059,14.3199996948242,14.4099998474121,550.950012207031
2016-09-19 02:50:00,6.69999980926514,6.633755002631347,275.910003662109,14.6899995803833,13.3100004196167,421.25
2016-09-19 03:00:00,7.34999990463257,7.27665427814664,278.279998779297,14.7700004577637,14.7299995422363,586.820007324219
2016-09-19 03:10:00,7.09000015258789,7.021688675676236,283.839996337891,14.4700002670288,14.2799997329712,531.97998046875
2016-09-19 03:20:00,7.32000017166138,7.254942004824003,284.290008544922,13.8199996948242,14.7700004577637,593.739990234375
2016-09-19 03:30:00,7.80999994277954,7.7435561530855646,285.510009765625,13.4899997711182,15.75,747.559997558594
2016-09-19 03:40:00,7.82000017166138,7.749058248651628,285.049987792969,13.9799995422363,15.8400001525879,747.380004882813
2016-09-19 03:50:00,8.02000045776367,7.943741343291113,285.220001220703,14.3599996566772,16.3299999237061,838.440002441406
2016-09-19 04:00:00,7.46000003814697,7.393955253367351,287.040008544922,13.789999961853,15.1499996185303,662.25
2016-09-19 04:10:00,7.1399998664856,7.0794207736564045,290.559997558594,13.4700002670288,13.6800003051758,467.589996337891
2016-09-19 04:20:00,5.8600001335144,5.807918049168396,285.829986572266,13.8199996948242,11.789999961853,259.100006103516
2016-09-19 04:30:00,5.57999992370605,5.5282881395811545,294.170013427734,14.1499996185303,11.7299995422363,226.360000610352
2016-09-19 04:40:00,5.28000020980835,5.23052250901292,292.6700134277339,14.2399997711182,11.0299997329712,171.559997558594
2016-09-19 04:50:00,6.69999980926514,6.637138627231488,300.690002441406,14.25,13.1599998474121,409.440002441406
2016-09-19 05:00:00,5.96000003814697,5.905040721940868,316.019989013672,14.1099996566772,11.8199996948242,262.75
2016-09-19 05:10:00,6.23999977111816,6.186049672376144,306.839996337891,13.6099996566772,12.3599996566772,329.420013427734
2016-09-19 05:20:00,6.03000020980835,5.977518337504329,303.010009765625,13.6599998474121,12.3299999237061,323.089996337891
2016-09-19 05:30:00,6.42999982833862,6.371593820041845,294.989990234375,13.9899997711182,12.5,335.940002441406
2016-09-19 05:40:00,7.17999982833862,7.113377760884693,296.450012207031,14.1599998474121,14.0299997329712,504.940002441406
2016-09-19 05:50:00,6.82000017166138,6.756169840820192,294.010009765625,14.2299995422363,13.3900003433228,431.920013427734
2016-09-19 06:00:00,6.30000019073486,6.243282391522178,300.899993896484,13.9200000762939,12.5500001907349,347.170013427734
2016-09-19 06:10:00,5.78000020980835,5.73069341448388,304.149993896484,13.5100002288818,11.8299999237061,274.619995117188
2016-09-19 06:20:00,5.61999988555908,5.57024496853425,312.290008544922,13.789999961853,11.5900001525879,244.399993896484
2016-09-19 06:30:00,5.23999977111816,5.191197978294112,311.299987792969,14.1899995803833,11.2200002670288,195.320007324219
2016-09-19 06:40:00,5.6100001335144,5.556592366883625,311.649993896484,14.3699998855591,11.4399995803833,235.809997558594
2016-09-19 06:50:00,5.67000007629395,5.614589439971468,313.160003662109,14.5900001525879,11.4200000762939,236.789993286133
2016-09-19 07:00:00,5.73999977111816,5.683049322871846,305.079986572266,14.7200002670288,11.5299997329712,251.869995117188
2016-09-19 07:10:00,5.11999988555908,5.071492164628622,306.170013427734,14.3299999237061,11.0699996948242,167.669998168945
2016-09-19 07:20:00,4.71000003814697,4.665376723197827,306.5299987792969,14.3299999237061,10.8999996185303,112.120002746582
2016-09-19 07:30:00,4.90000009536743,4.850822233116332,295.269989013672,14.8199996948242,10.8400001525879,92.3600006103516
2016-09-19 07:40:00,4.98000001907349,4.928593420059323,292.200012207031,15.0699996948242,10.8900003433228,135.630004882813
2016-09-19 07:50:00,4.69999980926514,4.650515625212187,294.019989013672,15.25,10.8299999237061,106.529998779297
2016-09-19 08:00:00,4.19999980926514,4.155155663652531,300.579986572266,15.3800001144409,10.9200000762939,45.2099990844727
2016-09-19 08:10:00,3.9300000667572,3.887410109237056,296.070007324219,15.5200004577637,10.8100004196167,26.2099990844727
2016-09-19 08:20:00,3.89000010490417,3.849578039040343,302.760009765625,15.1300001144409,10.8100004196167,11.5500001907349
2016-09-19 08:30:00,3.0699999332428,3.0384500885860226,305.950012207031,15.0299997329712,3.47000002861023,-6.23000001907349
2016-09-19 08:40:00,2.9300000667572,2.8986154773522865,336.350006103516,15.4099998474121,1.07000005245209,-4.46999979019165
2016-09-19 08:50:00,2.99000000953674,2.955993562056478,306.5299987792969,15.9899997711182,1.14999997615814,-3.94000005722046
2016-09-19 09:00:00,2.75,2.717533185979661,319.25,16.3700008392334,0.990000009536743,-4.40000009536743
2016-09-19 09:10:00,2.91000008583069,2.8745856116970487,309.320007324219,16.6900005340576,0.959999978542328,-4.03000020980835
2016-09-19 09:20:00,2.65000009536743,2.6169675200449825,357.450012207031,16.9500007629395,0.689999997615814,-4.01999998092651
2016-09-19 09:30:00,2.32999992370605,2.300374834951053,27.690000534057617,17.1700000762939,0.709999978542328,-4.71000003814697
2016-09-19 09:40:00,1.54999995231628,1.529853272741701,18.0,17.4200000762939,0.349999994039536,-3.45000004768372
2016-09-19 09:50:00,1.85000002384186,1.825367850390449,6.46999979019165,17.7000007629395,0.600000023841858,-3.48000001907349
2016-09-19 10:00:00,1.1599999666214,1.1443189158318317,346.630004882813,17.8799991607666,0.189999997615814,-3.32999992370605
2016-09-19 10:10:00,1.71000003814697,1.68682604530807,356.99999999999994,17.9099998474121,0.430000007152557,-3.44000005722046
2016-09-19 10:20:00,1.98000001907349,1.9527198095041696,7.449999809265137,18.1100006103516,0.639999985694885,-3.5699999332428
2016-09-19 10:30:00,2.16000008583069,2.1300204848173188,8.9399995803833,18.2000007629395,0.740000009536743,-3.75
2016-09-19 10:40:00,1.94000005722046,1.9128551131157387,9.989999771118164,18.2999992370605,0.680000007152557,-3.69000005722046
2016-09-19 10:50:00,2.19000005722046,2.15893737229719,2.049999952316284,18.4699993133545,0.620000004768372,-3.71000003814697
2016-09-19 11:00:00,2.84999990463257,2.8093189956245546,10.43000030517578,18.5499992370605,0.310000002384186,-4.57999992370605
2016-09-19 11:10:00,3.14000010490417,3.094472663644366,32.86000061035162,18.75,0.0,-3.41000008583069
2016-09-19 11:20:00,2.92000007629395,2.8764804196516467,340.450012207031,19.1100006103516,0.0,-3.73000001907349
2016-09-19 11:30:00,3.01999998092651,2.974820294180976,280.589996337891,19.1599998474121,0.0,-5.40999984741211
2016-09-19 11:40:00,3.07999992370605,3.03402642888893,12.720000267028809,19.1299991607666,0.0,-3.16000008583069
2016-09-19 11:50:00,2.86999988555908,2.8265808180672285,9.420000076293944,19.3099994659424,0.0,-3.15000009536743
2016-09-19 12:00:00,3.3199999332428,3.269437658057601,13.80000019073492,19.3999996185303,0.0,-3.50999999046326
2016-09-19 12:10:00,4.0,3.939485617807412,2.2300000190734863,19.3099994659424,7.05999994277954,20.4599990844727
2016-09-19 12:20:00,4.09999990463257,4.038248838101115,11.279999732971191,19.25,10.8100004196167,19.5599994659424
2016-09-19 12:30:00,4.03000020980835,3.969212927868091,7.619999885559082,19.2700004577637,10.8100004196167,25.2800006866455
2016-09-19 12:40:00,4.0,3.939575416519027,15.0,19.2900009155273,10.8100004196167,22.1599998474121
2016-09-19 12:50:00,3.80999994277954,3.752573854648405,21.1299991607666,19.2600002288818,10.8100004196167,5.25
2016-09-19 13:00:00,3.96000003814697,3.8995575226389754,18.04999923706049,19.4300003051758,7.25,3.76999998092651
2016-09-19 13:10:00,3.80999994277954,3.751077832849808,8.869999885559082,19.6100006103516,10.8100004196167,9.3100004196167
2016-09-19 13:20:00,3.85999989509583,3.8005641903868224,15.369999885559082,19.5499992370605,10.8100004196167,10.3199996948242
2016-09-19 13:30:00,4.09999990463257,4.037834601380378,24.34000015258789,19.3400001525879,10.8100004196167,18.2000007629395
2016-09-19 13:40:00,4.07000017166138,4.008929454880604,20.98999977111822,19.2000007629395,10.8100004196167,30.0799999237061
2016-09-19 13:50:00,3.60999989509583,3.5566833404437115,33.54000091552729,18.9899997711182,10.8100004196167,-5.90000009536743
2016-09-19 14:00:00,2.95000004768372,2.9097882737262686,38.84999847412109,17.9799995422363,2.51999998092651,-6.03999996185303
2016-09-19 14:10:00,3.00999999046326,2.9712173271325786,44.34999847412109,17.3199996948242,1.13999998569489,-3.20000004768372
2016-09-19 14:20:00,2.99000000953674,2.95272929369722,39.65999984741211,16.9500007629395,1.1599999666214,-3.36999988555908
2016-09-19 14:30:00,2.98000001907349,2.94336134812298,40.43000030517578,16.7999992370605,1.11000001430511,-3.27999997138977
2016-09-19 14:40:00,2.80999994277954,2.774144433731489,48.310001373291016,17.2099990844727,1.07000005245209,-1.4099999666214
2016-09-19 14:50:00,2.98000001907349,2.9404907613978244,41.5099983215332,17.6499996185303,1.20000004768372,-1.5900000333786
2016-09-19 15:00:00,2.15000009536743,2.120936076692301,45.34000015258789,17.8799991607666,0.990000009536743,-1.44000005722046
2016-09-19 15:10:00,2.4300000667572,2.397013699997141,36.810001373291016,17.9300003051758,0.930000007152557,-1.39999997615814
2016-09-19 15:20:00,2.04999995231628,2.0217784309175446,46.41999816894531,18.1000003814697,0.800000011920929,-1.4099999666214
2016-09-19 15:30:00,2.42000007629395,2.386848826201632,62.95999908447271,18.0400009155273,0.800000011920929,-1.5
2016-09-19 15:40:00,2.5,2.466119894266183,60.5099983215332,17.9099998474121,0.860000014305115,-1.3400000333786
2016-09-19 15:50:00,2.39000010490417,2.357691730670994,60.060001373291016,17.8799991607666,0.800000011920929,-1.55999994277954
2016-09-19 16:00:00,2.24000000953674,2.2098965506504564,75.2699966430664,17.8099994659424,0.829999983310699,-1.86000001430511
2016-09-19 16:10:00,2.17000007629395,2.1408618768559986,79.02999877929688,17.7999992370605,0.730000019073486,-1.42999994754791
2016-09-19 16:20:00,2.24000000953674,2.210073799412949,75.0599975585938,17.7399997711182,0.829999983310699,-1.51999998092651
2016-09-19 16:30:00,2.1800000667572,2.1512206189443823,94.4499969482422,17.6000003814697,0.699999988079071,-1.41999995708466
2016-09-19 16:40:00,2.20000004768372,2.171130819795321,112.34999847412098,17.5300006866455,0.730000019073486,-1.80999994277954
2016-09-19 16:50:00,2.51999998092651,2.4874451403656805,104.11000061035202,17.3500003814697,0.910000026226044,-1.57000005245209
2016-09-19 17:00:00,2.5699999332428,2.537381601967917,110.83000183105504,17.1499996185303,0.910000026226044,-1.46000003814697
2016-09-19 17:10:00,2.19000005722046,2.1624778338910984,125.220001220703,17.0400009155273,0.579999983310699,-1.46000003814697
2016-09-19 17:20:00,2.09999990463257,2.0740853338336813,138.55000305175804,16.8400001525879,0.270000010728836,-0.850000023841858
2016-09-19 17:30:00,2.55999994277954,2.5289612893790827,141.58999633789097,16.6499996185303,0.379999995231628,-1.01999998092651
2016-09-19 17:40:00,2.17000007629395,2.1441586576942355,153.96000671386696,16.4599990844727,0.449999988079071,-1.74000000953674
2016-09-19 17:50:00,2.55999994277954,2.5296889224301413,124.59999847412098,16.3999996185303,0.949999988079071,-1.57000005245209
2016-09-19 18:00:00,2.08999991416931,2.065444046575546,134.33999633789097,16.3199996948242,0.75,-1.53999996185303
2016-09-19 18:10:00,2.54999995231628,2.5206491346892603,129.479995727539,16.1100006103516,0.970000028610229,-1.58000004291534
2016-09-19 18:20:00,2.47000002861023,2.441767001734456,133.66999816894497,16.0400009155273,0.939999997615814,-1.63999998569489
2016-09-19 18:30:00,2.88000011444092,2.847835819539128,139.69000244140602,15.8100004196167,1.07000005245209,-1.39999997615814
2016-09-19 18:40:00,3.07999992370605,3.0461643364561333,141.490005493164,15.6499996185303,1.12999999523163,-1.64999997615814
2016-09-19 18:50:00,2.34999990463257,2.32434476681211,152.82000732421898,15.5900001525879,0.639999985694885,-1.5
2016-09-19 19:00:00,2.80999994277954,2.7800934293638258,163.71000671386696,15.3500003814697,0.879999995231628,-1.91999995708466
2016-09-19 19:10:00,2.48000001907349,2.4536056577383687,147.61000061035202,15.3500003814697,0.889999985694885,-1.60000002384186
2016-09-19 19:20:00,1.79999995231628,1.7808016063821008,167.42999267578102,15.3699998855591,0.389999985694885,-1.19000005722046
2016-09-19 19:30:00,1.92999994754791,1.9096136349845123,175.19999694824196,15.2799997329712,0.379999995231628,-1.25
2016-09-19 19:40:00,2.35999989509583,2.335719577656297,156.86000061035202,15.039999961853,0.870000004768372,-1.6599999666214
2016-09-19 19:50:00,2.11999988555908,2.0982858363687176,169.39999389648403,15.0,0.680000007152557,-1.46000003814697
2016-09-19 20:00:00,2.35999989509583,2.336043858990488,172.07000732421898,14.9200000762939,0.75,-1.51999998092651
2016-09-19 20:10:00,2.08999991416931,2.069024051744124,187.8200073242189,14.8199996948242,0.300000011920929,-1.17999994754791
2016-09-19 20:20:00,2.19000005722046,2.1684222390632857,194.32000732421895,14.6599998474121,0.200000002980232,-0.970000028610229
2016-09-19 20:30:00,2.5,2.4755398245367792,200.660003662109,14.6000003814697,0.189999997615814,-1.1599999666214
2016-09-19 20:40:00,2.69000005722046,2.6642674397978947,196.570007324219,14.4099998474121,0.430000007152557,-1.19000005722046
2016-09-19 20:50:00,2.98000001907349,2.951527468376029,238.039993286133,14.3999996185303,0.540000021457672,-1.77999997138977
2016-09-19 21:00:00,2.8199999332428,2.7930561109098546,184.3600006103519,14.3999996185303,0.829999983310699,-1.64999997615814
2016-09-19 21:10:00,3.07999992370605,3.0502183718225884,180.99999999999991,14.5,0.879999995231628,-1.63999998569489
2016-09-19 21:20:00,2.92000007629395,2.8918996698122856,180.809997558594,14.460000038147,0.839999973773956,-1.72000002861023
2016-09-19 21:30:00,2.6800000667572,2.6542708103606656,184.259994506836,14.4399995803833,0.819999992847443,-1.69000005722046
2016-09-19 21:40:00,2.90000009536743,2.8722919077132363,183.97000122070295,14.3999996185303,0.879999995231628,-1.64999997615814
2016-09-19 21:50:00,2.8199999332428,2.7930561109098546,189.389999389648,14.3999996185303,0.910000026226044,-1.74000000953674
2016-09-19 22:00:00,2.8199999332428,2.7930561109098546,193.6799926757809,14.3999996185303,0.959999978542328,-1.75
2016-09-19 22:10:00,3.00999999046326,2.981275361021428,188.41999816894491,14.3900003433228,0.959999978542328,-1.69000005722046
2016-09-19 22:20:00,2.86999988555908,2.8427431114076898,179.75,14.3500003814697,0.850000023841858,-1.74000000953674
2016-09-19 22:30:00,2.88000011444092,2.8528137575001287,179.91999816894497,14.3000001907349,0.819999992847443,-1.67999994754791
2016-09-19 22:40:00,2.84999990463257,2.8230967408791883,181.02999877929696,14.3000001907349,0.769999980926514,-1.82000005245209
2016-09-19 22:50:00,2.64000010490417,2.6150792777084444,187.589996337891,14.3000001907349,0.800000011920929,-1.70000004768372
2016-09-19 23:00:00,2.64000010490417,2.615170258329804,185.88000488281295,14.2700004577637,0.779999971389771,-1.75
2016-09-19 23:10:00,2.51999998092651,2.496501454202314,197.860000610352,14.1999998092651,0.850000023841858,-1.67999994754791
2016-09-19 23:20:00,2.23000001907349,2.209333839653858,203.05000305175795,14.1499996185303,0.759999990463257,-1.8400000333786
2016-09-19 23:30:00,2.15000009536743,2.1304461367383323,205.80999755859392,14.0,0.740000009536743,-1.70000004768372
2016-09-19 23:40:00,2.15000009536743,2.1305450695596684,212.529998779297,13.960000038147,0.689999997615814,-1.74000000953674
2016-09-19 23:50:00,2.20000004768372,2.1802444667122662,207.839996337891,13.8999996185303,0.740000009536743,-1.48000001907349
2016-09-20 00:00:00,1.87000000476837,1.8532077612637776,204.309997558594,13.8999996185303,0.680000007152557,-1.33000004291534
2016-09-20 00:10:00,2.1800000667572,2.160424081801227,229.74000549316392,13.8999996185303,0.509999990463257,-1.19000005722046
2016-09-20 00:20:00,2.32999992370605,2.3090769686339723,227.72000122070295,13.8999996185303,0.509999990463257,-1.37000000476837
2016-09-20 00:30:00,2.00999999046326,1.9919505737798264,232.97999572753892,13.8999996185303,0.310000002384186,-0.939999997615814
2016-09-20 00:40:00,1.8400000333786,1.8234771838972288,234.990005493164,13.8999996185303,0.170000001788139,-0.959999978542328
2016-09-20 00:50:00,2.07999992370605,2.061321920968434,235.479995727539,13.8999996185303,0.330000013113022,-1.45000004768372
2016-09-20 01:00:00,1.74000000953674,1.7242950523302816,237.2400054931639,13.9399995803833,0.219999998807907,-1.08000004291534
2016-09-20 01:10:00,2.01999998092651,2.001628355668017,238.279998779297,14.0,0.25,-1.0900000333786
2016-09-20 01:20:00,2.08999991416931,2.0709916490326985,241.08000183105503,14.0,0.280000001192093,-1.11000001430511
2016-09-20 01:30:00,2.20000004768372,2.1799913462845377,251.389999389648,14.0,0.219999998807907,-1.25999999046326
2016-09-20 01:40:00,1.91999995708466,1.902537818450528,249.30000305175795,14.0,0.0,-0.920000016689301
2016-09-20 01:50:00,1.26999998092651,1.258449503724439,223.630004882813,14.0,0.0,-1.37999999523163
2016-09-20 02:00:00,1.1599999666214,1.149489956628272,189.529998779297,13.9700002670288,0.0299999993294477,-1.11000001430511
2016-09-20 02:10:00,1.48000001907349,1.466709901082201,196.35000610351597,13.8999996185303,0.490000009536743,-0.959999978542328
2016-09-20 02:20:00,1.98000001907349,1.9622883586936573,216.350006103516,13.8699998855591,0.479999989271164,-1.45000004768372
2016-09-20 02:30:00,2.15000009536743,2.130693504434678,222.9100036621089,13.8999996185303,0.579999983310699,-1.35000002384186
2016-09-20 02:40:00,1.41999995708466,1.4072486282102892,208.539993286133,13.8999996185303,0.419999986886978,-1.38999998569489
2016-09-20 02:50:00,1.51999998092651,1.5063506709042591,213.809997558594,13.8999996185303,0.340000003576279,-1.1599999666214
2016-09-20 03:00:00,1.87000000476837,1.8532077612637776,187.4100036621089,13.8999996185303,0.469999998807907,-1.35000002384186
2016-09-20 03:10:00,1.19000005722046,1.1793140835945937,193.3399963378909,13.8999996185303,0.0900000035762787,-0.959999978542328
2016-09-20 03:20:00,1.48000001907349,1.4667269322342296,188.55999755859395,13.8900003433228,0.340000003576279,-1.1599999666214
2016-09-20 03:30:00,1.49000000953674,1.4766715378798505,194.699996948242,13.8699998855591,0.259999990463257,-1.37000000476837
2016-09-20 03:40:00,1.10000002384186,1.090185534302732,195.960006713867,13.8500003814697,0.129999995231628,-1.03999996185303
2016-09-20 03:50:00,1.94000005722046,1.922802534360858,211.97999572753892,13.8000001907349,0.610000014305115,-1.16999995708466
2016-09-20 04:00:00,1.62000000476837,1.605639187091655,204.940002441406,13.8000001907349,0.550000011920929,-1.28999996185303
2016-09-20 04:10:00,1.46000003814697,1.4470575725333212,213.78999328613295,13.8000001907349,0.430000007152557,-1.00999999046326
2016-09-20 04:20:00,1.80999994277954,1.79424667867306,215.63000488281295,13.6599998474121,0.569999992847443,-1.27999997138977
2016-09-20 04:30:00,2.05999994277954,2.042213230848662,209.059997558594,13.6000003814697,0.629999995231628,-1.76999998092651
2016-09-20 04:40:00,1.38999998569489,1.3779822550490115,207.41000366210892,13.6099996566772,0.319999992847443,-1.10000002384186
2016-09-20 04:50:00,0.850000023841858,0.8426608461791075,185.600006103516,13.6000003814697,0.0,-0.930000007152557
2016-09-20 05:00:00,1.87000000476837,1.8538322662098243,192.550003051758,13.6099996566772,0.370000004768372,-1.46000003814697
2016-09-20 05:10:00,1.72000002861023,1.7047527404978156,157.94000244140602,13.8000001907349,0.170000001788139,-1.4099999666214
2016-09-20 05:20:00,1.73000001907349,1.7146640840231813,154.35000610351597,13.8000001907349,0.0199999995529652,-0.939999997615814
2016-09-20 05:30:00,2.32999992370605,2.309130597548166,173.08000183105503,13.8800001144409,0.409999996423721,-1.0900000333786
2016-09-20 05:40:00,2.29999995231628,2.279346391267424,164.19000244140602,13.8999996185303,0.109999999403954,-1.29999995231628
2016-09-20 05:50:00,1.53999996185303,1.5261887774187697,225.869995117188,13.8900003433228,0.109999999403954,-1.00999999046326
2016-09-20 06:00:00,1.25,1.2389191221956444,229.100006103516,13.8000001907349,0.0,-1.12000000476837
2016-09-20 06:10:00,1.08000004291534,1.0703142765833946,226.570007324219,13.8900003433228,0.0,-1.38999998569489
2016-09-20 06:20:00,1.62000000476837,1.6054527135982393,203.820007324219,13.8999996185303,0.300000011920929,-0.920000016689301
2016-09-20 06:30:00,1.71000003814697,1.6946445638366996,212.399993896484,13.8999996185303,0.409999996423721,-1.36000001430511
2016-09-20 06:40:00,1.73000001907349,1.714464948747739,198.99000549316403,13.8999996185303,0.28999999165535,-0.970000028610229
2016-09-20 06:50:00,2.20000004768372,2.1800925798668644,186.800003051758,13.960000038147,0.540000021457672,-1.92999994754791
2016-09-20 07:00:00,1.69000005722046,1.674377096823459,190.30999755859395,14.1300001144409,0.419999986886978,-0.639999985694885
2016-09-20 07:10:00,1.98000001907349,1.9614231317348525,210.5899963378909,14.25,0.509999990463257,-1.67999994754791
2016-09-20 07:20:00,2.4300000667572,2.407061578369732,188.69999694824196,14.3000001907349,0.689999997615814,-1.60000002384186
2016-09-20 07:30:00,2.47000002861023,2.446570473804597,181.77999877929696,14.3400001525879,0.680000007152557,-2.1800000667572
2016-09-20 07:40:00,2.52999997138977,2.505826967366648,179.75999450683594,14.3999996185303,0.589999973773956,-1.3400000333786
2016-09-20 07:50:00,2.34999990463257,2.3275467197347792,171.91999816894497,14.3999996185303,0.419999986886978,-1.25
2016-09-20 08:00:00,2.49000000953674,2.466209187035251,174.69000244140602,14.3999996185303,0.550000011920929,-1.16999995708466
2016-09-20 08:10:00,2.65000009536743,2.624437183570477,160.529998779297,14.4799995422363,0.779999971389771,-1.96000003814697
2016-09-20 08:20:00,2.21000003814697,2.1883265453787244,172.69999694824196,14.6199998855591,0.810000002384186,-1.83000004291534
2016-09-20 08:30:00,2.29999995231628,2.2772064552248747,175.44000244140602,14.710000038147,0.879999995231628,-1.83000004291534
2016-09-20 08:40:00,2.21000003814697,2.1875413171713727,174.779998779297,14.9300003051758,0.779999971389771,-1.79999995231628
2016-09-20 08:50:00,1.87999999523163,1.860507423304235,172.64999389648403,15.1099996566772,0.610000014305115,-1.52999997138977
2016-09-20 09:00:00,1.53999996185303,1.523451515472139,167.66000366210903,15.4399995803833,0.379999995231628,-1.0
2016-09-20 09:10:00,1.9099999666214,1.8889085049837413,189.47000122070295,15.6999998092651,0.670000016689301,-1.47000002861023
2016-09-20 09:20:00,2.57999992370605,2.551038949812721,221.41999816894497,15.8599996566772,0.790000021457672,-2.38000011444092
2016-09-20 09:30:00,2.26999998092651,2.243949577887664,193.889999389648,16.0799999237061,0.670000016689301,-2.33999991416931
2016-09-20 09:40:00,2.53999996185303,2.5103882289942328,198.85000610351597,16.2399997711182,0.839999973773956,-1.85000002384186
2016-09-20 09:50:00,2.57999992370605,2.549305364316133,195.110000610352,16.4500007629395,0.879999995231628,-1.79999995231628
2016-09-20 10:00:00,2.85999989509583,2.8250964558171265,197.05000305175795,16.7199993133545,0.980000019073486,-1.77999997138977
2016-09-20 10:10:00,3.16000008583069,3.1205385933009744,170.17999267578102,16.9699993133545,1.0900000333786,-2.24000000953674
2016-09-20 10:20:00,3.85999989509583,3.811402855429498,190.949996948242,17.0599994659424,10.3699998855591,11.4499998092651
2016-09-20 10:30:00,4.28999996185303,4.236719325552892,221.470001220703,16.9099998474121,10.8100004196167,26.5699996948242
2016-09-20 10:40:00,4.0,3.9510476966744914,225.05000305175795,16.75,10.8100004196167,17.1900005340576
2016-09-20 10:50:00,3.49000000953674,3.447487332940375,198.94999694824196,16.7000007629395,3.69000005722046,-3.29999995231628
2016-09-20 11:00:00,4.01999998092651,3.971533699030576,214.0899963378909,16.5900001525879,10.8100004196167,26.8600006103516
2016-09-20 11:10:00,3.83999991416931,3.793660120198697,243.369995117188,16.6000003814697,10.8100004196167,-7.05000019073486
2016-09-20 11:20:00,4.51000022888184,4.455216357776774,217.809997558594,16.6700000762939,10.8100004196167,1.9099999666214
2016-09-20 11:30:00,5.57999992370605,5.511901603546595,196.059997558594,16.7199993133545,10.9499998092651,142.5
2016-09-20 11:40:00,5.07000017166138,5.007780385452001,192.419998168945,16.7800006866455,10.8400001525879,105.849998474121
2016-09-20 11:50:00,5.30000019073486,5.234356093505936,172.16000366210892,16.8799991607666,10.8299999237061,134.050003051758
2016-09-20 12:00:00,5.6399998664856,5.570208651413197,207.66999816894497,16.8700008392334,11.1300001144409,207.0
2016-09-20 12:10:00,5.19000005722046,5.125306071694444,237.699996948242,16.9500007629395,10.8699998855591,109.809997558594
2016-09-20 12:20:00,4.53000020980835,4.472762437789708,231.36999511718795,17.1000003814697,10.8100004196167,84.1999969482422
2016-09-20 12:30:00,4.09000015258789,4.037811881960174,230.039993286133,17.2099990844727,10.8100004196167,31.8099994659424
2016-09-20 12:40:00,3.96000003814697,3.9086182003594887,233.2200012207029,17.3999996185303,10.8100004196167,21.3500003814697
2016-09-20 12:50:00,4.11999988555908,4.066028955363715,213.5899963378909,17.5100002288818,9.17000007629395,40.2000007629395
2016-09-20 13:00:00,3.35999989509583,3.31518656299471,218.570007324219,17.7199993133545,1.30999994277954,-3.51999998092651
2016-09-20 13:10:00,3.48000001907349,3.433074827265755,230.36000061035196,17.8500003814697,3.33999991416931,-4.38000011444092
2016-09-20 13:20:00,4.53999996185303,4.479294618253352,197.71000671386693,17.75,9.76000022888184,35.060001373291
2016-09-20 13:30:00,4.84000015258789,4.77468168494581,171.38000488281295,17.8600006103516,10.8199996948242,77.7699966430664
2016-09-20 13:40:00,5.07000017166138,5.001635019587674,185.52999877929696,17.8500003814697,10.8100004196167,137.029998779297
2016-09-20 13:50:00,5.42000007629395,5.3467929454602565,177.970001220703,17.8700008392334,10.8299999237061,143.270004272461
2016-09-20 14:00:00,5.21999979019165,5.149435062444337,182.139999389648,17.8799991607666,10.8199996948242,131.669998168945
2016-09-20 14:10:00,5.28000020980835,5.211132410443216,175.55999755859398,17.4599990844727,10.8199996948242,116.580001831055
2016-09-20 14:20:00,5.0,4.93512394281248,190.690002441406,17.3999996185303,10.8699998855591,137.539993286133
2016-09-20 14:30:00,5.21000003814697,5.140453786487307,180.38000488281293,17.7299995422363,10.8500003814697,138.080001831055
2016-09-20 14:40:00,5.48000001907349,5.4056729184510255,185.94000244140597,17.9200000762939,11.1499996185303,191.080001831055
2016-09-20 14:50:00,5.42999982833862,5.355676313311523,184.449996948242,18.0300006866455,10.9799995422363,173.710006713867
2016-09-20 15:00:00,4.8600001335144,4.792600866057168,180.03999328613298,18.1900005340576,10.8100004196167,87.7900009155273
2016-09-20 15:10:00,4.65000009536743,4.58556560941136,193.21000671386696,18.1800003051758,10.8100004196167,82.3199996948242
2016-09-20 15:20:00,4.82999992370605,4.765635373270375,176.42999267578102,17.7099990844727,10.8199996948242,76.9700012207031
2016-09-20 15:30:00,4.76999998092651,4.707136374884311,138.67999267578102,17.5799999237061,10.8100004196167,38.810001373291
2016-09-20 15:40:00,4.46000003814697,4.399809881330629,146.25,17.8600006103516,10.8100004196167,49.9799995422363
2016-09-20 15:50:00,3.8199999332428,3.767929095497001,143.740005493164,17.9799995422363,10.8100004196167,12.8500003814697
2016-09-20 16:00:00,3.04999995231628,3.008046262827822,141.19000244140602,18.0900001525879,3.86999988555908,-2.83999991416931
2016-09-20 16:10:00,4.28000020980835,4.220741061722671,119.569999694824,18.1700000762939,7.92999982833862,27.1000003814697
2016-09-20 16:20:00,3.82999992370605,3.776323269976265,121.680000305176,18.3199996948242,10.8100004196167,9.43000030517578
2016-09-20 16:30:00,4.69999980926514,4.63418328742195,92.11000061035162,18.3099994659424,10.8100004196167,63.5499992370605
2016-09-20 16:40:00,4.84999990463257,4.785368834569278,116.19999694824202,17.7099990844727,10.8100004196167,132.029998779297
2016-09-20 16:50:00,4.80999994277954,4.752556018972316,119.540000915527,16.4899997711182,10.8100004196167,120.029998779297
2016-09-20 17:00:00,4.42000007629395,4.368219428649848,131.729995727539,16.2900009155273,10.8100004196167,59.3899993896484
2016-09-20 17:10:00,4.59999990463257,4.543913759011645,120.59999847412098,16.7099990844727,10.8100004196167,69.5199966430664
2016-09-20 17:20:00,4.55999994277954,4.503728301481173,115.529998779297,16.8400001525879,10.8100004196167,61.6500015258789
2016-09-20 17:30:00,4.32000017166138,4.266739239264468,116.48999786377,16.8299999237061,10.8100004196167,67.4899978637695
2016-09-20 17:40:00,4.21999979019165,4.168211333414674,118.470001220703,16.7800006866455,10.8100004196167,63.4000015258789
2016-09-20 17:50:00,4.40000009536743,4.348353603079235,122.209999084473,16.3099994659424,10.8100004196167,79.5500030517578
2016-09-20 18:00:00,4.46999979019165,4.421557780536316,144.970001220703,15.5200004577637,10.8100004196167,67.4599990844727
2016-09-20 18:10:00,5.17999982833862,5.123981790321585,129.94999694824196,15.5,10.8100004196167,152.009994506836
2016-09-20 18:20:00,5.0,4.943988123968148,132.880004882813,15.8400001525879,10.8100004196167,154.539993286133
2016-09-20 18:30:00,4.5,4.449024898579939,137.619995117188,15.9499998092651,10.8100004196167,108.099998474121
2016-09-20 18:40:00,3.88000011444092,3.8359155689594617,144.89999389648403,15.9799995422363,10.8100004196167,27.5599994659424
2016-09-20 18:50:00,3.32999992370605,3.2921265233202317,162.08000183105503,15.9899997711182,8.0,-2.91000008583069
2016-09-20 19:00:00,2.38000011444092,2.3531213452042827,161.30999755859398,15.9200000762939,1.08000004291534,-2.30999994277954
2016-09-20 19:10:00,2.96000003814697,2.9272462320232395,156.19999694824196,15.7200002670288,1.23000001907349,-1.41999995708466
2016-09-20 19:20:00,2.91000008583069,2.877865972611594,159.75999450683594,15.6999998092651,1.20000004768372,-1.35000002384186
2016-09-20 19:30:00,3.03999996185303,3.0067426191318014,157.14999389648403,15.6099996566772,1.24000000953674,-1.47000002861023
2016-09-20 19:40:00,3.70000004768372,3.659691351656443,132.720001220703,15.5699996948242,4.63000011444092,6.76000022888184
2016-09-20 19:50:00,3.84999990463257,3.8084088570895855,160.72999572753895,15.4899997711182,10.8100004196167,18.7399997711182
2016-09-20 20:00:00,3.79999995231628,3.7592095408577033,146.0,15.4300003051758,10.8100004196167,5.86999988555908
2016-09-20 20:10:00,3.8199999332428,3.7792567765040657,151.19999694824196,15.3699998855591,10.8100004196167,15.8800001144409
2016-09-20 20:20:00,3.86999988555908,3.828988880736092,159.71000671386696,15.3100004196167,10.8100004196167,21.3799991607666
2016-09-20 20:30:00,3.88000011444092,3.8418599110057694,166.220001220703,14.6400003433228,10.8100004196167,12.7799997329712
2016-09-20 20:40:00,3.24000000953674,3.209638694256628,194.699996948242,14.2399997711182,5.6399998664856,-9.01000022888184
2016-09-20 20:50:00,2.67000007629395,2.644642727176997,200.369995117188,14.3500003814697,1.01999998092651,-2.38000011444092
2016-09-20 21:00:00,2.65000009536743,2.624041913756633,203.960006713867,14.6099996566772,1.04999995231628,-1.33000004291534
2016-09-20 21:10:00,2.00999999046326,1.99012654800166,185.8399963378909,14.6899995803833,0.800000011920929,-1.45000004768372
2016-09-20 21:20:00,2.0699999332428,2.049533254255734,184.19000244140597,14.6899995803833,0.879999995231628,-1.50999999046326
2016-09-20 21:30:00,2.25,2.2279858420831014,200.110000610352,14.6000003814697,0.860000014305115,-1.47000002861023
2016-09-20 21:40:00,2.59999990463257,2.574561323083902,214.339996337891,14.6000003814697,0.920000016689301,-1.49000000953674
2016-09-20 21:50:00,2.15000009536743,2.128964343535978,222.9100036621089,14.6000003814697,0.629999995231628,-1.21000003814697
2016-09-20 22:00:00,1.89999997615814,1.8812359195121957,225.96000671386693,14.6800003051758,0.180000007152557,-1.0
2016-09-20 22:10:00,2.33999991416931,2.316568606959886,206.509994506836,14.8000001907349,0.769999980926514,-1.26999998092651
2016-09-20 22:20:00,2.89000010490417,2.8608627470974657,253.3399963378909,14.8599996566772,0.819999992847443,-2.10999989509583
2016-09-20 22:30:00,1.73000001907349,1.7128553446298358,198.49000549316395,14.710000038147,0.560000002384186,-1.38999998569489
2016-09-20 22:40:00,2.0,1.980822020336282,204.53999328613295,14.4300003051758,0.550000011920929,-0.949999988079071
2016-09-20 22:50:00,1.76999998092651,1.753169728625061,200.699996948242,14.3599996566772,0.439999997615814,-1.04999995231628
2016-09-20 23:00:00,1.87999999523163,1.8623829358446464,183.57000732421895,14.2399997711182,0.0399999991059303,-1.26999998092651
2016-09-20 23:10:00,2.16000008583069,2.14028064662367,171.19000244140602,14.0299997329712,0.0,-1.14999997615814
2016-09-20 23:20:00,2.35999989509583,2.3386446128498743,160.05000305175804,13.960000038147,0.0,-0.930000007152557
2016-09-20 23:30:00,2.79999995231628,2.774534333339314,156.72999572753895,14.0,0.0,-1.24000000953674
2016-09-20 23:40:00,3.79999995231628,3.765308348117773,128.529998779297,14.0299997329712,5.98000001907349,-0.239999994635582
2016-09-20 23:50:00,3.61999988555908,3.5861192719924664,164.75,14.2299995422363,10.8100004196167,-7.53000020980835
2016-09-21 00:00:00,3.74000000953674,3.704609590845668,183.649993896484,14.3199996948242,10.8100004196167,-3.07999992370605
2016-09-21 00:10:00,3.95000004768372,3.912395649160098,194.479995727539,14.3699998855591,10.8100004196167,12.2600002288818
2016-09-21 00:20:00,4.05999994277954,4.020882229608367,219.639999389648,14.4700002670288,10.8100004196167,37.9799995422363
2016-09-21 00:30:00,3.70000004768372,3.664011222541099,201.38999938964795,14.5500001907349,9.47999954223633,-9.6899995803833
2016-09-21 00:40:00,2.97000002861023,2.940941339879999,190.02999877929696,14.6000003814697,1.19000005722046,-1.87999999523163
2016-09-21 00:50:00,2.84999990463257,2.8221806935636424,201.75,14.5799999237061,1.10000002384186,-1.55999994277954
2016-09-21 01:00:00,3.3199999332428,3.2883931992982607,231.57000732421892,14.3699998855591,1.25,-2.0
2016-09-21 01:10:00,2.9300000667572,2.902106170844671,220.64999389648395,14.3699998855591,1.22000002861023,-1.5900000333786
2016-09-21 01:20:00,2.5699999332428,2.5454447476980446,215.440002441406,14.3999996185303,0.990000009536743,-1.58000004291534
2016-09-21 01:30:00,2.0699999332428,2.050340866022036,215.160003662109,14.3500003814697,0.790000021457672,-3.01999998092651
2016-09-21 01:40:00,2.54999995231628,2.5259872866879647,224.94999694824196,14.2799997329712,0.959999978542328,-1.35000002384186
2016-09-21 01:50:00,2.49000000953674,2.466580950540449,212.860000610352,14.2700004577637,0.889999985694885,-1.66999995708466
2016-09-21 02:00:00,2.45000004768372,2.42687276533838,210.050003051758,14.3000001907349,0.819999992847443,-1.61000001430511
2016-09-21 02:10:00,2.25999999046326,2.238666252968306,211.66000366210892,14.3000001907349,0.670000016689301,-1.47000002861023
2016-09-21 02:20:00,2.39000010490417,2.367439204432446,213.639999389648,14.3000001907349,0.769999980926514,-1.5900000333786
2016-09-21 02:30:00,2.33999991416931,2.317911000842868,207.66999816894497,14.3000001907349,0.620000004768372,-1.24000000953674
2016-09-21 02:40:00,2.5699999332428,2.545769409469461,214.580001831055,14.289999961853,0.720000028610229,-1.52999997138977
2016-09-21 02:50:00,2.6800000667572,2.6547016516457305,212.610000610352,14.3000001907349,0.819999992847443,-1.62000000476837
2016-09-21 03:00:00,2.98000001907349,2.951869692343338,201.600006103516,14.3000001907349,0.870000004768372,-1.69000005722046
2016-09-21 03:10:00,3.19000005722046,3.1598873916820502,205.710006713867,14.3000001907349,1.0,-1.62000000476837
2016-09-21 03:20:00,2.90000009536743,2.872658257593597,197.41999816894491,14.289999961853,0.829999983310699,-1.5900000333786
2016-09-21 03:30:00,3.08999991416931,3.0611862450778617,195.97000122070295,14.1999998092651,0.870000004768372,-1.66999995708466
2016-09-21 03:40:00,2.71000003814697,2.684698653018208,190.919998168945,14.210000038147,0.610000014305115,-1.51999998092651
2016-09-21 03:50:00,2.77999997138977,2.7541728433724098,163.25999450683605,14.1700000762939,0.620000004768372,-1.57000005245209
2016-09-21 04:00:00,2.5,2.476917853492948,188.360000610352,14.1199998855591,0.879999995231628,-1.64999997615814
2016-09-21 04:10:00,2.77999997138977,2.7544285101379136,195.240005493164,14.0900001525879,1.0,-1.72000002861023
2016-09-21 04:20:00,2.96000003814697,2.933079240137349,188.929992675781,14.0,1.08000004291534,-1.75
2016-09-21 04:30:00,3.0699999332428,3.041972769055973,176.5,14.0299997329712,1.01999998092651,-1.58000004291534
2016-09-21 04:40:00,3.11999988555908,3.091623910685188,172.41000366210903,14.0,1.04999995231628,-1.71000003814697
2016-09-21 04:50:00,2.98000001907349,2.9530687356117418,173.13000488281295,13.9499998092651,1.00999999046326,-1.62999999523163
2016-09-21 05:00:00,2.67000007629395,2.646054709796139,167.21000671386696,13.8900003433228,0.660000026226044,-1.5
2016-09-21 05:10:00,2.4300000667572,2.40845883971375,174.19999694824196,13.8000001907349,0.709999978542328,-1.57000005245209
2016-09-21 05:20:00,2.74000000953674,2.715963146794672,171.77000427246105,13.7200002670288,0.829999983310699,-1.6599999666214
2016-09-21 05:30:00,2.79999995231628,2.775888378512936,171.50999450683605,13.5799999237061,0.889999985694885,-1.6599999666214
2016-09-21 05:40:00,2.8199999332428,2.796203820128652,166.08999633789097,13.4300003051758,0.829999983310699,-1.6599999666214
2016-09-21 05:50:00,2.95000004768372,2.9257877321511927,145.33999633789102,13.2299995422363,0.670000016689301,-1.96000003814697
2016-09-21 06:00:00,3.25,3.2237757574557744,154.88000488281307,13.1099996566772,1.29999995231628,-2.09999990463257
2016-09-21 06:10:00,3.10999989509583,3.0849412332608925,149.720001220703,13.1000003814697,1.32000005245209,-1.76999998092651
2016-09-21 06:20:00,3.63000011444092,3.60121293037856,150.17999267578102,12.9899997711182,3.9300000667572,3.76999998092651
2016-09-21 06:30:00,4.11999988555908,4.087041180831972,158.16000366210892,13.0500001907349,10.8100004196167,39.8699989318848
2016-09-21 06:40:00,4.1100001335144,4.076978977811461,157.60000610351597,13.0799999237061,10.8100004196167,41.189998626709
2016-09-21 06:50:00,4.65999984741211,4.622721312638952,146.28999328613304,13.0500001907349,10.8100004196167,114.059997558594
2016-09-21 07:00:00,4.5,4.464313409312227,139.08999633789097,12.9899997711182,10.8100004196167,96.25
2016-09-21 07:10:00,4.32000017166138,4.285641193761962,143.44999694824196,13.0100002288818,10.8100004196167,82.8300018310547
2016-09-21 07:20:00,4.38000011444092,4.34440497681853,149.32000732421898,13.1599998474121,10.8100004196167,73.4800033569336
2016-09-21 07:30:00,4.1100001335144,4.076077272237255,180.47000122070295,13.2700004577637,10.8100004196167,18.4599990844727
2016-09-21 07:40:00,4.23000001907349,4.194061951749243,164.11000061035202,13.4799995422363,10.8199996948242,44.4900016784668
2016-09-21 07:50:00,4.80000019073486,4.7578365367034,170.35000610351597,13.7299995422363,10.8100004196167,127.150001525879
2016-09-21 08:00:00,5.82000017166138,5.767469796295544,174.38999938964798,13.9399995803833,11.7399997711182,275.320007324219
2016-09-21 08:10:00,5.8899998664856,5.835415205955878,195.88000488281293,14.1499996185303,11.6099996566772,257.529998779297
2016-09-21 08:20:00,6.05999994277954,6.001960235932356,169.16999816894497,14.4200000762939,11.5200004577637,250.820007324219
2016-09-21 08:30:00,5.09000015258789,5.040199233851841,164.86000061035202,14.6000003814697,10.8299999237061,150.050003051758
2016-09-21 08:40:00,5.23999977111816,5.188190400747907,168.97999572753906,14.6899995803833,10.8900003433228,171.330001831055
2016-09-21 08:50:00,5.40999984741211,5.35868248447478,165.14999389648403,14.3400001525879,11.0699996948242,191.830001831055
2016-09-21 09:00:00,5.34999990463257,5.29962039042718,159.94000244140602,14.2799997329712,11.0100002288818,175.690002441406
2016-09-21 09:10:00,4.44000005722046,4.395795097754534,179.63000488281295,14.75,10.8100004196167,61.7700004577637
2016-09-21 09:20:00,5.53999996185303,5.481101696126344,167.07000732421898,15.3400001525879,11.1400003433228,202.539993286133
2016-09-21 09:30:00,6.15000009536743,6.082719613961585,183.32000732421895,15.6099996566772,11.9700002670288,291.890014648438
2016-09-21 09:40:00,6.76000022888184,6.685429063170561,166.17999267578102,15.6899995803833,12.8999996185303,378.980010986328
2016-09-21 09:50:00,6.80999994277954,6.733245819965125,168.55999755859398,15.8999996185303,13.039999961853,397.149993896484
2016-09-21 10:00:00,7.51999998092651,7.435758119588272,166.44000244140602,15.8400001525879,14.3999996185303,548.0
2016-09-21 10:10:00,7.34999990463257,7.269088088867226,162.50999450683594,15.6700000762939,13.6899995803833,467.570007324219
2016-09-21 10:20:00,7.71999979019165,7.629735130644375,178.88999938964798,16.2700004577637,14.8199996948242,608.960021972656
2016-09-21 10:30:00,8.13000011444092,8.030966285028548,168.72999572753906,16.7000007629395,15.8599996566772,788.22998046875
2016-09-21 10:40:00,8.22999954223633,8.129467141091864,178.72999572753906,16.7299995422363,15.6199998855591,737.619995117188
2016-09-21 10:50:00,7.98000001907349,7.882612097281118,187.28999328613295,16.7199993133545,14.9399995803833,616.309997558594
2016-09-21 11:00:00,8.9399995803833,8.834351230109888,182.61000061035196,16.3799991607666,16.2099990844727,937.5
2016-09-21 11:10:00,6.34999990463257,6.273225960352077,162.58999633789097,16.6200008392334,11.8400001525879,269.410003662109
2016-09-21 11:20:00,7.69999980926514,7.602184442774773,176.14999389648403,17.1599998474121,14.710000038147,653.320007324219
2016-09-21 11:30:00,7.86999988555908,7.766815855679965,177.13000488281295,17.5200004577637,15.3699998855591,740.830017089844
2016-09-21 11:40:00,7.3600001335144,7.262586725137723,170.69999694824196,17.6299991607666,14.6300001144409,583.130004882813
2016-09-21 11:50:00,6.3600001335144,6.278990894529011,170.91999816894497,17.1900005340576,12.2399997711182,313.549987792969
2016-09-21 12:00:00,6.57000017166138,6.487060953261355,177.220001220703,17.0900001525879,12.3000001907349,324.529998779297
2016-09-21 12:10:00,7.42999982833862,7.333594009585307,170.58999633789097,17.3999996185303,14.0100002288818,507.619995117188
2016-09-21 12:20:00,6.84999990463257,6.757865032701576,161.82000732421898,17.8199996948242,12.9499998092651,383.25
2016-09-21 12:30:00,8.0600004196167,7.94922361388401,172.46000671386696,18.0799999237061,15.4799995422363,732.109985351563
2016-09-21 12:40:00,8.1899995803833,8.0833616673908,169.85000610351597,17.4400005340576,15.4200000762939,737.820007324219
2016-09-21 12:50:00,8.30000019073486,8.194280586188489,166.11000061035202,17.1900005340576,15.1999998092651,737.159973144531
2016-09-21 13:00:00,8.85000038146973,8.735871364252871,177.470001220703,17.3299999237061,16.3999996185303,932.780029296875
2016-09-21 13:10:00,8.61999988555908,8.50737283053031,174.38999938964798,17.4799995422363,16.3600006103516,882.02001953125
2016-09-21 13:20:00,8.68000030517578,8.565214183114614,170.07000732421898,17.6200008392334,16.0499992370605,785.929992675781
2016-09-21 13:30:00,8.75,8.630628972322674,169.94999694824196,17.9899997711182,16.3500003814697,898.239990234375
2016-09-21 13:40:00,8.39999961853027,8.283886208564347,155.57000732421898,18.1499996185303,15.6099996566772,793.739990234375
2016-09-21 13:50:00,9.06999969482422,8.95108239709572,157.5,17.5200004577637,16.7299995422363,997.5
2016-09-21 14:00:00,6.8899998664856,6.799742654794025,167.83999633789097,17.5100002288818,13.1099996566772,399.170013427734
2016-09-21 14:10:00,8.21000003814697,8.101707942365762,172.78999328613304,17.5900001525879,15.210000038147,689.190002441406
2016-09-21 14:20:00,9.3100004196167,9.182463997079491,148.009994506836,18.0400009155273,16.7000007629395,1041.34997558594
2016-09-21 14:30:00,8.22999954223633,8.116050304453399,150.55000305175804,18.1700000762939,15.1800003051758,730.119995117188
2016-09-21 14:40:00,8.22000026702881,8.112599520543636,148.57000732421898,17.4799995422363,15.3199996948242,669.619995117188
2016-09-21 14:50:00,8.35999965667725,8.251148257204484,146.38999938964798,17.4400005340576,15.5600004196167,718.5
2016-09-21 15:00:00,8.60000038146973,8.48306421596155,151.28999328613304,17.9500007629395,16.2999992370605,879.570007324219
2016-09-21 15:10:00,8.93000030517578,8.807871113796264,153.75999450683594,18.0200004577637,16.7000007629395,966.830017089844
2016-09-21 15:20:00,8.06999969482422,7.964558823388272,156.38999938964798,17.4799995422363,15.3699998855591,674.169982910156
2016-09-21 15:30:00,8.52000045776367,8.409741090691256,142.71000671386696,17.3700008392334,15.6599998474121,742.559997558594
2016-09-21 15:40:00,8.89999961853027,8.78764665158434,157.05000305175804,17.0900001525879,16.7800006866455,977.140014648438
2016-09-21 15:50:00,9.53999996185303,9.420108636441164,150.979995727539,17.0400009155273,17.0200004577637,1130.47998046875
2016-09-21 16:00:00,9.05000019073486,8.938012509055987,149.88999938964798,16.8700008392334,16.6900005340576,990.650024414063
2016-09-21 16:10:00,8.72999954223633,8.624847372583924,147.91999816894503,16.5799999237061,16.3700008392334,886.030029296875
2016-09-21 16:20:00,8.90999984741211,8.804097881940407,139.130004882813,16.4400005340576,16.4899997711182,880.140014648438
2016-09-21 16:30:00,8.03999996185303,7.944712950390465,145.130004882813,16.4099998474121,15.5699996948242,724.0
2016-09-21 16:40:00,7.69000005722046,7.594754190563874,150.67999267578102,16.8799991607666,15.3100004196167,658.929992675781
2016-09-21 16:50:00,7.67000007629395,7.571957269429511,151.63999938964804,17.2299995422363,15.4099998474121,680.140014648438
2016-09-21 17:00:00,8.48999977111816,8.3831114636422,148.74000549316395,17.0599994659424,16.4699993133545,905.739990234375
2016-09-21 17:10:00,8.21000003814697,8.113165252798028,145.16000366210903,16.3600006103516,16.0599994659424,778.469970703125
2016-09-21 17:20:00,7.98999977111816,7.896032584383505,147.57000732421898,16.3299999237061,15.7299995422363,721.169982910156
2016-09-21 17:30:00,8.13000011444092,8.034016404731506,145.28999328613304,16.3700008392334,16.0900001525879,774.330017089844
2016-09-21 17:40:00,7.75,7.653483245832375,143.720001220703,16.9400005340576,15.2799997329712,654.909973144531
2016-09-21 17:50:00,8.0600004196167,7.9581601447554995,146.30999755859398,17.1000003814697,15.9700002670288,763.010009765625
2016-09-21 18:00:00,8.59000015258789,8.489563175857722,152.63000488281295,16.2700004577637,16.8600006103516,991.039978027344
2016-09-21 18:10:00,9.05000019073486,8.947277270900242,156.58999633789097,15.9700002670288,17.0799999237061,1127.92004394531
2016-09-21 18:20:00,8.72999954223633,8.630311852921965,161.08000183105503,16.0300006866455,16.9099998474121,1011.78997802734
2016-09-21 18:30:00,8.56999969482422,8.472236702080421,155.08999633789097,16.0200004577637,16.8099994659424,938.390014648438
2016-09-21 18:40:00,9.0,8.89969191882655,156.94000244140602,15.789999961853,17.0900001525879,1096.13000488281
2016-09-21 18:50:00,8.85999965667725,8.76084767100924,157.32000732421898,15.8299999237061,17.0100002288818,1044.77001953125
2016-09-21 19:00:00,9.22000026702881,9.111147891051685,157.44999694824196,16.3700008392334,17.1000003814697,1211.82995605469
2016-09-21 19:10:00,9.46000003814697,9.353378303807286,161.58000183105503,15.8999996185303,17.1000003814697,1260.90002441406
2016-09-21 19:20:00,9.42000007629395,9.318344658116684,162.02000427246105,15.4799995422363,17.1000003814697,1267.26000976563
2016-09-21 19:30:00,8.97000026702881,8.872996052236703,160.60000610351597,15.5,17.0799999237061,1115.56994628906
2016-09-21 19:40:00,8.52000045776367,8.429712656678962,160.25999450683594,15.3100004196167,16.9300003051758,959.049987792969
2016-09-21 19:50:00,7.84000015258789,7.757276999707151,161.69000244140602,15.2700004577637,16.1200008392334,779.969970703125
2016-09-21 20:00:00,7.44999980926514,7.366202272502206,172.41000366210903,15.8800001144409,15.210000038147,646.960021972656
2016-09-21 20:10:00,7.32000017166138,7.235495937015197,173.63000488281295,16.1399993896484,14.8900003433228,603.590026855469
2016-09-21 20:20:00,7.40999984741211,7.323697224224091,193.9400024414059,16.2299995422363,14.6700000762939,578.919982910156
2016-09-21 20:30:00,7.30999994277954,7.225028452388923,182.72000122070293,16.2099990844727,14.5299997329712,557.900024414063
2016-09-21 20:40:00,6.88000011444092,6.804497851829304,179.14999389648392,15.6400003433228,13.289999961853,416.450012207031
2016-09-21 20:50:00,6.48000001907349,6.409849375708816,185.509994506836,15.5100002288818,13.0699996948242,393.0
2016-09-21 21:00:00,6.30999994277954,6.238593457117873,172.49000549316406,15.9399995803833,11.9700002670288,289.489990234375
2016-09-21 21:10:00,6.44999980926514,6.375686034602133,164.36999511718795,16.1200008392334,12.5799999237061,346.799987792969
2016-09-21 21:20:00,6.30000019073486,6.22684066448717,174.63999938964798,16.2000007629395,12.8800001144409,371.299987792969
2016-09-21 21:30:00,5.61999988555908,5.554161146009096,178.64999389648403,16.2900009155273,11.5699996948242,255.809997558594
2016-09-21 21:40:00,5.19000005722046,5.13061728250594,201.22000122070295,16.0499992370605,10.9499998092651,147.130004882813
2016-09-21 21:50:00,5.23999977111816,5.182315702874304,153.58999633789097,15.6700000762939,10.8100004196167,110.779998779297
2016-09-21 22:00:00,5.46000003814697,5.399956440861176,170.470001220703,15.6599998474121,11.0699996948242,205.990005493164
2016-09-21 22:10:00,5.36999988555908,5.308802357911289,161.39999389648403,16.0100002288818,11.0200004577637,177.330001831055
2016-09-21 22:20:00,5.98000001907349,5.911169472700354,155.28999328613304,16.1100006103516,11.6000003814697,248.360000610352
2016-09-21 22:30:00,6.73000001907349,6.652306919695937,151.619995117188,16.1399993896484,12.9200000762939,378.679992675781
2016-09-21 22:40:00,5.36999988555908,5.307823552211721,169.92999267578102,16.1700000762939,10.9899997711182,191.259994506836
2016-09-21 22:50:00,5.57000017166138,5.5087469033733925,168.0,15.6599998474121,11.3199996948242,232.669998168945
2016-09-21 23:00:00,5.98000001907349,5.9164239121070255,155.38999938964798,15.3400001525879,11.75,271.209991455078
2016-09-21 23:10:00,5.71999979019165,5.657423475792027,153.0,15.6099996566772,11.3000001907349,230.300003051758
2016-09-21 23:20:00,5.82000017166138,5.75486872742103,143.33999633789097,15.8299999237061,10.9899997711182,197.070007324219
2016-09-21 23:30:00,6.1100001335144,6.041832388341798,122.37000274658205,15.8000001907349,11.2700004577637,231.320007324219
2016-09-21 23:40:00,4.96000003814697,4.904888898599462,178.39999389648403,15.7600002288818,10.8100004196167,116.099998474121
2016-09-21 23:50:00,4.48000001907349,4.430068885121236,153.19999694824196,15.789999961853,10.8100004196167,53.8499984741211
2016-09-22 00:00:00,4.07000017166138,4.026171981143633,156.57000732421898,15.460000038147,10.8100004196167,11.4099998474121
2016-09-22 00:10:00,3.10999989509583,3.078003374737182,182.38000488281295,15.039999961853,2.86999988555908,-7.1100001335144
2016-09-22 00:20:00,3.09999990463257,3.06835471557381,188.72999572753895,14.9700002670288,1.20000004768372,-2.99000000953674
2016-09-22 00:30:00,2.72000002861023,2.691829134715864,166.55999755859398,15.1000003814697,1.1599999666214,-1.4099999666214
2016-09-22 00:40:00,3.47000002861023,3.4326329976677137,183.029998779297,15.460000038147,3.04999995231628,4.17999982833862
2016-09-22 00:50:00,4.07999992370605,4.035271906069745,178.44999694824196,15.6300001144409,10.8100004196167,35.9099998474121
2016-09-22 01:00:00,3.94000005722046,3.896626919413432,205.710006713867,15.6700000762939,10.8100004196167,12.9499998092651
2016-09-22 01:10:00,3.70000004768372,3.6591422411764776,193.850006103516,15.6999998092651,10.8100004196167,4.82000017166138
2016-09-22 01:20:00,3.74000000953674,3.698572458267392,200.86999511718795,15.7299995422363,10.8100004196167,3.75
2016-09-22 01:30:00,4.09999990463257,4.05449110776276,208.889999389648,15.75,10.8100004196167,20.75
2016-09-22 01:40:00,4.17999982833862,4.133078561097364,193.880004882813,15.8599996566772,10.8100004196167,-7.65000009536743
2016-09-22 01:50:00,3.23000001907349,3.193300772025536,205.32000732421895,15.9799995422363,5.55000019073486,-8.5600004196167
2016-09-22 02:00:00,2.98000001907349,2.9458016921109724,194.88999938964804,16.0799999237061,1.00999999046326,-1.32000005245209
2016-09-22 02:10:00,3.20000004768372,3.1632041007921408,195.520004272461,16.1000003814697,1.12000000476837,-1.36000001430511
2016-09-22 02:20:00,3.35999989509583,3.321670413525159,176.00999450683605,16.0200004577637,1.12999999523163,-1.54999995231628
2016-09-22 02:30:00,3.71000003814697,3.667931606681192,190.5700073242189,15.960000038147,9.92000007629395,0.140000000596046
2016-09-22 02:40:00,3.72000002861023,3.6779030189251,210.929992675781,15.9399995803833,10.8100004196167,-4.63000011444092
2016-09-22 02:50:00,3.90000009536743,3.855821673056407,195.169998168945,15.9499998092651,10.8100004196167,-0.790000021457672
2016-09-22 03:00:00,3.0,2.967625663263074,196.009994506836,15.4799995422363,4.30999994277954,-7.25
2016-09-22 03:10:00,1.22000002861023,1.207308711170953,225.899993896484,15.1400003433228,0.379999995231628,-2.8199999332428
2016-09-22 03:20:00,2.21000003814697,2.1873641645009814,196.589996337891,15.0,0.660000026226044,-2.98000001907349
2016-09-22 03:30:00,2.30999994277954,2.2867102222179327,267.730010986328,14.8599996566772,0.430000007152557,-3.13000011444092
2016-09-22 03:40:00,3.1800000667572,3.1487408281250926,241.30999755859392,14.6400003433228,1.0900000333786,-3.64000010490417
2016-09-22 03:50:00,2.82999992370605,2.801986459531788,178.75,14.6999998092651,0.400000005960464,-2.60999989509583
2016-09-22 04:00:00,2.6800000667572,2.652979956711327,198.08000183105497,14.8599996566772,0.970000028610229,-1.38999998569489
2016-09-22 04:10:00,2.89000010490417,2.860399346495878,182.97000122070293,15.0,0.790000021457672,-1.24000000953674
2016-09-22 04:20:00,3.36999988555908,3.3354827406360994,173.25,15.0,1.19000005722046,-1.69000005722046
2016-09-22 04:30:00,3.64000010490417,3.602592469608532,172.529998779297,15.0299997329712,3.78999996185303,4.67000007629395
2016-09-22 04:40:00,3.76999998092651,3.7310405897866015,177.11000061035202,15.0799999237061,10.8100004196167,11.1400003433228
2016-09-22 04:50:00,3.82999992370605,3.790420489794008,172.88000488281295,15.0799999237061,10.8100004196167,15.3400001525879
2016-09-22 05:00:00,3.78999996185303,3.750790512012264,165.27000427246094,15.0900001525879,10.8100004196167,12.2200002670288
2016-09-22 05:10:00,3.91000008583069,3.8694596825846856,163.55999755859398,15.1099996566772,10.8100004196167,17.2900009155273
2016-09-22 05:20:00,4.05999994277954,4.017904282614339,177.64999389648403,15.1099996566772,10.8100004196167,35.3499984741211
2016-09-22 05:30:00,4.36999988555908,4.324690025288855,180.940002441406,15.1099996566772,10.8100004196167,59.7099990844727
2016-09-22 05:40:00,4.03999996185303,3.998019206031969,181.429992675781,15.1300001144409,10.8100004196167,26.0300006866455
2016-09-22 05:50:00,3.64000010490417,3.602009268258568,173.970001220703,15.1700000762939,10.8100004196167,3.07999992370605
2016-09-22 06:00:00,3.22000002861023,3.187978389040235,173.22999572753906,14.7399997711182,4.82000017166138,-7.0
2016-09-22 06:10:00,3.09999990463257,3.0706656013471485,164.78999328613304,14.3199996948242,1.24000000953674,-3.11999988555908
2016-09-22 06:20:00,2.91000008583069,2.882697690260412,160.82000732421898,14.25,1.03999996185303,-3.07999992370605
2016-09-22 06:30:00,2.82999992370605,2.80361070571398,167.82000732421898,14.1999998092651,1.02999997138977,-3.14000010490417
2016-09-22 06:40:00,2.82999992370605,2.803740808062675,186.139999389648,14.1599998474121,1.10000002384186,-2.02999997138977
2016-09-22 06:50:00,3.30999994277954,3.2783363887332744,189.979995727539,14.4099998474121,1.13999998569489,-1.60000002384186
2016-09-22 07:00:00,3.5699999332428,3.5348660765798647,168.32000732421898,14.6499996185303,4.26000022888184,2.69000005722046
2016-09-22 07:10:00,3.99000000953674,3.950138083639696,191.50999450683597,14.7799997329712,9.48999977111816,20.2700004577637
2016-09-22 07:20:00,2.97000002861023,2.939920004891814,192.47000122070295,14.8999996185303,0.0,-1.41999995708466
2016-09-22 07:30:00,2.33999991416931,2.316193295146881,187.529998779297,14.9399995803833,0.0,-1.20000004768372
2016-09-22 07:40:00,1.69000005722046,1.672690271203881,222.22000122070295,15.0,0.0,-1.47000002861023
2016-09-22 07:50:00,4.42999982833862,4.384879296952961,359.459991455078,14.9499998092651,0.0,-3.66000008583069
2016-09-22 08:00:00,5.84000015258789,5.782392333392749,325.519989013672,14.6700000762939,0.0099999997764825,-3.0
2016-09-22 08:10:00,5.69000005722046,5.63602671040244,294.4100036621089,14.3400001525879,0.0,-1.47000002861023
2016-09-22 08:20:00,5.30999994277954,5.260607238776461,295.8599853515629,14.1800003051758,0.0299999993294477,-1.78999996185303
2016-09-22 08:30:00,5.01999998092651,4.974805799601788,291.48999023437494,13.9200000762939,0.0,-1.70000004768372
2016-09-22 08:40:00,5.03000020980835,4.9852949386105925,285.260009765625,13.8199996948242,0.0,-1.80999994277954
2016-09-22 08:50:00,4.11999988555908,4.083477313330409,293.350006103516,13.8000001907349,0.0,-1.44000005722046
2016-09-22 09:00:00,3.83999991416931,3.805605831216905,296.820007324219,13.8800001144409,0.0,-1.47000002861023
2016-09-22 09:10:00,4.01999998092651,3.982791461021291,290.970001220703,14.1400003433228,0.0,-1.44000005722046
2016-09-22 09:20:00,4.1399998664856,4.1005866505393485,286.350006103516,14.3699998855591,0.0,-1.37000000476837
2016-09-22 09:30:00,3.25999999046326,3.228852166836385,280.08999633789097,14.3999996185303,0.0,-1.4099999666214
2016-09-22 09:40:00,4.59999990463257,4.555045950775545,290.0,14.5900001525879,0.0,-1.51999998092651
2016-09-22 09:50:00,5.01000022888184,4.959603554918203,286.25,14.8400001525879,0.0,-1.67999994754791
2016-09-22 10:00:00,5.8600001335144,5.800046316884543,289.470001220703,14.9899997711182,0.0,-1.73000001907349
2016-09-22 10:10:00,7.94000005722046,7.857947651532087,283.369995117188,15.0799999237061,0.0,-1.87999999523163
2016-09-22 10:20:00,8.35999965667725,8.27351126868079,286.290008544922,15.0900001525879,0.0,-1.70000004768372
2016-09-22 10:30:00,6.48999977111816,6.423303194879145,289.980010986328,15.0299997329712,0.0,-1.73000001907349
2016-09-22 10:40:00,6.6399998664856,6.57100179329776,277.880004882813,15.1300001144409,0.0,-1.4099999666214
2016-09-22 10:50:00,7.26999998092651,7.194205857172921,270.36999511718795,15.1599998474121,0.0,-1.46000003814697
2016-09-22 11:00:00,7.53000020980835,7.452701932565875,267.190002441406,15.0200004577637,0.0,-1.44000005722046
2016-09-22 11:10:00,7.90999984741211,7.829163003799273,273.8800048828129,14.9799995422363,0.0,-1.47000002861023
2016-09-22 11:20:00,6.23000001907349,6.16618938974676,263.410003662109,15.0,0.0,-1.47000002861023
2016-09-22 11:30:00,7.40000009536743,7.324629452140535,259.779998779297,14.9499998092651,0.0,-1.83000004291534
2016-09-22 11:40:00,5.94000005722046,5.878343848101215,266.880004882813,15.1199998855591,0.0,-2.23000001907349
2016-09-22 11:50:00,5.86999988555908,5.806788224017941,266.850006103516,15.460000038147,0.0,-1.36000001430511
2016-09-22 12:00:00,7.05999994277954,6.981152751410493,243.97999572753892,15.8100004196167,0.0,-1.37000000476837
2016-09-22 12:10:00,6.84999990463257,6.771233583088097,241.52000427246088,16.1000003814697,0.0,-1.37999999523163
2016-09-22 12:20:00,8.0600004196167,7.967687930620243,244.85000610351597,16.0599994659424,0.0,-1.48000001907349
2016-09-22 12:30:00,6.65999984741211,6.5841771404826925,235.08999633789105,16.0,0.0,-1.44000005722046
2016-09-22 12:40:00,5.73999977111816,5.673081919785632,237.020004272461,16.2399997711182,0.0,-1.45000004768372
2016-09-22 12:50:00,7.78999996185303,7.697675854989803,233.509994506836,16.4099998474121,0.0,-1.33000004291534
2016-09-22 13:00:00,7.19999980926514,7.115897111286922,242.41000366210895,16.2600002288818,0.0,-1.72000002861023
2016-09-22 13:10:00,7.32000017166138,7.235829442427246,240.32000732421895,16.1000003814697,0.0,-1.77999997138977
2016-09-22 13:20:00,7.6100001335144,7.522148054025442,232.559997558594,16.1399993896484,0.0,-1.21000003814697
2016-09-22 13:30:00,7.71000003814697,7.620466715435324,236.33999633789097,16.2000007629395,0.0,-1.25
2016-09-22 13:40:00,7.28000020980835,7.195460312934071,228.270004272461,16.2000007629395,0.0,-1.21000003814697
2016-09-22 13:50:00,6.88000011444092,6.798617513245532,224.880004882813,16.3899993896484,0.0,-1.8400000333786
2016-09-22 14:00:00,6.82000017166138,6.739249715174384,63.18999862670898,16.3999996185303,0.0,-2.16000008583069
2016-09-22 14:10:00,6.01000022888184,5.936790717312684,91.4000015258789,16.7000007629395,0.0,-2.5699999332428
2016-09-22 14:20:00,7.07000017166138,6.981390482983657,237.38999938964795,17.0100002288818,0.0,-1.87000000476837
2016-09-22 14:30:00,6.48999977111816,6.406599240809726,234.520004272461,17.2900009155273,0.0099999997764825,-1.83000004291534
2016-09-22 14:40:00,7.15999984741211,7.066367789781032,231.38000488281293,17.4899997711182,0.0,-2.19000005722046
2016-09-22 14:50:00,8.02000045776367,7.915212865550294,261.660003662109,17.4799995422363,0.0199999995529652,-2.69000005722046
2016-09-22 15:00:00,7.42000007629395,7.325909868518609,141.13999938964798,17.1399993896484,0.0099999997764825,-3.8199999332428
2016-09-22 15:10:00,6.17999982833862,6.103666786905946,244.6100006103519,16.8500003814697,0.0,-1.99000000953674
2016-09-22 15:20:00,6.25,6.174506123186879,231.9100036621089,16.6100006103516,0.0,-1.39999997615814
2016-09-22 15:30:00,6.73000001907349,6.649243692819232,240.44000244140597,16.5400009155273,0.0599999986588955,-1.50999999046326
2016-09-22 15:40:00,6.55999994277954,6.480239784195866,203.449996948242,16.6800003051758,9.88000011444092,244.25
2016-09-22 15:50:00,6.42000007629395,6.340921306761374,210.82000732421895,16.8199996948242,12.6499996185303,353.720001220703
2016-09-22 16:00:00,5.96000003814697,5.886316692076964,209.240005493164,16.8600006103516,11.4200000762939,228.190002441406
2016-09-22 16:10:00,6.21000003814697,6.133366946262226,203.9299926757809,16.8400001525879,11.9300003051758,277.179992675781
2016-09-22 16:20:00,5.98000001907349,5.907088028022116,208.970001220703,16.7099990844727,12.1199998855591,272.959991455078
2016-09-22 16:30:00,7.59000015258789,7.499442098181361,206.550003051758,16.4799995422363,14.5100002288818,555.049987792969
2016-09-22 16:40:00,7.48000001907349,7.392286114110449,202.88000488281293,16.2999992370605,14.9099998474121,609.239990234375
2016-09-22 16:50:00,7.07000017166138,6.9882209675244376,202.75,16.1599998474121,13.9300003051758,486.760009765625
2016-09-22 17:00:00,6.19999980926514,6.128990208226182,198.89999389648395,16.0599994659424,12.0500001907349,297.920013427734
2016-09-22 17:10:00,6.17000007629395,6.100318563577007,201.050003051758,15.9200000762939,12.1599998474121,305.359985351563
2016-09-22 17:20:00,6.55999994277954,6.487560157672673,196.66999816894491,15.6999998092651,12.9700002670288,382.470001220703
2016-09-22 17:30:00,5.67000007629395,5.612639522122013,198.5299987792969,14.8900003433228,11.1300001144409,211.600006103516
2016-09-22 17:40:00,5.76000022888184,5.704701527746986,192.02000427246097,14.4399995803833,11.1199998855591,214.440002441406
2016-09-22 17:50:00,5.76000022888184,5.702983421671394,188.2299957275389,14.6999998092651,11.0799999237061,206.690002441406
2016-09-22 18:00:00,5.05999994277954,5.008752496036176,190.49000549316395,14.8999996185303,10.8199996948242,124.48999786377
2016-09-22 18:10:00,4.82999992370605,4.7810819065796295,185.07000732421892,14.8999996185303,10.8800001144409,94.7399978637695
2016-09-22 18:20:00,6.17000007629395,6.108500386790453,195.3600006103519,14.7600002288818,12.0699996948242,308.529998779297
2016-09-22 18:30:00,7.26000022888184,7.190634214365948,198.880004882813,14.3999996185303,14.4099998474121,549.669982910156
2016-09-22 18:40:00,8.10999965667725,8.04100361115171,195.91999816894497,13.4899997711182,15.6800003051758,735.530029296875
2016-09-22 18:50:00,8.5600004196167,8.490336642587865,189.55999755859395,13.1700000762939,16.7900009155273,920.52001953125
2016-09-22 19:00:00,8.10000038146973,8.03286466119798,187.889999389648,13.3000001907349,16.1200008392334,788.159973144531
2016-09-22 19:10:00,6.59999990463257,6.541037005681253,184.0899963378909,13.8599996566772,13.2200002670288,413.109985351563
2016-09-22 19:20:00,6.42999982833862,6.372111665138621,211.619995117188,13.9200000762939,12.9499998092651,386.489990234375
2016-09-22 19:30:00,6.84999990463257,6.788488211524702,187.22999572753892,13.8999996185303,13.7600002288818,470.75
2016-09-22 19:40:00,6.65999984741211,6.602495234773249,193.1799926757809,13.6000003814697,13.6899995803833,463.5
2016-09-22 19:50:00,6.11999988555908,6.071749062775046,187.8399963378909,12.9499998092651,12.1899995803833,315.200012207031
2016-09-22 20:00:00,5.6100001335144,5.565446015068028,189.27999877929696,13.0,11.3000001907349,229.429992675781
2016-09-22 20:10:00,6.32000017166138,6.2675447997998806,192.679992675781,13.3100004196167,12.6800003051758,360.570007324219
2016-09-22 20:20:00,7.30999994277954,7.248484319304191,184.77000427246097,13.4099998474121,14.539999961853,575.340026855469
2016-09-22 20:30:00,7.98000001907349,7.912662080208217,183.91999816894497,13.4300003051758,15.8900003433228,757.580017089844
2016-09-22 20:40:00,7.55999994277954,7.502756905247035,170.00999450683594,12.6800003051758,14.7299995422363,596.080017089844
2016-09-22 20:50:00,7.73999977111816,7.685339379208676,182.580001831055,12.2399997711182,15.4700002670288,706.880004882813
2016-09-22 21:00:00,7.44000005722046,7.385905804256658,180.86999511718795,12.4200000762939,15.210000038147,663.700012207031
2016-09-22 21:10:00,8.27000045776367,8.207668585457753,187.94000244140597,12.6499996185303,16.5100002288818,886.690002441406
2016-09-22 21:20:00,8.35999965667725,8.30134863865642,181.110000610352,12.1999998092651,16.4300003051758,862.830017089844
2016-09-22 21:30:00,7.80000019073486,7.7447351561399715,179.39999389648403,12.2600002288818,15.3400001525879,677.030029296875
2016-09-22 21:40:00,7.42999982833862,7.379770433461799,179.80999755859398,11.9799995422363,14.6400003433228,581.320007324219
2016-09-22 21:50:00,7.13000011444092,7.084035568426383,182.9299926757809,11.710000038147,14.3400001525879,547.210021972656
2016-09-22 22:00:00,7.44999980926514,7.397992319033568,188.580001831055,12.1700000762939,15.1800003051758,654.400024414063
2016-09-22 22:10:00,8.22000026702881,8.159663420976287,193.61000061035196,12.4799995422363,16.0200004577637,795.119995117188
2016-09-22 22:20:00,7.32999992370605,7.274752935319501,184.88000488281293,12.6499996185303,14.0299997329712,503.630004882813
2016-09-22 22:30:00,8.56999969482422,8.511068622269983,202.57000732421895,12.0799999237061,16.3600006103516,917.380004882813
2016-09-22 22:40:00,10.8199996948242,10.753141914051485,207.69000244140597,11.4799995422363,17.0300006866455,1520.44995117188
2016-09-22 22:50:00,10.6700000762939,10.602331126753535,209.63000488281293,11.6199998855591,17.0900001525879,1604.64001464844
2016-09-22 23:00:00,9.8100004196167,9.74664482250704,239.2700042724609,11.7200002670288,16.3199996948242,1111.23999023438
2016-09-22 23:10:00,7.71000003814697,7.661282711664888,233.16000366210892,11.6000003814697,15.1499996185303,684.299987792969
2016-09-22 23:20:00,6.53999996185303,6.49586321279161,221.82000732421895,11.9700002670288,12.5799999237061,355.059997558594
2016-09-22 23:30:00,4.80999994277954,4.775139199458373,221.919998168945,12.3999996185303,11.0699996948242,143.360000610352
2016-09-22 23:40:00,4.59999990463257,4.5657552652124345,211.96000671386696,12.5699996948242,10.8599996566772,96.7799987792969
2016-09-22 23:50:00,6.44000005722046,6.391908419131583,215.639999389648,12.5900001525879,12.5799999237061,354.160003662109
2016-09-23 00:00:00,5.84000015258789,5.7951724778153,212.529998779297,12.7700004577637,11.8299999237061,272.140014648438
2016-09-23 00:10:00,5.17999982833862,5.141437387035268,205.929992675781,12.5699996948242,10.9099998474121,140.820007324219
2016-09-23 00:20:00,5.05000019073486,5.015919060386437,211.789993286133,11.9700002670288,10.8400001525879,138.979995727539
2016-09-23 00:30:00,4.38000011444092,4.350135519285955,221.46000671386693,12.0299997329712,10.8199996948242,79.0500030517578
2016-09-23 00:40:00,6.26000022888184,6.215283570515704,223.16000366210895,12.3100004196167,12.7600002288818,380.470001220703
2016-09-23 00:50:00,7.09000015258789,7.037875654675985,222.330001831055,12.4899997711182,14.8299999237061,604.25
2016-09-23 01:00:00,6.05000019073486,6.004750883524172,219.35000610351597,12.6000003814697,12.3199996948242,327.739990234375
2016-09-23 01:10:00,5.19000005722046,5.151844042929454,214.809997558594,12.4899997711182,10.9300003051758,168.949996948242
2016-09-23 01:20:00,5.05000019073486,5.0173859436602,212.490005493164,11.7200002670288,10.8400001525879,142.419998168945
2016-09-23 01:30:00,5.46000003814697,5.426516405744883,215.970001220703,11.4399995803833,11.1999998092651,219.610000610352
2016-09-23 01:40:00,6.30000019073486,6.258434457122222,212.830001831055,11.8400001525879,12.5600004196167,351.239990234375
2016-09-23 01:50:00,6.51999998092651,6.475165604542383,214.13999938964804,12.0799999237061,13.1800003051758,409.480010986328
2016-09-23 02:00:00,6.40000009536743,6.3554710241786685,210.550003051758,12.1499996185303,12.6899995803833,360.279998779297
2016-09-23 02:10:00,6.1100001335144,6.067630568998919,206.77999877929696,12.1300001144409,12.039999961853,299.040008544922
2016-09-23 02:20:00,5.40000009536743,5.367073009220536,210.070007324219,11.4099998474121,10.960000038147,199.419998168945
2016-09-23 02:30:00,5.63000011444092,5.597441481466328,204.66999816894491,11.1400003433228,10.9799995422363,194.039993286133
2016-09-23 02:40:00,5.84000015258789,5.803710349288688,209.5099945068359,11.5100002288818,11.3699998855591,244.940002441406
2016-09-23 02:50:00,6.05000019073486,6.0108573485698535,214.389999389648,11.7299995422363,12.039999961853,299.820007324219
2016-09-23 03:00:00,5.82999992370605,5.791806111060557,214.05000305175795,11.8000001907349,11.8199996948242,280.170013427734
2016-09-23 03:10:00,4.96999979019165,4.937093561107272,215.690002441406,11.8599996566772,10.8100004196167,157.520004272461
2016-09-23 03:20:00,5.17000007629395,5.136009934678394,223.47999572753892,11.8199996948242,10.8800001144409,188.429992675781
2016-09-23 03:30:00,5.46999979019165,5.438111411068458,231.22999572753895,11.1800003051758,11.1300001144409,224.809997558594
2016-09-23 03:40:00,5.84000015258789,5.807112370246795,228.74999999999991,11.0100002288818,11.9499998092651,292.959991455078
2016-09-23 03:50:00,5.96000003814697,5.923658291623685,220.16999816894497,11.4099998474121,12.4300003051758,336.239990234375
2016-09-23 04:00:00,5.94999980926514,5.91254186320618,220.3200073242189,11.5799999237061,12.25,319.059997558594
2016-09-23 04:10:00,6.03000020980835,5.991407417880284,223.559997558594,11.6700000762939,12.5100002288818,346.369995117188
2016-09-23 04:20:00,6.84000015258789,6.795984659027926,222.07000732421895,11.6999998092651,14.1400003433228,520.359985351563
2016-09-23 04:30:00,7.36999988555908,7.326519790761424,216.649993896484,11.2399997711182,14.8199996948242,606.059997558594
2016-09-23 04:40:00,7.46000003814697,7.421386033947447,220.919998168945,10.6199998855591,15.3699998855591,682.890014648438
2016-09-23 04:50:00,7.67000007629395,7.628865541277157,236.889999389648,10.7799997329712,15.8500003814697,753.909973144531
2016-09-23 05:00:00,7.51999998092651,7.476862048232455,228.020004272461,11.1000003814697,15.1999998092651,660.890014648438
2016-09-23 05:10:00,6.48000001907349,6.442374717071159,228.600006103516,11.1599998474121,13.2799997329712,422.970001220703
2016-09-23 05:20:00,6.30999994277954,6.271083305289071,224.91999816894491,11.4700002670288,12.7200002670288,362.899993896484
2016-09-23 05:30:00,6.82999992370605,6.787240358867882,229.759994506836,11.5500001907349,14.1800003051758,528.950012207031
2016-09-23 05:40:00,6.26000022888184,6.225185409351263,228.300003051758,10.9499998092651,12.6400003433228,361.049987792969
2016-09-23 05:50:00,5.17999982833862,5.152884796480583,226.5,10.6700000762939,11.039999961853,175.240005493164
2016-09-23 06:00:00,5.53000020980835,5.498922689907234,225.52999877929696,11.0,11.1700000762939,220.580001831055
2016-09-23 06:10:00,6.09000015258789,6.053220275234788,234.470001220703,11.3599996566772,12.4399995803833,341.890014648438
2016-09-23 06:20:00,6.44999980926514,6.408868981586823,234.559997558594,11.6499996185303,13.4499998092651,440.149993896484
2016-09-23 06:30:00,6.46000003814697,6.416028159725999,231.10000610351597,12.0200004577637,13.0900001525879,402.820007324219
2016-09-23 06:40:00,6.53999996185303,6.49457269360311,232.2400054931639,12.1400003433228,13.3299999237061,427.760009765625
2016-09-23 06:50:00,6.01000022888184,5.970836733738547,236.89999389648403,11.7700004577637,12.0,297.630004882813
2016-09-23 07:00:00,6.1399998664856,6.10113151557769,254.539993286133,11.6099996566772,0.569999992847443,7.32999992370605
2016-09-23 07:10:00,3.78999996185303,3.764730365354794,248.300003051758,11.8999996185303,0.0299999993294477,-1.24000000953674
2016-09-23 07:20:00,2.32999992370605,2.3137074631326304,215.71000671386696,12.1800003051758,0.0,-1.24000000953674
2016-09-23 07:30:00,3.25999999046326,3.235806463494227,215.5,12.5500001907349,0.0,-1.47000002861023
2016-09-23 07:40:00,3.39000010490417,3.362763677249531,213.300003051758,13.0799999237061,0.0,-1.55999994277954
2016-09-23 07:50:00,4.26000022888184,4.223807279866111,231.74999999999997,13.4799995422363,0.0,-1.75
2016-09-23 08:00:00,4.61999988555908,4.580056061976319,238.94999694824196,13.6099996566772,0.0,-1.30999994277954
2016-09-23 08:10:00,4.23000001907349,4.191869394421992,228.139999389648,13.9300003051758,0.0,-1.24000000953674
2016-09-23 08:20:00,4.01999998092651,3.9824680376411568,205.389999389648,14.210000038147,0.0,-1.64999997615814
2016-09-23 08:30:00,3.4300000667572,3.397937126222482,203.690002441406,14.2200002670288,0.0,-1.12000000476837
2016-09-23 08:40:00,3.84999990463257,3.813922416796493,220.6900024414059,14.2399997711182,0.0,-1.38999998569489
2016-09-23 08:50:00,4.32000017166138,4.278426966985776,154.029998779297,14.460000038147,0.0,-2.65000009536743
2016-09-23 09:00:00,4.73999977111816,4.693623280679288,206.38999938964795,14.6000003814697,0.0099999997764825,-1.86000001430511
2016-09-23 09:10:00,6.13000011444092,6.069601929821354,211.490005493164,14.6599998474121,0.0399999991059303,-1.75
2016-09-23 09:20:00,6.17999982833862,6.119959675257581,215.02999877929696,14.539999961853,0.0500000007450581,-1.33000004291534
2016-09-23 09:30:00,6.19000005722046,6.13078633977441,212.27999877929693,14.4099998474121,0.0299999993294477,-1.76999998092651
2016-09-23 09:40:00,6.34999990463257,6.289911895343754,207.97999572753892,14.3199996948242,0.0199999995529652,-1.62999999523163
2016-09-23 09:50:00,6.71000003814697,6.646890846919409,204.49999999999997,14.2700004577637,0.0299999993294477,-1.44000005722046
2016-09-23 10:00:00,7.32000017166138,7.251406087584798,198.72999572753892,14.2399997711182,0.0199999995529652,-1.35000002384186
2016-09-23 10:10:00,7.07000017166138,7.002936627297385,202.61999511718795,14.3400001525879,0.0,-1.42999994754791
2016-09-23 10:20:00,7.13000011444092,7.058686432103396,203.4600067138669,14.789999961853,0.0299999993294477,-1.5
2016-09-23 10:30:00,6.53000020980835,6.462668300762607,270.8599853515629,15.0600004196167,0.0099999997764825,-3.03999996185303
2016-09-23 10:40:00,6.80000019073486,6.728328280149038,202.55999755859395,15.2600002288818,0.620000004768372,-2.28999996185303
2016-09-23 10:50:00,6.03000020980835,5.964652258556505,209.97999572753892,15.5200004577637,0.0199999995529652,-1.33000004291534
2016-09-23 11:00:00,4.96999979019165,4.914437363390026,225.490005493164,15.8199996948242,0.0,-1.45000004768372
2016-09-23 11:10:00,7.01999998092651,6.939918740362257,219.880004882813,16.0200004577637,0.0,-1.32000005245209
2016-09-23 11:20:00,7.40000009536743,7.315415318382308,215.820007324219,16.0400009155273,0.0,-1.24000000953674
2016-09-23 11:30:00,8.80000019073486,8.703527991938065,217.9799957275389,15.6300001144409,0.0,-1.37000000476837
2016-09-23 11:40:00,8.93000030517578,8.83567399307207,215.55000305175795,15.2799997329712,0.0,-1.42999994754791
2016-09-23 11:50:00,8.84000015258789,8.747837832463427,217.22000122070293,15.1599998474121,0.0,-1.39999997615814
2016-09-23 12:00:00,7.86999988555908,7.785430876241,219.270004272461,15.4399995803833,0.0,-1.4099999666214
2016-09-23 12:10:00,7.55999994277954,7.475827402488933,209.559997558594,15.7799997329712,0.0,-1.37999999523163
2016-09-23 12:20:00,7.51999998092651,7.435329331457323,205.050003051758,15.8900003433228,0.0,-1.24000000953674
2016-09-23 12:30:00,9.80000019073486,9.688094185520518,207.19999694824196,16.0300006866455,3.65000009536743,165.199996948242
2016-09-23 12:40:00,9.25,9.141003939826918,198.199996948242,16.3500003814697,16.4599990844727,1074.71997070313
2016-09-23 12:50:00,10.2200002670288,10.100272162138502,208.1100006103519,16.2900009155273,16.8299999237061,1404.88000488281
2016-09-23 13:00:00,10.0799999237061,9.962829934190488,200.80999755859392,16.2099990844727,16.9300003051758,1322.92004394531
2016-09-23 13:10:00,10.0699996948242,9.952143476124744,185.770004272461,16.2800006866455,16.9200000762939,1336.18005371094
2016-09-23 13:20:00,10.7399997711182,10.622137231920618,188.13999938964795,15.6400003433228,17.0699996948242,1555.13000488281
2016-09-23 13:30:00,11.25,11.131425151253802,210.63000488281295,15.2600002288818,17.1000003814697,1741.72998046875
2016-09-23 13:40:00,9.39999961853027,9.300386326258575,197.940002441406,15.3100004196167,16.3899993896484,1002.05999755859
2016-09-23 13:50:00,11.5600004196167,11.43776160797072,196.4799957275389,15.289999961853,17.1000003814697,1759.84997558594
2016-09-23 14:00:00,11.5799999237061,11.460464098328174,197.69000244140597,15.0699996948242,17.1000003814697,1776.06005859375
2016-09-23 14:10:00,12.1700000762939,12.045349135459688,202.660003662109,15.0,17.1000003814697,1917.2900390625
2016-09-23 14:20:00,12.6300001144409,12.499914674912716,204.19000244140597,15.0500001907349,17.1000003814697,1864.59997558594
2016-09-23 14:30:00,11.3999996185303,11.282582837250777,189.380004882813,15.0500001907349,17.1000003814697,1749.0
2016-09-23 14:40:00,10.75,10.639278031491934,193.9499969482419,15.0500001907349,17.1000003814697,1535.7900390625
2016-09-23 14:50:00,10.1700000762939,10.062575824501296,189.759994506836,15.2799997329712,17.1000003814697,1360.71997070313
2016-09-23 15:00:00,9.09000015258789,8.992113606717956,185.92999267578097,15.460000038147,16.5400009155273,1010.36999511719
2016-09-23 15:10:00,8.34000015258789,8.251143142948944,182.3399963378909,15.3599996566772,15.5799999237061,753.549987792969
2016-09-23 15:20:00,8.25,8.161064818826297,180.429992675781,15.4700002670288,15.7799997329712,748.210021972656
2016-09-23 15:30:00,8.23999977111816,8.146189095133426,168.57000732421898,16.0,15.8400001525879,791.840026855469
2016-09-23 15:40:00,7.90000009536743,7.805923043650994,189.970001220703,16.4599990844727,15.75,748.77001953125
2016-09-23 15:50:00,7.96999979019165,7.87599574447565,182.99000549316395,16.3600006103516,15.6300001144409,764.52001953125
2016-09-23 16:00:00,10.0,9.890258341052728,173.27000427246094,15.6400003433228,16.9099998474121,1262.68005371094
2016-09-23 16:10:00,11.3699998855591,11.247301150561135,189.399993896484,15.4799995422363,17.1100006103516,1732.68005371094
2016-09-23 16:20:00,11.4300003051758,11.306392928177988,195.240005493164,15.5,17.1000003814697,1754.56005859375
2016-09-23 16:30:00,10.6800003051758,10.565845974118918,191.539993286133,15.3900003433228,17.1000003814697,1497.5400390625
2016-09-23 16:40:00,11.0,10.881922491664549,204.869995117188,15.4300003051758,17.1000003814697,1639.14001464844
2016-09-23 16:50:00,11.0900001525879,10.968549869838068,181.8000030517579,15.6199998855591,17.0900001525879,1569.44995117188
2016-09-23 17:00:00,10.8999996185303,10.781376850254953,173.33999633789097,15.5600004196167,17.1000003814697,1543.81005859375
2016-09-23 17:10:00,11.3299999237061,11.207991723637758,180.619995117188,15.460000038147,17.1000003814697,1746.02001953125
2016-09-23 17:20:00,11.6999998092651,11.57320528346412,177.78999328613304,15.5200004577637,17.1000003814697,1786.81005859375
2016-09-23 17:30:00,11.5299997329712,11.404652463074736,179.16000366210903,15.5500001907349,17.1000003814697,1759.55004882813
2016-09-23 17:40:00,11.0699996948242,10.95142379474953,180.190002441406,15.4099998474121,17.1000003814697,1627.68005371094
2016-09-23 17:50:00,12.7600002288818,12.624342848136644,184.13000488281293,15.3400001525879,17.1100006103516,1976.44995117188
2016-09-23 18:00:00,12.6400003433228,12.503885277026525,186.55999755859395,15.460000038147,17.1100006103516,1910.06994628906
2016-09-23 18:10:00,12.3900003433228,12.258559894093638,188.27999877929696,15.3199996948242,17.1100006103516,1827.19995117188
2016-09-23 18:20:00,12.6099996566772,12.477523086168922,183.770004272461,15.2299995422363,17.1000003814697,1833.30004882813
2016-09-23 18:30:00,12.4399995803833,12.309024419992689,184.32000732421895,15.25,17.1100006103516,1896.06005859375
2016-09-23 18:40:00,12.6599998474121,12.52598456424839,186.75999450683597,15.3000001907349,17.1000003814697,1806.52001953125
2016-09-23 18:50:00,12.6400003433228,12.507642327367876,186.17999267578097,15.1999998092651,17.1100006103516,1810.81994628906
2016-09-23 19:00:00,13.0799999237061,12.943782711369623,182.97000122070293,15.1499996185303,17.1000003814697,1816.81005859375
2016-09-23 19:10:00,12.2799997329712,12.15014743886366,176.46000671386696,15.289999961853,17.1000003814697,1767.51000976563
2016-09-23 19:20:00,12.8500003814697,12.71588437836008,178.49000549316406,15.1700000762939,17.1100006103516,1841.53002929688
2016-09-23 19:30:00,13.2600002288818,13.123425965834432,182.300003051758,15.0500001907349,17.1100006103516,1852.66003417969
2016-09-23 19:40:00,14.3400001525879,14.19197392068352,192.940002441406,15.0699996948242,17.0599994659424,1816.53002929688
2016-09-23 19:50:00,14.0100002288818,13.86457876498424,183.050003051758,15.1199998855591,17.1000003814697,1814.56994628906
2016-09-23 20:00:00,13.1899995803833,13.054297296029594,184.610000610352,15.039999961853,17.1000003814697,1864.68994140625
2016-09-23 20:10:00,12.4700002670288,12.342276581265162,182.9299926757809,15.0,17.1200008392334,1788.81005859375
2016-09-23 20:20:00,16.0400009155273,15.875160671819248,190.710006713867,15.0299997329712,17.1100006103516,1796.85998535156
2016-09-23 20:30:00,14.8100004196167,14.658309337078723,190.619995117188,15.0,17.1000003814697,1814.38000488281
2016-09-23 20:40:00,14.25,14.104697393552849,187.33000183105497,14.960000038147,17.1100006103516,1822.34997558594
2016-09-23 20:50:00,13.75,13.609323385686318,191.190002441406,14.9899997711182,17.1200008392334,1889.02001953125
2016-09-23 21:00:00,13.210000038147,13.07409198367252,187.889999389648,15.039999961853,17.1000003814697,1940.53002929688
2016-09-23 21:10:00,12.8199996948242,12.688984735223894,186.53999328613295,14.9799995422363,17.1100006103516,1965.31994628906
2016-09-23 21:20:00,14.0500001907349,13.907702434872986,175.66999816894497,14.8999996185303,17.1200008392334,1913.71997070313
2016-09-23 21:30:00,15.6999998092651,15.539552469974904,195.419998168945,14.9799995422363,17.1100006103516,1834.78002929688
2016-09-23 21:40:00,14.6199998855591,14.47008748646594,189.71000671386687,15.0100002288818,17.1000003814697,1832.02001953125
2016-09-23 21:50:00,14.1700000762939,14.0248641822875,188.07000732421895,15.0,17.1100006103516,1837.52001953125
2016-09-23 22:00:00,13.7299995422363,13.58889877281784,189.02000427246097,15.0299997329712,17.1100006103516,1824.76000976563
2016-09-23 22:10:00,14.5900001525879,14.438892306303298,191.49999999999997,15.1000003814697,17.0499992370605,1823.07995605469
2016-09-23 22:20:00,14.1199998855591,13.974891151803348,190.50999450683597,15.0299997329712,17.1100006103516,1831.40002441406
2016-09-23 22:30:00,14.7200002670288,14.569905221014622,192.75,14.960000038147,17.1000003814697,1800.22998046875
2016-09-23 22:40:00,14.7299995422363,14.57963385362678,186.0,14.9700002670288,17.1100006103516,1809.44995117188
2016-09-23 22:50:00,13.3500003814697,13.21326331513814,188.940002441406,15.0,17.1100006103516,1809.60998535156
2016-09-23 23:00:00,13.6700000762939,13.533273845249344,173.88999938964798,14.789999961853,17.1100006103516,1804.39001464844
2016-09-23 23:10:00,12.039999961853,11.9208190018946,179.83999633789108,14.6999998092651,17.1000003814697,1799.43005371094
2016-09-23 23:20:00,11.8599996566772,11.741105061494377,184.509994506836,14.8100004196167,17.0499992370605,1762.5
2016-09-23 23:30:00,9.97999954223633,9.881553310357043,165.11999511718795,14.6700000762939,17.0100002288818,1289.21997070313
2016-09-23 23:40:00,8.71000003814697,8.62568017074121,163.05000305175804,14.5100002288818,16.5200004577637,920.059997558594
2016-09-23 23:50:00,7.92000007629395,7.841874404975523,152.19000244140602,14.6700000762939,15.3199996948242,677.47998046875
2016-09-24 00:00:00,7.19000005722046,7.119570124937349,162.80999755859398,14.6099996566772,14.0200004577637,499.109985351563
2016-09-24 00:10:00,6.94000005722046,6.867884599163205,170.60000610351597,15.1300001144409,13.4799995422363,440.519989013672
2016-09-24 00:20:00,6.71000003814697,6.637589437900386,168.64999389648403,15.4799995422363,12.9700002670288,387.890014648438
2016-09-24 00:30:00,6.23999977111816,6.171449751012615,156.78999328613304,15.6499996185303,11.7600002288818,271.899993896484
2016-09-24 00:40:00,5.8899998664856,5.824891437801386,153.78999328613304,15.710000038147,11.3000001907349,217.570007324219
2016-09-24 00:50:00,6.78000020980835,6.708384040267692,164.42999267578102,15.2799997329712,13.0500001907349,407.049987792969
2016-09-24 01:00:00,7.40000009536743,7.326834186507288,173.46000671386696,14.6899995803833,14.4200000762939,559.02001953125
2016-09-24 01:10:00,8.30000019073486,8.217555088717639,166.71000671386696,14.7299995422363,15.8599996566772,789.950012207031
2016-09-24 01:20:00,8.8100004196167,8.718554085781696,168.92999267578102,15.1199998855591,16.7900009155273,974.929992675781
2016-09-24 01:30:00,9.1899995803833,9.101876767852216,167.61999511718795,14.4300003051758,16.9799995422363,1082.0400390625
2016-09-24 01:40:00,9.43000030517578,9.343584994165592,170.55999755859398,14.0600004196167,16.9699993133545,1171.90002441406
2016-09-24 01:50:00,9.89000034332275,9.799938372247592,164.05000305175804,14.0100002288818,17.0900001525879,1266.68994140625
2016-09-24 02:00:00,9.97000026702881,9.881504394239524,167.27000427246094,13.8100004196167,17.0900001525879,1323.83996582031
2016-09-24 02:10:00,9.27000045776367,9.187717934263665,176.220001220703,13.8100004196167,17.0400009155273,1157.65002441406
2016-09-24 02:20:00,8.85999965667725,8.780234630274412,176.19000244140602,13.9200000762939,16.9200000762939,1031.18994140625
2016-09-24 02:30:00,8.72999954223633,8.651404884113692,175.86000061035202,13.9200000762939,16.7199993133545,966.570007324219
2016-09-24 02:40:00,7.46000003814697,7.389151416433689,169.92999267578102,14.3500003814697,14.8100004196167,613.77001953125
2016-09-24 02:50:00,6.88000011444092,6.810950381516344,160.78999328613304,14.8199996948242,13.0900001525879,404.799987792969
2016-09-24 03:00:00,6.63000011444092,6.56201658291398,143.5,15.0100002288818,12.6300001144409,354.790008544922
2016-09-24 03:10:00,6.48999977111816,6.423228897546216,154.55000305175804,15.039999961853,12.3599996566772,327.540008544922
2016-09-24 03:20:00,6.44999980926514,6.3872625356667525,156.58000183105503,14.5500001907349,12.1199998855591,306.820007324219
2016-09-24 03:30:00,7.46999979019165,7.400000093245721,178.220001220703,14.2399997711182,14.3299999237061,553.030029296875
2016-09-24 03:40:00,8.02000045776367,7.941532210398865,160.69000244140602,14.6000003814697,15.1099996566772,666.109985351563
2016-09-24 03:50:00,6.67000007629395,6.601606388112293,162.27000427246094,15.0100002288818,12.6000003814697,354.190002441406
2016-09-24 04:00:00,7.34000015258789,7.263728183023066,169.38999938964798,15.1300001144409,14.1099996566772,517.909973144531
2016-09-24 04:10:00,7.96000003814697,7.8780142824680945,168.88000488281295,15.0500001907349,15.1899995803833,663.609985351563
2016-09-24 04:20:00,7.40999984741211,7.338094980712485,169.57000732421898,14.5299997329712,13.7700004577637,482.269989013672
2016-09-24 04:30:00,7.59999990463257,7.527908968508743,171.11999511718795,14.3400001525879,14.5699996948242,591.359985351563
2016-09-24 04:40:00,7.94000005722046,7.863407787852114,174.13999938964798,14.4799995422363,15.1599998474121,650.200012207031
2016-09-24 04:50:00,8.78999996185303,8.700471861508277,174.25999450683605,14.9499998092651,16.5100002288818,929.390014648438
2016-09-24 05:00:00,9.21000003814697,9.11566682839832,178.279998779297,15.0,16.7000007629395,1062.4599609375
2016-09-24 05:10:00,11.8299999237061,11.71751298269615,179.96000671386696,14.3599996566772,17.1100006103516,1810.82995605469
2016-09-24 05:20:00,12.3400001525879,12.222522107545451,186.17999267578097,14.3699998855591,17.1000003814697,1922.57995605469
2016-09-24 05:30:00,12.3400001525879,12.21983097513639,192.350006103516,14.5600004196167,17.0400009155273,1895.19995117188
2016-09-24 05:40:00,13.1999998092651,13.067218161297776,195.64999389648395,14.8400001525879,17.1200008392334,1910.0400390625
2016-09-24 05:50:00,14.0500001907349,13.90705873172864,197.350006103516,14.9399995803833,17.1000003814697,1824.11999511719
2016-09-24 06:00:00,12.8199996948242,12.686490166477912,190.199996948242,15.1499996185303,17.1000003814697,1851.93005371094
2016-09-24 06:10:00,12.4700002670288,12.336713329005777,184.839996337891,15.3900003433228,17.1100006103516,1808.7099609375
2016-09-24 06:20:00,12.3699998855591,12.234673132000578,186.46000671386696,15.6099996566772,17.1000003814697,1894.03002929688
2016-09-24 06:30:00,10.6700000762939,10.553514827948993,174.029998779297,15.5900001525879,17.0300006866455,1464.0400390625
2016-09-24 06:40:00,11.1800003051758,11.05922421797028,175.80999755859398,15.4899997711182,17.1000003814697,1636.9599609375
2016-09-24 06:50:00,9.77000045776367,9.662559804124578,178.08000183105503,15.6599998474121,17.0400009155273,1213.46997070313
2016-09-24 07:00:00,7.6100001335144,7.525531363194668,149.5,15.75,14.5600004196167,575.320007324219
2016-09-24 07:10:00,6.6399998664856,6.566297814737251,160.55000305175804,15.75,12.9499998092651,384.850006103516
2016-09-24 07:20:00,7.73000001907349,7.641643219170522,189.600006103516,16.0400009155273,14.3100004196167,659.799987792969
2016-09-24 07:30:00,10.6000003814697,10.475096783695282,185.27000427246097,16.3500003814697,16.8999996185303,1453.19995117188
2016-09-24 07:40:00,12.6099996566772,12.466293731337538,190.720001220703,16.0100002288818,17.1100006103516,1861.10998535156
2016-09-24 07:50:00,12.3500003814697,12.20967972748658,180.22999572753895,15.9799995422363,17.1000003814697,1823.43994140625
2016-09-24 08:00:00,11.9799995422363,11.84388283628005,188.259994506836,15.9799995422363,17.1000003814697,1790.77001953125
2016-09-24 08:10:00,12.6999998092651,12.55468936239934,182.19999694824196,16.0499992370605,17.1100006103516,1882.17004394531
2016-09-24 08:20:00,13.5,13.346459184107273,189.27999877929696,15.9899997711182,17.1000003814697,1840.19995117188
2016-09-24 08:30:00,12.4099998474121,12.268290308574802,185.38999938964795,16.0300006866455,17.1100006103516,1821.91003417969
2016-09-24 08:40:00,13.3699998855591,13.216414135503449,187.39999389648395,16.0900001525879,17.1100006103516,1835.52001953125
2016-09-24 08:50:00,13.9099998474121,13.74735976520322,192.66000366210895,16.2700004577637,17.1100006103516,1833.85998535156
2016-09-24 09:00:00,14.2299995422363,14.061674780827415,194.050003051758,16.3899993896484,17.1100006103516,1821.30004882813
2016-09-24 09:10:00,15.0600004196167,14.8806585941455,189.639999389648,16.4599990844727,17.1200008392334,1818.26000976563
2016-09-24 09:20:00,14.3100004196167,14.137474917736416,190.720001220703,16.5900001525879,17.1000003814697,1860.43005371094
2016-09-24 09:30:00,13.9899997711182,13.8183124406732,186.940002441406,16.7800006866455,17.1100006103516,1817.25
2016-09-24 09:40:00,15.0200004577637,14.834479042050411,178.83000183105491,16.8500003814697,17.1000003814697,1797.13000488281
2016-09-24 09:50:00,14.7600002288818,14.576350009027903,187.009994506836,16.9300003051758,17.1100006103516,1810.58996582031
2016-09-24 10:00:00,13.8000001907349,13.62516408040333,184.860000610352,17.1299991607666,17.1200008392334,1829.7099609375
2016-09-24 10:10:00,13.960000038147,13.781870885879668,189.82000732421892,17.2099990844727,17.1000003814697,1811.06005859375
2016-09-24 10:20:00,13.4099998474121,13.235850414057778,191.279998779297,17.4099998474121,17.1000003814697,1823.18005371094
2016-09-24 10:30:00,13.8500003814697,13.666688463167736,187.50999450683597,17.6299991607666,17.1000003814697,1844.43994140625
2016-09-24 10:40:00,12.9399995803833,12.767414902797311,187.649993896484,17.7199993133545,17.1000003814697,1811.84997558594
2016-09-24 10:50:00,12.3599996566772,12.193893076357938,191.059997558594,17.8099994659424,17.1100006103516,1830.65002441406
2016-09-24 11:00:00,12.9799995422363,12.805414051413225,196.94999694824196,17.8199996948242,17.1000003814697,1835.53002929688
2016-09-24 11:10:00,13.4300003051758,13.24814810123912,191.78999328613293,17.8999996185303,17.1100006103516,1942.84997558594
2016-09-24 11:20:00,12.8199996948242,12.642933188053082,191.07000732421895,18.1399993896484,17.1100006103516,1953.27001953125
2016-09-24 11:30:00,12.710000038147,12.534165952380622,191.940002441406,18.1599998474121,17.1000003814697,1910.9599609375
2016-09-24 11:40:00,14.210000038147,14.013574843507069,191.910003662109,18.1499996185303,17.1200008392334,1847.72998046875
2016-09-24 11:50:00,13.9399995803833,13.74714929915248,193.589996337891,18.1599998474121,17.1000003814697,1832.66003417969
2016-09-24 12:00:00,13.1599998474121,12.9770494493753,191.7700042724609,18.2199993133545,17.1000003814697,1838.60998535156
2016-09-24 12:10:00,13.3599996566772,13.173666035954684,186.520004272461,18.2600002288818,17.1100006103516,2008.81994628906
2016-09-24 12:20:00,13.4200000762939,13.231467610311858,187.46000671386696,18.3500003814697,17.1100006103516,1902.10998535156
2016-09-24 12:30:00,14.5900001525879,14.38733448134461,191.320007324219,18.2099990844727,17.1100006103516,1813.15002441406
2016-09-24 12:40:00,14.5600004196167,14.358079980213434,191.58000183105497,18.1900005340576,17.1000003814697,1799.78002929688
2016-09-24 12:50:00,14.0299997329712,13.83289761431645,192.399993896484,18.3500003814697,17.1000003814697,1805.56994628906
2016-09-24 13:00:00,15.1000003814697,14.879703470925964,201.690002441406,18.8299999237061,17.1000003814697,1811.83996582031
2016-09-24 13:10:00,16.6100006103516,16.364498644328616,201.139999389648,19.0,17.1100006103516,1814.27001953125
2016-09-24 13:20:00,15.6899995803833,15.4575664796911,193.279998779297,19.0300006866455,17.0900001525879,1810.4599609375
2016-09-24 13:30:00,14.1800003051758,13.965954346412378,192.6100006103519,19.2800006866455,17.0499992370605,1784.76000976563
2016-09-24 13:40:00,15.75,15.508896918586892,201.470001220703,19.4699993133545,17.1100006103516,1792.25
2016-09-24 13:50:00,15.9799995422363,15.738065214540278,195.3500061035159,19.3199996948242,17.1000003814697,1791.85998535156
2016-09-24 14:00:00,15.5500001907349,15.31684569287262,193.38999938964795,19.1900005340576,17.1100006103516,1803.44995117188
2016-09-24 14:10:00,14.5,14.28340343575405,192.5299987792969,19.1399993896484,17.1000003814697,1939.94995117188
2016-09-24 14:20:00,13.6800003051758,13.475959995314204,192.720001220703,19.1200008392334,17.1100006103516,1982.5400390625
2016-09-24 14:30:00,12.9799995422363,12.788004429062047,180.99999999999991,19.0100002288818,17.0499992370605,1914.0400390625
2016-09-24 14:40:00,12.9399995803833,12.748741589980764,181.210006713867,19.0,17.1000003814697,1889.22998046875
2016-09-24 14:50:00,12.1199998855591,11.942497148522689,183.300003051758,18.8799991607666,17.1000003814697,1832.56994628906
2016-09-24 15:00:00,11.4399995803833,11.271812467135945,180.630004882813,18.9300003051758,17.1000003814697,1601.25
2016-09-24 15:10:00,12.4099998474121,12.226854470878948,184.300003051758,18.9799995422363,17.1000003814697,1852.16003417969
2016-09-24 15:20:00,12.210000038147,12.029119971593865,183.690002441406,19.0300006866455,17.1100006103516,1746.93005371094
2016-09-24 15:30:00,13.210000038147,13.01668232250098,198.47999572753895,18.8700008392334,17.1000003814697,1973.63000488281
2016-09-24 15:40:00,11.6199998855591,11.447207205996504,189.91000366210895,19.0799999237061,17.1000003814697,1708.88000488281
2016-09-24 15:50:00,12.5500001907349,12.364365461001936,189.190002441406,19.0100002288818,17.1100006103516,1901.05004882813
2016-09-24 16:00:00,12.8400001525879,12.652963748583048,183.509994506836,18.8099994659424,17.1000003814697,1903.64001464844
2016-09-24 16:10:00,11.6300001144409,11.461636378346473,179.83000183105503,18.7299995422363,17.1000003814697,1711.13000488281
2016-09-24 16:20:00,11.0200004577637,10.860839585755372,175.82000732421898,18.7000007629395,17.1000003814697,1580.51000976563
2016-09-24 16:30:00,12.25,12.074315634777255,174.32000732421898,18.6100006103516,17.1100006103516,1829.58996582031
2016-09-24 16:40:00,12.6199998855591,12.438298655943196,174.85000610351597,18.6599998474121,17.1000003814697,1850.2900390625
2016-09-24 16:50:00,11.1400003433228,10.98036058189829,169.71000671386696,18.6000003814697,17.1000003814697,1593.67004394531
2016-09-24 17:00:00,11.1700000762939,11.010811088999056,168.57000732421898,18.5300006866455,17.1000003814697,1635.01000976563
2016-09-24 17:10:00,11.3699998855591,11.208344896309416,160.91999816894497,18.5,17.1000003814697,1621.0
2016-09-24 17:20:00,9.78999996185303,9.649706136889824,160.66000366210903,18.6000003814697,17.0599994659424,1192.92004394531
2016-09-24 17:30:00,10.0500001907349,9.905301505405577,164.58999633789097,18.6599998474121,17.0699996948242,1290.83996582031
2016-09-24 17:40:00,9.51000022888184,9.375433076473284,169.28999328613304,18.4400005340576,17.0400009155273,1160.4599609375
2016-09-24 17:50:00,10.2200002670288,10.077114817203473,169.470001220703,18.2900009155273,17.0799999237061,1343.89001464844
2016-09-24 18:00:00,10.6099996566772,10.46166163965368,171.47999572753906,18.2900009155273,17.1000003814697,1439.55004882813
2016-09-24 18:10:00,10.460000038147,10.31281562820537,168.80999755859398,18.3700008392334,17.1000003814697,1407.90002441406
2016-09-24 18:20:00,10.8800001144409,10.728991758193114,165.36000061035202,18.2000007629395,17.1000003814697,1550.81994628906
2016-09-24 18:30:00,10.2200002670288,10.07872894146355,173.220001220703,18.1499996185303,17.1000003814697,1371.01000976563
2016-09-24 18:40:00,9.97999954223633,9.842383628604216,172.14999389648403,18.1200008392334,17.0699996948242,1323.47998046875
2016-09-24 18:50:00,10.0100002288818,9.870615300946923,171.99000549316406,18.2399997711182,17.0400009155273,1327.03002929688
2016-09-24 19:00:00,10.3400001525879,10.197303450819945,172.80000305175804,18.1299991607666,17.1000003814697,1388.93005371094
2016-09-24 19:10:00,10.1499996185303,10.010612404801275,175.00999450683594,18.0699996948242,17.1000003814697,1361.89001464844
2016-09-24 19:20:00,9.89999961853027,9.763710322149484,173.61999511718795,18.1000003814697,17.0300006866455,1282.07995605469
2016-09-24 19:30:00,9.35000038146973,9.22012210294898,161.52000427246094,18.2099990844727,16.9099998474121,1042.84997558594
2016-09-24 19:40:00,10.4300003051758,10.286650173978996,172.50999450683594,18.0799999237061,17.0900001525879,1387.53002929688
2016-09-24 19:50:00,11.0100002288818,10.860792240128257,170.32000732421898,17.9099998474121,17.1000003814697,1542.76000976563
2016-09-24 20:00:00,9.90999984741211,9.77513940727832,167.529998779297,17.9599990844727,17.0499992370605,1206.72998046875
2016-09-24 20:10:00,9.44999980926514,9.3199054785146,152.72999572753906,18.1000003814697,16.8899993896484,1091.71997070313
2016-09-24 20:20:00,8.52999973297119,8.413437382614438,165.52000427246094,18.0100002288818,16.6599998474121,917.450012207031
2016-09-24 20:30:00,8.17000007629395,8.059279889721898,162.11000061035202,17.9099998474121,15.6499996185303,722.619995117188
2016-09-24 20:40:00,7.73999977111816,7.629867747615989,160.58999633789108,18.5100002288818,15.1199998855591,643.940002441406
2016-09-24 20:50:00,7.53000020980835,7.420567133319667,158.91000366210892,18.7800006866455,14.3699998855591,535.840026855469
2016-09-24 21:00:00,7.90999984741211,7.7954003213279774,139.53999328613304,18.7399997711182,15.2600002288818,659.580017089844
2016-09-24 21:10:00,7.42000007629395,7.317182037389755,163.80999755859398,18.1800003051758,14.2299995422363,529.099975585938
2016-09-24 21:20:00,7.90000009536743,7.793028211838217,171.78999328613304,17.8999996185303,15.0900001525879,645.789978027344
2016-09-24 21:30:00,8.01000022888184,7.901538861640164,172.24000549316406,17.8999996185303,15.5799999237061,711.900024414063
2016-09-24 21:40:00,7.69000005722046,7.584655798100738,167.82000732421898,18.0400009155273,14.9700002670288,621.299987792969
2016-09-24 21:50:00,9.32999992370605,9.19871593436398,182.9299926757809,18.3700008392334,16.9500007629395,1108.92004394531
2016-09-24 22:00:00,9.30000019073486,9.174806858951657,194.509994506836,17.8299999237061,16.9500007629395,1142.22998046875
2016-09-24 22:10:00,8.52000045776367,8.411671797669815,193.9199981689449,17.1700000762939,16.5,887.369995117188
2016-09-24 22:20:00,6.82999992370605,6.745483256169869,212.240005493164,16.8700008392334,13.2200002670288,412.190002441406
2016-09-24 22:30:00,7.51999998092651,7.425750357024479,199.7100067138669,17.0100002288818,14.9899997711182,625.409973144531
2016-09-24 22:40:00,7.71000003814697,7.610834413567376,194.82000732421895,17.2999992370605,15.210000038147,646.010009765625
2016-09-24 22:50:00,7.25,7.15576552812313,193.22999572753892,17.4200000762939,14.289999961853,527.280029296875
2016-09-24 23:00:00,7.63000011444092,7.532641557960185,187.380004882813,17.2099990844727,14.75,587.77001953125
2016-09-24 23:10:00,8.02999973297119,7.934922588146145,196.309997558594,16.3999996185303,15.6800003051758,724.049987792969
2016-09-24 23:20:00,8.73999977111816,8.640695929351828,197.22999572753892,15.9799995422363,16.5300006866455,884.159973144531
2016-09-24 23:30:00,7.55000019073486,7.463528816883046,191.389999389648,16.0599994659424,14.8400001525879,600.609985351563
2016-09-24 23:40:00,8.52000045776367,8.41757140745964,198.759994506836,16.5599994659424,16.5499992370605,975.880004882813
2016-09-24 23:50:00,9.98999977111816,9.872738763173787,194.220001220703,16.3099994659424,17.1000003814697,1360.63000488281
2016-09-25 00:00:00,9.05000019073486,8.949134840317974,175.16999816894497,15.789999961853,16.5200004577637,995.450012207031
2016-09-25 00:10:00,7.40999984741211,7.325891913239963,173.92999267578102,15.9700002670288,14.2399997711182,525.260009765625
2016-09-25 00:20:00,6.90999984741211,6.828891382390362,163.19000244140602,16.3099994659424,13.2799997329712,420.179992675781
2016-09-25 00:30:00,6.69000005722046,6.608507275534184,160.529998779297,16.7000007629395,12.8500003814697,372.609985351563
2016-09-25 00:40:00,7.11999988555908,7.032541347745142,165.5,16.7900009155273,13.8599996566772,477.040008544922
2016-09-25 00:50:00,7.82000017166138,7.723676809672187,159.529998779297,16.8199996948242,14.8900003433228,606.299987792969
2016-09-25 01:00:00,8.46000003814697,8.361660938615776,159.75,16.2099990844727,16.2000007629395,810.080017089844
2016-09-25 01:10:00,7.6399998664856,7.555372463983041,164.38999938964798,15.7299995422363,14.8599996566772,614.909973144531
2016-09-25 01:20:00,7.84999990463257,7.762777639135622,185.80999755859395,15.7600002288818,15.5799999237061,704.619995117188
2016-09-25 01:30:00,9.35999965667725,9.250453062834634,169.55999755859398,16.2800006866455,16.9699993133545,1105.59997558594
2016-09-25 01:40:00,9.89000034332275,9.776728569087366,182.41999816894497,16.0599994659424,17.0900001525879,1340.05004882813
2016-09-25 01:50:00,10.289999961853,10.175666570828795,184.179992675781,15.7600002288818,17.1000003814697,1463.10998535156
2016-09-25 02:00:00,10.5299997329712,10.412879535273918,190.190002441406,15.7700004577637,17.1000003814697,1504.7900390625
2016-09-25 02:10:00,10.4899997711182,10.371290733869415,179.16999816894497,15.9399995803833,17.1000003814697,1448.88000488281
2016-09-25 02:20:00,10.8400001525879,10.71794831010204,188.7700042724609,15.8900003433228,17.1000003814697,1552.93994140625
2016-09-25 02:30:00,9.80000019073486,9.690552245024062,194.149993896484,15.8100004196167,17.1000003814697,1300.60998535156
2016-09-25 02:40:00,9.01000022888184,8.909272361812743,193.22999572753892,15.8199996948242,17.0200004577637,1065.07995605469
2016-09-25 02:50:00,8.5,8.404585935902011,190.4499969482419,15.8599996566772,16.6499996185303,903.150024414063
2016-09-25 03:00:00,8.89000034332275,8.791831178675256,201.880004882813,15.6999998092651,16.7399997711182,979.219970703125
2016-09-25 03:10:00,8.88000011444092,8.780219210216897,183.139999389648,15.8699998855591,16.8700008392334,960.909973144531
2016-09-25 03:20:00,8.6899995803833,8.58621835798855,190.360000610352,16.4899997711182,16.4899997711182,989.010009765625
2016-09-25 03:30:00,7.28999996185303,7.201115612306573,186.16000366210895,16.7099990844727,14.539999961853,556.909973144531
2016-09-25 03:40:00,8.0600004196167,7.964751450097284,181.3399963378909,16.3799991607666,15.5699996948242,715.969970703125
2016-09-25 03:50:00,7.44999980926514,7.367477015610604,193.83000183105497,15.7299995422363,15.210000038147,649.119995117188
2016-09-25 04:00:00,7.88000011444092,7.796494498871168,208.5,15.3100004196167,15.6300001144409,715.409973144531
2016-09-25 04:10:00,9.59000015258789,9.48421058656178,196.550003051758,15.6899995803833,16.9699993133545,1211.38000488281
2016-09-25 04:20:00,10.4499998092651,10.336274309335309,195.33999633789097,15.5600004196167,17.1000003814697,1437.7099609375
2016-09-25 04:30:00,8.81999969482422,8.729661054460621,197.89999389648392,15.0,16.6900005340576,956.239990234375
2016-09-25 04:40:00,8.88000011444092,8.788945249083616,196.529998779297,15.0100002288818,16.6499996185303,1011.84002685547
2016-09-25 04:50:00,10.3100004196167,10.204282436740185,195.0899963378909,15.0100002288818,17.0599994659424,1443.59997558594
2016-09-25 05:00:00,10.1599998474121,10.056517994193747,182.309997558594,14.9499998092651,17.1000003814697,1402.10998535156
2016-09-25 05:10:00,9.68000030517578,9.581739946227293,188.610000610352,14.9200000762939,17.0900001525879,1338.80004882813
2016-09-25 05:20:00,10.3100004196167,10.205345015685676,187.809997558594,14.9200000762939,17.1000003814697,1481.51000976563
2016-09-25 05:30:00,9.71000003814697,9.613994501840589,187.49000549316395,14.6899995803833,17.0799999237061,1270.96997070313
2016-09-25 05:40:00,7.80000019073486,7.722253418623709,189.96000671386696,14.7600002288818,15.6599998474121,734.510009765625
2016-09-25 05:50:00,8.53999996185303,8.450379159864877,188.82000732421892,15.2200002670288,16.7099990844727,936.609985351563
2016-09-25 06:00:00,8.60999965667725,8.51620023654664,180.88000488281295,15.5699996948242,16.8600006103516,973.97998046875
2016-09-25 06:10:00,8.55000019073486,8.464875774745169,185.66999816894491,14.75,16.7199993133545,925.22998046875
2016-09-25 06:20:00,8.61999988555908,8.535562332931988,199.91000366210895,14.6099996566772,16.9200000762939,990.960021972656
2016-09-25 06:30:00,8.71000003814697,8.624780786459876,188.36999511718795,14.6000003814697,16.7000007629395,928.5
2016-09-25 06:40:00,8.84000015258789,8.755334967401447,191.940002441406,14.4200000762939,16.7299995422363,978.609985351563
2016-09-25 06:50:00,7.78999996185303,7.71083551274747,198.199996948242,14.9300003051758,15.7700004577637,729.929992675781
2016-09-25 07:00:00,7.09000015258789,7.014542078211187,202.860000610352,15.3500003814697,14.1000003814697,510.049987792969
2016-09-25 07:10:00,6.53999996185303,6.469125072329963,193.289993286133,15.5200004577637,13.1199998855591,397.029998779297
2016-09-25 07:20:00,6.30000019073486,6.231438402761059,194.28999328613293,15.5600004196167,12.4499998092651,333.579986572266
2016-09-25 07:30:00,5.90000009536743,5.839704596729591,196.1399993896479,14.9799995422363,11.5600004196167,255.110000610352
2016-09-25 07:40:00,6.05000019073486,5.989696604247746,202.72999572753892,14.7600002288818,12.1499996185303,307.299987792969
2016-09-25 07:50:00,7.01000022888184,6.937237596579757,215.78999328613295,15.1199998855591,13.8699998855591,489.600006103516
2016-09-25 08:00:00,6.01999998092651,5.955379381114939,230.71000671386696,15.4300003051758,11.8000001907349,279.019989013672
2016-09-25 08:10:00,7.1100001335144,7.033029287492663,197.869995117188,15.5100002288818,13.5600004196167,450.130004882813
2016-09-25 08:20:00,6.55999994277954,6.488009415138077,210.800003051758,15.6400003433228,13.2799997329712,421.309997558594
2016-09-25 08:30:00,7.98999977111816,7.906790634899569,211.789993286133,15.1499996185303,15.6099996566772,751.989990234375
2016-09-25 08:40:00,7.98999977111816,7.912741784551043,204.889999389648,14.5,15.3999996185303,735.090026855469
2016-09-25 08:50:00,7.42999982833862,7.359436122644799,223.860000610352,14.3500003814697,14.9099998474121,629.580017089844
2016-09-25 09:00:00,6.92999982833862,6.8597337265605,206.0299987792969,14.9099998474121,13.2700004577637,427.059997558594
2016-09-25 09:10:00,6.38000011444092,6.311806797549918,212.059997558594,15.3900003433228,12.6800003051758,358.049987792969
2016-09-25 09:20:00,6.28999996185303,6.220757060535888,241.52999877929693,15.6700000762939,12.3299999237061,323.5
2016-09-25 09:30:00,5.75,5.686111078636895,237.729995727539,15.7600002288818,11.3100004196167,191.520004272461
2016-09-25 09:40:00,6.0,5.931896408174809,229.059997558594,15.9700002670288,11.8900003433228,274.450012207031
2016-09-25 09:50:00,6.96999979019165,6.8953408903338085,242.869995117188,15.4099998474121,12.9799995422363,399.079986572266
2016-09-25 10:00:00,6.94000005722046,6.868202277041735,224.5899963378909,15.0900001525879,13.1000003814697,405.010009765625
2016-09-25 10:10:00,6.55000019073486,6.478493312251128,213.119995117188,15.5900001525879,12.6300001144409,353.679992675781
2016-09-25 10:20:00,7.07000017166138,6.990154417888501,210.97999572753895,15.9200000762939,13.8400001525879,499.529998779297
2016-09-25 10:30:00,5.98000001907349,5.910488457085244,188.41999816894491,16.2099990844727,11.5900001525879,238.020004272461
2016-09-25 10:40:00,6.07999992370605,6.007181494004288,210.2299957275389,16.5200004577637,12.2299995422363,293.5
2016-09-25 10:50:00,5.69999980926514,5.631084616457643,202.33000183105491,16.6200008392334,11.1300001144409,198.679992675781
2016-09-25 11:00:00,6.32000017166138,6.245745102866524,214.38000488281293,16.3199996948242,11.7799997329712,263.5
2016-09-25 11:10:00,6.11999988555908,6.0480946640110815,182.100006103516,16.3199996948242,11.6899995803833,246.279998779297
2016-09-25 11:20:00,7.21999979019165,7.130657135917093,191.99000549316392,16.8700008392334,13.1199998855591,409.149993896484
2016-09-25 11:30:00,6.76999998092651,6.686072094899541,200.169998168945,16.8899993896484,13.0500001907349,396.850006103516
2016-09-25 11:40:00,8.03999996185303,7.940692895954322,219.91999816894497,16.8500003814697,15.4399995803833,698.219970703125
2016-09-25 11:50:00,6.57999992370605,6.500519971118752,226.820007324219,16.6100006103516,12.4700002670288,331.929992675781
2016-09-25 12:00:00,8.94999980926514,8.847290071737394,187.690002441406,16.0799999237061,15.2200002670288,908.549987792969
2016-09-25 12:10:00,9.57999992370605,9.475195533992231,221.24000549316392,15.6099996566772,17.0900001525879,1243.77001953125
2016-09-25 12:20:00,10.5600004196167,10.440138093241462,213.360000610352,15.9700002670288,16.4799995422363,1337.0
2016-09-25 12:30:00,10.5299997329712,10.411678462555232,198.72999572753892,15.8699998855591,17.0900001525879,1433.68994140625
2016-09-25 12:40:00,9.86999988555908,9.761121576074457,205.49000549316403,15.6899995803833,17.0499992370605,1283.46997070313
2016-09-25 12:50:00,10.0,9.890943385384444,205.33000183105497,15.5799999237061,17.0799999237061,1317.0400390625
2016-09-25 13:00:00,10.8599996566772,10.741068185909027,208.92999267578097,15.6199998855591,16.8199996948242,1525.78002929688
2016-09-25 13:10:00,10.1999998092651,10.088179765174337,226.610000610352,15.6300001144409,16.9799995422363,1329.7900390625
2016-09-25 13:20:00,10.3999996185303,10.282783340307434,186.779998779297,15.8999996185303,16.9099998474121,1267.67004394531
2016-09-25 13:30:00,11.5100002288818,11.378436608623453,215.889999389648,16.0400009155273,16.9599990844727,1641.92004394531
2016-09-25 13:40:00,11.0699996948242,10.94270872145206,209.809997558594,16.1000003814697,17.0799999237061,1534.09997558594
2016-09-25 13:50:00,9.8100004196167,9.696974344859273,210.22000122070293,16.1200008392334,16.7800006866455,1186.68994140625
2016-09-25 14:00:00,11.3500003814697,11.219101915395523,210.880004882813,16.1299991607666,17.0799999237061,1689.90002441406
2016-09-25 14:10:00,10.6400003433228,10.513173027959994,214.470001220703,16.4699993133545,17.0599994659424,1456.48999023438
2016-09-25 14:20:00,11.8199996948242,11.680451428710628,214.800003051758,16.3700008392334,17.1000003814697,1743.7099609375
2016-09-25 14:30:00,10.6499996185303,10.52317423210024,234.67999267578097,16.4599990844727,17.0499992370605,1481.97998046875
2016-09-25 14:40:00,10.3900003433228,10.26284673123318,211.42999267578097,16.75,16.9599990844727,1340.19995117188
2016-09-25 14:50:00,12.3400001525879,12.193751179756228,199.69000244140597,16.4099998474121,17.1000003814697,1869.40002441406
2016-09-25 15:00:00,11.25,11.120511096282948,219.91999816894497,16.1100006103516,17.0900001525879,1639.5
2016-09-25 15:10:00,9.8100004196167,9.694963863159543,202.4400024414059,16.2999992370605,16.7099990844727,1176.46997070313
2016-09-25 15:20:00,12.3199996948242,12.17679193232412,218.58999633789097,16.2099990844727,17.1000003814697,1879.23999023438
2016-09-25 15:30:00,10.8400001525879,10.716712562387482,209.809997558594,15.9899997711182,17.0799999237061,1482.64001464844
2016-09-25 15:40:00,11.0200004577637,10.894665653213828,206.210006713867,15.9899997711182,17.0300006866455,1507.59997558594
2016-09-25 15:50:00,10.5900001525879,10.46726365307803,205.77999877929705,16.1800003051758,17.0200004577637,1419.56994628906
2016-09-25 16:00:00,12.1000003814697,11.966246216822164,209.7799987792969,15.710000038147,17.0300006866455,1828.93994140625
2016-09-25 16:10:00,9.63000011444092,9.527619192131557,209.69999694824196,15.3400001525879,16.7000007629395,1075.83996582031
2016-09-25 16:20:00,11.1800003051758,11.062546844506835,208.4299926757809,15.2299995422363,16.8299999237061,1450.66003417969
2016-09-25 16:30:00,9.98999977111816,9.889851624992804,201.3600006103519,14.8100004196167,17.0499992370605,1326.92004394531
2016-09-25 16:40:00,9.65999984741211,9.56592900288284,200.91999816894491,14.5600004196167,17.0400009155273,1251.43005371094
2016-09-25 16:50:00,10.2600002288818,10.16091059711903,204.759994506836,14.4899997711182,17.0900001525879,1459.25
2016-09-25 17:00:00,10.7299995422363,10.628588238728062,206.0899963378909,14.3100004196167,17.1000003814697,1522.86999511719
2016-09-25 17:10:00,11.25,11.152345289392606,207.300003051758,13.6400003433228,17.1000003814697,1693.71997070313
2016-09-25 17:20:00,10.1300001144409,10.04475342802188,206.27999877929696,13.4099998474121,17.0699996948242,1400.82995605469
2016-09-25 17:30:00,8.51000022888184,8.437208721274896,192.809997558594,13.5299997329712,16.5699996948242,896.320007324219
2016-09-25 17:40:00,8.71000003814697,8.638109986220053,200.80000305175804,13.2700004577637,16.8299999237061,1024.38000488281
2016-09-25 17:50:00,10.0200004577637,9.941696579489747,195.449996948242,12.8900003433228,17.1000003814697,1399.5
2016-09-25 18:00:00,9.5600004196167,9.483744341692033,193.16000366210895,13.0299997329712,17.0799999237061,1215.93994140625
2016-09-25 18:10:00,7.80999994277954,7.745087604692651,192.830001831055,13.3199996948242,15.5799999237061,712.070007324219
2016-09-25 18:20:00,7.44000005722046,7.373275891294157,207.729995727539,13.8900003433228,15.3299999237061,676.929992675781
2016-09-25 18:30:00,7.40000009536743,7.332698100343377,171.25,14.0,14.3699998855591,549.119995117188
2016-09-25 18:40:00,6.30999994277954,6.251377936308716,186.2100067138669,14.1700000762939,12.8900003433228,381.839996337891
2016-09-25 18:50:00,7.26999998092651,7.208485580655663,188.740005493164,13.4499998092651,14.5299997329712,569.849975585938
2016-09-25 19:00:00,6.05000019073486,6.001671992993234,178.47999572753906,13.039999961853,11.7299995422363,272.239990234375
2016-09-25 19:10:00,6.69999980926514,6.6450864700720205,197.57000732421892,13.2200002670288,13.0500001907349,399.299987792969
2016-09-25 19:20:00,7.94000005722046,7.872633389219816,217.0200042724609,13.4700002670288,15.8999996185303,774.989990234375
2016-09-25 19:30:00,8.44999980926514,8.379378163770998,211.470001220703,13.3599996566772,16.3299999237061,899.72998046875
2016-09-25 19:40:00,8.84000015258789,8.77593175758904,212.4499969482419,12.3999996185303,16.8099994659424,997.859985351563
2016-09-25 19:50:00,9.11999988555908,9.056545960856871,213.88000488281293,12.1499996185303,17.0200004577637,1130.89001464844
2016-09-25 20:00:00,8.44999980926514,8.392188141491667,203.139999389648,12.0500001907349,16.4599990844727,864.080017089844
2016-09-25 20:10:00,7.73999977111816,7.687494925947785,201.490005493164,12.0,15.1199998855591,659.130004882813
2016-09-25 20:20:00,6.51000022888184,6.461687386376746,213.080001831055,12.5500001907349,13.4200000762939,437.820007324219
2016-09-25 20:30:00,6.86999988555908,6.816948081951681,220.4100036621089,12.8100004196167,13.960000038147,496.700012207031
2016-09-25 20:40:00,6.21000003814697,6.161542196239943,203.869995117188,12.8800001144409,11.9200000762939,288.950012207031
2016-09-25 20:50:00,6.03000020980835,5.983156126453714,197.83000183105491,12.8500003814697,12.039999961853,302.529998779297
2016-09-25 21:00:00,6.53999996185303,6.494117465277506,210.5899963378909,12.1999998092651,13.3400001525879,427.070007324219
2016-09-25 21:10:00,6.44000005722046,6.398184230309751,207.02999877929693,11.75,13.3400001525879,425.510009765625
2016-09-25 21:20:00,5.92999982833862,5.888603262427035,208.690002441406,12.1700000762939,12.4099998474121,333.239990234375
2016-09-25 21:30:00,5.44999980926514,5.41024801969076,205.25999450683597,12.4399995803833,11.4799995422363,251.990005493164
2016-09-25 21:40:00,5.32000017166138,5.281011673696767,195.690002441406,12.4700002670288,10.8999996185303,198.770004272461
2016-09-25 21:50:00,5.34999990463257,5.310915516681502,195.699996948242,12.4499998092651,10.9899997711182,203.070007324219
2016-09-25 22:00:00,5.73000001907349,5.691063623918102,201.75,12.0100002288818,11.8100004196167,280.239990234375
2016-09-25 22:10:00,6.17000007629395,6.132952615909064,213.0,11.3299999237061,12.4399995803833,338.010009765625
2016-09-25 22:20:00,5.59000015258789,5.554873600703017,208.800003051758,11.5699996948242,11.7200002670288,273.549987792969
2016-09-25 22:30:00,4.90999984741211,4.876863542760598,208.24000549316395,11.9700002670288,10.8199996948242,161.580001831055
2016-09-25 22:40:00,4.15999984741211,4.13149043088337,201.46000671386693,12.0600004196167,10.8100004196167,61.9099998474121
2016-09-25 22:50:00,3.99000000953674,3.9625630213889536,193.9400024414059,12.0799999237061,10.8100004196167,28.4899997711182
2016-09-25 23:00:00,3.94000005722046,3.912952620855599,177.67999267578102,12.0699996948242,6.96999979019165,14.8999996185303
2016-09-25 23:10:00,4.25,4.221120474893619,203.5200042724609,12.0100002288818,10.8299999237061,46.5099983215332
2016-09-25 23:20:00,5.34999990463257,5.315137227876785,218.600006103516,11.7700004577637,11.1499996185303,180.289993286133
2016-09-25 23:30:00,5.78999996185303,5.756313568617507,210.479995727539,11.1700000762939,11.7700004577637,277.670013427734
2016-09-25 23:40:00,5.15999984741211,5.13039988375738,190.4400024414059,11.1000003814697,10.8299999237061,141.529998779297
2016-09-25 23:50:00,5.65000009536743,5.615614390644792,176.88000488281295,11.3999996185303,11.3299999237061,237.580001831055
2016-09-26 00:00:00,6.03000020980835,5.992810457928702,220.49000549316395,11.4700002670288,11.8999996185303,288.820007324219
2016-09-26 00:10:00,6.01999998092651,5.9825916573886735,199.149993896484,11.5100002288818,12.1800003051758,313.730010986328
2016-09-26 00:20:00,6.80999994277954,6.767365588847777,188.5099945068359,11.5500001907349,13.4899997711182,444.119995117188
2016-09-26 00:30:00,6.42000007629395,6.380106149262745,192.490005493164,11.5100002288818,13.3299999237061,425.149993896484
2016-09-26 00:40:00,5.82000017166138,5.786953496620471,214.850006103516,11.0500001907349,11.9200000762939,290.329986572266
2016-09-26 00:50:00,5.76000022888184,5.731465123965277,203.88000488281293,10.4300003051758,11.710000038147,273.899993896484
2016-09-26 01:00:00,5.78000020980835,5.750284764092943,207.0200042724609,10.5900001525879,11.8199996948242,283.579986572266
2016-09-26 01:10:00,6.51000022888184,6.47402292551806,226.059997558594,10.9200000762939,13.6000003814697,458.470001220703
2016-09-26 01:20:00,6.98999977111816,6.949820654001652,214.339996337891,11.1099996566772,14.0900001525879,512.190002441406
2016-09-26 01:30:00,6.57999992370605,6.540797215136019,202.13000488281293,11.289999961853,13.2399997711182,416.5
2016-09-26 01:40:00,6.26999998092651,6.2341056907069,210.179992675781,11.0900001525879,12.8699998855591,378.609985351563
2016-09-26 01:50:00,6.23999977111816,6.208721868911112,200.100006103516,10.4799995422363,12.0299997329712,300.910003662109
2016-09-26 02:00:00,5.8600001335144,5.830147381027927,202.61000061035196,10.5500001907349,11.6300001144409,267.799987792969
2016-09-26 02:10:00,4.86999988555908,4.842972339161202,197.7700042724609,10.9399995803833,10.8199996948242,120.470001220703
2016-09-26 02:20:00,4.26999998092651,4.245804197178121,173.52000427246094,11.039999961853,10.8100004196167,27.6499996185303
2016-09-26 02:30:00,4.19000005722046,4.166844158932762,150.58999633789097,10.9200000762939,10.8100004196167,39.7700004577637
2016-09-26 02:40:00,3.83999991416931,3.8195403596701216,208.300003051758,10.75,10.8100004196167,10.5900001525879
2016-09-26 02:50:00,4.30999994277954,4.287892261841106,179.16999816894497,10.5799999237061,10.8100004196167,59.5099983215332
2016-09-26 03:00:00,4.92999982833862,4.909214680181262,188.059997558594,9.80000019073486,10.8100004196167,149.990005493164
2016-09-26 03:10:00,4.55999994277954,4.541416834289026,171.75,9.68000030517578,10.8100004196167,72.2600021362305
2016-09-26 03:20:00,4.28999996185303,4.27025362418932,154.19999694824196,10.1300001144409,10.8100004196167,53.1199989318848
2016-09-26 03:30:00,3.96000003814697,3.9409844612028486,202.869995117188,10.3000001907349,10.8100004196167,23.2900009155273
2016-09-26 03:40:00,3.02999997138977,3.015379256686065,184.119995117188,10.3199996948242,5.21000003814697,1.33000004291534
2016-09-26 03:50:00,3.22000002861023,3.2048771043111226,147.35000610351597,10.210000038147,1.17999994754791,-1.63999998569489
2016-09-26 04:00:00,2.6800000667572,2.667978335939841,177.97999572753906,10.0299997329712,1.08000004291534,-1.14999997615814
2016-09-26 04:10:00,2.25,2.240038975839025,201.850006103516,9.97999954223633,0.75,-2.48000001907349
2016-09-26 04:20:00,2.59999990463257,2.5890991685780937,123.90000152587902,9.77999973297119,0.560000002384186,-2.19000005722046
2016-09-26 04:30:00,3.29999995231628,3.286629123817336,194.58000183105497,9.65999984741211,1.4099999666214,-1.41999995708466
2016-09-26 04:40:00,3.67000007629395,3.6545702104960127,192.30999755859395,9.78999996185303,9.22000026702881,15.4099998474121
2016-09-26 04:50:00,4.32999992370605,4.310982752061755,195.72999572753895,9.94999980926514,10.8100004196167,89.1999969482422
2016-09-26 05:00:00,3.91000008583069,3.8921860450872714,187.440002441406,10.0900001525879,10.8100004196167,39.6599998474121
2016-09-26 05:10:00,4.23999977111816,4.220831268566058,164.30000305175804,10.0600004196167,10.8100004196167,58.7000007629395
2016-09-26 05:20:00,4.1399998664856,4.121477496146615,176.41000366210903,10.0200004577637,10.8100004196167,70.6699981689453
2016-09-26 05:30:00,5.07999992370605,5.056914854439871,202.91999816894491,10.0799999237061,10.8299999237061,154.559997558594
2016-09-26 05:40:00,5.57000017166138,5.544035988593843,182.35000610351588,10.1800003051758,11.1899995803833,228.199996948242
2016-09-26 05:50:00,6.59999990463257,6.573878168369374,187.0,9.57999992370605,12.5200004577637,353.260009765625
2016-09-26 06:00:00,7.15000009536743,7.122205394864819,186.57000732421895,9.52000045776367,14.0500001907349,511.450012207031
2016-09-26 06:10:00,5.92000007629395,5.893375239384354,194.58000183105497,10.039999961853,12.0200004577637,300.459991455078
2016-09-26 06:20:00,5.48000001907349,5.453300784100702,164.82000732421898,10.3599996566772,10.9899997711182,201.850006103516
2016-09-26 06:30:00,4.76000022888184,4.73630779481686,161.66000366210903,10.4499998092651,10.8800001144409,118.709999084473
2016-09-26 06:40:00,5.01000022888184,4.984419088131753,161.58999633789097,10.5600004196167,10.8100004196167,141.309997558594
2016-09-26 06:50:00,5.3600001335144,5.332819865905473,164.970001220703,10.5299997329712,10.8199996948242,184.770004272461
2016-09-26 07:00:00,5.46999979019165,5.444565808899164,145.49000549316395,10.1700000762939,10.8100004196167,159.039993286133
2016-09-26 07:10:00,4.90000009536743,4.876585420906057,181.470001220703,10.2799997329712,10.8100004196167,128.059997558594
2016-09-26 07:20:00,5.21999979019165,5.191821856953307,140.55999755859398,10.8100004196167,10.8100004196167,131.199996948242
2016-09-26 07:30:00,4.94999980926514,4.921604495548483,152.69000244140602,11.1000003814697,10.8100004196167,149.470001220703
2016-09-26 07:40:00,5.19999980926514,5.16883723435903,172.33000183105503,11.3199996948242,10.8100004196167,160.429992675781
2016-09-26 07:50:00,5.40999984741211,5.376193213773585,131.02000427246105,11.539999961853,10.8400001525879,170.059997558594
2016-09-26 08:00:00,4.90999984741211,4.878289759865214,150.71000671386696,11.7200002670288,10.8199996948242,140.330001831055
2016-09-26 08:10:00,5.09999990463257,5.06991191511225,170.07000732421898,11.2399997711182,10.8599996566772,132.490005493164
2016-09-26 08:20:00,5.92000007629395,5.886385589525371,153.38000488281295,11.0500001907349,11.3999996185303,242.440002441406
2016-09-26 08:30:00,5.6399998664856,5.604755982089039,144.94000244140602,11.539999961853,10.9200000762939,192.929992675781
2016-09-26 08:40:00,5.69999980926514,5.662260270548306,153.58999633789097,11.8599996566772,11.1400003433228,217.649993896484
2016-09-26 08:50:00,5.88000011444092,5.839020808505535,157.07000732421898,12.1599998474121,11.5900001525879,258.380004882813
2016-09-26 09:00:00,5.8600001335144,5.816307582463309,162.44999694824196,12.5799999237061,11.6000003814697,263.109985351563
2016-09-26 09:10:00,5.71999979019165,5.67602706767777,160.10000610351597,12.7799997329712,11.1499996185303,219.259994506836
2016-09-26 09:20:00,5.94000005722046,5.896674251603915,159.77000427246094,12.4399995803833,11.4799995422363,251.809997558594
2016-09-26 09:30:00,6.51999998092651,6.471461925927581,177.71000671386696,12.5699996948242,12.8299999237061,375.609985351563
2016-09-26 09:40:00,6.86999988555908,6.814089825190516,169.86999511718795,13.1700000762939,13.4300003051758,435.170013427734
2016-09-26 09:50:00,6.71000003814697,6.652759798268316,166.32000732421898,13.5100002288818,13.2399997711182,414.5
2016-09-26 10:00:00,6.73999977111816,6.681183146598304,171.11999511718795,13.6800003051758,12.9899997711182,391.209991455078
2016-09-26 10:10:00,6.13000011444092,6.074883337530295,180.77999877929696,13.9099998474121,12.3800001144409,328.769989013672
2016-09-26 10:20:00,6.65000009536743,6.591432692739992,188.759994506836,13.75,12.4899997711182,340.720001220703
2016-09-26 10:30:00,6.76000022888184,6.701476384796186,201.24000549316395,13.6199998855591,12.8000001907349,369.149993896484
2016-09-26 10:40:00,6.23000001907349,6.173410681201465,185.21000671386693,13.9899997711182,11.6000003814697,259.649993896484
2016-09-26 10:50:00,5.69000005722046,5.6358306832538405,189.979995727539,14.3699998855591,10.9899997711182,174.839996337891
2016-09-26 11:00:00,6.34999990463257,6.287506910058097,176.69000244140602,14.6499996185303,12.3199996948242,325.739990234375
2016-09-26 11:10:00,6.05000019073486,5.98865676509415,180.339996337891,14.9099998474121,11.9300003051758,288.010009765625
2016-09-26 11:20:00,5.94999980926514,5.889806637873607,185.1399993896479,14.8900003433228,11.9099998474121,283.589996337891
2016-09-26 11:30:00,5.8600001335144,5.803808651819439,182.029998779297,14.4300003051758,11.4099998474121,240.970001220703
2016-09-26 11:40:00,5.90999984741211,5.853261079654714,188.69000244140597,14.4399995803833,11.9200000762939,286.690002441406
2016-09-26 11:50:00,6.07000017166138,6.008732094744732,190.0,14.8699998855591,11.9300003051758,289.100006103516
2016-09-26 12:00:00,7.19999980926514,7.126913596105709,197.61000061035196,14.9200000762939,14.4200000762939,545.690002441406
2016-09-26 12:10:00,6.42999982833862,6.364803430999077,192.389999389648,14.9099998474121,12.1099996566772,321.690002441406
2016-09-26 12:20:00,5.84999990463257,5.790483355863689,205.789993286133,14.9399995803833,0.0199999995529652,-3.54999995231628
2016-09-26 12:30:00,5.88000011444092,5.819572396451854,179.00999450683594,15.0299997329712,8.38000011444092,179.779998779297
2016-09-26 12:40:00,5.3899998664856,5.334546089547192,181.13000488281293,15.039999961853,10.4499998092651,179.360000610352
2016-09-26 12:50:00,5.67000007629395,5.611925233269354,188.869995117188,15.0,0.0099999997764825,-0.910000026226044
2016-09-26 13:00:00,6.0,5.937034565066645,200.5200042724609,15.2200002670288,0.189999997615814,-1.10000002384186
2016-09-26 13:10:00,5.75,5.687949187920894,161.25999450683594,15.4799995422363,3.21000003814697,35.0
2016-09-26 13:20:00,5.3899998664856,5.331156804767022,169.86000061035202,15.5900001525879,6.05999994277954,79.5899963378906
2016-09-26 13:30:00,5.57000017166138,5.509637304824587,171.67999267578102,15.5200004577637,6.32000017166138,109.449996948242
2016-09-26 13:40:00,5.59000015258789,5.529356699892832,181.22000122070295,15.5299997329712,6.07000017166138,98.0400009155273
2016-09-26 13:50:00,6.15999984741211,6.092820974473,168.05000305175804,15.5799999237061,11.7700004577637,272.369995117188
2016-09-26 14:00:00,5.25,5.192325702122643,208.1000061035159,15.6499996185303,3.54999995231628,51.0999984741211
2016-09-26 14:10:00,6.11999988555908,6.052139513238419,176.14999389648403,15.7399997711182,11.3100004196167,276.130004882813
2016-09-26 14:20:00,5.75,5.685717511550032,185.36999511718795,15.8199996948242,11.8299999237061,278.149993896484
2016-09-26 14:30:00,6.01999998092651,5.952630344926535,177.88000488281307,15.8299999237061,6.6399998664856,109.930000305176
2016-09-26 14:40:00,5.17999982833862,5.1217352327466354,186.58999633789097,15.8800001144409,0.439999997615814,-2.72000002861023
2016-09-26 14:50:00,4.82999992370605,4.774461043071451,171.69999694824196,16.1000003814697,4.40000009536743,42.6699981689453
2016-09-26 15:00:00,5.30999994277954,5.249002161852996,177.970001220703,16.0900001525879,3.49000000953674,23.0799999237061
2016-09-26 15:10:00,4.28000020980835,4.231078201892491,180.070007324219,16.0400009155273,0.620000004768372,-2.00999999046326
2016-09-26 15:20:00,5.01999998092651,4.962161971868743,162.11000061035202,16.1200008392334,6.03999996185303,73.2799987792969
2016-09-26 15:30:00,4.6100001335144,4.5573061026806965,176.88000488281295,16.0400009155273,5.05999994277954,30.0900001525879
2016-09-26 15:40:00,4.23000001907349,4.18164953209385,175.16000366210903,16.0400009155273,10.0699996948242,51.4300003051758
2016-09-26 15:50:00,4.32999992370605,4.281098636669225,206.64999389648395,15.9200000762939,0.140000000596046,-1.69000005722046
2016-09-26 16:00:00,5.21999979019165,5.161582931902718,191.369995117188,15.8299999237061,0.0500000007450581,-1.21000003814697
2016-09-26 16:10:00,5.90000009536743,5.833771508628898,188.69999694824196,15.8599996566772,0.0099999997764825,-0.680000007152557
2016-09-26 16:20:00,4.40999984741211,4.361553438871397,170.78999328613304,15.6499996185303,3.77999997138977,20.6000003814697
2016-09-26 16:30:00,4.26999998092651,4.223920508510117,166.50999450683594,15.4799995422363,8.44999980926514,42.7999992370605
2016-09-26 16:40:00,4.82000017166138,4.768701451827617,161.58000183105503,15.3500003814697,10.8100004196167,101.970001220703
2016-09-26 16:50:00,4.84999990463257,4.7988809708449365,158.13999938964798,15.2600002288818,10.8100004196167,105.330001831055
2016-09-26 17:00:00,5.42000007629395,5.3637413801809615,154.94999694824196,15.1199998855591,10.8100004196167,160.830001831055
2016-09-26 17:10:00,5.05000019073486,4.997871007234401,167.5,15.0699996948242,10.8199996948242,157.080001831055
2016-09-26 17:20:00,5.05999994277954,5.008057144967343,164.36999511718795,15.0200004577637,10.8100004196167,156.279998779297
2016-09-26 17:30:00,6.23999977111816,6.181956369047464,157.10000610351608,14.1800003051758,11.7799997329712,276.700012207031
2016-09-26 17:40:00,6.26999998092651,6.214490490686432,161.779998779297,13.789999961853,11.9799995422363,292.769989013672
2016-09-26 17:50:00,5.67000007629395,5.617128390052903,163.44999694824196,14.1999998092651,11.1899995803833,223.929992675781
2016-09-26 18:00:00,6.15999984741211,6.10128529265974,130.71000671386696,14.3800001144409,11.4399995803833,248.279998779297
2016-09-26 18:10:00,5.1100001335144,5.060883078657362,148.94999694824196,14.4499998092651,10.8199996948242,175.190002441406
2016-09-26 18:20:00,4.6100001335144,4.565741972145482,154.44000244140602,14.4399995803833,10.8100004196167,130.529998779297
2016-09-26 18:30:00,5.15000009536743,5.102628502115251,158.13000488281295,14.0900001525879,10.8100004196167,183.410003662109
2016-09-26 18:40:00,5.34000015258789,5.29487784361415,150.5,13.4399995803833,10.8599996566772,200.350006103516
2016-09-26 18:50:00,5.57999992370605,5.532270593979984,161.77000427246094,13.5299997329712,11.3999996185303,245.380004882813
2016-09-26 19:00:00,5.46999979019165,5.420817285704104,171.28999328613304,13.9099998474121,11.1899995803833,216.649993896484
2016-09-26 19:10:00,4.55999994277954,4.518265129665099,168.91000366210903,14.0500001907349,10.8100004196167,113.529998779297
2016-09-26 19:20:00,4.23000001907349,4.190847770154201,170.33000183105503,14.1400003433228,10.8100004196167,74.629997253418
2016-09-26 19:30:00,4.17000007629395,4.131163532651099,163.41000366210903,14.1899995803833,10.8100004196167,62.0099983215332
2016-09-26 19:40:00,4.53000020980835,4.488592063197509,162.36999511718795,14.039999961853,10.8100004196167,92.6100006103516
2016-09-26 19:50:00,3.95000004768372,3.9165319529167215,162.99000549316406,13.460000038147,10.8100004196167,26.9099998474121
2016-09-26 20:00:00,4.0,3.966062132234177,162.67999267578102,13.4700002670288,10.8100004196167,28.9899997711182
2016-09-26 20:10:00,3.71000003814697,3.676642250117042,180.44000244140597,13.9099998474121,10.8100004196167,11.8599996566772
2016-09-26 20:20:00,3.48000001907349,3.447949687302164,169.30000305175804,14.1000003814697,10.8100004196167,-3.40000009536743
2016-09-26 20:30:00,2.86999988555908,2.8433036414227595,155.69000244140602,14.1800003051758,4.59999990463257,-6.73999977111816
2016-09-26 20:40:00,2.86999988555908,2.843666574849868,163.94000244140602,14.0699996948242,1.19000005722046,-1.22000002861023
2016-09-26 20:50:00,3.15000009536743,3.121532462840619,174.69999694824196,13.9499998092651,1.30999994277954,-1.48000001907349
2016-09-26 21:00:00,3.27999997138977,3.2507727060095126,178.55999755859398,13.8400001525879,1.3400000333786,-1.50999999046326
2016-09-26 21:10:00,3.27999997138977,3.2512259170715683,180.539993286133,13.7200002670288,1.38999998569489,-1.42999994754791
2016-09-26 21:20:00,4.30000019073486,4.262872585482539,173.720001220703,13.6000003814697,8.65999984741211,49.7999992370605
2016-09-26 21:30:00,3.95000004768372,3.915666885720986,173.08999633789097,13.6499996185303,10.8100004196167,39.1399993896484
2016-09-26 21:40:00,3.54999995231628,3.5191026657998234,205.300003051758,13.6599998474121,10.8100004196167,10.0200004577637
2016-09-26 21:50:00,4.05999994277954,4.024851008520066,206.32000732421895,13.6199998855591,10.8100004196167,48.689998626709
2016-09-26 22:00:00,3.72000002861023,3.6872375118695953,193.53999328613293,13.75,10.8100004196167,13.9399995803833
2016-09-26 22:10:00,4.05000019073486,4.01395826753456,155.38999938964798,13.8299999237061,10.8100004196167,20.5599994659424
2016-09-26 22:20:00,4.19000005722046,4.152615774639346,182.850006103516,13.8500003814697,10.8100004196167,46.1699981689453
2016-09-26 22:30:00,4.15000009536743,4.115316090379129,192.990005493164,13.3599996566772,10.8100004196167,51.6699981689453
2016-09-26 22:40:00,4.1399998664856,4.10745531572704,192.6100006103519,12.9300003051758,10.8100004196167,55.2299995422363
2016-09-26 22:50:00,4.15999984741211,4.126288675135648,193.1799926757809,13.1400003433228,10.8100004196167,50.3300018310547
2016-09-26 23:00:00,4.44000005722046,4.403199737737756,185.4799957275389,13.3000001907349,10.8400001525879,75.6500015258789
2016-09-26 23:10:00,4.92000007629395,4.879334907763688,180.600006103516,13.2799997329712,10.8299999237061,159.860000610352
2016-09-26 23:20:00,5.26999998092651,5.226563614111367,181.2799987792969,13.2600002288818,10.9099998474121,198.899993896484
2016-09-26 23:30:00,5.1100001335144,5.06805947805541,189.16999816894491,13.2299995422363,10.8900003433228,198.149993896484
2016-09-26 23:40:00,5.80999994277954,5.764932125146391,209.17999267578097,12.8400001525879,11.5699996948242,261.440002441406
2016-09-26 23:50:00,5.75,5.709059729800593,193.63999938964795,12.289999961853,11.4099998474121,245.220001220703
2016-09-27 00:00:00,5.03000020980835,4.9929039563560815,190.10000610351597,12.5100002288818,10.8100004196167,146.770004272461
2016-09-27 00:10:00,4.55999994277954,4.524311927858978,193.240005493164,12.8999996185303,10.8100004196167,105.559997558594
2016-09-27 00:20:00,4.90999984741211,4.870948326685319,184.33999633789097,13.0100002288818,10.8100004196167,126.129997253418
2016-09-27 00:30:00,5.40999984741211,5.36747182318119,180.22000122070295,12.9300003051758,10.8199996948242,177.110000610352
2016-09-27 00:40:00,5.34000015258789,5.298639854860439,164.470001220703,12.8299999237061,10.8100004196167,172.529998779297
2016-09-27 00:50:00,5.40999984741211,5.370414449676451,188.710006713867,12.460000038147,11.0699996948242,215.020004272461
2016-09-27 01:00:00,6.28000020980835,6.237909853643857,202.96000671386693,11.9300003051758,12.6000003814697,354.119995117188
2016-09-27 01:10:00,6.71999979019165,6.673322231340113,195.39999389648395,12.1400003433228,13.4899997711182,443.559997558594
2016-09-27 01:20:00,6.46999979019165,6.422508382817067,182.9199981689449,12.4799995422363,13.25,418.140014648438
2016-09-27 01:30:00,6.78999996185303,6.738823010564946,183.509994506836,12.6499996185303,13.8999996185303,487.459991455078
2016-09-27 01:40:00,6.23000001907349,6.182106649816739,169.92999267578102,12.7799997329712,12.6000003814697,350.040008544922
2016-09-27 01:50:00,6.44999980926514,6.401534799387831,174.779998779297,12.6300001144409,13.1199998855591,406.540008544922
2016-09-27 02:00:00,8.42000007629395,8.363860232867927,172.41999816894497,11.8999996185303,16.5799999237061,885.179992675781
2016-09-27 02:10:00,8.1899995803833,8.137011175292445,179.46000671386696,11.7299995422363,16.8199996948242,917.239990234375
2016-09-27 02:20:00,8.14000034332275,8.086956940365768,174.97999572753906,11.7700004577637,16.5400009155273,859.359985351563
2016-09-27 02:30:00,7.73000001907349,7.677742518087423,174.58999633789097,11.9799995422363,15.6800003051758,727.619995117188
2016-09-27 02:40:00,7.3899998664856,7.336012272674623,184.110000610352,12.4499998092651,15.0699996948242,636.460021972656
2016-09-27 02:50:00,7.71000003814697,7.6526030432101475,176.25,12.5699996948242,15.2700004577637,664.369995117188
2016-09-27 03:00:00,7.32999992370605,7.276875339730102,167.46000671386696,12.3999996185303,14.8599996566772,608.950012207031
2016-09-27 03:10:00,7.40000009536743,7.350317242621757,175.35000610351597,11.9399995803833,15.4300003051758,686.780029296875
2016-09-27 03:20:00,7.32000017166138,7.271704748174377,168.60000610351597,11.8400001525879,14.9200000762939,617.669982910156
2016-09-27 03:30:00,7.5,7.446686612065493,167.30000305175804,12.2799997329712,15.1700000762939,661.830017089844
2016-09-27 03:40:00,7.84999990463257,7.790561036567469,170.13000488281295,12.6800003051758,15.8800001144409,750.419982910156
2016-09-27 03:50:00,7.80000019073486,7.739676488399606,172.55000305175804,12.8199996948242,15.9799995422363,778.5
2016-09-27 04:00:00,9.44999980926514,9.384030576332073,183.16000366210895,12.1700000762939,17.0400009155273,1263.71997070313
2016-09-27 04:10:00,10.539999961853,10.467889312162932,172.74000549316406,12.0500001907349,17.1000003814697,1521.19995117188
2016-09-27 04:20:00,10.0699996948242,10.000169663331986,170.92999267578102,12.1300001144409,17.1000003814697,1382.64001464844
2016-09-27 04:30:00,10.1599998474121,10.089427822766892,171.69000244140602,12.1400003433228,17.1000003814697,1449.07995605469
2016-09-27 04:40:00,10.0900001525879,10.021319617393283,167.779998779297,12.0200004577637,17.1000003814697,1510.98999023438
2016-09-27 04:50:00,11.1199998855591,11.044179272310586,184.47999572753892,12.0299997329712,17.1000003814697,1751.28002929688
2016-09-27 05:00:00,12.7600002288818,12.670480248725797,176.19999694824196,12.1999998092651,17.1000003814697,2009.64001464844
2016-09-27 05:10:00,12.1499996185303,12.062082614169938,177.08000183105503,12.3900003433228,17.1000003814697,1940.22998046875
2016-09-27 05:20:00,10.7700004577637,10.689823329529547,177.36999511718795,12.5699996948242,17.1000003814697,1566.48999023438
2016-09-27 05:30:00,10.5500001907349,10.47072796149931,177.78999328613304,12.6300001144409,17.1000003814697,1518.97998046875
2016-09-27 05:40:00,11.8199996948242,11.731732126115595,181.5299987792969,12.5900001525879,17.1100006103516,1881.39001464844
2016-09-27 05:50:00,14.3299999237061,14.218345841759138,180.89999389648395,12.8699998855591,17.1000003814697,1996.7099609375
2016-09-27 06:00:00,14.710000038147,14.593004541358225,180.86999511718795,13.0100002288818,17.1100006103516,1943.35998535156
2016-09-27 06:10:00,14.25,14.135016782690702,178.57000732421898,13.1099996566772,17.1000003814697,1938.82995605469
2016-09-27 06:20:00,13.710000038147,13.596999546145502,176.38000488281295,13.2600002288818,17.1000003814697,1944.89001464844
2016-09-27 06:30:00,13.1300001144409,13.021022421428675,174.63999938964798,13.3100004196167,17.1000003814697,1960.90002441406
2016-09-27 06:40:00,12.6000003814697,12.493386699363503,175.36999511718795,13.4499998092651,17.1100006103516,1990.25
2016-09-27 06:50:00,12.6700000762939,12.559435289578737,175.970001220703,13.6800003051758,17.1100006103516,1987.86999511719
2016-09-27 07:00:00,12.4200000762939,12.308899661571807,177.96000671386696,13.8699998855591,17.1100006103516,1959.9599609375
2016-09-27 07:10:00,12.3900003433228,12.279453501392172,182.779998779297,13.8500003814697,17.1100006103516,1984.46997070313
2016-09-27 07:20:00,13.3800001144409,13.260158227949914,182.119995117188,13.8800001144409,17.1100006103516,2019.46997070313
2016-09-27 07:30:00,13.0299997329712,12.91014500753507,178.88999938964798,14.0900001525879,17.1000003814697,1961.38000488281
2016-09-27 07:40:00,11.8999996185303,11.78958142963866,174.99000549316395,14.1599998474121,17.1000003814697,1838.60998535156
2016-09-27 07:50:00,11.2200002670288,11.11614961895589,170.69999694824196,14.1400003433228,17.1000003814697,1689.9599609375
2016-09-27 08:00:00,11.8999996185303,11.788897600396592,171.92999267578102,14.210000038147,17.1000003814697,1883.0400390625
2016-09-27 08:10:00,11.210000038147,11.104438474365432,171.64999389648403,14.2799997329712,17.1000003814697,1641.02001953125
2016-09-27 08:20:00,11.960000038147,11.849575048905058,176.38999938964798,14.1199998855591,17.1000003814697,1909.60998535156
2016-09-27 08:30:00,14.4700002670288,14.33490394067608,185.71000671386696,14.210000038147,15.5799999237061,771.5
2016-09-27 08:40:00,15.4899997711182,15.343067060845785,190.82000732421895,14.3400001525879,14.1700000762939,644.719970703125
2016-09-27 08:50:00,15.1400003433228,14.995344496149736,188.300003051758,14.3999996185303,14.6800003051758,1009.78002929688
2016-09-27 09:00:00,14.7799997329712,14.635899840052218,201.110000610352,14.5699996948242,5.44000005722046,432.730010986328
2016-09-27 09:10:00,15.789999961853,15.632793588140103,212.199996948242,14.75,0.140000000596046,-3.09999990463257
2016-09-27 09:20:00,14.9099998474121,14.755407163794928,216.220001220703,15.1099996566772,0.0799999982118607,-3.54999995231628
2016-09-27 09:30:00,15.1700000762939,15.00924117068899,213.97999572753895,15.3100004196167,4.46000003814697,128.179992675781
2016-09-27 09:40:00,13.5699996948242,13.41705499116492,193.9400024414059,15.8999996185303,17.1000003814697,2000.39001464844
2016-09-27 09:50:00,13.8400001525879,13.686853978294588,207.44000244140597,15.7200002670288,15.7399997711182,1239.06994628906
2016-09-27 10:00:00,13.8500003814697,13.692321020515276,221.679992675781,16.0,8.35000038146973,560.469970703125
2016-09-27 10:10:00,14.1300001144409,13.958841854531494,218.830001831055,16.6399993896484,8.14000034332275,805.820007324219
2016-09-27 10:20:00,13.6599998474121,13.490811484042196,199.610000610352,16.8799991607666,16.2000007629395,1607.75
2016-09-27 10:30:00,11.3900003433228,11.24789337749287,229.110000610352,16.9599990844727,9.97000026702881,997.570007324219
2016-09-27 10:40:00,13.0200004577637,12.854455959145078,236.32000732421895,17.1700000762939,11.539999961853,888.969970703125
2016-09-27 10:50:00,13.9399995803833,13.760546097656547,231.1799926757809,17.3099994659424,13.1300001144409,1063.05004882813
2016-09-27 11:00:00,16.4300003051758,16.211611582906997,233.05999755859392,17.6800003051758,16.0699996948242,1201.59997558594
2016-09-27 11:10:00,15.5299997329712,15.319536519771514,235.869995117188,17.9099998474121,17.0900001525879,1625.93994140625
2016-09-27 11:20:00,12.4700002670288,12.295095190565746,244.9799957275389,18.3299999237061,8.0600004196167,596.280029296875
2016-09-27 11:30:00,12.6999998092651,12.51528851011594,241.05999755859403,18.7900009155273,16.1200008392334,1289.75
2016-09-27 11:40:00,12.3900003433228,12.210634330641264,246.699996948242,18.7299995422363,7.44999980926514,183.970001220703
2016-09-27 11:50:00,12.3400001525879,12.1608024730172,250.07000732421895,18.7700004577637,4.90000009536743,110.809997558594
2016-09-27 12:00:00,13.710000038147,13.506590682957375,247.5200042724609,19.0499992370605,15.0200004577637,713.47998046875
2016-09-27 12:10:00,9.77000045776367,9.619234808424968,250.03999328613295,19.5799999237061,6.61999988555908,194.029998779297
2016-09-27 12:20:00,12.1400003433228,11.954568146645885,246.6100006103519,19.4400005340576,17.1000003814697,1764.76000976563
2016-09-27 12:30:00,12.5699996948242,12.398088849817858,251.13999938964795,18.0200004577637,17.1000003814697,1803.81005859375
2016-09-27 12:40:00,13.0299997329712,12.86713568448796,246.809997558594,16.9799995422363,17.1000003814697,1888.32995605469
2016-09-27 12:50:00,13.0500001907349,12.887034218883006,248.850006103516,16.9699993133545,17.1000003814697,1846.60998535156
2016-09-27 13:00:00,11.1899995803833,11.0486109236049,243.66000366210903,17.1000003814697,17.0,1595.67004394531
2016-09-27 13:10:00,10.4799995422363,10.34698782795273,231.279998779297,17.1499996185303,17.0400009155273,1423.35998535156
2016-09-27 13:20:00,8.72000026702881,8.6118981709242,228.83000183105491,16.8899993896484,15.6700000762939,874.320007324219
2016-09-27 13:30:00,9.48999977111816,9.37299833218955,240.08000183105497,16.8299999237061,16.2600002288818,1079.5400390625
2016-09-27 13:40:00,8.5600004196167,8.452522064040917,246.559997558594,17.0300006866455,14.4499998092651,802.919982910156
2016-09-27 13:50:00,10.5699996948242,10.438963102181418,247.72999572753892,16.8899993896484,8.26000022888184,284.670013427734
2016-09-27 14:00:00,11.6899995803833,11.54216073326217,245.64999389648392,17.1100006103516,16.8999996185303,1640.68994140625
2016-09-27 14:10:00,11.8500003814697,11.69960067404148,247.949996948242,17.1499996185303,16.2900009155273,1464.06994628906
2016-09-27 14:20:00,12.710000038147,12.551135716976155,257.480010986328,16.9799995422363,17.0300006866455,1737.93994140625
2016-09-27 14:30:00,14.6300001144409,14.44481434629451,247.13000488281293,17.1200008392334,17.1100006103516,1938.14001464844
2016-09-27 14:40:00,13.9499998092651,13.773579624220568,244.91999816894497,17.1100006103516,17.1200008392334,1901.77001953125
2016-09-27 14:50:00,13.6400003433228,13.469821326265516,241.320007324219,16.9599990844727,17.1000003814697,1851.53002929688
2016-09-27 15:00:00,11.460000038147,11.314680122566456,242.009994506836,17.1399993896484,17.0699996948242,1606.17004394531
2016-09-27 15:10:00,14.3000001907349,14.12045107509334,240.059997558594,17.0300006866455,17.1200008392334,1900.63000488281
2016-09-27 15:20:00,16.0599994659424,15.862726419150256,240.86999511718795,16.7900009155273,17.1100006103516,1948.13000488281
2016-09-27 15:30:00,14.9099998474121,14.727022141006254,241.990005493164,16.7800006866455,17.1200008392334,1967.10998535156
2016-09-27 15:40:00,16.1800003051758,15.98437787044447,244.029998779297,16.6200008392334,17.1100006103516,2027.56994628906
2016-09-27 15:50:00,16.6900005340576,16.490678469519924,240.88000488281293,16.4899997711182,17.1200008392334,2035.06005859375
2016-09-27 16:00:00,14.3699998855591,14.198548079854646,231.270004272461,16.4799995422363,17.1100006103516,1952.13000488281
2016-09-27 16:10:00,13.5900001525879,13.425074126154668,235.60000610351597,16.6599998474121,17.1200008392334,1936.82995605469
2016-09-27 16:20:00,14.3100004196167,14.141706236872944,236.7499999999999,16.3299999237061,17.1100006103516,1972.90002441406
2016-09-27 16:30:00,14.0200004577637,13.857670431586932,229.690002441406,16.1700000762939,17.1100006103516,2001.06005859375
2016-09-27 16:40:00,11.4899997711182,11.355916679755277,230.779998779297,16.25,17.0400009155273,1668.44995117188
2016-09-27 16:50:00,11.7700004577637,11.631176406291251,221.03999328613293,16.3600006103516,17.0799999237061,1677.90002441406
2016-09-27 17:00:00,10.3900003433228,10.265798539590625,215.55000305175795,16.5,16.8500003814697,1328.56994628906
2016-09-27 17:10:00,10.6800003051758,10.55719383074598,218.639999389648,16.1000003814697,17.1000003814697,1507.56005859375
2016-09-27 17:20:00,11.0,10.875018044847168,217.059997558594,15.9799995422363,17.0699996948242,1543.58996582031
2016-09-27 17:30:00,12.8699998855591,12.72245105818338,233.05000305175795,16.0699996948242,17.0599994659424,1895.2099609375
2016-09-27 17:40:00,13.5500001907349,13.395890702984378,226.690002441406,15.9899997711182,17.1000003814697,2024.59997558594
2016-09-27 17:50:00,12.8800001144409,12.734391700553443,224.80999755859395,15.9300003051758,17.1100006103516,1925.19995117188
2016-09-27 18:00:00,10.6999998092651,10.57818254676201,221.25,16.0,17.0699996948242,1445.08996582031
2016-09-27 18:10:00,11.6000003814697,11.467143700101904,218.720001220703,16.0599994659424,17.1000003814697,1689.56994628906
2016-09-27 18:20:00,9.80000019073486,9.689322908810594,220.240005493164,15.9200000762939,17.0499992370605,1240.46997070313
2016-09-27 18:30:00,8.65999984741211,8.563777577976316,211.77000427246097,15.7600002288818,16.5499992370605,934.390014648438
2016-09-27 18:40:00,9.64999961853027,9.543438047684967,216.66999816894491,15.6999998092651,17.0799999237061,1279.81005859375
2016-09-27 18:50:00,10.1300001144409,10.022419271326624,215.66999816894491,15.3299999237061,17.1000003814697,1395.18005371094
2016-09-27 19:00:00,10.8299999237061,10.717710267843357,210.149993896484,15.1099996566772,17.1000003814697,1599.41003417969
2016-09-27 19:10:00,11.0299997329712,10.915636401216192,206.35000610351597,15.1099996566772,17.1000003814697,1636.2900390625
2016-09-27 19:20:00,10.6099996566772,10.501326983615211,205.979995727539,15.0,17.1000003814697,1532.23999023438
2016-09-27 19:30:00,10.9499998092651,10.839851397073792,192.5,14.8400001525879,17.1000003814697,1599.5
2016-09-27 19:40:00,11.289999961853,11.174879511239284,202.61999511718795,14.960000038147,17.1000003814697,1745.47998046875
2016-09-27 19:50:00,10.6000003814697,10.49118740066926,207.309997558594,15.0200004577637,17.1000003814697,1553.47998046875
2016-09-27 20:00:00,11.0500001907349,10.936947346007765,201.24000549316395,14.9899997711182,17.0300006866455,1584.86999511719
2016-09-27 20:10:00,12.2700004577637,12.14221870948596,208.8200073242189,15.1499996185303,17.0499992370605,1839.86999511719
2016-09-27 20:20:00,12.1800003051758,12.050369931528948,200.86999511718795,15.3500003814697,17.1000003814697,1918.33996582031
2016-09-27 20:30:00,11.6800003051758,11.556893258994313,192.3399963378909,15.2600002288818,17.0900001525879,1799.26000976563
2016-09-27 20:40:00,9.94999980926514,9.84535453326379,199.77999877929693,15.2399997711182,17.0900001525879,1326.11999511719
2016-09-27 20:50:00,9.43000030517578,9.330284735168547,190.279998779297,15.289999961853,17.0400009155273,1141.28002929688
2016-09-27 21:00:00,8.89000034332275,8.79772362363286,193.3399963378909,15.1199998855591,16.7099990844727,956.049987792969
2016-09-27 21:10:00,9.34000015258789,9.24380078488927,202.52999877929696,15.0500001907349,17.0799999237061,1207.21997070313
2016-09-27 21:20:00,9.9399995803833,9.835573165544693,198.600006103516,15.2299995422363,17.1000003814697,1289.28002929688
2016-09-27 21:30:00,10.7200002670288,10.60897380125911,205.41000366210892,15.1000003814697,17.1000003814697,1598.61999511719
2016-09-27 21:40:00,11.1499996185303,11.035668345904728,208.27999877929693,15.0100002288818,17.1000003814697,1703.14001464844
2016-09-27 21:50:00,11.8299999237061,11.7084251132831,212.91999816894491,15.0299997329712,17.1000003814697,1831.97998046875
2016-09-27 22:00:00,11.5500001907349,11.428395433619109,220.16999816894497,15.25,17.1000003814697,1712.68994140625
2016-09-27 22:10:00,11.6199998855591,11.49646236828179,221.30000305175795,15.3400001525879,17.1000003814697,1758.33996582031
2016-09-27 22:20:00,11.75,11.622126827888524,219.35000610351597,15.5600004196167,17.1000003814697,1780.63000488281
2016-09-27 22:30:00,11.8299999237061,11.69734090224228,222.22999572753895,15.8500003814697,17.0900001525879,1756.22998046875
2016-09-27 22:40:00,11.3500003814697,11.22155923299921,230.5200042724609,15.9399995803833,17.1000003814697,1580.42004394531
2016-09-27 22:50:00,11.789999961853,11.654564209960954,240.1900024414059,16.0900001525879,16.9799995422363,1666.83996582031
2016-09-27 23:00:00,13.8000001907349,13.641789323288636,250.679992675781,16.0699996948242,16.9899997711182,1886.01000976563
2016-09-27 23:10:00,12.8400001525879,12.694258464350026,244.2100067138669,15.9700002670288,17.1200008392334,1825.66003417969
2016-09-27 23:20:00,13.3599996566772,13.212774803643198,246.490005493164,15.6800003051758,17.1000003814697,1851.58996582031
2016-09-27 23:30:00,15.5299997329712,15.362585994804007,247.309997558594,15.4700002670288,17.1200008392334,1974.40002441406
2016-09-27 23:40:00,15.4899997711182,15.325318520412836,247.13000488281293,15.3400001525879,17.1200008392334,2006.52001953125
2016-09-27 23:50:00,14.5600004196167,14.405206416078764,250.6999969482419,15.3400001525879,17.1200008392334,1952.86999511719
2016-09-28 00:00:00,13.8800001144409,13.736245700336172,246.809997558594,15.1000003814697,17.1200008392334,1900.19995117188
2016-09-28 00:10:00,14.0100002288818,13.866663545337582,247.25999450683597,14.9899997711182,17.1200008392334,1943.75
2016-09-28 00:20:00,15.5,15.341774049838586,248.47999572753892,14.9700002670288,17.1200008392334,2010.82995605469
2016-09-28 00:30:00,14.3299999237061,14.182733056814998,238.889999389648,15.0299997329712,17.1100006103516,1902.76000976563
2016-09-28 00:40:00,13.3800001144409,13.242343053186488,247.580001831055,15.039999961853,17.1100006103516,1839.59997558594
2016-09-28 00:50:00,12.8100004196167,12.677914392753484,237.110000610352,15.0600004196167,17.0900001525879,1769.30004882813
2016-09-28 01:00:00,13.4499998092651,13.310698885176636,234.08000183105497,15.1000003814697,16.9699993133545,1857.64001464844
2016-09-28 01:10:00,12.8400001525879,12.706870031759763,245.809997558594,15.1099996566772,17.0499992370605,1787.5400390625
2016-09-28 01:20:00,12.3699998855591,12.24287559133102,239.5,15.0299997329712,17.0400009155273,1768.7900390625
2016-09-28 01:30:00,12.2200002670288,12.094837200411687,247.0200042724609,15.0,17.0699996948242,1678.35998535156
2016-09-28 01:40:00,11.3699998855591,11.251851075314503,242.27000427246105,15.1300001144409,16.9699993133545,1549.57995605469
2016-09-28 01:50:00,9.97999954223633,9.87777963059574,249.740005493164,15.0,16.6800003051758,1187.21997070313
2016-09-28 02:00:00,11.039999961853,10.926417455276091,251.860000610352,15.039999961853,16.8799991607666,1459.32995605469
2016-09-28 02:10:00,9.42000007629395,9.32200646281638,259.059997558594,15.1400003433228,16.4300003051758,1094.47998046875
2016-09-28 02:20:00,10.4300003051758,10.323171271257078,250.770004272461,15.0,16.8899993896484,1341.5
2016-09-28 02:30:00,9.11999988555908,9.0267973547475,254.300003051758,14.9799995422363,16.1700000762939,989.289978027344
2016-09-28 02:40:00,10.960000038147,10.847993486165809,245.32000732421892,14.9799995422363,16.8899993896484,1429.36999511719
2016-09-28 02:50:00,9.88000011444092,9.780049096070996,240.9299926757809,14.8900003433228,16.8600006103516,1214.08996582031
2016-09-28 03:00:00,9.72999954223633,9.63223486804285,236.44999694824196,14.8299999237061,16.5900001525879,1201.86999511719
2016-09-28 03:10:00,9.72000026702881,9.62133387393924,232.970001220703,14.9200000762939,16.6700000762939,1181.31994628906
2016-09-28 03:20:00,8.10999965667725,8.027118899838618,244.940002441406,14.9799995422363,14.8000001907349,702.809997558594
2016-09-28 03:30:00,8.97000026702881,8.872074053224914,212.91999816894491,15.5900001525879,16.0900001525879,947.450012207031
2016-09-28 03:40:00,8.38000011444092,8.286888954730601,241.52000427246088,15.7600002288818,15.4099998474121,778.280029296875
2016-09-28 03:50:00,8.65999984741211,8.570110494479255,241.08999633789105,15.1199998855591,16.1200008392334,890.659973144531
2016-09-28 04:00:00,9.69999980926514,9.606541233982629,245.22000122070295,14.4700002670288,16.75,1194.73999023438
2016-09-28 04:10:00,10.7399997711182,10.636644171359295,250.08000183105497,14.460000038147,16.9699993133545,1480.66003417969
2016-09-28 04:20:00,13.6899995803833,13.56014104121634,254.009994506836,14.3400001525879,17.1200008392334,1977.2900390625
2016-09-28 04:30:00,11.7299995422363,11.619002324592644,256.70999145507795,14.3199996948242,17.1000003814697,1717.5400390625
2016-09-28 04:40:00,11.0100002288818,10.90518391714661,265.170013427734,14.3699998855591,16.9699993133545,1524.18994140625
2016-09-28 04:50:00,9.52000045776367,9.427729881635994,257.859985351563,14.5200004577637,16.6200008392334,1175.42004394531
2016-09-28 05:00:00,8.92000007629395,8.833749604978035,253.89999389648392,14.5,15.8000001907349,926.840026855469
2016-09-28 05:10:00,9.1899995803833,9.103248677970049,258.519989013672,14.3000001907349,16.75,1066.48999023438
2016-09-28 05:20:00,6.84000015258789,6.773312513388887,246.58000183105503,14.5699996948242,13.2299995422363,423.100006103516
2016-09-28 05:30:00,6.71999979019165,6.6506318517847065,257.410003662109,15.0699996948242,13.0600004196167,404.459991455078
2016-09-28 05:40:00,8.9399995803833,8.845567647370094,243.03999328613304,15.2799997329712,16.3700008392334,933.590026855469
2016-09-28 05:50:00,8.56999969482422,8.478496282522409,244.309997558594,15.3800001144409,16.0300006866455,886.609985351563
2016-09-28 06:00:00,10.1300001144409,10.03193349415054,241.08000183105503,14.5100002288818,17.0799999237061,1353.33996582031
2016-09-28 06:10:00,11.7600002288818,11.652503586262076,248.220001220703,14.039999961853,17.1000003814697,1762.09997558594
2016-09-28 06:20:00,11.8900003433228,11.78227273468279,246.33999633789097,13.9700002670288,17.1000003814697,1742.91003417969
2016-09-28 06:30:00,12.1400003433228,12.028053008869708,246.72999572753895,14.1099996566772,17.1100006103516,1814.67004394531
2016-09-28 06:40:00,10.9200000762939,10.820181766535214,247.25999450683597,14.039999961853,17.0499992370605,1463.35998535156
2016-09-28 06:50:00,10.3500003814697,10.255273333865452,245.41000366210903,14.0500001907349,17.0799999237061,1381.9599609375
2016-09-28 07:00:00,10.3100004196167,10.213150794840551,244.38999938964795,14.2600002288818,16.7600002288818,1294.38000488281
2016-09-28 07:10:00,10.1300001144409,10.034026827417447,239.399993896484,14.3299999237061,16.9699993133545,1303.51000976563
2016-09-28 07:20:00,10.3900003433228,10.292996137981854,233.139999389648,14.210000038147,17.0799999237061,1424.01000976563
2016-09-28 07:30:00,9.88000011444092,9.786735809228071,243.479995727539,14.3000001907349,16.8600006103516,1286.0400390625
2016-09-28 07:40:00,8.64000034332275,8.557945100320534,238.4100036621089,14.3500003814697,16.1499996185303,877.590026855469
2016-09-28 07:50:00,8.17000007629395,8.089970514743593,241.77999877929693,14.6099996566772,15.0799999237061,705.200012207031
2016-09-28 08:00:00,7.40999984741211,7.330881959974658,231.30999755859395,15.3800001144409,14.4200000762939,628.530029296875
2016-09-28 08:10:00,6.46000003814697,6.388369643379391,230.0200042724609,15.7399997711182,12.6199998855591,340.559997558594
2016-09-28 08:20:00,8.1899995803833,8.098532375077253,221.699996948242,15.8100004196167,15.5500001907349,756.27001953125
2016-09-28 08:30:00,8.25,8.162290488160467,221.22000122070295,15.3400001525879,15.8999996185303,785.409973144531
2016-09-28 08:40:00,8.18000030517578,8.095093267372247,224.279998779297,15.1199998855591,15.7299995422363,775.27001953125
2016-09-28 08:50:00,7.53000020980835,7.449342885774462,226.6699981689449,15.4099998474121,14.8900003433228,626.130004882813
2016-09-28 09:00:00,7.57999992370605,7.493098594242497,219.55000305175795,16.0699996948242,14.3599996566772,550.890014648438
2016-09-28 09:10:00,7.96999979019165,7.876539923564682,224.550003051758,16.2999992370605,15.0,696.929992675781
2016-09-28 09:20:00,7.51999998092651,7.432758686097336,216.710006713867,16.1900005340576,14.289999961853,609.179992675781
2016-09-28 09:30:00,5.78999996185303,5.724016034423333,202.77000427246097,16.0100002288818,11.9799995422363,230.979995727539
2016-09-28 09:40:00,6.73999977111816,6.662498311764484,188.22000122070293,16.1000003814697,13.1499996185303,407.070007324219
2016-09-28 09:50:00,5.73999977111816,5.671383957697776,196.60000610351605,16.5,11.1800003051758,194.119995117188
2016-09-28 10:00:00,6.32000017166138,6.243229870726354,212.96000671386696,16.6700000762939,12.3599996566772,320.730010986328
2016-09-28 10:10:00,6.32999992370605,6.252461011649948,204.22000122070293,16.7600002288818,12.3800001144409,326.799987792969
2016-09-28 10:20:00,5.57000017166138,5.501328090456449,215.52000427246097,16.8299999237061,11.289999961853,193.059997558594
2016-09-28 10:30:00,5.82000017166138,5.750229514394153,233.00999450683597,16.5300006866455,1.37999999523163,4.1100001335144
2016-09-28 10:40:00,7.05999994277954,6.980508615396063,227.479995727539,15.8900003433228,0.0299999993294477,-3.48000001907349
2016-09-28 10:50:00,6.86999988555908,6.796726197856471,227.809997558594,15.3699998855591,0.0299999993294477,-2.67000007629395
2016-09-28 11:00:00,6.92000007629395,6.848726026942951,230.949996948242,15.0500001907349,0.0299999993294477,-2.90000009536743
2016-09-28 11:10:00,6.32000017166138,6.255122998775617,226.570007324219,15.0200004577637,0.0,-2.75
2016-09-28 11:20:00,6.78000020980835,6.710478588381495,238.9400024414059,15.0100002288818,0.0199999995529652,-3.04999995231628
2016-09-28 11:30:00,5.71000003814697,5.650208562227357,216.53999328613295,15.1999998092651,0.0,-2.99000000953674
2016-09-28 11:40:00,6.67999982833862,6.608447252550003,182.52000427246097,15.4099998474121,0.0,-1.78999996185303
2016-09-28 11:50:00,6.92999982833862,6.851419176090991,198.50999450683597,15.960000038147,0.0,-0.759999990463257
2016-09-28 12:00:00,8.76000022888184,8.656678336326534,199.69999694824196,16.3600006103516,0.0099999997764825,-1.13999998569489
2016-09-28 12:10:00,10.3299999237061,10.20569329331618,185.55000305175795,16.5699996948242,12.3199996948242,793.409973144531
2016-09-28 12:20:00,10.8000001907349,10.669178589553294,190.0599975585939,16.6399993896484,17.1000003814697,1576.51000976563
2016-09-28 12:30:00,10.9499998092651,10.821470475527043,202.24000549316395,16.3099994659424,17.1000003814697,1554.23999023438
2016-09-28 12:40:00,11.5100002288818,11.373719033976608,197.16999816894491,16.3999996185303,17.1000003814697,1714.80004882813
2016-09-28 12:50:00,11.2399997711182,11.10563709552702,198.96000671386693,16.5,17.1000003814697,1654.57995605469
2016-09-28 13:00:00,11.289999961853,11.152216800112049,200.720001220703,16.7199993133545,17.1000003814697,1663.32995605469
2016-09-28 13:10:00,11.0500001907349,10.910255165283589,201.339996337891,17.1100006103516,17.1000003814697,1556.31994628906
2016-09-28 13:20:00,11.8199996948242,11.667168116985344,208.72999572753892,17.3600006103516,17.0400009155273,1753.06005859375
2016-09-28 13:30:00,12.0799999237061,11.921481622283116,212.100006103516,17.5300006866455,17.1000003814697,1786.66003417969
2016-09-28 13:40:00,11.8800001144409,11.723837428355646,206.71000671386693,17.5499992370605,17.1000003814697,1769.27001953125
2016-09-28 13:50:00,12.1199998855591,11.957803664166134,209.53999328613295,17.7600002288818,17.1100006103516,1782.40002441406
2016-09-28 14:00:00,13.4300003051758,13.2472378652121,209.600006103516,17.9599990844727,17.1100006103516,1979.40002441406
2016-09-28 14:10:00,13.6899995803833,13.499372251581192,208.86999511718795,18.2399997711182,17.1000003814697,1947.60998535156
2016-09-28 14:20:00,12.7700004577637,12.587146091256647,203.38999938964795,18.5900001525879,17.1100006103516,1910.64001464844
2016-09-28 14:30:00,13.210000038147,13.019357904151445,206.139999389648,18.6900005340576,17.1000003814697,1935.85998535156
2016-09-28 14:40:00,12.5299997329712,12.34832495342669,206.690002441406,18.75,17.1000003814697,1892.55004882813
2016-09-28 14:50:00,11.9799995422363,11.801853566121938,199.28999328613293,19.0799999237061,17.1000003814697,1779.15002441406
2016-09-28 15:00:00,13.5699996948242,13.365313998934935,215.19999694824196,19.2700004577637,17.1100006103516,1929.89001464844
2016-09-28 15:10:00,13.8299999237061,13.62372233548476,214.309997558594,19.1200008392334,17.1100006103516,2003.43005371094
2016-09-28 15:20:00,13.0900001525879,12.89696657350695,208.07000732421895,18.9699993133545,17.1000003814697,1961.31994628906
2016-09-28 15:30:00,12.75,12.56327063378022,210.25999450683597,18.8799991607666,17.1000003814697,1891.16003417969
2016-09-28 15:40:00,12.3400001525879,12.158859062953104,209.99999999999997,18.9099998474121,17.1000003814697,1834.89001464844
2016-09-28 15:50:00,12.0200004577637,11.84355670140982,208.759994506836,18.9099998474121,17.1000003814697,1807.98999023438
2016-09-28 16:00:00,11.5600004196167,11.38861957888245,210.6799926757809,19.0400009155273,17.1000003814697,1737.84997558594
2016-09-28 16:10:00,12.4300003051758,12.246140567154804,218.27999877929696,19.0100002288818,17.1000003814697,1892.83996582031
2016-09-28 16:20:00,12.8100004196167,12.620951879803076,231.16000366210892,18.9799995422363,17.0400009155273,1904.94995117188
2016-09-28 16:30:00,13.3599996566772,13.162533909461237,216.8399963378909,19.0,17.1100006103516,1929.94995117188
2016-09-28 16:40:00,14.3100004196167,14.097849916692867,206.97000122070295,19.0400009155273,17.1100006103516,2011.71997070313
2016-09-28 16:50:00,15.3199996948242,15.092014823634097,216.160003662109,19.0900001525879,17.1100006103516,2039.21997070313
2016-09-28 17:00:00,16.5900001525879,16.342370183456836,215.610000610352,19.1299991607666,17.1100006103516,2049.80004882813
2016-09-28 17:10:00,14.289999961853,14.074935357186792,215.440002441406,19.2399997711182,17.1100006103516,2020.53002929688
2016-09-28 17:20:00,14.6099996566772,14.389790958388318,216.58000183105503,19.2600002288818,17.1200008392334,2042.75
2016-09-28 17:30:00,16.3099994659424,16.064533853863132,216.39999389648395,19.2399997711182,17.1000003814697,2051.42993164063
2016-09-28 17:40:00,15.1700000762939,14.941521123663934,214.55000305175795,19.25,17.1000003814697,1996.88000488281
2016-09-28 17:50:00,14.3400001525879,14.124505106551776,202.740005493164,19.2199993133545,17.1100006103516,2016.77001953125
2016-09-28 18:00:00,13.7700004577637,13.564308403362544,204.6799926757809,19.1399993896484,17.0499992370605,1984.84997558594
2016-09-28 18:10:00,14.8299999237061,14.613642103572172,216.38999938964795,18.8299999237061,17.1299991607666,2028.30004882813
2016-09-28 18:20:00,16.4599990844727,16.22263939048491,224.7299957275389,18.6800003051758,17.1100006103516,2043.81994628906
2016-09-28 18:30:00,16.6599998474121,16.42050634639666,216.559997558594,18.6399993896484,17.1100006103516,2046.78002929688
2016-09-28 18:40:00,17.1499996185303,16.904620947405864,218.17999267578105,18.5799999237061,17.1200008392334,2045.40002441406
2016-09-28 18:50:00,18.0900001525879,17.831579656062114,219.47000122070295,18.5599994659424,17.1100006103516,2048.65991210938
2016-09-28 19:00:00,17.9400005340576,17.68473327063747,218.58999633789097,18.5100002288818,17.1200008392334,2053.1298828125
2016-09-28 19:10:00,17.8500003814697,17.597220491325537,217.940002441406,18.4500007629395,17.1100006103516,2051.40991210938
2016-09-28 19:20:00,16.6399993896484,16.403604735005196,216.61999511718795,18.4899997711182,17.1000003814697,2037.35998535156
2016-09-28 19:30:00,16.0100002288818,15.7821948317736,216.38000488281293,18.5100002288818,17.1100006103516,2024.17004394531
2016-09-28 19:40:00,16.3099994659424,16.07902804940774,217.44999694824196,18.4500007629395,17.1100006103516,2038.2900390625
2016-09-28 19:50:00,16.7999992370605,16.561710164285625,215.66000366210895,18.4699993133545,17.1100006103516,2041.10998535156
2016-09-28 20:00:00,16.25,16.0209771891671,215.33999633789097,18.3899993896484,17.1200008392334,2044.77001953125
2016-09-28 20:10:00,16.9899997711182,16.754379707905603,214.22000122070304,18.1900005340576,17.1100006103516,2050.07006835938
2016-09-28 20:20:00,15.7399997711182,15.524201988796662,218.21000671386693,18.0499992370605,17.1299991607666,2039.57995605469
2016-09-28 20:30:00,17.0300006866455,16.800556345143143,217.589996337891,17.8400001525879,17.1100006103516,2053.40991210938
2016-09-28 20:40:00,16.2900009155273,16.07144709632414,220.02999877929696,17.7900009155273,17.1100006103516,2048.22998046875
2016-09-28 20:50:00,16.6599998474121,16.438365545366572,215.169998168945,17.6900005340576,17.1100006103516,2047.80004882813
2016-09-28 21:00:00,15.0699996948242,14.870881380053854,216.479995727539,17.6100006103516,17.1200008392334,2025.89001464844
2016-09-28 21:10:00,13.0600004196167,12.885962931215795,218.080001831055,17.7099990844727,17.1100006103516,1935.39001464844
2016-09-28 21:20:00,13.5100002288818,13.329966045682347,200.80999755859392,17.7099990844727,17.1200008392334,1959.51000976563
2016-09-28 21:30:00,12.710000038147,12.5433584825218,213.05999755859395,17.5200004577637,17.1100006103516,1847.81994628906
2016-09-28 21:40:00,10.7799997329712,10.638784531695704,216.649993896484,17.5100002288818,17.1000003814697,1545.71997070313
2016-09-28 21:50:00,11.75,11.59581208166526,217.22000122070293,17.5300006866455,17.1000003814697,1745.52001953125
2016-09-28 22:00:00,10.9799995422363,10.834673569412864,217.55000305175795,17.6299991607666,17.0799999237061,1546.31994628906
2016-09-28 22:10:00,10.210000038147,10.072325840583463,220.1799926757809,17.8500003814697,17.0900001525879,1391.19995117188
2016-09-28 22:20:00,9.92000007629395,9.786796882522085,221.86000061035196,17.7999992370605,17.0499992370605,1291.26000976563
2016-09-28 22:30:00,11.8800001144409,11.72047854739623,224.830001831055,17.7999992370605,17.1000003814697,1794.19995117188
2016-09-28 22:40:00,11.8900003433228,11.7300757193603,222.0099945068359,17.8199996948242,17.1000003814697,1771.5400390625
2016-09-28 22:50:00,11.6300001144409,11.471601658487806,224.30999755859392,17.9699993133545,17.1000003814697,1716.69995117188
2016-09-28 23:00:00,12.0900001525879,11.92260691093426,235.229995727539,18.1700000762939,17.1000003814697,1785.73999023438
2016-09-28 23:10:00,14.3199996948242,14.126581599539916,253.05000305175804,17.8700008392334,17.0599994659424,1980.93994140625
2016-09-28 23:20:00,11.3100004196167,11.161330383578084,243.77999877929693,17.5499992370605,17.0200004577637,1638.47998046875
2016-09-28 23:30:00,11.5100002288818,11.35739903358676,227.600006103516,17.6499996185303,17.1000003814697,1609.23999023438
2016-09-28 23:40:00,10.5900001525879,10.446842967214923,254.22999572753892,17.8799991607666,16.9300003051758,1335.16003417969
2016-09-28 23:50:00,10.25,10.113872201055402,250.610000610352,17.6700000762939,17.0599994659424,1394.88000488281
2016-09-29 00:00:00,12.3599996566772,12.204248231778834,242.5700073242189,17.0699996948242,17.1100006103516,1779.10998535156
2016-09-29 00:10:00,15.1000003814697,14.915719973863125,244.020004272461,16.7199993133545,17.1299991607666,1964.77001953125
2016-09-29 00:20:00,16.8999996185303,16.70201479718923,244.72999572753892,16.2900009155273,17.1200008392334,2035.0
2016-09-29 00:30:00,18.5100002288818,18.30011163910993,252.47999572753895,15.960000038147,17.1100006103516,2037.72998046875
2016-09-29 00:40:00,16.4500007629395,16.27041478257927,236.229995727539,15.5900001525879,17.1100006103516,2028.94995117188
2016-09-29 00:50:00,15.4899997711182,15.32514144535392,246.89999389648403,15.3500003814697,17.1100006103516,2029.0
2016-09-29 01:00:00,16.3899993896484,16.21949883210289,243.63000488281295,15.1400003433228,17.1200008392334,2032.63000488281
2016-09-29 01:10:00,16.7399997711182,16.566049808377706,240.4199981689449,15.1300001144409,17.1200008392334,2017.15002441406
2016-09-29 01:20:00,13.6099996566772,13.46514996073106,242.690002441406,15.3500003814697,17.1000003814697,1891.92004394531
2016-09-29 01:30:00,15.5699996948242,15.410167806438848,241.03999328613295,15.0200004577637,17.0599994659424,2015.07995605469
2016-09-29 01:40:00,14.4300003051758,14.28534186551,230.69999694824196,14.8100004196167,17.1200008392334,1981.10998535156
2016-09-29 01:50:00,16.6399993896484,16.476810747019435,237.169998168945,14.6199998855591,17.1100006103516,2049.35009765625
2016-09-29 02:00:00,16.2099990844727,16.053817285549506,236.130004882813,14.4700002670288,17.1200008392334,2035.0400390625
2016-09-29 02:10:00,16.7999992370605,16.64064033086617,240.9299926757809,14.3400001525879,17.1100006103516,2050.4599609375
2016-09-29 02:20:00,16.7800006866455,16.623337493340156,239.96000671386693,14.210000038147,17.1100006103516,2047.03002929688
2016-09-29 02:30:00,15.9799995422363,15.833560879914405,235.74999999999997,14.0600004196167,17.1200008392334,2045.65002441406
2016-09-29 02:40:00,17.9699993133545,17.806771326261376,251.559997558594,13.9899997711182,17.0400009155273,2027.61999511719
2016-09-29 02:50:00,16.1800003051758,16.030984680176147,239.63999938964804,14.1000003814697,17.1299991607666,2030.5400390625
2016-09-29 03:00:00,16.2099990844727,16.063317253522218,249.279998779297,13.960000038147,17.1100006103516,1993.66003417969
2016-09-29 03:10:00,15.75,15.60820550626118,239.89999389648392,13.9200000762939,17.1200008392334,2021.06994628906
2016-09-29 03:20:00,17.4200000762939,17.26417324690207,227.77000427246097,13.8699998855591,17.1100006103516,2050.09008789063
2016-09-29 03:30:00,16.3099994659424,16.162600400148158,240.009994506836,13.9499998092651,17.1100006103516,2049.7099609375
2016-09-29 03:40:00,15.4499998092651,15.311795189641796,241.119995117188,13.8699998855591,17.1100006103516,2020.2099609375
2016-09-29 03:50:00,15.4300003051758,15.292862667113823,236.16000366210895,13.8199996948242,17.1200008392334,2013.06005859375
2016-09-29 04:00:00,15.9499998092651,15.8093424358096,239.809997558594,13.7600002288818,17.1200008392334,2029.92004394531
2016-09-29 04:10:00,14.7799997329712,14.647278153355694,236.91999816894497,13.8999996185303,17.1100006103516,2018.91003417969
2016-09-29 04:20:00,14.6400003433228,14.50954693511132,233.08000183105497,13.8400001525879,17.1100006103516,2037.0400390625
2016-09-29 04:30:00,16.1000003814697,15.958947322583656,234.89999389648403,13.710000038147,17.1299991607666,2050.21997070313
2016-09-29 04:40:00,16.3999996185303,16.25688498166899,249.509994506836,13.6800003051758,16.9899997711182,2011.13000488281
2016-09-29 04:50:00,14.5799999237061,14.450920439507168,240.28999328613293,13.789999961853,17.0699996948242,1972.57995605469
2016-09-29 05:00:00,15.1499996185303,15.018665844795589,247.619995117188,13.6300001144409,17.1000003814697,2036.61999511719
2016-09-29 05:10:00,15.8800001144409,15.743436071648054,234.83000183105497,13.5699996948242,17.1100006103516,2005.44995117188
2016-09-29 05:20:00,15.4799995422363,15.347232250098978,235.940002441406,13.5500001907349,17.1100006103516,2017.82995605469
2016-09-29 05:30:00,14.7299995422363,14.603834572280034,233.350006103516,13.539999961853,17.1200008392334,2019.93994140625
2016-09-29 05:40:00,15.9499998092651,15.81669622848555,233.850006103516,13.3599996566772,17.1200008392334,2039.06994628906
2016-09-29 05:50:00,16.2700004577637,16.135899943432822,231.03999328613293,13.2600002288818,17.1200008392334,2045.80004882813
2016-09-29 06:00:00,16.4500007629395,16.315366127749687,227.149993896484,13.210000038147,17.1100006103516,2051.919921875
2016-09-29 06:10:00,15.7399997711182,15.612448361652229,230.91000366210892,13.1400003433228,17.1100006103516,2052.40991210938
2016-09-29 06:20:00,15.7700004577637,15.644574282839796,230.949996948242,13.0100002288818,17.1100006103516,2050.7099609375
2016-09-29 06:30:00,16.1200008392334,15.990114773820263,228.6600036621089,13.1000003814697,17.1100006103516,2049.580078125
2016-09-29 06:40:00,14.5799999237061,14.4588191437716,223.88000488281293,13.3199996948242,17.1100006103516,2025.59997558594
2016-09-29 06:50:00,15.3000001907349,15.168953067558828,232.7700042724609,13.539999961853,17.1200008392334,2037.69995117188
2016-09-29 07:00:00,15.75,15.614009358887,234.979995727539,13.6000003814697,17.1100006103516,2046.19995117188
2016-09-29 07:10:00,16.1200008392334,15.978401232699172,232.970001220703,13.7299995422363,17.1100006103516,2047.17004394531
2016-09-29 07:20:00,15.6700000762939,15.530007857442936,234.16000366210892,13.8599996566772,17.1100006103516,2020.34997558594
2016-09-29 07:30:00,15.5,15.35920790781204,248.490005493164,13.9899997711182,17.1100006103516,2023.2099609375
2016-09-29 07:40:00,16.4899997711182,16.342302262605187,240.38000488281293,13.8800001144409,17.0100002288818,2011.56994628906
2016-09-29 07:50:00,15.8900003433228,15.751702343337222,233.7100067138669,13.6599998474121,17.1100006103516,2037.86999511719
2016-09-29 08:00:00,14.6199998855591,14.4973059102378,236.8200073242189,13.3900003433228,17.1100006103516,2020.75
2016-09-29 08:10:00,13.2399997711182,13.131484454842692,232.47999572753895,13.2200002670288,17.1100006103516,1985.64001464844
2016-09-29 08:20:00,14.539999961853,14.420494125095232,223.720001220703,13.2399997711182,17.0599994659424,2023.06005859375
2016-09-29 08:30:00,16.7600002288818,16.619733635018935,230.89999389648392,13.3699998855591,17.1100006103516,2047.51000976563
2016-09-29 08:40:00,15.9099998474121,15.771711089185736,232.07000732421895,13.6499996185303,17.1200008392334,2052.2099609375
2016-09-29 08:50:00,18.25,18.08653853439807,234.740005493164,13.8800001144409,17.1100006103516,2053.80004882813
2016-09-29 09:00:00,18.7099990844727,18.540695131493383,237.690002441406,13.960000038147,17.1100006103516,2043.4599609375
2016-09-29 09:10:00,16.7099990844727,16.556294372780368,225.990005493164,14.0900001525879,17.1100006103516,2037.31994628906
2016-09-29 09:20:00,17.7999992370605,17.636268303442534,231.47999572753892,14.0900001525879,17.1100006103516,2051.9599609375
2016-09-29 09:30:00,17.8799991607666,17.7155323584543,235.009994506836,14.0900001525879,17.1299991607666,2056.72998046875
2016-09-29 09:40:00,19.7199993133545,19.54087544488532,234.49999999999997,13.9899997711182,17.1000003814697,2046.16003417969
2016-09-29 09:50:00,15.9300003051758,15.780906879342076,248.800003051758,14.2299995422363,16.9500007629395,1996.30004882813
2016-09-29 10:00:00,15.9099998474121,15.757621673187398,238.289993286133,14.4200000762939,17.1100006103516,2006.78002929688
2016-09-29 10:10:00,15.7700004577637,15.621317430167174,239.779998779297,14.289999961853,17.1200008392334,2023.31994628906
2016-09-29 10:20:00,18.4300003051758,18.260050605852367,239.0200042724609,14.1099996566772,17.1299991607666,1936.7900390625
2016-09-29 10:30:00,19.0200004577637,18.843954171945843,254.82000732421895,14.1400003433228,7.8899998664856,247.539993286133
2016-09-29 10:40:00,20.2299995422363,20.043683969388955,235.440002441406,14.1000003814697,16.5200004577637,1236.27001953125
2016-09-29 10:50:00,19.0900001525879,18.910673355642583,243.380004882813,14.2600002288818,17.1000003814697,1923.93994140625
2016-09-29 11:00:00,16.5200004577637,16.3631077959473,242.77999877929693,14.3500003814697,17.0900001525879,1461.0
2016-09-29 11:10:00,14.7200002670288,14.58104777899889,236.94000244140597,14.3000001907349,17.0400009155273,1739.27001953125
2016-09-29 11:20:00,16.6599998474121,16.497188351776117,241.5700073242189,14.5900001525879,17.1299991607666,1550.9599609375
2016-09-29 11:30:00,17.25,17.082808050244957,245.779998779297,14.5200004577637,17.0100002288818,1546.85998535156
2016-09-29 11:40:00,19.1599998474121,18.975175180052563,251.529998779297,14.4799995422363,15.4099998474121,1051.80004882813
2016-09-29 11:50:00,17.1900005340576,17.01806754418502,251.809997558594,14.789999961853,15.8199996948242,1199.93005371094
2016-09-29 12:00:00,16.8799991607666,16.7088459474296,246.509994506836,14.9099998474121,17.1000003814697,1508.93994140625
2016-09-29 12:10:00,16.7000007629395,16.535649097940148,235.80000305175804,14.6499996185303,17.1200008392334,1435.86999511719
2016-09-29 12:20:00,17.6800003051758,17.507829229993934,249.2100067138669,14.5600004196167,17.0400009155273,1442.27001953125
2016-09-29 12:30:00,18.9099998474121,18.72303129233773,242.28999328613293,14.6899995803833,15.6499996185303,1020.69000244141
2016-09-29 12:40:00,21.8400001525879,21.624813148235347,243.479995727539,14.6599998474121,13.2600002288818,413.589996337891
2016-09-29 12:50:00,19.0,18.81214158778012,248.71000671386705,14.6899995803833,12.75,416.730010986328
2016-09-29 13:00:00,18.2000007629395,17.996117525636823,248.279998779297,15.8400001525879,6.1399998664856,189.339996337891
2016-09-29 13:10:00,17.2999992370605,17.10442272877008,236.119995117188,15.9300003051758,16.8899993896484,1266.06994628906
2016-09-29 13:20:00,17.6399993896484,17.43997591316605,240.2599945068359,15.960000038147,17.1200008392334,2029.43994140625
2016-09-29 13:30:00,17.8700008392334,17.693315050600432,243.8500061035159,14.6899995803833,17.1100006103516,2038.42004394531
2016-09-29 13:40:00,19.1499996185303,18.97825664242704,240.86000061035196,13.8900003433228,17.1100006103516,2035.83996582031
2016-09-29 13:50:00,15.3900003433228,15.25747279495461,238.550003051758,13.5799999237061,17.1000003814697,1952.39001464844
2016-09-29 14:00:00,13.3900003433228,13.267912073603757,241.33999633789105,14.0200004577637,17.1000003814697,1810.01000976563
2016-09-29 14:10:00,16.7399997711182,16.584094802341763,257.540008544922,14.1899995803833,17.1200008392334,1986.58996582031
2016-09-29 14:20:00,15.5100002288818,15.364481277316836,251.740005493164,14.25,17.1100006103516,2016.31994628906
2016-09-29 14:30:00,13.1899995803833,13.063217992119734,246.74000549316395,14.4499998092651,17.0900001525879,1852.83996582031
2016-09-29 14:40:00,13.8299999237061,13.691990396921582,249.0899963378909,14.7700004577637,17.1100006103516,1928.92004394531
2016-09-29 14:50:00,14.6199998855591,14.470924510848308,260.070007324219,14.960000038147,17.1200008392334,1864.91003417969
2016-09-29 15:00:00,15.4099998474121,15.258520334066615,255.42999267578105,14.6400003433228,17.0499992370605,1948.41003417969
2016-09-29 15:10:00,15.7299995422363,15.578803606770473,263.429992675781,14.4499998092651,17.0599994659424,2020.77001953125
2016-09-29 15:20:00,12.6300001144409,12.505847856826811,252.49999999999997,14.6400003433228,17.0799999237061,1748.58996582031
2016-09-29 15:30:00,11.3299999237061,11.2162886656023,252.1000061035159,14.8199996948242,17.0400009155273,1589.10998535156
2016-09-29 15:40:00,13.9499998092651,13.81831589986627,264.75,14.3000001907349,17.0300006866455,1809.58996582031
2016-09-29 15:50:00,13.8000001907349,13.672745397232804,256.769989013672,14.1099996566772,17.1000003814697,1943.22998046875
2016-09-29 16:00:00,12.5799999237061,12.46182647824467,257.730010986328,14.2600002288818,17.1000003814697,1792.61999511719
2016-09-29 16:10:00,11.3999996185303,11.294613975609645,250.02999877929693,14.1300001144409,17.1000003814697,1681.34997558594
2016-09-29 16:20:00,12.0600004196167,11.9533698305124,248.83000183105491,13.7799997329712,17.0400009155273,1746.41003417969
2016-09-29 16:30:00,9.9399995803833,9.851655572746855,249.229995727539,13.8199996948242,16.8400001525879,1278.09997558594
2016-09-29 16:40:00,11.2600002288818,11.16225871210041,254.30999755859395,13.6400003433228,17.0400009155273,1578.16003417969
2016-09-29 16:50:00,10.539999961853,10.452762286205743,250.690002441406,13.289999961853,17.0599994659424,1473.55004882813
2016-09-29 17:00:00,11.7399997711182,11.64540533570661,245.2100067138669,13.1000003814697,17.0799999237061,1712.23999023438
2016-09-29 17:10:00,10.3699998855591,10.286204601978936,245.479995727539,13.1199998855591,17.0200004577637,1377.06994628906
2016-09-29 17:20:00,10.7600002288818,10.677655751257571,245.199996948242,12.75,16.9699993133545,1482.93005371094
2016-09-29 17:30:00,10.5600004196167,10.47906432929106,243.289993286133,12.7600002288818,17.0100002288818,1443.55004882813
2016-09-29 17:40:00,10.539999961853,10.46080287388964,248.399993896484,12.6300001144409,17.0,1495.43005371094
2016-09-29 17:50:00,9.4399995803833,9.371801456870635,250.720001220703,12.3800001144409,16.9400005340576,1179.4599609375
2016-09-29 18:00:00,9.60999965667725,9.53945986944932,234.61999511718804,12.4799995422363,17.0200004577637,1223.93994140625
2016-09-29 18:10:00,9.48999977111816,9.421990432380166,241.279998779297,12.3299999237061,16.9300003051758,1213.33996582031
2016-09-29 18:20:00,10.6199998855591,10.547835049482682,253.110000610352,12.0100002288818,17.0900001525879,1509.42004394531
2016-09-29 18:30:00,11.5799999237061,11.500773991928908,240.4700012207029,12.0500001907349,17.1000003814697,1711.75
2016-09-29 18:40:00,10.6700000762939,10.597123875862582,244.100006103516,12.039999961853,17.0699996948242,1514.75
2016-09-29 18:50:00,9.25,9.187037171363446,250.53999328613295,12.0200004577637,16.5499992370605,1077.93005371094
2016-09-29 19:00:00,9.1899995803833,9.128298852004823,245.55999755859392,11.9399995803833,16.6900005340576,1123.05004882813
2016-09-29 19:10:00,8.43000030517578,8.374479348582529,244.38000488281293,11.8299999237061,16.1900005340576,871.380004882813
2016-09-29 19:20:00,7.71999979019165,7.664138121341789,241.47999572753895,12.3900003433228,15.3900003433228,704.989990234375
2016-09-29 19:30:00,8.09000015258789,8.028275951275274,236.33999633789097,12.7299995422363,15.8599996566772,781.119995117188
2016-09-29 19:40:00,8.92000007629395,8.854628385768175,234.419998168945,12.4700002670288,16.6299991607666,1035.60998535156
2016-09-29 19:50:00,7.84999990463257,7.800215345715965,235.899993896484,11.6199998855591,15.4499998092651,703.090026855469
2016-09-29 20:00:00,6.82999992370605,6.785492992149655,237.429992675781,11.7700004577637,13.5100002288818,450.899993896484
2016-09-29 20:10:00,7.6399998664856,7.585602708423452,231.13000488281293,12.289999961853,15.0699996948242,644.739990234375
2016-09-29 20:20:00,7.65999984741211,7.603596074181291,233.070007324219,12.5,15.0900001525879,647.869995117188
2016-09-29 20:30:00,8.48999977111816,8.429058433093644,248.119995117188,12.3400001525879,16.1399993896484,868.559997558594
2016-09-29 20:40:00,8.47999954223633,8.42681140600011,239.479995727539,11.5600004196167,16.2299995422363,883.590026855469
2016-09-29 20:50:00,8.76000022888184,8.707299213593139,235.41999816894503,11.3400001525879,16.4400005340576,943.72998046875
2016-09-29 21:00:00,9.52000045776367,9.463059848170742,239.0899963378909,11.3100004196167,16.9899997711182,1188.63000488281
2016-09-29 21:10:00,7.86999988555908,7.823661692073574,238.119995117188,11.2299995422363,15.1899995803833,719.919982910156
2016-09-29 21:20:00,7.90999984741211,7.85790367395039,234.029998779297,11.8299999237061,15.2700004577637,702.840026855469
2016-09-29 21:30:00,8.17000007629395,8.113629936984042,241.36000061035196,12.1000003814697,16.2000007629395,860.960021972656
2016-09-29 21:40:00,8.27999973297119,8.222486312302548,242.67999267578097,12.1400003433228,16.2299995422363,856.109985351563
2016-09-29 21:50:00,8.73999977111816,8.687215516340881,238.72999572753892,11.3599996566772,16.2700004577637,935.049987792969
2016-09-29 22:00:00,9.3100004196167,9.255075086224997,237.690002441406,11.2399997711182,16.7000007629395,1075.2900390625
2016-09-29 22:10:00,8.36999988555908,8.320327620936471,228.690002441406,11.2700004577637,15.7200002670288,803.190002441406
2016-09-29 22:20:00,8.22999954223633,8.176656666984332,230.0899963378909,11.7399997711182,15.7299995422363,789.950012207031
2016-09-29 22:30:00,8.13000011444092,8.07418903384495,227.070007324219,12.0699996948242,16.0799999237061,807.5
2016-09-29 22:40:00,7.65000009536743,7.600060817216665,226.979995727539,11.7799997329712,14.9099998474121,622.539978027344
2016-09-29 22:50:00,8.11999988555908,8.063974730054671,234.49999999999997,12.1000003814697,15.8900003433228,795.719970703125
2016-09-29 23:00:00,7.55000019073486,7.5003627493628064,229.649993896484,11.8199996948242,15.039999961853,648.619995117188
2016-09-29 23:10:00,7.71000003814697,7.662628454172303,234.119995117188,11.4499998092651,15.2200002670288,679.489990234375
2016-09-29 23:20:00,8.21000003814697,8.159747506320409,258.079986572266,11.4300003051758,15.7200002670288,784.080017089844
2016-09-29 23:30:00,7.11999988555908,7.072858566201817,236.0899963378909,11.8599996566772,14.1700000762939,531.900024414063
2016-09-29 23:40:00,7.26000022888184,7.2089822332698095,241.509994506836,12.210000038147,14.1999998092651,568.330017089844
2016-09-29 23:50:00,8.64999961853027,8.589815799302658,245.600006103516,12.1499996185303,16.5900001525879,957.400024414063
2016-09-30 00:00:00,8.57999992370605,8.52738278790969,244.77000427246097,11.4399995803833,16.1299991607666,887.299987792969
2016-09-30 00:10:00,7.82000017166138,7.77377413514801,235.440002441406,11.25,14.8400001525879,635.349975585938
2016-09-30 00:20:00,8.19999980926514,8.14799555721673,245.800003051758,11.6199998855591,15.9499998092651,813.72998046875
2016-09-30 00:30:00,8.96000003814697,8.89994755721704,240.57000732421903,11.9300003051758,16.3199996948242,1007.61999511719
2016-09-30 00:40:00,9.39999961853027,9.342244382591508,238.970001220703,11.4499998092651,16.7299995422363,1133.19995117188
2016-09-30 00:50:00,9.02000045776367,8.970888640762025,239.2700042724609,10.8500003814697,16.3700008392334,972.869995117188
2016-09-30 01:00:00,8.02999973297119,7.986278241020543,240.80000305175804,10.8500003814697,15.4200000762939,728.169982910156
2016-09-30 01:10:00,7.6399998664856,7.594036882553039,239.8300018310549,11.3400001525879,14.8500003814697,635.719970703125
2016-09-30 01:20:00,7.51999998092651,7.471521246059097,237.3500061035159,11.710000038147,14.6800003051758,592.349975585938
2016-09-30 01:30:00,7.17999982833862,7.1328783818290535,237.800003051758,11.8100004196167,14.039999961853,520.419982910156
2016-09-30 01:40:00,7.65000009536743,7.600327567881015,222.660003662109,11.75,14.9799995422363,633.320007324219
2016-09-30 01:50:00,7.01000022888184,6.9700330947429645,233.16000366210892,11.0699996948242,13.6700000762939,472.109985351563
2016-09-30 02:00:00,6.17999982833862,6.146856227710992,217.259994506836,10.7799997329712,11.7200002670288,268.140014648438
2016-09-30 02:10:00,5.94999980926514,5.914619867674364,204.50999450683597,11.2799997329712,11.75,269.429992675781
2016-09-30 02:20:00,5.8899998664856,5.853742118952657,216.25,11.460000038147,11.8599996566772,277.899993896484
2016-09-30 02:30:00,5.88000011444092,5.843188072134857,222.309997558594,11.5500001907349,11.7299995422363,271.059997558594
2016-09-30 02:40:00,5.3899998664856,5.355440483647556,211.550003051758,11.6800003051758,11.1999998092651,197.779998779297
2016-09-30 02:50:00,5.65000009536743,5.613839353993095,213.529998779297,11.6700000762939,11.5299997329712,258.040008544922
2016-09-30 03:00:00,6.46999979019165,6.433790611665603,229.110000610352,10.9799995422363,12.5,346.579986572266
2016-09-30 03:10:00,6.32000017166138,6.286770073748573,207.74000549316392,10.6899995803833,12.1999998092651,316.320007324219
2016-09-30 03:20:00,6.1399998664856,6.10470662159163,211.8600006103519,11.1099996566772,12.1700000762939,312.660003662109
2016-09-30 03:30:00,6.34000015258789,6.3016365969774295,206.72000122070293,11.3699998855591,12.289999961853,323.769989013672
2016-09-30 03:40:00,6.57999992370605,6.539801052621038,210.800003051758,11.4200000762939,13.0100002288818,394.480010986328
2016-09-30 03:50:00,6.3899998664856,6.350812979107592,213.899993896484,11.4399995803833,12.8999996185303,384.390014648438
2016-09-30 04:00:00,6.98000001907349,6.939878381387839,209.25,11.1099996566772,13.8500003814697,485.239990234375
2016-09-30 04:10:00,6.80000019073486,6.765517761570489,213.66000366210892,10.5299997329712,13.5500001907349,456.040008544922
2016-09-30 04:20:00,6.84999990463257,6.814303222360967,187.4199981689449,10.6499996185303,13.3299999237061,431.529998779297
2016-09-30 04:30:00,5.94999980926514,5.9163537705731,197.0,11.0299997329712,12.2600002288818,322.649993896484
2016-09-30 04:40:00,6.71000003814697,6.671665092551336,201.490005493164,11.0799999237061,14.1300001144409,521.419982910156
2016-09-30 04:50:00,7.01999998092651,6.98030330890165,194.880004882813,11.0299997329712,14.1899995803833,525.5
2016-09-30 05:00:00,7.46999979019165,7.430984887316654,191.99000549316392,10.6599998474121,14.710000038147,589.950012207031
2016-09-30 05:10:00,7.38000011444092,7.349578358237131,191.89999389648395,9.72000026702881,14.6000003814697,579.890014648438
2016-09-30 05:20:00,7.55999994277954,7.531055491628775,207.309997558594,9.47000026702881,15.1999998092651,662.030029296875
2016-09-30 05:30:00,7.5,7.465741983693356,218.03999328613293,10.1000003814697,15.2799997329712,671.97998046875
2016-09-30 05:40:00,7.34000015258789,7.302951037075216,212.77999877929696,10.5100002288818,14.8599996566772,611.099975585938
2016-09-30 05:50:00,7.57000017166138,7.530905256989597,216.190002441406,10.6099996566772,15.6899995803833,730.119995117188
2016-09-30 06:00:00,7.61999988555908,7.587694783225128,217.600006103516,9.81999969482422,15.8000001907349,747.27001953125
2016-09-30 06:10:00,7.34000015258789,7.3121567420652065,216.3300018310549,9.4399995803833,15.0799999237061,644.25
2016-09-30 06:20:00,7.51999998092651,7.486972467549564,227.470001220703,9.94999980926514,15.1800003051758,657.710021972656
2016-09-30 06:30:00,7.53999996185303,7.502823110189555,227.550003051758,10.4099998474121,15.75,740.75
2016-09-30 06:40:00,7.8600001335144,7.818948306149,229.259994506836,10.6599998474121,16.2600002288818,822.070007324219
2016-09-30 06:50:00,7.92999982833862,7.894428066792605,222.86999511718795,10.0299997329712,16.0799999237061,791.549987792969
2016-09-30 07:00:00,8.35999965667725,8.326126892048206,218.25000000000003,9.65999984741211,16.5900001525879,875.780029296875
2016-09-30 07:10:00,8.0,7.964958133255651,216.39999389648395,9.9399995803833,15.9700002670288,789.02001953125
2016-09-30 07:20:00,7.73999977111816,7.700750655477917,212.91000366210892,10.5299997329712,15.2700004577637,671.650024414063
2016-09-30 07:30:00,7.19999980926514,7.160965580574047,208.27999877929693,10.8299999237061,12.789999961853,471.600006103516
2016-09-30 07:40:00,6.59999990463257,6.562139485431913,219.92999267578097,11.1000003814697,5.8899998664856,150.210006713867
2016-09-30 07:50:00,6.53000020980835,6.490334880672,211.130004882813,11.3900003433228,12.8000001907349,375.600006103516
2016-09-30 08:00:00,6.82000017166138,6.777303210783782,214.25,11.5500001907349,13.4200000762939,438.320007324219
2016-09-30 08:10:00,6.96999979019165,6.926039397834445,228.009994506836,11.5900001525879,13.4799995422363,446.480010986328
2016-09-30 08:20:00,7.73999977111816,7.69406627983183,217.960006713867,11.2700004577637,14.8000001907349,610.440002441406
2016-09-30 08:30:00,8.39000034332275,8.340893720014183,223.22000122070295,11.1999998092651,15.9899997711182,863.630004882813
2016-09-30 08:40:00,7.55999994277954,7.511702866702328,226.289993286133,11.6599998474121,14.9499998092651,632.739990234375
2016-09-30 08:50:00,8.17000007629395,8.112871574797635,221.940002441406,12.1800003051758,15.9099998474121,791.219970703125
2016-09-30 09:00:00,8.5600004196167,8.497267045900832,214.850006103516,12.4700002670288,16.1399993896484,832.840026855469
2016-09-30 09:10:00,8.60999965667725,8.549394980124065,219.85000610351597,12.2200002670288,16.1800003051758,892.159973144531
2016-09-30 09:20:00,8.44999980926514,8.392482415754905,225.38000488281293,12.0200004577637,16.0100002288818,824.940002441406
2016-09-30 09:30:00,8.8100004196167,8.747272802636527,230.3399963378909,12.289999961853,16.2600002288818,1028.34997558594
2016-09-30 09:40:00,9.47000026702881,9.401804934408226,226.440002441406,12.3599996566772,16.7199993133545,1191.16003417969
2016-09-30 09:50:00,9.97000026702881,9.895894172571236,228.029998779297,12.5600004196167,17.1000003814697,1397.91003417969
2016-09-30 10:00:00,10.5,10.420617309452885,226.91999816894497,12.6700000762939,17.1000003814697,1522.28002929688
2016-09-30 10:10:00,9.60000038146973,9.525866852597444,227.690002441406,12.8100004196167,16.6700000762939,1191.38000488281
2016-09-30 10:20:00,9.19999980926514,9.120988135884796,229.940002441406,13.5600004196167,16.7199993133545,1155.94995117188
2016-09-30 10:30:00,8.56999969482422,8.491071151147832,236.889999389648,14.1000003814697,16.2299995422363,910.140014648438
2016-09-30 10:40:00,9.21000003814697,9.122637204886171,238.259994506836,14.3400001525879,13.5200004577637,848.890014648438
2016-09-30 10:50:00,9.18000030517578,9.090287844592735,243.699996948242,14.5900001525879,0.0900000035762787,-8.10999965667725
2016-09-30 11:00:00,8.31999969482422,8.24136576656364,205.80999755859392,14.3100004196167,0.0199999995529652,-5.03999996185303
2016-09-30 11:10:00,8.48999977111816,8.403916192071865,250.380004882813,14.9099998474121,0.0199999995529652,-1.41999995708466
2016-09-30 11:20:00,9.44999980926514,9.355589986903324,247.770004272461,14.7799997329712,0.0,-1.37999999523163
2016-09-30 11:30:00,9.32999992370605,9.238286499828646,252.5700073242189,14.6400003433228,0.0,-1.41999995708466
2016-09-30 11:40:00,9.47000026702881,9.376150515716969,253.610000610352,14.710000038147,0.0,-1.38999998569489
2016-09-30 11:50:00,10.8199996948242,10.71041523545776,253.13999938964795,14.8999996185303,0.0,-1.41999995708466
2016-09-30 12:00:00,10.6700000762939,10.561201562477985,255.91000366210895,14.960000038147,0.0,-1.46000003814697
2016-09-30 12:10:00,11.0,10.889600719544166,256.269989013672,14.8199996948242,0.0399999991059303,-1.47000002861023
2016-09-30 12:20:00,9.47000026702881,9.373654670119038,251.729995727539,14.9399995803833,0.140000000596046,-1.21000003814697
2016-09-30 12:30:00,9.1899995803833,9.095029609550636,299.570007324219,15.0799999237061,0.0700000002980232,-2.21000003814697
2016-09-30 12:40:00,6.76999998092651,6.697715485990986,250.05999755859403,15.3800001144409,5.05999994277954,149.970001220703
2016-09-30 12:50:00,9.06999969482422,8.968807973972863,225.509994506836,15.8000001907349,15.75,1012.47998046875
2016-09-30 13:00:00,9.69999980926514,9.590230727873776,232.05000305175795,15.9399995803833,17.0,1257.72998046875
2016-09-30 13:10:00,7.84999990463257,7.759466608450796,252.17999267578105,16.1299991607666,14.8199996948242,618.919982910156
2016-09-30 13:20:00,8.55000019073486,8.453927359749226,231.28999328613293,15.8699998855591,16.0699996948242,863.809997558594
2016-09-30 13:30:00,8.31999969482422,8.231260674521494,241.4199981689449,15.3699998855591,15.0,780.440002441406
2016-09-30 13:40:00,8.43000030517578,8.339221031500935,242.78999328613295,15.460000038147,15.9399995803833,817.679992675781
2016-09-30 13:50:00,8.68000030517578,8.586925602883635,241.13999938964795,15.4200000762939,16.2700004577637,904.969970703125
2016-09-30 14:00:00,9.78999996185303,9.684351710046524,256.399993896484,15.4799995422363,17.0200004577637,1308.17004394531
2016-09-30 14:10:00,7.90000009536743,7.810780654475648,227.970001220703,15.9200000762939,14.6999998092651,638.080017089844
2016-09-30 14:20:00,8.97000026702881,8.866345782747004,244.9100036621089,16.1499996185303,16.5699996948242,1014.61999511719
2016-09-30 14:30:00,9.35999965667725,9.256960938634895,248.350006103516,15.6700000762939,16.6700000762939,1096.5
2016-09-30 14:40:00,7.65999984741211,7.578125115811832,263.9100036621089,15.3900003433228,14.8800001144409,677.570007324219
2016-09-30 14:50:00,7.48999977111816,7.407974290732012,280.359985351563,15.6199998855591,14.3299999237061,545.049987792969
2016-09-30 15:00:00,6.67000007629395,6.592392005740417,249.800003051758,16.2199993133545,13.0500001907349,396.989990234375
2016-09-30 15:10:00,6.28000020980835,6.205500606994932,252.270004272461,16.4200000762939,12.3400001525879,331.670013427734
2016-09-30 15:20:00,6.11999988555908,6.047746468072192,245.619995117188,16.3700008392334,11.7399997711182,266.519989013672
2016-09-30 15:30:00,5.55999994277954,5.495117262609303,247.88999938964804,16.25,11.1300001144409,176.990005493164
2016-09-30 15:40:00,5.3899998664856,5.330418469224144,245.639999389648,15.710000038147,11.1000003814697,142.429992675781
2016-09-30 15:50:00,5.09000015258789,5.033270358312484,244.72999572753892,15.789999961853,10.9499998092651,121.379997253418
2016-09-30 16:00:00,4.34999990463257,4.298989814090961,264.329986572266,16.2999992370605,10.8599996566772,55.4500007629395
2016-09-30 16:10:00,6.15000009536743,6.076902776747415,261.1600036621089,16.4400005340576,11.9200000762939,259.790008544922
2016-09-30 16:20:00,6.63000011444092,6.55217824117739,258.320007324219,16.3099994659424,13.1700000762939,408.989990234375
2016-09-30 16:30:00,5.84999990463257,5.782332531961259,255.240005493164,16.1599998474121,11.3800001144409,235.770004272461
2016-09-30 16:40:00,5.15000009536743,5.095306971375416,251.410003662109,15.3299999237061,10.8599996566772,125.699996948242
2016-09-30 16:50:00,4.84000015258789,4.790315735161044,256.859985351563,15.0200004577637,10.8199996948242,103.919998168945
2016-09-30 17:00:00,4.88000011444092,4.828062821962951,248.25,15.3500003814697,10.8100004196167,103.650001525879
2016-09-30 17:10:00,4.53000020980835,4.480752753426704,249.990005493164,15.5500001907349,10.8100004196167,59.2099990844727
2016-09-30 17:20:00,3.69000005722046,3.649842439143157,262.850006103516,15.5600004196167,10.8100004196167,1.76999998092651
2016-09-30 17:30:00,4.05000019073486,4.0062948340817055,255.75,15.4799995422363,10.8199996948242,19.3099994659424
2016-09-30 17:40:00,3.96000003814697,3.9178994720584366,261.089996337891,15.3400001525879,10.8100004196167,22.8700008392334
2016-09-30 17:50:00,5.01000022888184,4.961901879171137,260.76000976562494,14.4399995803833,10.8100004196167,142.699996948242
2016-09-30 18:00:00,5.76000022888184,5.709403844044089,258.350006103516,13.7299995422363,11.460000038147,243.639999389648
2016-09-30 18:10:00,5.48000001907349,5.430223201791205,259.309997558594,13.9899997711182,11.0200004577637,206.580001831055
2016-09-30 18:20:00,5.30999994277954,5.260119100772874,248.279998779297,14.2600002288818,10.8100004196167,151.800003051758
2016-09-30 18:30:00,5.19000005722046,5.141246464817728,231.009994506836,14.2600002288818,10.8100004196167,130.149993896484
2016-09-30 18:40:00,4.53999996185303,4.497508804625762,246.66999816894497,14.2299995422363,10.8100004196167,107.319999694824
2016-09-30 18:50:00,4.03000020980835,3.992282286024272,248.369995117188,14.2299995422363,10.8100004196167,42.0800018310547
2016-09-30 19:00:00,2.86999988555908,2.845120154530728,255.710006713867,13.6300001144409,2.09999990463257,-8.60999965667725
2016-09-30 19:10:00,2.17000007629395,2.15336832296037,256.75,12.7600002288818,0.0,-3.00999999046326
2016-09-30 19:20:00,1.39999997615814,1.3901455569812786,231.5899963378909,12.2200002670288,0.0,-2.98000001907349
2016-09-30 19:30:00,1.62000000476837,1.6091799345715012,226.02000427246097,11.9099998474121,0.0,-3.24000000953674
2016-09-30 19:40:00,2.60999989509583,2.5930527983752434,241.839996337891,11.75,0.0,-2.94000005722046
2016-09-30 19:50:00,3.73000001907349,3.706257659640159,244.49000549316395,11.6400003433228,4.01000022888184,-3.41000008583069
2016-09-30 20:00:00,2.92000007629395,2.9002598555320187,236.7499999999999,11.9799995422363,4.51999998092651,-5.01999998092651
2016-09-30 20:10:00,2.36999988555908,2.353620215065581,241.13000488281295,12.1099996566772,0.930000007152557,-1.20000004768372
2016-09-30 20:20:00,2.26999998092651,2.254337776035031,236.7299957275389,12.1000003814697,0.910000026226044,-1.23000001907349
2016-09-30 20:30:00,3.1800000667572,3.1583175525779543,249.41999816894491,12.0299997329712,1.33000004291534,-1.17999994754791
2016-09-30 20:40:00,3.30999994277954,3.287815377199678,259.8500061035161,11.9300003051758,1.46000003814697,-1.23000001907349
2016-09-30 20:50:00,2.24000000953674,2.225325199620831,254.889999389648,11.8000001907349,1.0900000333786,-1.42999994754791
2016-09-30 21:00:00,3.08999991416931,3.070043871227709,252.110000610352,11.7200002670288,1.29999995231628,-1.50999999046326
2016-09-30 21:10:00,2.01999998092651,2.007142188605535,231.710006713867,11.6400003433228,0.829999983310699,-1.49000000953674
2016-09-30 21:20:00,1.80999994277954,1.7988789876745732,246.5200042724609,11.4499998092651,0.740000009536743,-1.54999995231628
2016-09-30 21:30:00,2.30999994277954,2.2959951555551075,248.449996948242,11.3800001144409,1.01999998092651,-1.46000003814697
2016-09-30 21:40:00,2.94000005722046,2.922107318787586,251.279998779297,11.3999996185303,1.27999997138977,-1.61000001430511
2016-09-30 21:50:00,2.59999990463257,2.58417639534221,233.649993896484,11.3999996185303,1.04999995231628,-1.58000004291534
2016-09-30 22:00:00,2.15000009536743,2.1369903719863577,202.07000732421895,11.3699998855591,0.230000004172325,-1.12999999523163
2016-09-30 22:10:00,2.60999989509583,2.594875684352975,205.949996948242,11.1499996185303,0.310000002384186,-1.11000001430511
2016-09-30 22:20:00,3.34999990463257,3.3307828739440506,170.25,11.1000003814697,1.5900000333786,-2.24000000953674
2016-09-30 22:30:00,3.5699999332428,3.5490215365825333,202.24999999999997,11.2200002670288,6.76000022888184,-0.319999992847443
2016-09-30 22:40:00,2.78999996185303,2.773377536825201,209.44999694824196,11.289999961853,1.08000004291534,-1.23000001907349
2016-09-30 22:50:00,3.03999996185303,3.0226321179654243,214.539993286133,11.0799999237061,1.16999995708466,-1.23000001907349
2016-09-30 23:00:00,3.25999999046326,3.241755488843871,199.550003051758,10.9799995422363,1.13999998569489,-1.25
2016-09-30 23:10:00,3.54999995231628,3.5297598211244643,232.30999755859392,11.0699996948242,1.42999994754791,-1.79999995231628
2016-09-30 23:20:00,4.23999977111816,4.215281905419864,218.330001831055,11.1800003051758,10.6499996185303,33.3600006103516
2016-09-30 23:30:00,3.3199999332428,3.2997945287371846,219.009994506836,11.3999996185303,8.31999969482422,-10.1000003814697
2016-09-30 23:40:00,3.49000000953674,3.468759990459868,201.190002441406,11.3999996185303,3.25999999046326,-1.5900000333786
2016-09-30 23:50:00,4.1100001335144,4.084795420569044,234.7100067138669,11.4399995803833,10.8100004196167,25.8500003814697
2016-10-01 00:00:00,3.83999991416931,3.816450986577411,231.47999572753892,11.4399995803833,10.8100004196167,14.5100002288818
2016-10-01 00:10:00,3.71000003814697,3.687421106522297,229.41999816894491,11.3999996185303,10.8100004196167,3.70000004768372
2016-10-01 00:20:00,3.80999994277954,3.787078611730671,244.25,11.3400001525879,10.8100004196167,7.98000001907349
2016-10-01 00:30:00,4.05000019073486,4.02544634123913,236.89999389648403,11.3800001144409,10.8100004196167,32.4000015258789
2016-10-01 00:40:00,4.55000019073486,4.522203097539589,227.440002441406,11.4200000762939,10.8100004196167,50.3800010681152
2016-10-01 00:50:00,4.23000001907349,4.204650461903823,229.32000732421892,11.3199996948242,10.8100004196167,46.0099983215332
2016-10-01 01:00:00,3.76999998092651,3.7485494918984656,244.880004882813,11.0600004196167,10.8100004196167,8.39000034332275
2016-10-01 01:10:00,4.07000017166138,4.047649940329609,238.279998779297,10.8900003433228,10.8100004196167,16.3500003814697
2016-10-01 01:20:00,2.92000007629395,2.90369243821668,247.600006103516,10.9700002670288,5.40000009536743,-5.76000022888184
2016-10-01 01:30:00,0.899999976158142,0.895152220065436,245.899993896484,10.8000001907349,0.569999992847443,-1.37999999523163
2016-10-01 01:40:00,1.33000004291534,1.3231468614835913,254.190002441406,10.6000003814697,0.649999976158142,-1.24000000953674
2016-10-01 01:50:00,1.49000000953674,1.4827405459919198,227.440002441406,10.3599996566772,0.629999995231628,-1.12999999523163
2016-10-01 02:00:00,1.96000003814697,1.950588287849789,245.58000183105497,10.3000001907349,0.850000023841858,-1.48000001907349
2016-10-01 02:10:00,2.32999992370605,2.3188114660287207,238.80999755859395,10.3000001907349,0.800000011920929,-2.07999992370605
2016-10-01 02:20:00,2.32999992370605,2.3187024007673025,226.03999328613295,10.3400001525879,0.670000016689301,-2.05999994277954
2016-10-01 02:30:00,1.83000004291534,1.821298218150242,240.50999450683588,10.2600002288818,0.0,-1.05999994277954
2016-10-01 02:40:00,2.16000008583069,2.1498808063919013,261.489990234375,10.1999998092651,0.0,-1.07000005245209
2016-10-01 02:50:00,3.09999990463257,3.0854405681516845,272.190002441406,10.210000038147,0.0,-1.92999994754791
2016-10-01 03:00:00,3.16000008583069,3.144604176248213,253.389999389648,10.3599996566772,0.0,-1.0900000333786
2016-10-01 03:10:00,2.11999988555908,2.109596576000158,247.690002441406,10.3900003433228,0.0,-1.21000003814697
2016-10-01 03:20:00,1.36000001430511,1.35334210326617,238.449996948242,10.3800001144409,0.0,-1.42999994754791
2016-10-01 03:30:00,0.419999986886978,0.4179340409408532,199.83000183105497,10.3999996185303,0.0,-1.26999998092651
2016-10-01 03:40:00,0.419999986886978,0.4179979305390263,245.860000610352,10.2700004577637,0.0,-1.1599999666214
2016-10-01 03:50:00,0.180000007152557,0.1791567338659913,10.470000267028809,10.1999998092651,0.0,-1.44000005722046
2016-10-01 04:00:00,0.340000003576279,0.338407154081528,2.140000104904175,10.1999998092651,0.0,-1.35000002384186
2016-10-01 04:10:00,0.759999990463257,0.7564306046803447,353.329986572266,10.210000038147,0.0,-1.17999994754791
2016-10-01 04:20:00,0.689999997615814,0.6867270590452628,6.789999961853027,10.25,0.0,-1.51999998092651
2016-10-01 04:30:00,0.509999990463257,0.5076107162909402,9.140000343322754,10.1999998092651,0.0,-1.04999995231628
2016-10-01 04:40:00,0.46000000834465,0.4579204065026914,196.710006713867,10.0600004196167,0.0,-1.19000005722046
2016-10-01 04:50:00,1.0,0.9955728781506776,37.38000106811518,9.97999954223633,0.0,-1.47000002861023
2016-10-01 05:00:00,1.86000001430511,1.8516129834776445,50.81999969482422,10.0500001907349,0.0,-1.26999998092651
2016-10-01 05:10:00,1.67999994754791,1.6721293974317746,52.63000106811518,10.1999998092651,0.0,-1.16999995708466
2016-10-01 05:20:00,1.50999999046326,1.502766774335195,63.130001068115234,10.289999961853,0.0,-1.38999998569489
2016-10-01 05:30:00,1.70000004768372,1.6918367948048472,47.25,10.3000001907349,0.0,-1.25999999046326
2016-10-01 05:40:00,2.03999996185303,2.0302040588563286,36.7400016784668,10.3000001907349,0.0,-1.25
2016-10-01 05:50:00,1.91999995708466,1.91060055357394,31.06999969482422,10.3800001144409,0.0,-1.41999995708466
2016-10-01 06:00:00,1.22000002861023,1.2140703116368,38.08000183105469,10.3500003814697,0.0,-1.28999996185303
2016-10-01 06:10:00,0.550000011920929,0.547358959535777,46.75,10.3000001907349,0.0,-1.22000002861023
2016-10-01 06:20:00,0.689999997615814,0.686686677434068,39.77999877929688,10.3000001907349,0.0,-1.53999996185303
2016-10-01 06:30:00,1.8400000333786,1.831164512703133,20.07999992370611,10.3000001907349,0.0,-1.29999995231628
2016-10-01 06:40:00,2.48000001907349,2.4678591225073983,6.289999961853027,10.3800001144409,0.0,-1.25
2016-10-01 06:50:00,2.86999988555908,2.8555469365627446,1.9800000190734863,10.5,0.0,-1.42999994754791
2016-10-01 07:00:00,2.50999999046326,2.4970665432652983,7.730000019073486,10.6000003814697,0.0,-1.23000001907349
2016-10-01 07:10:00,2.38000011444092,2.367541855548295,9.380000114440918,10.6700000762939,0.0,-1.19000005722046
2016-10-01 07:20:00,2.22000002861023,2.207757178208885,22.43000030517578,10.9099998474121,0.0,-1.50999999046326
2016-10-01 07:30:00,2.5699999332428,2.554897838277926,41.04999923706049,11.2200002670288,0.0,-1.26999998092651
2016-10-01 07:40:00,2.36999988555908,2.355465782187905,37.5,11.4399995803833,0.0,-1.07000005245209
2016-10-01 07:50:00,2.47000002861023,2.4544789943003384,34.2400016784668,11.5699996948242,0.0,-1.41999995708466
2016-10-01 08:00:00,2.57999992370605,2.5633975892772085,28.42000007629389,11.6999998092651,0.0,-1.11000001430511
2016-10-01 08:10:00,2.66000008583069,2.6428829492757897,22.11000061035162,11.6999998092651,0.0,-1.12000000476837
2016-10-01 08:20:00,2.58999991416931,2.5733332296664897,20.979999542236328,11.6999998092651,0.0,-1.52999997138977
2016-10-01 08:30:00,2.71000003814697,2.6925296427117003,16.45000076293951,11.710000038147,0.0,-1.19000005722046
2016-10-01 08:40:00,2.88000011444092,2.8611325010224915,54.29999923706049,11.8000001907349,0.0,-2.50999999046326
2016-10-01 08:50:00,2.72000002861023,2.701548712771888,0.699999988079071,12.0,0.0,-1.4099999666214
2016-10-01 09:00:00,2.73000001907349,2.711480867580561,0.9100000262260436,12.0,0.0,-1.23000001907349
2016-10-01 09:10:00,2.98000001907349,2.959784974598552,4.730000019073486,12.0,0.0,-0.980000019073486
2016-10-01 09:20:00,3.17000007629395,3.1484961527645257,2.3499999046325684,12.0,0.0,-1.42999994754791
2016-10-01 09:30:00,3.0,2.9793358673276056,357.100006103516,12.0900001525879,0.0,-1.24000000953674
2016-10-01 09:40:00,3.01999998092651,2.997937391586173,351.920013427734,12.4499998092651,0.0,-1.1599999666214
2016-10-01 09:50:00,2.71000003814697,2.688195658951709,359.880004882813,13.0900001525879,0.0,-1.33000004291534
2016-10-01 10:00:00,3.27999997138977,3.251490409643936,9.920000076293944,13.6499996185303,0.0,-1.17999994754791
2016-10-01 10:10:00,3.61999988555908,3.587326355111671,355.350006103516,13.9399995803833,0.409999996423721,-1.8400000333786
2016-10-01 10:20:00,4.09000015258789,4.051767665961908,3.2300000190734863,14.2200002670288,10.6599998474121,22.9400005340576
2016-10-01 10:30:00,4.32000017166138,4.279171013482992,359.6799926757809,14.3100004196167,10.8100004196167,31.7199993133545
2016-10-01 10:40:00,4.17000007629395,4.129870386529984,2.740000009536743,14.460000038147,10.8100004196167,15.0
2016-10-01 10:50:00,4.44999980926514,4.40513433107284,342.630004882813,14.8599996566772,10.8100004196167,36.5699996948242
2016-10-01 11:00:00,3.79999995231628,3.7608610244045577,345.429992675781,15.0500001907349,6.6399998664856,2.38000011444092
2016-10-01 11:10:00,5.11999988555908,5.067734282544956,342.260009765625,14.9700002670288,9.94999980926514,115.379997253418
2016-10-01 11:20:00,4.57000017166138,4.52507730281993,351.230010986328,14.6400003433228,10.8100004196167,82.7799987792969
2016-10-01 11:30:00,5.01000022888184,4.960579821379771,353.4700012207029,14.6700000762939,10.8100004196167,140.570007324219
2016-10-01 11:40:00,4.73000001907349,4.682419927672487,348.880004882813,14.8400001525879,10.8100004196167,89.2399978637695
2016-10-01 11:50:00,4.67999982833862,4.632386590293762,351.019989013672,14.9399995803833,10.8100004196167,100.73999786377
2016-10-01 12:00:00,4.57000017166138,4.521936961766198,344.429992675781,15.2399997711182,10.8100004196167,73.870002746582
2016-10-01 12:10:00,4.19999980926514,4.154579778997993,354.130004882813,15.5,10.8999996185303,32.4000015258789
2016-10-01 12:20:00,4.13000011444092,4.083451724034037,354.579986572266,15.8999996185303,10.8100004196167,30.5799999237061
2016-10-01 12:30:00,4.34999990463257,4.299930862959667,343.14001464843795,16.1100006103516,10.8100004196167,44.6399993896484
2016-10-01 12:40:00,4.07000017166138,4.025103034535676,351.269989013672,15.6899995803833,10.1599998474121,18.1100006103516
2016-10-01 12:50:00,3.99000000953674,3.948310561093016,348.26000976562494,15.1800003051758,6.5,4.88000011444092
2016-10-01 13:00:00,4.38000011444092,4.332033275394573,342.190002441406,15.6199998855591,10.8199996948242,38.9300003051758
2016-10-01 13:10:00,5.21999979019165,5.159084757752568,330.519989013672,16.25,10.8699998855591,118.779998779297
2016-10-01 13:20:00,5.0,4.9421076958357455,343.019989013672,16.1700000762939,10.8199996948242,143.639999389648
2016-10-01 13:30:00,5.53000020980835,5.466538211799164,359.600006103516,16.0799999237061,11.0900001525879,195.589996337891
2016-10-01 13:40:00,5.67000007629395,5.607323539116514,352.489990234375,15.710000038147,11.2799997329712,233.279998779297
2016-10-01 13:50:00,6.15999984741211,6.09803507900024,344.140014648438,14.8400001525879,11.6099996566772,260.880004882813
2016-10-01 14:00:00,5.78000020980835,5.727564874657524,348.980010986328,13.9799995422363,11.25,230.550003051758
2016-10-01 14:10:00,5.25,5.1988745402091325,350.33999633789097,14.5600004196167,10.9399995803833,168.660003662109
2016-10-01 14:20:00,4.5,4.452055571215885,6.260000228881836,15.3599996566772,10.8199996948242,82.5
2016-10-01 14:30:00,4.55000019073486,4.499133176002988,352.649993896484,15.8199996948242,10.8100004196167,81.9800033569336
2016-10-01 14:40:00,4.46000003814697,4.408969754029041,349.880004882813,16.0499992370605,10.8100004196167,53.9000015258789
2016-10-01 14:50:00,4.34999990463257,4.29988131203469,353.040008544922,16.1200008392334,10.8100004196167,48.7000007629395
2016-10-01 15:00:00,3.99000000953674,3.9445746929747534,1.0700000524520874,16.0,10.8100004196167,27.6100006103516
2016-10-01 15:10:00,4.15000009536743,4.10754133443523,357.660003662109,14.9899997711182,10.8100004196167,40.1300010681152
2016-10-01 15:20:00,4.03000020980835,3.9903392987801545,350.359985351563,14.6499996185303,10.8100004196167,13.8000001907349
2016-10-01 15:30:00,4.40000009536743,4.353322292855896,346.76000976562494,15.3199996948242,10.8100004196167,30.3199996948242
2016-10-01 15:40:00,4.17999982833862,4.133889258912839,352.5,15.6899995803833,10.8100004196167,47.3199996948242
2016-10-01 15:50:00,4.19000005722046,4.143205476621935,353.519989013672,15.8100004196167,10.8100004196167,46.8300018310547
2016-10-01 16:00:00,4.53999996185303,4.489400107997362,352.690002441406,15.789999961853,10.8100004196167,74.6699981689453
2016-10-01 16:10:00,4.80000019073486,4.746721595921142,348.660003662109,15.75,10.8100004196167,90.5699996948242
2016-10-01 16:20:00,4.67000007629395,4.622435089120468,352.570007324219,14.9499998092651,10.8100004196167,85.4199981689453
2016-10-01 16:30:00,4.53000020980835,4.48687415129055,351.809997558594,14.3699998855591,10.8100004196167,68.2300033569336
2016-10-01 16:40:00,4.75,4.702545326426467,345.6499938964839,14.7799997329712,10.8100004196167,89.5599975585938
2016-10-01 16:50:00,5.26000022888184,5.205883923387648,338.429992675781,15.039999961853,10.8100004196167,116.830001831055
2016-10-01 17:00:00,4.80000019073486,4.750671440355956,344.2200012207029,15.0299997329712,10.8199996948242,90.5400009155273
2016-10-01 17:10:00,4.59999990463257,4.553358624764639,348.329986572266,14.9099998474121,10.8100004196167,83.5800018310547
2016-10-01 17:20:00,4.48999977111816,4.444988243241975,326.230010986328,14.8100004196167,10.8100004196167,41.1100006103516
2016-10-01 17:30:00,3.99000000953674,3.9521522675063423,349.079986572266,14.3400001525879,10.8100004196167,13.8199996948242
2016-10-01 17:40:00,3.84999990463257,3.8174235035599926,356.89999389648386,13.4499998092651,10.8100004196167,4.82999992370605
2016-10-01 17:50:00,4.44000005722046,4.402329023514911,338.190002441406,13.4700002670288,10.8100004196167,51.0400009155273
2016-10-01 18:00:00,4.53000020980835,4.489686651297227,316.64001464843795,13.8299999237061,10.8100004196167,65.4199981689453
2016-10-01 18:10:00,4.38000011444092,4.340718951518138,325.9800109863279,13.8900003433228,10.8100004196167,83.9100036621094
2016-10-01 18:20:00,4.63000011444092,4.588423596179032,343.480010986328,13.8999996185303,10.8100004196167,77.5800018310547
2016-10-01 18:30:00,5.05999994277954,5.015435875156439,56.52999877929688,13.75,5.96999979019165,70.2900009155273
2016-10-01 18:40:00,5.1100001335144,5.065996509424189,35.31999969482422,13.5799999237061,10.8999996185303,162.710006713867
2016-10-01 18:50:00,4.90000009536743,4.857861315903556,33.59000015258789,13.5699996948242,10.8800001144409,134.229995727539
2016-10-01 19:00:00,5.0,4.960810595352804,30.17000007629389,12.9099998474121,11.0100002288818,133.089996337891
2016-10-01 19:10:00,4.07000017166138,4.03955972830452,34.75,12.6000003814697,10.8199996948242,37.7299995422363
2016-10-01 19:20:00,4.59000015258789,4.553599828876285,33.54000091552729,12.9899997711182,10.8100004196167,104.449996948242
2016-10-01 19:30:00,4.23999977111816,4.205199699709089,30.29999923706049,13.2299995422363,10.9899997711182,52.4099998474121
2016-10-01 19:40:00,4.96999979019165,4.928806642049548,29.26000022888178,13.3000001907349,10.9700002670288,138.610000610352
2016-10-01 19:50:00,4.42999982833862,4.393129036470679,23.09000015258789,13.3299999237061,10.8500003814697,58.2299995422363
2016-10-01 20:00:00,5.07000017166138,5.027802670906654,30.030000686645508,13.3299999237061,11.2299995422363,150.089996337891
2016-10-01 20:10:00,6.73999977111816,6.686471296789444,28.3799991607666,13.0,13.3599996566772,452.670013427734
2016-10-01 20:20:00,6.44999980926514,6.404449482673904,27.780000686645508,12.2399997711182,13.1000003814697,401.100006103516
2016-10-01 20:30:00,5.21000003814697,5.172723381723614,23.54999923706049,12.3199996948242,11.2399997711182,153.669998168945
2016-10-01 20:40:00,6.21000003814697,6.163266486759697,48.90999984741211,12.6400003433228,12.6199998855591,338.230010986328
2016-10-01 20:50:00,6.98999977111816,6.93788186755362,23.11000061035162,12.5799999237061,13.6499996185303,462.839996337891
2016-10-01 21:00:00,5.8600001335144,5.815764858761489,34.52000045776367,12.6599998474121,12.039999961853,296.350006103516
2016-10-01 21:10:00,4.6100001335144,4.574560576854348,33.83000183105469,12.7799997329712,10.8900003433228,112.669998168945
2016-10-01 21:20:00,4.84999990463257,4.812659234366477,31.149999618530277,12.789999961853,10.8199996948242,125.139999389648
2016-10-01 21:30:00,4.6100001335144,4.5750939942730025,26.209999084472717,12.6800003051758,10.9799995422363,68.7900009155273
2016-10-01 21:40:00,5.38000011444092,5.342630281136813,29.959999084472717,12.1400003433228,11.5900001525879,207.839996337891
2016-10-01 21:50:00,5.40999984741211,5.371794069552369,30.67000007629389,12.2399997711182,11.4799995422363,223.889999389648
2016-10-01 22:00:00,5.19000005722046,5.151062713073659,29.38999938964838,12.6199998855591,11.3299999237061,189.210006713867
2016-10-01 22:10:00,4.90999984741211,4.872140433734393,32.4900016784668,12.8000001907349,11.1000003814697,152.520004272461
2016-10-01 22:20:00,4.94000005722046,4.901566521873478,30.3700008392334,12.8599996566772,10.9200000762939,150.990005493164
2016-10-01 22:30:00,4.98000001907349,4.941197692961425,30.40999984741211,12.8699998855591,11.1700000762939,141.059997558594
2016-10-01 22:40:00,4.57999992370605,4.543996531242711,34.38999938964838,12.9300003051758,11.1199998855591,105.669998168945
2016-10-01 22:50:00,6.01999998092651,5.976997700947469,31.6299991607666,12.3100004196167,12.2399997711182,316.160003662109
2016-10-01 23:00:00,5.44000005722046,5.402592233476811,37.650001525878906,12.0799999237061,11.4099998474121,222.889999389648
2016-10-01 23:10:00,6.19999980926514,6.154993113879637,36.84000015258789,12.4099998474121,12.6899995803833,361.510009765625
2016-10-01 23:20:00,5.98000001907349,5.934858903401282,32.29000091552729,12.6599998474121,12.4300003051758,335.920013427734
2016-10-01 23:30:00,5.8600001335144,5.814544467430329,32.79000091552729,12.8400001525879,12.2200002670288,316.290008544922
2016-10-01 23:40:00,5.15999984741211,5.1196756975631645,36.93000030517578,12.8900003433228,10.960000038147,177.960006713867
2016-10-01 23:50:00,4.82999992370605,4.7920871186709215,34.38999938964838,12.9200000762939,10.8500003814697,135.380004882813
2016-10-02 00:00:00,4.75,4.7141987452158896,34.79999923706049,12.6499996185303,10.9799995422363,125.080001831055
2016-10-02 00:10:00,5.8600001335144,5.819840231881527,31.09000015258789,12.0600004196167,11.9300003051758,291.929992675781
2016-10-02 00:20:00,4.73000001907349,4.69676102284619,30.38999938964838,12.210000038147,11.0500001907349,134.070007324219
2016-10-02 00:30:00,5.80999994277954,5.7668820315166816,32.189998626708984,12.5500001907349,12.2600002288818,299.170013427734
2016-10-02 00:40:00,5.32999992370605,5.288963681730189,31.3799991607666,12.789999961853,11.4700002670288,212.360000610352
2016-10-02 00:50:00,4.71000003814697,4.673464853144923,31.290000915527287,12.8400001525879,10.8599996566772,121.330001831055
2016-10-02 01:00:00,5.15999984741211,5.119854698782796,30.11000061035162,12.8599996566772,11.0299997329712,184.899993896484
2016-10-02 01:10:00,4.73999977111816,4.703944732474364,26.90999984741211,12.710000038147,10.960000038147,110.360000610352
2016-10-02 01:20:00,5.48999977111816,5.4518021794007225,27.6299991607666,12.1499996185303,11.3299999237061,204.100006103516
2016-10-02 01:30:00,5.13000011444092,5.094009714738138,23.18000030517578,12.1999998092651,11.1800003051758,153.860000610352
2016-10-02 01:40:00,4.8899998664856,4.853709576916742,26.100000381469727,12.5500001907349,11.0200004577637,117.069999694824
2016-10-02 01:50:00,4.73999977111816,4.704054442864627,26.67000007629389,12.6899995803833,11.0100002288818,113.319999694824
2016-10-02 02:00:00,4.44000005722046,4.405970111065394,24.030000686645508,12.7600002288818,11.1300001144409,73.1999969482422
2016-10-02 02:10:00,4.53000020980835,4.495123251567955,22.459999084472717,12.789999961853,10.8699998855591,67.2099990844727
2016-10-02 02:20:00,5.07000017166138,5.030907047463791,9.520000457763672,12.8000001907349,11.1400003433228,127.599998474121
2016-10-02 02:30:00,6.0,5.957836368592052,348.309997558594,12.210000038147,11.6899995803833,269.209991455078
2016-10-02 02:40:00,6.09000015258789,6.049112507060484,0.0399999991059303,11.9399995803833,12.5699996948242,356.089996337891
2016-10-02 02:50:00,4.69000005722046,4.656280804140846,15.039999961853027,12.3500003814697,10.8699998855591,96.1600036621094
2016-10-02 03:00:00,4.94999980926514,4.913436223837856,357.380004882813,12.5200004577637,11.3299999237061,115.5
2016-10-02 03:10:00,8.43000030517578,8.36743851366386,352.32000732421886,12.5500001907349,16.8400001525879,1026.68005371094
2016-10-02 03:20:00,7.80999994277954,7.757382990619101,353.399993896484,11.960000038147,16.3400001525879,845.659973144531
2016-10-02 03:30:00,7.17000007629395,7.124694858023507,354.01000976562494,11.6000003814697,14.8299999237061,616.299987792969
2016-10-02 03:40:00,7.44999980926514,7.399289208039939,352.200012207031,12.0200004577637,15.7200002670288,729.0
2016-10-02 03:50:00,7.19999980926514,7.147150020219227,351.130004882813,12.4799995422363,15.289999961853,668.429992675781
2016-10-02 04:00:00,6.98000001907349,6.929573861808784,350.200012207031,12.3800001144409,14.2700004577637,540.789978027344
2016-10-02 04:10:00,7.34999990463257,7.3040703739435875,352.5799865722659,11.539999961853,15.3500003814697,679.320007324219
2016-10-02 04:20:00,6.90000009536743,6.857846262915101,348.6300048828129,11.4200000762939,14.0100002288818,513.47998046875
2016-10-02 04:30:00,6.76999998092651,6.723210793465259,353.510009765625,12.1099996566772,14.1700000762939,523.070007324219
2016-10-02 04:40:00,6.80000019073486,6.751110867797687,325.040008544922,12.3500003814697,13.3100004196167,437.579986572266
2016-10-02 04:50:00,6.76999998092651,6.721012479977538,335.5400085449219,12.3900003433228,13.9899997711182,510.989990234375
2016-10-02 05:00:00,7.42000007629395,7.372683680396891,328.369995117188,11.6499996185303,15.0299997329712,639.369995117188
2016-10-02 05:10:00,6.82000017166138,6.779447026206362,341.309997558594,11.2799997329712,13.7799997329712,477.179992675781
2016-10-02 05:20:00,6.05000019073486,6.011068357621915,346.420013427734,11.6999998092651,12.3199996948242,325.480010986328
2016-10-02 05:30:00,5.96999979019165,5.929224635723607,346.679992675781,12.039999961853,11.9300003051758,292.820007324219
2016-10-02 05:40:00,6.1399998664856,6.097422269958041,338.329986572266,12.1300001144409,12.1999998092651,319.589996337891
2016-10-02 05:50:00,6.71999979019165,6.672932426766147,340.829986572266,12.1899995803833,13.710000038147,466.779998779297
2016-10-02 06:00:00,6.63000011444092,6.587335973968741,336.99999999999994,11.6999998092651,13.1000003814697,404.779998779297
2016-10-02 06:10:00,5.48000001907349,5.447606326565278,346.7999877929689,11.25,11.2399997711182,218.529998779297
2016-10-02 06:20:00,5.71000003814697,5.674119428642919,341.100006103516,11.5699996948242,11.3599996566772,238.919998168945
2016-10-02 06:30:00,5.55999994277954,5.522864393706463,338.14999389648386,11.9099998474121,11.2399997711182,217.25
2016-10-02 06:40:00,5.26999998092651,5.234067010199379,322.950012207031,12.0299997329712,10.9200000762939,145.830001831055
2016-10-02 06:50:00,5.09999990463257,5.064930070897568,293.640014648438,12.0799999237061,10.8100004196167,124.150001525879
2016-10-02 07:00:00,5.30000019073486,5.263678094921788,346.859985351563,12.0600004196167,10.8800001144409,184.389999389648
2016-10-02 07:10:00,4.86999988555908,4.839341028606453,327.089996337891,11.5799999237061,10.8100004196167,126.370002746582
2016-10-02 07:20:00,4.61999988555908,4.593443730686641,328.459991455078,11.1099996566772,10.8100004196167,91.379997253418
2016-10-02 07:30:00,4.82000017166138,4.789936481923633,314.130004882813,11.5299997329712,10.8100004196167,102.889999389648
2016-10-02 07:40:00,4.92999982833862,4.89741571210334,312.450012207031,11.8500003814697,10.8100004196167,107.790000915527
2016-10-02 07:50:00,5.28999996185303,5.254299135826561,321.0,11.9700002670288,10.9300003051758,173.100006103516
2016-10-02 08:00:00,4.78000020980835,4.747297276042177,327.279998779297,12.0500001907349,10.8100004196167,115.879997253418
2016-10-02 08:10:00,4.94999980926514,4.915731662557796,332.549987792969,12.1199998855591,10.8599996566772,150.220001220703
2016-10-02 08:20:00,4.57999992370605,4.548984343139563,329.070007324219,11.9899997711182,10.8100004196167,92.3399963378906
2016-10-02 08:30:00,4.86999988555908,4.840814935214259,316.019989013672,11.3199996948242,10.8100004196167,101.639999389648
2016-10-02 08:40:00,3.92000007629395,3.895732408705294,318.5,11.4899997711182,10.8100004196167,19.7199993133545
2016-10-02 08:50:00,3.4300000667572,3.406692590747128,322.390014648438,12.0100002288818,4.55000019073486,-1.11000001430511
2016-10-02 09:00:00,4.23999977111816,4.2103025067756,323.040008544922,12.1899995803833,9.17000007629395,28.9099998474121
2016-10-02 09:10:00,4.42999982833862,4.397739149520072,320.760009765625,12.4300003051758,10.8100004196167,62.8300018310547
2016-10-02 09:20:00,3.77999997138977,3.751640981382412,323.869995117188,12.6199998855591,10.8100004196167,15.8100004196167
2016-10-02 09:30:00,4.92000007629395,4.882063554100169,322.179992675781,12.8000001907349,10.8100004196167,125.330001831055
2016-10-02 09:40:00,5.01000022888184,4.970964152183439,319.75,12.8699998855591,10.8299999237061,126.730003356934
2016-10-02 09:50:00,4.82999992370605,4.793651606757828,320.23001098632795,12.6400003433228,10.8100004196167,109.0
2016-10-02 10:00:00,4.82999992370605,4.797010979000672,323.3999938964839,12.039999961853,10.8100004196167,109.080001831055
2016-10-02 10:10:00,4.92000007629395,4.885140593245961,325.540008544922,12.2600002288818,10.8100004196167,131.100006103516
2016-10-02 10:20:00,4.42999982833862,4.396097782429661,334.149993896484,12.75,10.8100004196167,73.6999969482422
2016-10-02 10:30:00,4.57000017166138,4.533177633799609,333.549987792969,13.1000003814697,10.8199996948242,80.5
2016-10-02 10:40:00,4.73999977111816,4.700767649287282,321.369995117188,13.289999961853,10.8100004196167,95.4599990844727
2016-10-02 10:50:00,5.23000001907349,5.185565954784184,313.089996337891,13.4799995422363,10.8400001525879,142.309997558594
2016-10-02 11:00:00,5.1399998664856,5.0962711760044215,320.559997558594,13.4899997711182,10.8299999237061,149.690002441406
2016-10-02 11:10:00,4.69000005722046,4.654325343830632,326.040008544922,12.710000038147,10.8100004196167,95.2600021362305
2016-10-02 11:20:00,4.76999998092651,4.733716744228665,318.480010986328,12.710000038147,10.8100004196167,90.4899978637695
2016-10-02 11:30:00,4.78000020980835,4.741099175638916,323.820007324219,13.1700000762939,10.8100004196167,108.779998779297
2016-10-02 11:40:00,4.92999982833862,4.888683151882595,314.0499877929689,13.3800001144409,10.8100004196167,107.940002441406
2016-10-02 11:50:00,4.40000009536743,4.362009058296555,321.820007324219,13.6000003814697,10.8100004196167,66.7200012207031
2016-10-02 12:00:00,3.82999992370605,3.794373924722629,332.700012207031,14.1800003051758,10.8100004196167,10.0200004577637
2016-10-02 12:10:00,3.9300000667572,3.890467347596898,355.489990234375,14.8400001525879,8.01000022888184,4.01999998092651
2016-10-02 12:20:00,3.33999991416931,3.306057776234442,348.23999023437506,14.9300003051758,1.23000001907349,-2.40000009536743
2016-10-02 12:30:00,3.98000001907349,3.939553997187358,338.1300048828129,14.9300003051758,9.5600004196167,27.0100002288818
2016-10-02 12:40:00,3.76999998092651,3.730911153277107,359.700012207031,15.1099996566772,9.72999954223633,4.96000003814697
2016-10-02 12:50:00,2.9300000667572,2.898247248371073,347.95999145507807,15.5200004577637,1.25,-1.12999999523163
2016-10-02 13:00:00,3.36999988555908,3.331594733684838,354.589996337891,16.0100002288818,1.26999998092651,-1.87000000476837
2016-10-02 13:10:00,3.51999998092651,3.480366911076441,333.670013427734,15.8900003433228,4.63000011444092,-4.57000017166138
2016-10-02 13:20:00,3.83999991416931,3.797946797044117,4.139999866485596,15.6199998855591,4.40000009536743,2.96000003814697
2016-10-02 13:30:00,4.59000015258789,4.5409919038850015,1.409999966621399,15.3800001144409,10.9300003051758,74.4499969482422
2016-10-02 13:40:00,4.65000009536743,4.600723304158829,341.95999145507795,15.3100004196167,10.8900003433228,68.370002746582
2016-10-02 13:50:00,4.25,4.207686694750226,357.95001220703097,14.75,10.8199996948242,36.5699996948242
2016-10-02 14:00:00,4.15999984741211,4.118153510801144,11.84000015258789,14.8400001525879,10.8100004196167,19.3500003814697
2016-10-02 14:10:00,4.01999998092651,3.975975623160932,26.3700008392334,15.6199998855591,7.07000017166138,3.88000011444092
2016-10-02 14:20:00,4.07999992370605,4.032759804391385,8.40999984741211,16.1700000762939,10.8100004196167,24.6700000762939
2016-10-02 14:30:00,4.1100001335144,4.060869294914377,9.289999961853027,16.5,10.8100004196167,25.8199996948242
2016-10-02 14:40:00,3.86999988555908,3.822638533492187,11.19999980926508,16.75,10.8100004196167,13.3199996948242
2016-10-02 14:50:00,4.01999998092651,3.970118296852241,33.599998474121094,16.8999996185303,10.8100004196167,11.8599996566772
2016-10-02 15:00:00,2.74000000953674,2.705286173496542,31.8799991607666,17.1299991607666,2.33999991416931,-3.39000010490417
2016-10-02 15:10:00,3.00999999046326,2.97111504184449,35.599998474121094,17.3500003814697,1.12000000476837,-1.47000002861023
2016-10-02 15:20:00,3.47000002861023,3.425054635995328,53.09000015258789,17.3799991607666,4.3899998664856,-1.70000004768372
2016-10-02 15:30:00,3.55999994277954,3.513687259923193,34.189998626708984,17.4300003051758,6.32000017166138,-9.21000003814697
2016-10-02 15:40:00,3.0,2.9607686901006343,34.38999938964838,17.4899997711182,1.07000005245209,-5.19000005722046
2016-10-02 15:50:00,2.84999990463257,2.8126979024375163,39.68999862670898,17.5,1.03999996185303,-3.1800000667572
2016-10-02 16:00:00,3.08999991416931,3.049906511941094,61.09999847412109,17.3999996185303,1.12999999523163,-1.4099999666214
2016-10-02 16:10:00,3.05999994277954,3.0211278618343784,66.5999984741211,17.1599998474121,1.12000000476837,-1.33000004291534
2016-10-02 16:20:00,3.01999998092651,2.9825609536126634,65.4400024414063,16.8899993896484,1.13999998569489,-1.39999997615814
2016-10-02 16:30:00,2.42000007629395,2.390081669923193,70.9000015258789,16.8600006103516,0.920000016689301,-1.42999994754791
2016-10-02 16:40:00,2.39000010490417,2.360344077357915,87.52999877929688,16.8999996185303,0.610000014305115,-1.33000004291534
2016-10-02 16:50:00,3.07999992370605,3.0420618238255743,73.5999984741211,16.8199996948242,1.0900000333786,-1.77999997138977
2016-10-02 17:00:00,2.72000002861023,2.686959646479228,81.31999969482422,16.6700000762939,1.08000004291534,-1.5
2016-10-02 17:10:00,2.30999994277954,2.282622704959824,94.43000030517578,16.4099998474121,0.870000004768372,-1.39999997615814
2016-10-02 17:20:00,2.98000001907349,2.94597145874872,104.55999755859398,16.0300006866455,1.04999995231628,-1.5
2016-10-02 17:30:00,2.99000000953674,2.957460368189268,129.020004272461,15.5600004196167,1.02999997138977,-1.9099999666214
2016-10-02 17:40:00,2.36999988555908,2.3453183274909084,107.519996643066,15.1499996185303,0.740000009536743,-1.49000000953674
2016-10-02 17:50:00,2.72000002861023,2.692638961073204,105.16999816894496,14.8400001525879,0.889999985694885,-1.50999999046326
2016-10-02 18:00:00,3.25,3.218761169449209,110.23999786377,14.4499998092651,1.76999998092651,-1.82000005245209
2016-10-02 18:10:00,3.60999989509583,3.576337323805624,106.709999084473,14.1999998092651,10.7700004577637,1.48000001907349
2016-10-02 18:20:00,3.74000000953674,3.7061142866008887,105.98999786377,13.9700002670288,10.8100004196167,4.5
2016-10-02 18:30:00,3.89000010490417,3.8552925008048113,98.83999633789062,13.8500003814697,10.8100004196167,8.60000038146973
2016-10-02 18:40:00,3.27999997138977,3.251339262037108,103.40000152587902,13.6899995803833,4.57999992370605,-5.25
2016-10-02 18:50:00,3.53999996185303,3.50955684454867,96.62000274658205,13.5699996948242,6.94000005722046,-4.57000017166138
2016-10-02 19:00:00,3.04999995231628,3.024438924809468,115.11000061035202,13.3800001144409,1.14999997615814,-1.23000001907349
2016-10-02 19:10:00,3.8199999332428,3.789044000413684,116.08000183105504,13.1400003433228,7.71999979019165,6.6399998664856
2016-10-02 19:20:00,3.96000003814697,3.928184034839086,126.12000274658205,13.0799999237061,10.8100004196167,17.2600002288818
2016-10-02 19:30:00,4.25,4.216246880768172,114.66999816894496,13.0,10.8100004196167,62.7700004577637
2016-10-02 19:40:00,4.38000011444092,4.345366406146107,141.44000244140602,12.9700002670288,10.8100004196167,72.4300003051758
2016-10-02 19:50:00,4.03999996185303,4.008334923197087,130.19999694824196,12.9099998474121,10.8100004196167,27.6299991607666
2016-10-02 20:00:00,4.01999998092651,3.989235595105191,138.57000732421898,12.75,10.8100004196167,33.7099990844727
2016-10-02 20:10:00,4.17999982833862,4.152178483238961,139.33000183105503,11.8900003433228,10.8100004196167,54.3199996948242
2016-10-02 20:20:00,4.21000003814697,4.183447203272968,140.03999328613304,11.5900001525879,10.8100004196167,53.1100006103516
2016-10-02 20:30:00,4.26999998092651,4.241034128923176,143.66000366210903,12.0,10.8100004196167,58.0400009155273
2016-10-02 20:40:00,4.17000007629395,4.141034982536622,145.259994506836,12.1400003433228,10.8100004196167,45.5299987792969
2016-10-02 20:50:00,4.05000019073486,4.021821636966045,145.33000183105503,12.1499996185303,10.8100004196167,31.9899997711182
2016-10-02 21:00:00,3.72000002861023,3.694203829303253,154.50999450683594,12.1300001144409,10.8100004196167,6.34999990463257
2016-10-02 21:10:00,3.84999990463257,3.823570304147048,150.08000183105503,12.0699996948242,10.8100004196167,14.210000038147
2016-10-02 21:20:00,3.84999990463257,3.825225103137266,157.38999938964798,11.6999998092651,10.8100004196167,12.3199996948242
2016-10-02 21:30:00,3.99000000953674,3.967344299942364,156.38000488281295,11.0500001907349,10.8100004196167,28.5799999237061
2016-10-02 21:40:00,3.99000000953674,3.966786069948392,176.55999755859398,11.1700000762939,10.8100004196167,27.9099998474121
2016-10-02 21:50:00,3.85999989509583,3.836463127164685,173.42999267578102,11.4099998474121,10.8100004196167,12.3199996948242
2016-10-02 22:00:00,3.90000009536743,3.8761286120537366,166.0,11.4300003051758,10.8100004196167,17.2600002288818
2016-10-02 22:10:00,4.36999988555908,4.343251583815991,151.490005493164,11.4300003051758,10.8100004196167,38.6500015258789
2016-10-02 22:20:00,4.55999994277954,4.532035590990014,139.0,11.4399995803833,10.8100004196167,75.2900009155273
2016-10-02 22:30:00,4.32999992370605,4.303446054707243,152.69999694824196,11.4399995803833,10.8100004196167,77.6699981689453
2016-10-02 22:40:00,4.30000019073486,4.276537494013276,157.78999328613304,10.8599996566772,10.8100004196167,69.7600021362305
2016-10-02 22:50:00,4.34000015258789,4.317890775899401,156.46000671386696,10.5500001907349,10.8100004196167,79.2900009155273
2016-10-02 23:00:00,4.32999992370605,4.306373535215813,155.52000427246094,10.8599996566772,10.8100004196167,83.0599975585938
2016-10-02 23:10:00,4.15000009536743,4.126339096070379,160.220001220703,11.0699996948242,10.8100004196167,54.439998626709
2016-10-02 23:20:00,4.25,4.225521085638024,152.91000366210903,11.1199998855591,10.8100004196167,67.2399978637695
2016-10-02 23:30:00,4.55999994277954,4.533522878817706,155.13000488281295,11.1599998474121,10.8100004196167,110.349998474121
2016-10-02 23:40:00,4.42999982833862,4.4042775936286045,172.88000488281295,11.1599998474121,10.8100004196167,85.0999984741211
2016-10-02 23:50:00,4.53999996185303,4.515068746837326,153.60000610351597,10.8900003433228,10.8100004196167,82.2399978637695
2016-10-03 00:00:00,4.48000001907349,4.458487447292753,149.75,10.3000001907349,10.8100004196167,84.370002746582
2016-10-03 00:10:00,4.26000022888184,4.239195140772814,154.36999511718795,10.3699998855591,10.8100004196167,67.6399993896484
2016-10-03 00:20:00,4.32000017166138,4.297437334733507,161.67999267578102,10.6599998474121,10.8100004196167,63.4599990844727
2016-10-03 00:30:00,4.1100001335144,4.088342041082735,176.75999450683594,10.6999998092651,10.8100004196167,42.2599983215332
2016-10-03 00:40:00,3.86999988555908,3.849696916629314,178.96000671386696,10.6800003051758,10.8100004196167,17.8999996185303
2016-10-03 00:50:00,3.65000009536743,3.6309792347090895,181.1799926757809,10.6499996185303,10.3299999237061,-10.5600004196167
2016-10-03 01:00:00,2.8199999332428,2.8057328340519114,188.050003051758,10.5200004577637,1.03999996185303,-1.25
2016-10-03 01:10:00,2.4300000667572,2.4181892370003357,185.27000427246097,10.3500003814697,0.990000009536743,-1.16999995708466
2016-10-03 01:20:00,2.72000002861023,2.7069388242330064,190.910003662109,10.3000001907349,1.08000004291534,-1.22000002861023
2016-10-03 01:30:00,3.20000004768372,3.184971054501025,206.75999450683597,10.210000038147,1.22000002861023,-1.53999996185303
2016-10-03 01:40:00,3.0699999332428,3.055293990745756,181.820007324219,10.289999961853,1.12999999523163,-1.22000002861023
2016-10-03 01:50:00,3.02999997138977,3.0154501741570385,175.36999511718795,10.3000001907349,1.04999995231628,-1.32000005245209
2016-10-03 02:00:00,3.05999994277954,3.045556818577241,171.27000427246094,10.2299995422363,1.0,-1.22000002861023
2016-10-03 02:10:00,3.10999989509583,3.095794238146516,176.71000671386696,10.1000003814697,1.0900000333786,-1.73000001907349
2016-10-03 02:20:00,3.0699999332428,3.056336704057584,180.559997558594,10.0,1.12000000476837,-1.29999995231628
2016-10-03 02:30:00,2.64000010490417,2.628312502757536,192.350006103516,9.97999954223633,1.08000004291534,-1.87000000476837
2016-10-03 02:40:00,2.6800000667572,2.66854386313595,197.350006103516,9.85000038146973,1.0900000333786,-1.27999997138977
2016-10-03 02:50:00,3.07999992370605,3.067375876646728,207.41000366210892,9.69999980926514,1.14999997615814,-1.79999995231628
2016-10-03 03:00:00,3.28999996185303,3.276978672072537,234.02000427246097,9.57999992370605,1.16999995708466,-2.21000003814697
2016-10-03 03:10:00,3.30999994277954,3.297132746157708,204.33000183105497,9.52000045776367,1.27999997138977,-2.01999998092651
2016-10-03 03:20:00,3.41000008583069,3.396543900893505,197.47000122070295,9.56999969482422,1.21000003814697,-1.3400000333786
2016-10-03 03:30:00,3.21000003814697,3.1972576796924157,197.389999389648,9.59000015258789,1.20000004768372,-1.82000005245209
2016-10-03 03:40:00,3.78999996185303,3.7752668272461,203.47000122070295,9.52000045776367,9.4399995803833,3.23000001907349
2016-10-03 03:50:00,3.94000005722046,3.924452441945383,184.75,9.56999969482422,10.8100004196167,10.6999998092651
2016-10-03 04:00:00,4.09000015258789,4.073668513974174,191.11999511718795,9.60999965667725,10.8100004196167,7.15000009536743
2016-10-03 04:10:00,4.21000003814697,4.193189232127014,176.55999755859398,9.60999965667725,10.8100004196167,9.27999973297119
2016-10-03 04:20:00,4.05999994277954,4.043502112783263,184.72000122070295,9.67000007629395,10.8100004196167,11.1899995803833
2016-10-03 04:30:00,3.99000000953674,3.9734120133330006,180.10000610351597,9.75,10.8100004196167,6.51999998092651
2016-10-03 04:40:00,3.98000001907349,3.96294002829171,177.14999389648403,9.85999965667725,10.8100004196167,3.51999998092651
2016-10-03 04:50:00,4.05999994277954,4.04278751291115,175.77000427246094,9.81999969482422,10.8100004196167,0.949999988079071
2016-10-03 05:00:00,3.72000002861023,3.704316305601644,179.83999633789108,9.80000019073486,10.8100004196167,6.78999996185303
2016-10-03 05:10:00,3.85999989509583,3.8435900911199896,180.47999572753895,9.82999992370605,10.8100004196167,17.8500003814697
2016-10-03 05:20:00,3.91000008583069,3.89310258596073,180.600006103516,9.89000034332275,10.8100004196167,10.7700004577637
2016-10-03 05:30:00,3.80999994277954,3.79357928278692,185.4100036621089,9.88000011444092,10.8100004196167,8.59000015258789
2016-10-03 05:40:00,3.64000010490417,3.624269439955552,192.429992675781,9.89000034332275,10.8100004196167,-0.0799999982118607
2016-10-03 05:50:00,3.55999994277954,3.544698502407624,191.24999999999997,9.86999988555908,10.8100004196167,-5.09999990463257
2016-10-03 06:00:00,3.98000001907349,3.963967431541568,220.14999389648392,9.64000034332275,10.8100004196167,23.4599990844727
2016-10-03 06:10:00,4.65999984741211,4.645009003322012,182.949996948242,8.94999980926514,10.8100004196167,64.3199996948242
2016-10-03 06:20:00,4.07999992370605,4.066538561799002,202.13000488281293,9.02000045776367,10.8100004196167,43.939998626709
2016-10-03 06:30:00,4.11999988555908,4.103887134968015,188.610000610352,9.53999996185303,10.8100004196167,31.0599994659424
2016-10-03 06:40:00,4.05000019073486,4.032687643833583,204.610000610352,9.85000038146973,10.8100004196167,43.8199996948242
2016-10-03 06:50:00,4.11999988555908,4.1016635650693285,203.13000488281293,10.0,10.8100004196167,59.3600006103516
2016-10-03 07:00:00,4.38000011444092,4.359275344291742,199.02999877929696,10.2399997711182,10.8100004196167,82.4800033569336
2016-10-03 07:10:00,4.57000017166138,4.547199997474086,197.88000488281295,10.460000038147,10.8100004196167,78.2699966430664
2016-10-03 07:20:00,4.36999988555908,4.347329087669742,195.979995727539,10.6300001144409,10.8100004196167,74.7300033569336
2016-10-03 07:30:00,4.51999998092651,4.497554989035621,176.99000549316406,10.4399995803833,10.8100004196167,57.5200004577637
2016-10-03 07:40:00,4.26999998092651,4.249595765098436,160.75999450683594,10.2799997329712,10.8100004196167,42.6500015258789
2016-10-03 07:50:00,4.23000001907349,4.208203811064753,143.58000183105503,10.6000003814697,10.8100004196167,56.9000015258789
2016-10-03 08:00:00,4.32999992370605,4.305413652883824,144.529998779297,11.0500001907349,10.8100004196167,101.900001525879
2016-10-03 08:10:00,4.44000005722046,4.413030063655907,147.259994506836,11.3900003433228,10.8100004196167,110.790000915527
2016-10-03 08:20:00,4.76999998092651,4.740081652798232,145.77000427246094,11.5600004196167,10.8100004196167,139.509994506836
2016-10-03 08:30:00,5.07000017166138,5.03743360235194,151.88999938964798,11.6899995803833,10.8100004196167,162.699996948242
2016-10-03 08:40:00,5.15999984741211,5.129497758394281,153.42999267578102,11.25,10.8100004196167,161.369995117188
2016-10-03 08:50:00,4.42000007629395,4.395882607294085,145.83000183105503,10.8599996566772,10.8100004196167,69.25
2016-10-03 09:00:00,4.1100001335144,4.085321840930049,142.32000732421898,11.3299999237061,10.8100004196167,18.8999996185303
2016-10-03 09:10:00,5.69999980926514,5.663320233344139,135.009994506836,11.6999998092651,11.0100002288818,192.130004882813
2016-10-03 09:20:00,5.17999982833862,5.144981219610379,155.38999938964798,11.9799995422363,10.9700002670288,150.970001220703
2016-10-03 09:30:00,4.23000001907349,4.201010875591822,169.05000305175804,12.0600004196167,10.8199996948242,45.8600006103516
2016-10-03 09:40:00,4.86999988555908,4.835664105396071,158.82000732421898,12.2299995422363,10.8299999237061,133.160003662109
2016-10-03 09:50:00,5.28999996185303,5.251353903076249,149.91000366210903,12.4499998092651,10.9300003051758,155.240005493164
2016-10-03 10:00:00,6.1399998664856,6.097849802207128,149.369995117188,12.0699996948242,11.6599998474121,265.940002441406
2016-10-03 10:10:00,6.51000022888184,6.463950676051553,143.83999633789097,12.25,12.4700002670288,338.809997558594
2016-10-03 10:20:00,6.65999984741211,6.607876563002483,143.0,12.8999996185303,12.6300001144409,356.890014648438
2016-10-03 10:30:00,7.13000011444092,7.072056432091593,140.44000244140602,13.1599998474121,13.4799995422363,443.440002441406
2016-10-03 10:40:00,7.36999988555908,7.309425057117599,145.10000610351597,13.2399997711182,14.0799999237061,510.940002441406
2016-10-03 10:50:00,7.46999979019165,7.408171951373781,152.61000061035202,13.289999961853,14.460000038147,565.239990234375
2016-10-03 11:00:00,7.40999984741211,7.350465358173317,149.11000061035202,13.0799999237061,14.2200002670288,538.119995117188
2016-10-03 11:10:00,7.82000017166138,7.754914480936934,161.99000549316406,13.3299999237061,14.6899995803833,589.099975585938
2016-10-03 11:20:00,7.55999994277954,7.490199532270523,148.92999267578102,14.1199998855591,14.1000003814697,511.160003662109
2016-10-03 11:30:00,8.27000045776367,8.188517096405288,145.61000061035202,14.6599998474121,15.8299999237061,781.840026855469
2016-10-03 11:40:00,7.69999980926514,7.621485420357857,171.19999694824196,14.960000038147,15.039999961853,629.539978027344
2016-10-03 11:50:00,8.21000003814697,8.128825429121106,141.0,14.6899995803833,15.0500001907349,636.0
2016-10-03 12:00:00,7.90000009536743,7.8211660186665,167.30999755859398,14.7700004577637,14.7600002288818,599.349975585938
2016-10-03 12:10:00,7.46000003814697,7.38043355748288,172.83000183105503,15.3699998855591,14.6300001144409,590.590026855469
2016-10-03 12:20:00,8.19999980926514,8.10888865396225,159.94000244140602,15.7600002288818,15.9300003051758,784.119995117188
2016-10-03 12:30:00,8.55000019073486,8.4554879512973,142.08000183105503,15.710000038147,15.75,767.469970703125
2016-10-03 12:40:00,9.11999988555908,9.02512708975624,133.66000366210903,15.1400003433228,16.8500003814697,986.0
2016-10-03 12:50:00,9.11999988555908,9.027424014266384,138.94999694824196,14.9200000762939,16.7099990844727,1006.34997558594
2016-10-03 13:00:00,9.38000011444092,9.284462731605434,139.880004882813,14.9499998092651,17.1000003814697,1187.31005859375
2016-10-03 13:10:00,8.65999984741211,8.570804291097224,151.0,15.0500001907349,16.5100002288818,908.460021972656
2016-10-03 13:20:00,9.18000030517578,9.081144583957473,143.83999633789097,15.460000038147,16.9200000762939,1042.43994140625
2016-10-03 13:30:00,8.98999977111816,8.886830996085319,141.27000427246094,16.0799999237061,16.5300006866455,969.630004882813
2016-10-03 13:40:00,9.05000019073486,8.949341326691354,138.880004882813,15.7700004577637,16.8299999237061,1021.80999755859
2016-10-03 13:50:00,8.06999969482422,7.982728350290775,144.63999938964798,15.5,15.6700000762939,742.099975585938
2016-10-03 14:00:00,8.59000015258789,8.494261660078365,143.779998779297,15.789999961853,16.1900005340576,867.859985351563
2016-10-03 14:10:00,8.10999965667725,8.012038806271546,145.16000366210903,16.6100006103516,15.8900003433228,756.640014648438
2016-10-03 14:20:00,9.31999969482422,9.208906602499416,136.19000244140602,16.4699993133545,16.7900009155273,1061.92004394531
2016-10-03 14:30:00,9.39000034332275,9.28877593341311,139.11000061035202,15.4700002670288,17.0100002288818,1096.71997070313
2016-10-03 14:40:00,9.25,9.151764779115013,127.83000183105504,15.3299999237061,16.8799991607666,1069.03002929688
2016-10-03 14:50:00,9.1899995803833,9.091771282205883,146.990005493164,15.3900003433228,17.0200004577637,1118.90002441406
2016-10-03 15:00:00,9.07999992370605,8.983362505534291,136.75,15.3500003814697,16.4500007629395,962.010009765625
2016-10-03 15:10:00,8.85000038146973,8.754394979979137,144.10000610351597,15.4899997711182,16.8700008392334,1031.85998535156
2016-10-03 15:20:00,9.17000007629395,9.065497032502764,137.630004882813,16.0100002288818,17.0499992370605,1090.25
2016-10-03 15:30:00,8.92000007629395,8.820888913957734,140.520004272461,15.7600002288818,16.4599990844727,911.669982910156
2016-10-03 15:40:00,9.32999992370605,9.230701783645973,133.88999938964798,15.3500003814697,16.8600006103516,1048.83996582031
2016-10-03 15:50:00,8.6899995803833,8.599798835229608,136.75,15.1199998855591,16.5799999237061,909.890014648438
2016-10-03 16:00:00,8.60999965667725,8.521121986362447,137.369995117188,15.0699996948242,16.2299995422363,837.599975585938
2016-10-03 16:10:00,9.11999988555908,9.02867786551349,137.99000549316395,14.8000001907349,16.7999992370605,1008.54998779297
2016-10-03 16:20:00,9.28999996185303,9.196230535803297,133.80999755859398,14.8699998855591,16.8899993896484,1041.57995605469
2016-10-03 16:30:00,8.78999996185303,8.69845949562785,123.720001220703,15.1499996185303,16.5499992370605,900.690002441406
2016-10-03 16:40:00,8.46000003814697,8.377032732046887,131.78999328613298,14.6199998855591,16.8400001525879,917.719970703125
2016-10-03 16:50:00,8.82999992370605,8.750301779927444,128.57000732421898,13.9399995803833,16.8400001525879,968.25
2016-10-03 17:00:00,9.53999996185303,9.4581782564667,129.71000671386696,13.5500001907349,17.1000003814697,1210.0
2016-10-03 17:10:00,8.77999973297119,8.705911125973346,131.10000610351597,13.4300003051758,16.9699993133545,998.299987792969
2016-10-03 17:20:00,8.47999954223633,8.4098121179259,135.520004272461,13.289999961853,17.0,979.22998046875
2016-10-03 17:30:00,8.46000003814697,8.389685263919732,135.990005493164,13.3199996948242,17.0100002288818,990.130004882813
2016-10-03 17:40:00,8.52000045776367,8.446828772184801,135.86000061035202,13.5600004196167,17.0900001525879,1021.26000976563
2016-10-03 17:50:00,9.0,8.9328954009385,135.270004272461,12.5799999237061,17.1000003814697,1152.80004882813
2016-10-03 18:00:00,9.18000030517578,9.116661517998864,136.720001220703,12.1000003814697,17.1000003814697,1234.68005371094
2016-10-03 18:10:00,8.60000038146973,8.540364004541166,137.47999572753895,12.1300001144409,17.0699996948242,1056.66003417969
2016-10-03 18:20:00,9.05000019073486,8.991658094869239,147.380004882813,11.710000038147,17.1000003814697,1184.7099609375
2016-10-03 18:30:00,9.78999996185303,9.726887353647385,140.03999328613304,11.710000038147,17.1000003814697,1332.4599609375
2016-10-03 18:40:00,8.38000011444092,8.324613723510227,143.33999633789097,11.8500003814697,16.8099994659424,997.859985351563
2016-10-03 18:50:00,6.92000007629395,6.872334809737444,145.11000061035202,12.0900001525879,14.3699998855591,546.320007324219
2016-10-03 19:00:00,8.36999988555908,8.30943483703738,135.729995727539,12.3900003433228,16.25,816.609985351563
2016-10-03 19:10:00,8.73999977111816,8.677567890991055,136.270004272461,12.3100004196167,17.0499992370605,974.47998046875
2016-10-03 19:20:00,7.67999982833862,7.630936132731518,136.75,11.6599998474121,15.2299995422363,683.109985351563
2016-10-03 19:30:00,6.55000019073486,6.507927009676464,139.16999816894497,11.6899995803833,13.0799999237061,400.350006103516
2016-10-03 19:40:00,7.19000005722046,7.139724178984025,142.38999938964798,12.1800003051758,14.7700004577637,596.260009765625
2016-10-03 19:50:00,7.61999988555908,7.564861812785569,142.61000061035202,12.3900003433228,15.5600004196167,711.510009765625
2016-10-03 20:00:00,7.98999977111816,7.933944551045514,143.66999816894497,12.1999998092651,16.1499996185303,792.599975585938
2016-10-03 20:10:00,6.80000019073486,6.758219804422363,148.83000183105503,11.4499998092651,14.2299995422363,528.190002441406
2016-10-03 20:20:00,6.53999996185303,6.497686874548008,149.21000671386696,11.7299995422363,13.5500001907349,451.350006103516
2016-10-03 20:30:00,6.92999982833862,6.882024422288124,148.58000183105503,12.1199998855591,13.7700004577637,474.440002441406
2016-10-03 20:40:00,6.92999982833862,6.881220453790751,141.229995727539,12.2200002670288,14.3500003814697,543.52001953125
2016-10-03 20:50:00,7.57000017166138,7.516628124877795,134.88999938964798,12.2299995422363,15.0900001525879,644.799987792969
2016-10-03 21:00:00,9.10999965667725,9.054874740268918,135.80999755859398,11.3699998855591,17.0400009155273,1138.5400390625
2016-10-03 21:10:00,8.56999969482422,8.522037923729808,139.35000610351597,10.9799995422363,17.0599994659424,1018.38000488281
2016-10-03 21:20:00,8.31999969482422,8.272854750022852,142.80000305175804,11.039999961853,16.9899997711182,975.590026855469
2016-10-03 21:30:00,8.31999969482422,8.269073866868256,146.38999938964798,11.4300003051758,16.7900009155273,947.919982910156
2016-10-03 21:40:00,8.07999992370605,8.028286864836307,148.85000610351597,11.6700000762939,16.3600006103516,854.880004882813
2016-10-03 21:50:00,7.94000005722046,7.890014157491794,146.529998779297,11.5799999237061,16.1200008392334,799.109985351563
2016-10-03 22:00:00,7.73000001907349,7.678819905957212,152.78999328613304,11.8599996566772,15.5799999237061,712.679992675781
2016-10-03 22:10:00,7.67000007629395,7.623499330951668,146.91999816894497,11.3800001144409,15.2399997711182,666.630004882813
2016-10-03 22:20:00,7.23999977111816,7.195600230965485,151.66999816894503,11.4399995803833,14.9099998474121,625.710021972656
2016-10-03 22:30:00,6.46000003814697,6.415953170384516,148.80000305175804,12.0299997329712,12.9799995422363,392.399993896484
2016-10-03 22:40:00,6.96999979019165,6.919969033454782,153.21000671386696,12.3400001525879,14.1400003433228,531.630004882813
2016-10-03 22:50:00,8.15999984741211,8.100197943807526,149.619995117188,12.4700002670288,16.3099994659424,865.380004882813
2016-10-03 23:00:00,9.14000034332275,9.081609431250216,136.770004272461,11.6599998474121,16.9500007629395,1090.7099609375
2016-10-03 23:10:00,9.96000003814697,9.898804062030198,142.80999755859398,11.4499998092651,17.1000003814697,1417.08996582031
2016-10-03 23:20:00,10.1300001144409,10.066345022329866,141.92999267578102,11.5699996948242,17.1000003814697,1505.05004882813
2016-10-03 23:30:00,9.57999992370605,9.519020888747113,143.44000244140602,11.6400003433228,17.0499992370605,1292.86999511719
2016-10-03 23:40:00,9.11999988555908,9.059616622349296,146.14999389648403,11.8599996566772,17.0300006866455,1129.09997558594
2016-10-03 23:50:00,9.4399995803833,9.375305135686215,142.880004882813,12.0600004196167,17.1000003814697,1267.78002929688
2016-10-04 00:00:00,9.10000038146973,9.036896773478183,145.11000061035202,12.1300001144409,17.0400009155273,1156.06005859375
2016-10-04 00:10:00,8.64999961853027,8.583302281657106,153.30999755859398,12.8000001907349,16.8099994659424,980.119995117188
2016-10-04 00:20:00,8.44999980926514,8.380645891188982,145.970001220703,13.2299995422363,16.1800003051758,855.679992675781
2016-10-04 00:30:00,9.02000045776367,8.949094208438325,153.07000732421898,12.9300003051758,16.9599990844727,1078.81994628906
2016-10-04 00:40:00,8.61999988555908,8.556028044971836,154.58000183105503,12.5500001907349,16.6900005340576,965.630004882813
2016-10-04 00:50:00,7.94999980926514,7.88980375888027,152.50999450683594,12.6800003051758,15.7399997711182,745.239990234375
2016-10-04 01:00:00,6.92000007629395,6.863283610290404,159.86000061035202,13.2200002670288,13.789999961853,479.579986572266
2016-10-04 01:10:00,7.3899998664856,7.326618064148239,156.16999816894497,13.5500001907349,14.2700004577637,566.510009765625
2016-10-04 01:20:00,7.51999998092651,7.453424005357695,157.82000732421898,13.789999961853,14.289999961853,539.900024414063
2016-10-04 01:30:00,7.92000007629395,7.84997401953962,157.10000610351608,13.7799997329712,15.0799999237061,651.210021972656
2016-10-04 01:40:00,7.78000020980835,7.7160555442314545,152.86999511718795,13.2399997711182,15.039999961853,640.840026855469
2016-10-04 01:50:00,8.07999992370605,8.016016052417628,147.92999267578102,12.9799995422363,15.8400001525879,752.340026855469
2016-10-04 02:00:00,8.77999973297119,8.707835962849146,149.83999633789097,13.2399997711182,16.8099994659424,986.190002441406
2016-10-04 02:10:00,8.80000019073486,8.721686878117575,146.490005493164,13.8299999237061,16.9799995422363,1022.69000244141
2016-10-04 02:20:00,9.44999980926514,9.370693512927236,144.05999755859398,13.3900003433228,17.0,1196.11999511719
2016-10-04 02:30:00,10.9899997711182,10.901575372966107,149.44000244140602,13.0900001525879,17.1000003814697,1644.96997070313
2016-10-04 02:40:00,10.5699996948242,10.483489786807953,156.41000366210903,13.210000038147,17.1000003814697,1481.08996582031
2016-10-04 02:50:00,9.78999996185303,9.70987394287181,153.78999328613304,13.210000038147,17.0699996948242,1239.17004394531
2016-10-04 03:00:00,8.68000030517578,8.609259704115964,154.88000488281307,13.1800003051758,16.6599998474121,901.75
2016-10-04 03:10:00,8.35000038146973,8.279251368634814,143.30999755859398,13.460000038147,16.0799999237061,808.510009765625
2016-10-04 03:20:00,8.43000030517578,8.35303971632046,142.86999511718807,14.0299997329712,16.2000007629395,879.390014648438
2016-10-04 03:30:00,8.28999996185303,8.214603539016316,139.88999938964804,14.0,16.8400001525879,932.549987792969
2016-10-04 03:40:00,8.14000034332275,8.073190765844215,148.130004882813,13.2299995422363,16.0900001525879,796.469970703125
2016-10-04 03:50:00,7.25,7.1899093890064885,150.57000732421898,13.3000001907349,14.6400003433228,579.710021972656
2016-10-04 04:00:00,7.98000001907349,7.908616661089976,145.69999694824196,13.8699998855591,16.0100002288818,770.510009765625
2016-10-04 04:10:00,8.10000038146973,8.024748673215825,143.30000305175804,14.1700000762939,15.8100004196167,736.150024414063
2016-10-04 04:20:00,7.69000005722046,7.622273241717103,138.08000183105503,13.75,15.7299995422363,724.859985351563
2016-10-04 04:30:00,8.11999988555908,8.05372944726322,138.44000244140602,13.1899995803833,16.6399993896484,877.97998046875
2016-10-04 04:40:00,8.38000011444092,8.312575502787949,135.740005493164,13.0900001525879,16.7099990844727,914.219970703125
2016-10-04 04:50:00,7.57999992370605,7.514639087247565,133.07000732421903,13.5900001525879,15.1499996185303,645.349975585938
2016-10-04 05:00:00,7.05000019073486,6.98596249545879,139.63999938964798,13.9899997711182,14.4799995422363,556.669982910156
2016-10-04 05:10:00,6.94999980926514,6.885591763616622,140.71000671386696,14.1499996185303,14.3599996566772,540.650024414063
2016-10-04 05:20:00,7.28000020980835,7.213036092831918,139.05999755859398,14.0900001525879,14.8299999237061,601.070007324219
2016-10-04 05:30:00,7.51999998092651,7.456456956034003,138.82000732421898,13.4399995803833,15.3699998855591,678.039978027344
2016-10-04 05:40:00,7.67000007629395,7.607667952744617,139.89999389648403,13.1599998474121,15.6300001144409,713.210021972656
2016-10-04 05:50:00,7.25,7.186315316753919,139.83999633789097,13.7299995422363,15.039999961853,630.340026855469
2016-10-04 06:00:00,7.59999990463257,7.530616696235556,140.94000244140602,14.0299997329712,15.6899995803833,728.469970703125
2016-10-04 06:10:00,7.94999980926514,7.877695641601773,139.86000061035202,14.0,16.4200000762939,833.840026855469
2016-10-04 06:20:00,7.42999982833862,7.36893185385958,141.509994506836,13.2399997711182,15.3299999237061,668.349975585938
2016-10-04 06:30:00,7.57000017166138,7.507868907330906,139.13999938964798,13.2299995422363,15.5600004196167,702.429992675781
2016-10-04 06:40:00,7.53000020980835,7.463509104699586,139.130004882813,13.7700004577637,15.6700000762939,718.179992675781
2016-10-04 06:50:00,8.89999961853027,8.819464867559487,135.44000244140597,13.960000038147,16.9599990844727,1040.98999023438
2016-10-04 07:00:00,9.55000019073486,9.471838444102062,134.990005493164,13.210000038147,17.0900001525879,1182.18994140625
2016-10-04 07:10:00,9.84000015258789,9.761283242745105,138.279998779297,13.0500001907349,17.1000003814697,1361.30004882813
2016-10-04 07:20:00,9.02000045776367,8.947009729263797,140.770004272461,13.1300001144409,17.1000003814697,1157.06994628906
2016-10-04 07:30:00,8.69999980926514,8.630402544021392,143.13999938964798,13.0500001907349,16.9400005340576,1051.91003417969
2016-10-04 07:40:00,8.17000007629395,8.101907073336038,150.55999755859398,13.3400001525879,16.6299991607666,887.739990234375
2016-10-04 07:50:00,8.09000015258789,8.01595746646929,142.69999694824196,14.0500001907349,15.8999996185303,751.510009765625
2016-10-04 08:00:00,8.51000022888184,8.4291796144163,141.05999755859403,14.3500003814697,16.3999996185303,839.77001953125
2016-10-04 08:10:00,9.39000034332275,9.307950321063958,140.880004882813,13.6899995803833,16.9300003051758,1101.01000976563
2016-10-04 08:20:00,9.42000007629395,9.341054212415669,137.490005493164,13.3800001144409,17.0200004577637,1111.14001464844
2016-10-04 08:30:00,10.1199998855591,10.03378702359675,130.85000610351597,13.5,17.1000003814697,1403.92004394531
2016-10-04 08:40:00,9.1899995803833,9.110544227340569,136.86000061035202,13.6099996566772,17.0799999237061,1172.4599609375
2016-10-04 08:50:00,8.4399995803833,8.364404254296225,137.60000610351597,13.8800001144409,16.5799999237061,918.5
2016-10-04 09:00:00,8.81999969482422,8.73441252675315,134.92999267578097,14.5299997329712,16.7999992370605,1011.30999755859
2016-10-04 09:10:00,9.27000045776367,9.177388911290054,129.009994506836,14.7799997329712,17.0799999237061,1119.71997070313
2016-10-04 09:20:00,8.28999996185303,8.21422214332644,134.14999389648403,14.039999961853,16.3799991607666,839.690002441406
2016-10-04 09:30:00,7.86999988555908,7.797789725095077,135.19000244140597,14.0699996948242,15.7399997711182,727.960021972656
2016-10-04 09:40:00,7.6100001335144,7.535194219938909,138.880004882813,14.6400003433228,15.6999998092651,718.77001953125
2016-10-04 09:50:00,7.59999990463257,7.522157083555049,139.779998779297,15.0,15.6199998855591,713.590026855469
2016-10-04 10:00:00,7.36999988555908,7.295356865617402,152.279998779297,14.8999996185303,15.25,657.150024414063
2016-10-04 10:10:00,7.71000003814697,7.635891919765966,141.88999938964798,14.4499998092651,15.0699996948242,635.059997558594
2016-10-04 10:20:00,8.42000007629395,8.339454114936194,139.11999511718807,14.4099998474121,15.9099998474121,759.159973144531
2016-10-04 10:30:00,7.44999980926514,7.37557090209218,131.479995727539,14.7799997329712,14.8000001907349,597.710021972656
2016-10-04 10:40:00,7.05000019073486,6.975209620399221,139.0,15.3199996948242,14.0,513.929992675781
2016-10-04 10:50:00,7.01999998092651,6.942720939770136,138.67999267578102,15.6700000762939,14.210000038147,524.080017089844
2016-10-04 11:00:00,7.1100001335144,7.031324605503726,133.979995727539,15.7200002670288,14.039999961853,505.350006103516
2016-10-04 11:10:00,8.26000022888184,8.173412292610434,127.33999633789097,15.210000038147,15.6899995803833,753.989990234375
2016-10-04 11:20:00,8.39999961853027,8.313193551588867,137.71000671386696,15.0799999237061,16.4799995422363,872.669982910156
2016-10-04 11:30:00,8.55000019073486,8.46037224265718,134.11000061035202,15.210000038147,16.4899997711182,893.890014648438
2016-10-04 11:40:00,8.64000034332275,8.543507458617372,132.720001220703,15.8100004196167,16.6499996185303,972.0
2016-10-04 11:50:00,9.60999965667725,9.50333147802668,121.220001220703,15.75,17.0799999237061,1241.88000488281
2016-10-04 12:00:00,10.8500003814697,10.737379188537115,127.970001220703,15.1199998855591,17.1000003814697,1586.22998046875
2016-10-04 12:10:00,9.89000034332275,9.787230617232751,128.009994506836,15.1300001144409,17.0900001525879,1319.13000488281
2016-10-04 12:20:00,10.0100002288818,9.90289287294827,128.520004272461,15.3999996185303,17.0599994659424,1370.90002441406
2016-10-04 12:30:00,9.52000045776367,9.418680163384556,124.01999664306597,15.3500003814697,16.8500003814697,1088.16003417969
2016-10-04 12:40:00,9.82999992370605,9.726054641220172,115.540000915527,15.289999961853,16.8899993896484,1215.06005859375
2016-10-04 12:50:00,9.72999954223633,9.6277793197544,124.41000366210898,15.2299995422363,17.0699996948242,1362.10998535156
2016-10-04 13:00:00,8.35999965667725,8.272459076148216,132.53999328613298,15.1999998092651,16.0699996948242,855.289978027344
2016-10-04 13:10:00,7.40999984741211,7.326145322427105,132.0,15.9399995803833,14.2799997329712,532.190002441406
2016-10-04 13:20:00,7.86999988555908,7.776906709477607,124.23999786377,16.3899993896484,15.2399997711182,660.789978027344
2016-10-04 13:30:00,7.71999979019165,7.627715106161776,118.83000183105504,16.5,14.710000038147,586.830017089844
2016-10-04 13:40:00,8.72999954223633,8.62901900512947,121.48000335693403,16.1599998474121,16.5100002288818,951.150024414063
2016-10-04 13:50:00,8.14000034332275,8.04927725274609,125.08999633789102,15.789999961853,16.0,791.820007324219
2016-10-04 14:00:00,8.4399995803833,8.346606976877355,125.90000152587902,15.7200002670288,16.3500003814697,862.340026855469
2016-10-04 14:10:00,8.6899995803833,8.593840608152558,121.23999786377,15.7200002670288,16.5900001525879,914.400024414063
2016-10-04 14:20:00,8.06999969482422,7.977664633448395,123.84999847412104,16.0499992370605,15.8299999237061,776.609985351563
2016-10-04 14:30:00,7.8600001335144,7.769261980505481,128.369995117188,16.1399993896484,15.4099998474121,702.400024414063
2016-10-04 14:40:00,7.90000009536743,7.80547386467637,125.519996643066,16.5100002288818,15.3199996948242,720.77001953125
2016-10-04 14:50:00,8.52000045776367,8.42445904348747,121.709999084473,15.8500003814697,16.5400009155273,868.330017089844
2016-10-04 15:00:00,9.10999965667725,9.014605554845218,123.279998779297,15.1999998092651,16.6299991607666,1035.78002929688
2016-10-04 15:10:00,8.64999961853027,8.55952129518945,126.59999847412098,15.1899995803833,16.5900001525879,961.299987792969
2016-10-04 15:20:00,7.86999988555908,7.78660024400665,131.029998779297,15.3100004196167,15.8699998855591,767.869995117188
2016-10-04 15:30:00,8.03999996185303,7.949657793405286,132.44999694824196,15.8699998855591,16.3099994659424,827.780029296875
2016-10-04 15:40:00,8.35000038146973,8.25741310281614,129.520004272461,15.7399997711182,16.7800006866455,913.840026855469
2016-10-04 15:50:00,8.65999984741211,8.570209597228564,131.32000732421898,15.1099996566772,17.0100002288818,1049.05004882813
2016-10-04 16:00:00,7.82000017166138,7.7409787274375645,134.279998779297,14.8800001144409,15.960000038147,764.539978027344
2016-10-04 16:10:00,8.06999969482422,7.9882671090028285,133.779998779297,14.8999996185303,16.3600006103516,856.030029296875
2016-10-04 16:20:00,7.55999994277954,7.483259417510045,133.92999267578102,14.9200000762939,15.6199998855591,709.849975585938
2016-10-04 16:30:00,7.44000005722046,7.361497474288366,136.19999694824196,15.2700004577637,14.789999961853,595.0
2016-10-04 16:40:00,8.39999961853027,8.30858390815098,133.19999694824196,15.5600004196167,16.7000007629395,936.780029296875
2016-10-04 16:50:00,8.43000030517578,8.344331969696071,133.020004272461,14.9300003051758,16.9300003051758,949.429992675781
2016-10-04 17:00:00,8.53999996185303,8.460169785289137,133.11000061035202,14.2200002670288,17.0,980.940002441406
2016-10-04 17:10:00,9.10999965667725,9.02546943019494,134.17999267578102,14.1599998474121,17.0799999237061,1186.27001953125
2016-10-04 17:20:00,9.71000003814697,9.622694345502053,128.44000244140602,13.9099998474121,17.1000003814697,1311.67004394531
2016-10-04 17:30:00,9.71000003814697,9.626160728280633,129.08999633789102,13.6000003814697,17.1000003814697,1289.44995117188
2016-10-04 17:40:00,10.4499998092651,10.359409845896444,130.05999755859398,13.6300001144409,17.1000003814697,1554.5
2016-10-04 17:50:00,10.4700002670288,10.38225470342031,134.63999938964798,13.3800001144409,17.1000003814697,1572.23999023438
2016-10-04 18:00:00,10.3900003433228,10.303524597270648,135.28999328613304,13.3299999237061,17.1000003814697,1566.53002929688
2016-10-04 18:10:00,10.1099996566772,10.025154509065404,136.67999267578102,13.3900003433228,17.1000003814697,1524.60998535156
2016-10-04 18:20:00,10.3299999237061,10.245812092155557,140.42999267578102,13.1800003051758,17.1000003814697,1546.18005371094
2016-10-04 18:30:00,10.5799999237061,10.49340816905734,141.97999572753906,13.210000038147,17.1000003814697,1603.13000488281
2016-10-04 18:40:00,10.4099998474121,10.324318762008277,138.880004882813,13.25,17.1000003814697,1569.85998535156
2016-10-04 18:50:00,10.1400003433228,10.058766371772636,136.83000183105503,13.0600004196167,17.1000003814697,1455.69995117188
2016-10-04 19:00:00,9.93000030517578,9.849760459398922,137.08000183105503,13.1199998855591,17.1000003814697,1401.98999023438
2016-10-04 19:10:00,10.1400003433228,10.058414952395257,137.71000671386696,13.0900001525879,17.1000003814697,1467.60998535156
2016-10-04 19:20:00,9.27000045776367,9.197557647955035,142.24000549316406,12.8900003433228,17.1000003814697,1269.48999023438
2016-10-04 19:30:00,9.18000030517578,9.106245023038833,142.270004272461,13.0799999237061,17.1000003814697,1243.77001953125
2016-10-04 19:40:00,9.22000026702881,9.146882405768674,142.03999328613304,12.9899997711182,17.1000003814697,1220.21997070313
2016-10-04 19:50:00,8.64000034332275,8.56779075100461,140.759994506836,13.3599996566772,17.0799999237061,1068.68005371094
2016-10-04 20:00:00,8.64000034332275,8.560923851181943,139.44999694824196,14.0500001907349,17.0300006866455,1034.93994140625
2016-10-04 20:10:00,9.27000045776367,9.190494456776332,138.22999572753906,13.5500001907349,17.0699996948242,1190.76000976563
2016-10-04 20:20:00,8.89000034332275,8.81724034955077,141.55000305175804,13.210000038147,17.0200004577637,1070.7900390625
2016-10-04 20:30:00,8.98999977111816,8.91579867495994,142.0,13.2700004577637,16.9500007629395,1082.76000976563
2016-10-04 20:40:00,8.84000015258789,8.768057656165405,144.479995727539,13.1700000762939,16.8999996185303,1034.38000488281
2016-10-04 20:50:00,8.72999954223633,8.654420679103335,146.009994506836,13.6199998855591,16.7199993133545,944.940002441406
2016-10-04 21:00:00,9.53999996185303,9.452028171390976,135.0,14.1099996566772,17.0699996948242,1300.58996582031
2016-10-04 21:10:00,10.4899997711182,10.401360633050484,139.58999633789097,13.4399995803833,17.1000003814697,1610.68005371094
2016-10-04 21:20:00,9.82999992370605,9.748298479004808,139.619995117188,13.3199996948242,17.0900001525879,1383.5
2016-10-04 21:30:00,9.77000045776367,9.686994563525886,139.64999389648403,13.4799995422363,17.1000003814697,1358.43005371094
2016-10-04 21:40:00,10.9799995422363,10.888613245730795,137.66999816894497,13.3299999237061,17.1000003814697,1724.16003417969
2016-10-04 21:50:00,10.710000038147,10.619872495749632,136.16000366210903,13.4099998474121,17.1000003814697,1638.93994140625
2016-10-04 22:00:00,10.9300003051758,10.836760985386649,136.28999328613298,13.5100002288818,17.1000003814697,1674.86999511719
2016-10-04 22:10:00,11.4700002670288,11.374668059519832,137.80999755859398,13.3199996948242,17.1000003814697,1816.13000488281
2016-10-04 22:20:00,11.6300001144409,11.533338077960725,139.470001220703,13.3199996948242,17.1000003814697,1873.56994628906
2016-10-04 22:30:00,11.4399995803833,11.343596941839008,139.270004272461,13.4200000762939,17.1000003814697,1833.97998046875
2016-10-04 22:40:00,11.1300001144409,11.038649921121582,139.08999633789097,13.2299995422363,17.1000003814697,1716.31994628906
2016-10-04 22:50:00,11.1899995803833,11.098286108738312,140.85000610351602,13.2200002670288,17.1000003814697,1771.48999023438
2016-10-04 23:00:00,9.93000030517578,9.848384555616748,150.30999755859398,13.2399997711182,17.1000003814697,1344.44995117188
2016-10-04 23:10:00,9.94999980926514,9.871322781428688,138.240005493164,12.9700002670288,17.1000003814697,1283.63000488281
2016-10-04 23:20:00,9.72999954223633,9.653174573680012,138.520004272461,12.960000038147,17.1000003814697,1252.40002441406
2016-10-04 23:30:00,9.93000030517578,9.854122571855736,140.880004882813,12.7399997711182,17.1000003814697,1342.19995117188
2016-10-04 23:40:00,10.6800003051758,10.60098790739734,141.220001220703,12.5299997329712,17.1000003814697,1586.92004394531
2016-10-04 23:50:00,11.0200004577637,10.937962207783348,131.35000610351597,12.5699996948242,17.1000003814697,1702.59997558594
2016-10-05 00:00:00,11.3199996948242,11.238088543073106,141.83999633789097,12.3900003433228,17.1000003814697,1851.22998046875
2016-10-05 00:10:00,11.5699996948242,11.488425777915992,141.630004882813,12.2299995422363,17.1000003814697,1920.98999023438
2016-10-05 00:20:00,11.2200002670288,11.138422642293497,142.02000427246094,12.4200000762939,17.1000003814697,1806.47998046875
2016-10-05 00:30:00,10.4200000762939,10.346534195323535,142.130004882813,12.2299995422363,17.1000003814697,1594.46997070313
2016-10-05 00:40:00,9.75,9.681710296469284,143.05999755859398,12.1899995803833,17.1000003814697,1381.73999023438
2016-10-05 00:50:00,9.80000019073486,9.729769258313503,141.47999572753895,12.3299999237061,17.1000003814697,1308.19995117188
2016-10-05 01:00:00,10.7700004577637,10.695941216108306,134.89999389648403,12.0799999237061,17.1000003814697,1522.0
2016-10-05 01:10:00,10.0200004577637,9.950633415556627,139.020004272461,12.1199998855591,17.1000003814697,1442.81005859375
2016-10-05 01:20:00,9.61999988555908,9.55340199058827,142.83000183105503,12.1199998855591,17.0900001525879,1286.23999023438
2016-10-05 01:30:00,9.35000038146973,9.285922721566685,141.38999938964798,12.0600004196167,17.0699996948242,1180.17004394531
2016-10-05 01:40:00,9.3100004196167,9.24500850441195,139.17999267578102,12.1700000762939,17.0699996948242,1195.57995605469
2016-10-05 01:50:00,9.01000022888184,8.94543076920068,139.64999389648403,12.3299999237061,17.0599994659424,1132.16003417969
2016-10-05 02:00:00,9.27000045776367,9.201204750176572,137.91000366210903,12.5500001907349,17.0699996948242,1166.10998535156
2016-10-05 02:10:00,9.93000030517578,9.85435236508204,138.66000366210903,12.7200002670288,17.1000003814697,1362.65002441406
2016-10-05 02:20:00,9.38000011444092,9.3123441676321,140.08999633789097,12.3699998855591,17.0900001525879,1199.85998535156
2016-10-05 02:30:00,8.97999954223633,8.91585328712829,134.279998779297,12.3100004196167,17.0100002288818,1057.26000976563
2016-10-05 02:40:00,8.3100004196167,8.248906683340525,132.470001220703,12.4899997711182,16.25,809.489990234375
2016-10-05 02:50:00,8.22000026702881,8.153008592010696,116.05999755859398,13.1800003051758,16.4099998474121,838.159973144531
2016-10-05 03:00:00,7.21999979019165,7.157743163507373,137.66000366210903,13.5900001525879,14.7399997711182,589.169982910156
2016-10-05 03:10:00,7.53000020980835,7.465244084904593,131.869995117188,13.5699996948242,14.8000001907349,598.119995117188
2016-10-05 03:20:00,7.80999994277954,7.748063882506317,130.490005493164,12.9899997711182,15.3299999237061,669.97998046875
2016-10-05 03:30:00,6.88000011444092,6.825439281548501,133.16999816894497,12.9899997711182,14.0500001907349,511.119995117188
2016-10-05 03:40:00,6.1399998664856,6.087197398067965,129.91999816894497,13.5699996948242,12.5299997329712,341.540008544922
2016-10-05 03:50:00,5.23000001907349,5.18333658328777,134.020004272461,13.8500003814697,11.0600004196167,186.470001220703
2016-10-05 04:00:00,5.07000017166138,5.024180839144537,133.80000305175804,13.9499998092651,10.8599996566772,161.309997558594
2016-10-05 04:10:00,5.86999988555908,5.816613034478307,129.270004272461,14.0,11.7700004577637,275.049987792969
2016-10-05 04:20:00,5.53000020980835,5.482571064130933,129.80999755859398,13.5500001907349,11.25,219.229995727539
2016-10-05 04:30:00,6.38000011444092,6.327635852281096,123.44999694824202,13.2299995422363,12.1599998474121,312.809997558594
2016-10-05 04:40:00,6.1100001335144,6.0567515920447255,129.19000244140602,13.6700000762939,12.0,295.279998779297
2016-10-05 04:50:00,5.92000007629395,5.866567118046334,125.779998779297,13.9399995803833,11.5,254.039993286133
2016-10-05 05:00:00,7.32999992370605,7.263165944260169,123.65000152587902,14.0200004577637,13.9499998092651,500.019989013672
2016-10-05 05:10:00,7.21999979019165,7.152508705810288,125.430000305176,14.2200002670288,14.2700004577637,532.419982910156
2016-10-05 05:20:00,7.17000007629395,7.107513654353316,106.58000183105504,13.6700000762939,13.6800003051758,463.899993896484
2016-10-05 05:30:00,7.15999984741211,7.099994288097434,127.33000183105504,13.3800001144409,14.1099996566772,517.090026855469
2016-10-05 05:40:00,7.36999988555908,7.304073151359598,128.380004882813,13.8699998855591,14.8500003814697,609.400024414063
2016-10-05 05:50:00,7.01999998092651,6.955508160945693,146.75,14.0799999237061,1.25999999046326,34.0400009155273
2016-10-05 06:00:00,7.40000009536743,7.330996483734022,146.42999267578102,14.1999998092651,0.0099999997764825,0.0
2016-10-05 06:10:00,7.71000003814697,7.637308464579091,140.53999328613304,14.289999961853,0.0199999995529652,0.0
2016-10-05 06:20:00,8.02999973297119,7.953368913210919,139.35000610351597,14.3900003433228,0.0299999993294477,0.0
