pressure_1_bar,pressure_2_bar,pressure_3_bar,pressure_4_bar,pressure_5_bar,pressure_6_bar,motor_power_w,flow_1_l_min,flow_2_l_min,temperature_1_c,temperature_2_c,temperature_3_c,temperature_4_c,vibration_mm_s,cooling_efficiency_pct,cooling_power_kw,efficiency_factor_pct,anomaly
157.094,106.392,1.75263,0,8.58482,8.5266,2402.08,6.60733,9.23373,53.7394,58.2975,55.3026,49.1826,0.65735,19.5357,1.52172,60.5331,0
158.244,107.24,1.78917,0,8.98539,8.91071,2445.1,6.6458,9.60784,46.899,52.0072,49.0694,42.4886,0.596683,26.2325,1.70403,59.8245,0
161.098,109.241,2.00208,10.0833,9.85037,9.73489,2541.21,6.6857,10.1666,36.2008,41.8887,39.0807,31.1644,0.5335,47.173,2.16833,58.6553,0
159.026,107.818,1.80735,0.0374543,9.13948,9.05387,2468.41,6.66701,9.72748,44.5884,49.5646,46.8207,40.144,0.597517,27.6189,1.75007,59.6971,0
161.008,109.431,1.99915,8.31864,9.838,9.72352,2544.17,6.70467,10.1613,36.2977,41.9907,39.1908,31.2957,0.542183,47.3046,2.1616,59.0325,0
157.091,106.386,1.74171,0,8.57992,8.51945,2403.18,6.59911,9.22448,53.8161,58.4045,55.3546,49.2164,0.655767,19.5773,1.52798,60.2968,0
156.976,106.274,1.75275,0,8.53252,8.47728,2399.33,6.58632,9.19476,54.3002,58.9058,55.849,49.5676,0.671317,20.0626,1.55637,60.2316,0
161.268,109.643,2.00999,10.1792,9.95035,9.82925,2543.27,6.6843,10.1778,35.4522,41.0481,38.4102,30.5091,0.551317,46.7135,2.16668,58.8941,0
158.254,107.271,1.80244,0,8.98502,8.90977,2442.03,6.62762,9.60616,46.7926,51.8857,48.9592,42.371,0.59335,26.1989,1.70727,59.6506,0
158.86,107.084,1.80089,0,9.05385,8.97598,2457.85,6.64346,9.66212,45.7204,50.6529,47.9492,41.1772,0.6162,28.1752,1.76385,59.0354,0
157.8,107.074,1.72516,0,8.74552,8.6821,2421.14,6.62509,9.46546,50.5015,55.0898,51.9534,46.3554,0.64185,18.9072,1.42867,60.1985,0
161.042,109.573,1.99992,1.28087,9.96391,9.84303,2547.39,6.68757,10.2086,35.4348,41.0571,38.386,30.5074,0.5521,46.8551,2.16385,58.7899,0
157.049,106.366,1.7337,0,8.54688,8.48596,2396.9,6.59384,9.19619,54.1571,58.749,55.6975,49.3839,0.674467,20.1082,1.56558,60.3949,0
161.036,109.621,1.99254,10.0954,9.86654,9.75081,2542.12,6.68453,10.1496,36.0601,41.6806,38.9511,30.996,0.541367,47.1866,2.17297,58.9111,0
156.309,104.861,1.6805,0,8.38399,8.33844,2367.21,6.52665,8.89123,57.6257,61.9585,59.1407,52.8883,0.7071,18.9936,1.4967,59.1136,0
161.033,109.596,1.99626,1.98049,9.96374,9.84511,2545.29,6.68799,10.1747,35.4271,41.0336,38.3763,30.5178,0.56285,46.8769,2.15765,58.9131,0
157.082,106.397,1.7373,0,8.57724,8.51659,2402.1,6.60995,9.22266,53.8101,58.388,55.3412,49.1988,0.651133,19.596,1.52677,60.5434,0
161.027,109.454,1.99194,10.0769,9.84756,9.7312,2537.14,6.69278,10.1396,36.1826,41.8663,39.0801,31.1641,0.548183,46.9014,2.16305,59.0897,0
159.135,107.639,1.80763,0,9.15588,9.06956,2463.23,6.66639,9.72615,44.347,49.3848,46.5965,39.8476,0.61625,27.4538,1.7674,59.677,0
158.267,107.289,1.79404,0,8.99275,8.91596,2443.59,6.64198,9.6126,46.7553,51.8384,48.9439,42.3018,0.595333,26.405,1.71938,59.8261,0
158.905,107.872,1.80549,0,9.14246,9.05758,2463.35,6.67959,9.69455,44.6015,49.6597,46.8048,40.037,0.609833,27.4974,1.7691,59.9503,0
158.747,107.357,1.79011,0,9.05922,8.97873,2462.5,6.66515,9.66092,45.7273,50.6541,47.8948,41.1878,0.611483,27.5233,1.74508,59.5087,0
156.356,104.87,1.70983,0,8.40769,8.36365,2368.94,6.51881,8.91924,57.1336,61.3905,58.6602,52.4936,0.662833,18.6592,1.48277,58.9554,0
158.974,107.973,1.80654,0,9.14155,9.05712,2463.9,6.66874,9.72219,44.3824,49.4132,46.6478,39.9159,0.599283,27.2975,1.76243,59.8088,0
158.15,107.193,1.77516,0,8.96989,8.89676,2446.38,6.64707,9.6046,47.1061,52.2339,49.3118,42.6629,0.59635,26.372,1.72087,59.8261,0
159.125,107.608,1.79673,0,9.10328,9.01965,2452.37,6.62498,9.70032,44.5256,49.4978,46.7854,40.0978,0.614267,27.4229,1.74778,59.3806,0
158.657,107.717,1.81141,0,9.05801,8.97876,2448.42,6.68255,9.65598,45.5464,50.5112,47.8054,41.0475,0.608917,28.0866,1.75475,60.3642,0
160.992,109.597,2.00063,10.0552,9.82736,9.71225,2531.2,6.71255,10.1606,36.3111,41.9031,39.1684,31.2729,0.555183,47.5274,2.16238,59.5029,0
157.498,106.572,1.7582,0,8.84622,8.77782,2422.96,6.61296,9.40147,49.4442,54.6105,51.8745,44.7077,0.592983,26.3484,1.81598,59.6612,0
158.686,107.563,1.78095,0,9.05429,8.97418,2452.81,6.67435,9.65575,45.6631,50.6331,47.8865,41.1005,0.6115,27.9977,1.76598,60.0299,0
160.988,109.621,2.00434,10.0827,9.85594,9.73935,2538.47,6.69012,10.1406,36.097,41.757,38.9925,31.0498,0.546633,47.327,2.17282,59.0527,0
157.659,106.918,1.72813,0,8.72497,8.66448,2421.75,6.61733,9.42425,51.0695,55.682,52.5397,46.8032,0.630667,18.9797,1.45688,59.996,0
159.026,107.807,1.79803,0,9.14325,9.06127,2464.76,6.66765,9.72603,44.3452,49.3952,46.5803,39.9302,0.60225,27.2838,1.74417,59.8018,0
161.044,109.6,2.01801,1.25039,9.96609,9.84657,2542.91,6.68192,10.1575,35.391,41.0137,38.3589,30.5453,0.575517,46.3387,2.13807,58.8884,0
156.308,105.165,1.7165,0,8.43331,8.38512,2370.35,6.55934,8.9713,56.625,61.0309,58.1277,52.0717,0.660317,18.5949,1.46273,59.7568,0
157.449,106.555,1.76193,0,8.83102,8.76301,2422.41,6.6117,9.38079,49.6488,54.8091,52.1015,44.887,0.59755,26.3273,1.82272,59.6635,0
161,109.637,2.00316,10.0831,9.85424,9.73821,2538.76,6.69529,10.1437,36.1437,41.8171,39.0307,31.0957,0.545683,47.1335,2.16957,59.121,0
158.955,107.897,1.79793,0,9.10915,9.0253,2460.73,6.66487,9.72392,44.82,49.771,47.0702,40.3784,0.5956,27.911,1.75208,59.8945,0
161.005,109.571,2.01433,0.525377,9.9547,9.83618,2542.55,6.68891,10.1467,35.4127,41.0809,38.3969,30.5167,0.563233,46.6529,2.15573,59.0371,0
173.252,123.333,1.11817,0,8.41527,8.36983,2601.87,3.43239,8.9408,57.107,61.0496,58.5814,52.4966,0.794383,18.81,1.46658,32.1561,0
161.06,109.61,1.99584,2.66336,9.96274,9.84195,2547.54,6.68648,10.2066,35.4197,41.0329,38.3887,30.4706,0.547117,47.1792,2.17973,58.8577,0
158.304,107.313,1.78842,0,8.99608,8.91951,2447.4,6.64383,9.61419,46.7317,51.8048,48.908,42.2956,0.605283,26.3852,1.71252,59.7783,0
158.224,107.25,1.78447,0,8.98064,8.90629,2446.07,6.63091,9.60493,46.9052,52.0309,49.0836,42.5074,0.594983,26.1387,1.70378,59.5721,0
161.046,109.612,2.00143,1.47595,9.95775,9.83846,2544.56,6.68479,10.1952,35.4271,41.0557,38.3929,30.5578,0.555467,46.6738,2.15373,58.8218,0
158.211,107.24,1.79266,0,8.97832,8.90388,2443.87,6.63558,9.60405,46.935,52.0526,49.1114,42.5072,0.604733,26.2955,1.70802,59.7093,0
161.055,109.591,2.00204,0.408749,9.96251,9.84272,2547.81,6.7014,10.2073,35.4209,41.044,38.3927,30.5202,0.55015,46.8767,2.16442,59.0689,0
159.199,107.331,1.7916,0,9.13086,9.04653,2458.84,6.62599,9.71081,44.4149,49.3797,46.6437,39.9876,0.6119,27.3158,1.74003,59.0036,0
159.003,107.511,1.80147,0,9.14478,9.0618,2469.83,6.66615,9.70101,44.6404,49.6947,46.8932,40.0885,0.60905,27.6525,1.77792,59.3659,0
161.023,109.579,2.00176,1.08107,9.94445,9.82635,2542.72,6.69093,10.1759,35.5347,41.1676,38.4415,30.5635,0.567333,47.038,2.15853,58.9809,0
157.177,106.495,1.74543,0.0011955,8.55887,8.50035,2401.51,6.60207,9.21484,54.0251,58.6274,55.5822,49.2937,0.661967,19.9682,1.56155,60.5015,0
156.39,105.257,1.75588,0,8.45844,8.40654,2385.81,6.57381,9.01254,56.4422,60.9373,57.8898,51.8942,0.670317,18.8533,1.45515,59.4288,0
157.146,106.423,1.7428,0,8.61037,8.55214,2404.45,6.61962,9.25679,53.2832,57.8226,54.8714,48.7424,0.653883,19.9207,1.52993,60.5911,0
161.032,109.617,2.00279,0.954977,9.95514,9.83598,2544.01,6.68725,10.1996,35.4381,41.0626,38.3879,30.559,0.5589,46.6548,2.15272,58.9201,0
161.027,109.59,2.00324,4.65088,9.9296,9.8095,2541.15,6.68262,10.1684,35.5392,41.2166,38.4905,30.6396,0.558367,46.5165,2.1502,58.969,0
156.337,105.664,1.75594,0,8.47385,8.42264,2387.78,6.60067,9.04258,56.0872,60.5886,57.5388,51.3666,0.633267,19.6843,1.50355,60.1176,0
157.695,106.969,1.73319,0,8.72785,8.66708,2421.69,6.61978,9.43179,50.9794,55.6016,52.4925,46.758,0.634983,19.0231,1.45795,60.021,0
161.016,109.583,2.02043,0.985753,9.96465,9.84549,2540.77,6.69241,10.1568,35.3843,41.0116,38.3508,30.5551,0.56475,46.2695,2.13383,59.0617,0
158.388,107.403,1.78909,0,8.99481,8.91867,2438.63,6.64309,9.61612,46.39,51.3226,48.58,41.9909,0.6259,26.4726,1.70682,60.0177,0
158.086,107.137,1.78276,0,8.95926,8.88613,2444.32,6.64886,9.5891,47.3165,52.437,49.5167,42.8544,0.598183,26.3363,1.7215,59.8065,0
156.969,106.296,1.73968,0,8.57177,8.51218,2399.55,6.60572,9.2156,53.8689,58.4671,55.4841,49.2453,0.6545,19.8184,1.5501,60.4759,0
158.903,107.875,1.80796,0,9.14001,9.05572,2464.31,6.66931,9.69205,44.5761,49.6464,46.8377,40.0181,0.609217,27.6957,1.78227,59.7638,0
158.959,107.895,1.80417,0,9.10861,9.02409,2460.11,6.66437,9.71675,44.7474,49.711,46.979,40.3273,0.601833,27.5192,1.74218,59.8782,0
161.062,109.601,1.99816,9.08315,9.95341,9.8323,2543.08,6.68988,10.1937,35.4478,41.0732,38.3871,30.547,0.553817,46.6852,2.15227,59.0067,0
158.956,107.745,1.79345,0,9.14155,9.05227,2467.5,6.68063,9.70166,44.6,49.6678,46.902,40.0817,0.599867,27.7738,1.78522,59.7143,0
158.793,107.955,1.79494,0,8.86175,8.78634,2455.63,6.63961,9.77961,47.1522,51.6532,48.4443,43.732,0.593083,17.8202,1.24218,59.768,0
161.034,109.614,2.00574,0.234292,9.94293,9.8232,2541.95,6.68298,10.1718,35.4979,41.1626,38.4344,30.5973,0.55945,46.5521,2.14878,58.8444,0
157.911,106.94,1.7712,0,8.92597,8.85309,2438.89,6.62829,9.54489,48.0121,53.1043,50.1805,43.4051,0.58645,26.333,1.7437,59.5635,0
156.328,105.641,1.74637,0,8.47282,8.42273,2387.24,6.58675,9.0469,56.2309,60.4124,57.5731,51.4124,0.663483,19.5472,1.50105,59.8121,0
156.788,105.903,1.75716,0.00578517,8.47354,8.41723,2390.09,6.58717,9.13795,55.0183,59.5776,56.4516,50.1048,0.667967,20.3767,1.56223,60.3923,0
159.025,107.517,1.79809,0,9.14727,9.06306,2471.39,6.67111,9.70491,44.6188,49.6867,46.9023,40.1437,0.605733,27.5964,1.76897,59.2863,0
161.029,109.602,1.99847,0.231227,9.95743,9.83662,2547.25,6.68426,10.1839,35.4799,41.1015,38.4103,30.5244,0.56375,46.9222,2.16563,58.7818,0
157.04,106.364,1.74343,0,8.58222,8.52341,2402.26,6.61363,9.23045,53.6895,58.2653,55.274,49.0533,0.662333,19.9142,1.54838,60.5342,0
159.062,107.868,1.80692,0,9.14864,9.06474,2459.42,6.66797,9.72414,44.2989,49.3717,46.5523,39.8371,0.614633,27.3564,1.75947,59.9384,0
160.776,109.346,1.99125,0.505239,9.92102,9.80324,2543.03,6.6948,10.1409,35.9755,41.663,39.0112,30.7661,0.560567,47.0493,2.25123,58.9332,0
157.243,106.579,1.72137,0,8.63692,8.57987,2409.47,6.60909,9.29011,52.9055,57.4384,54.4707,48.2299,0.643634,20.6303,1.56243,60.2685,0
161.043,109.605,2.00302,0.2228,9.95971,9.84013,2548.16,6.69799,10.1995,35.4754,41.0809,38.41,30.5453,0.555683,46.8029,2.16185,58.9616,0
156.805,106.084,1.76793,0.215847,8.51453,8.45739,2397.87,6.58739,9.18103,54.521,59.219,56.0776,49.4837,0.655967,20.751,1.63143,59.7622,0
180.923,131.589,0.907908,0,8.47412,8.42384,2716.98,2.13327,9.04658,55.9856,60.1951,57.5429,51.084,0.733433,20.5563,1.57618,20.2764,0
156.387,105.515,1.75255,0,8.47404,8.42131,2389.1,6.58777,9.04052,56.1154,60.6255,57.5432,51.1851,0.635417,20.2866,1.54955,59.7752,0
161.026,109.586,2.00476,3.78471,9.95997,9.84207,2545.72,6.67794,10.1698,35.4682,41.0571,38.387,30.5212,0.555367,46.8912,2.15573,58.7186,0
156.981,106.29,1.74061,0,8.57232,8.51237,2399.62,6.6065,9.21848,53.8751,58.4696,55.4632,49.238,0.667383,19.7936,1.54685,60.4823,0
156.853,106.092,1.761,0.254794,8.51655,8.45887,2398.17,6.58926,9.18462,54.368,59.0544,55.9151,49.3336,0.649117,20.8648,1.62867,59.7657,0
159.008,107.783,1.79339,0,9.12612,9.04189,2468.67,6.65637,9.72623,44.6658,49.6605,46.9388,40.2504,0.594133,27.7017,1.75252,59.5419,0
160.875,109.528,2.01011,10.067,9.83694,9.72242,2542.37,6.70016,10.1537,36.2974,42.0111,39.2167,31.357,0.537,46.9916,2.14902,59.0442,0
161.014,109.616,2.00286,0.393715,9.94826,9.82795,2543.66,6.68904,10.1766,35.4778,41.1089,38.4041,30.5675,0.554833,46.6353,2.15045,58.9854,0
161.055,109.634,2.00499,2.97553,9.95213,9.83265,2543.86,6.68652,10.1974,35.4459,41.0813,38.3908,30.5606,0.5556,46.6023,2.15202,58.8908,0
161.019,109.58,1.99987,1.01619,9.9529,9.83425,2544.7,6.68591,10.1752,35.5294,41.161,38.4311,30.6132,0.56185,46.7051,2.1423,58.8593,0
161.064,109.509,1.99915,10.0594,9.83438,9.71838,2538.33,6.70811,10.1633,36.2273,41.8485,39.1286,31.1791,0.543217,47.498,2.17585,59.2403,0
161.025,109.604,2.00274,1.90373,9.96113,9.84216,2543.92,6.68134,10.1667,35.4106,41.0471,38.3765,30.5556,0.5593,46.3479,2.14387,58.8509,0
160.925,109.464,2.00568,3.5911,9.93856,9.81696,2542.5,6.6903,10.1502,35.6856,41.3523,38.6502,30.6379,0.564483,46.5566,2.19242,58.976,0
159.131,107.631,1.79276,0,9.14394,9.05882,2466.37,6.63869,9.72271,44.4805,49.491,46.7387,40.0168,0.60165,27.4491,1.76147,59.1936,0
160.935,109.546,2.00452,10.0608,9.83142,9.71658,2540.73,6.70777,10.151,36.336,42.0038,39.2148,31.2953,0.530617,47.3912,2.1667,59.2523,0
161.027,109.597,2.01052,0.953173,9.95963,9.84043,2545.95,6.67973,10.1742,35.4822,41.1039,38.3952,30.5576,0.5595,46.9758,2.15038,58.7394,0
156.992,106.334,1.7123,0,8.58736,8.52757,2403.11,6.60013,9.23244,53.6485,58.1348,55.2204,49.102,0.664383,19.9587,1.52145,60.3082,0
158.384,107.381,1.77528,0,8.99255,8.916,2437.3,6.63379,9.61418,46.3794,51.3177,48.5808,41.9506,0.631783,26.5955,1.71667,59.9003,0
157.024,106.304,1.74256,0,8.58007,8.52053,2402.53,6.60948,9.22591,53.7572,58.3563,55.378,49.1908,0.658667,19.7375,1.53823,60.4271,0
160.922,109.565,2.00067,10.0621,9.83118,9.71652,2537.78,6.70547,10.1489,36.3406,42.0149,39.2163,31.3331,0.537317,47.1847,2.1562,59.2285,0
158.337,107.384,1.79589,0,8.98856,8.91188,2441.8,6.64052,9.61034,46.4644,51.4283,48.6629,42.0253,0.6099,26.6349,1.71785,59.889,0
161.273,109.042,1.99989,10.085,9.85153,9.73622,2537.05,6.66599,10.1681,36.1206,41.732,38.982,31.0819,0.555133,47.3349,2.16385,58.2354,0
158.179,107.196,1.78652,0.001604,8.96769,8.8924,2439.79,6.63273,9.59737,46.9759,52.0889,49.1185,42.5046,0.61765,26.3269,1.71135,59.737,0
160.926,109.463,1.99601,2.71405,9.94572,9.82391,2543.06,6.69611,10.1504,35.6492,41.3109,38.6296,30.6392,0.558717,46.5298,2.1846,59.0162,0
156.398,105.215,1.71869,0,8.44399,8.39534,2373.39,6.55962,8.98695,56.4789,61.0233,57.9787,51.7955,0.653767,19.0529,1.49802,59.7304,0
156.426,104.942,1.73697,0,8.43542,8.38642,2384.52,6.53897,8.97929,56.8792,61.2265,58.3455,52.267,0.678667,18.8054,1.47057,58.7056,0
161.04,109.604,2.01601,0.278902,9.95858,9.8411,2542.47,6.69244,10.1487,35.4106,41.0466,38.3837,30.5531,0.562367,46.372,2.14085,59.0937,0
161.186,108.954,1.99228,10.0774,9.84875,9.73191,2541.53,6.6558,10.1457,36.1996,41.8648,39.1057,31.1655,0.5449,47.2414,2.1713,58.0146,0
157.949,106.973,1.77132,0,8.92775,8.85542,2436.35,6.62982,9.54771,47.7718,52.879,49.958,43.2467,0.60275,26.2558,1.72662,59.7134,0
157.218,106.345,1.75711,0,8.7706,8.70707,2416.69,6.6063,9.31659,50.5518,55.7719,53.0935,45.5299,0.59625,26.6268,1.8986,59.585,0
158.99,107.984,1.80634,0.000157833,9.14611,9.06189,2464.37,6.67245,9.72322,44.3895,49.4172,46.6377,39.8786,0.602217,27.3485,1.77237,59.8578,0
159.095,107.222,1.81165,0,9.13834,9.05315,2460.13,6.62543,9.69199,44.5748,49.5876,46.7619,40.0238,0.613983,27.8126,1.76095,58.7582,0
159.141,107.615,1.79042,0,9.14726,9.06374,2468.44,6.64251,9.72819,44.5165,49.5075,46.7399,40.0141,0.598867,27.6372,1.76432,59.162,0
156.941,106.273,1.73237,0,8.54544,8.48718,2397.62,6.59904,9.19692,54.1961,58.8014,55.7256,49.464,0.6642,19.9421,1.55268,60.4279,0
158.254,107.265,1.7993,0,8.98353,8.90886,2449.43,6.63437,9.60831,46.8762,51.9819,49.0633,42.4781,0.598483,26.1855,1.70562,59.5257,0
161.07,109.482,2.0071,10.0729,9.84196,9.72726,2540.36,6.70829,10.1673,36.2442,41.851,39.086,31.1478,0.546883,47.5586,2.17487,59.173,0
158.969,107.92,1.79857,0,9.1158,9.03209,2462.77,6.66382,9.72146,44.691,49.6828,46.9677,40.2898,0.591883,27.5298,1.74883,59.7669,0
158.382,107.415,1.78508,0,9.00727,8.92963,2445.02,6.63936,9.62143,46.3722,51.3426,48.5951,41.9703,0.6243,26.466,1.71658,59.7535,0
156.818,106.124,1.76024,0.184035,8.51544,8.45789,2397.42,6.58702,9.18389,54.4497,59.1718,56.0637,49.6286,0.655917,20.3257,1.59102,59.7851,0
161.029,109.604,1.98449,1.82983,9.96266,9.84426,2544.89,6.68178,10.1722,35.4351,41.0551,38.388,30.5334,0.564417,46.7973,2.15332,58.8302,0
161.09,109.229,1.99308,9.36078,9.84901,9.73326,2542.49,6.69229,10.1674,36.2093,41.8962,39.0926,31.2051,0.54225,46.989,2.16165,58.7286,0
161.043,109.605,2.00729,0.83206,9.96486,9.84534,2541.89,6.6937,10.1546,35.3906,41.0301,38.3575,30.531,0.5656,46.4074,2.14093,59.0818,0
158.873,107.085,1.78859,0,9.06405,8.98384,2460.42,6.63105,9.67016,45.7185,50.6345,47.9246,41.1729,0.619667,28.0934,1.7579,58.7295,0
161.014,109.613,2.00908,10.064,9.83445,9.72045,2536.48,6.71269,10.1667,36.3074,41.919,39.1799,31.2834,0.54885,47.3392,2.16242,59.3507,0
157.144,106.476,1.73399,0,8.6161,8.55908,2405.92,6.60359,9.26943,53.2598,57.7611,54.7684,48.7401,0.667167,19.7053,1.50475,60.2844,0
158.657,107.709,1.79725,0,9.05587,8.9761,2447.43,6.6772,9.65363,45.5674,50.5211,47.8026,41.0684,0.60925,27.9435,1.752,60.2706,0
158.322,107.343,1.77748,0.00416667,9.00825,8.93155,2456.18,6.64713,9.61326,46.5975,51.5855,48.7866,42.1663,0.582217,26.4563,1.71287,59.5728,0
156.313,105.619,1.73733,0,8.47368,8.42261,2388.55,6.57603,9.04854,56.0793,60.5843,57.5896,51.2336,0.622967,20.198,1.55088,59.6486,0
161.039,109.446,2.00037,2.21202,9.84193,9.72724,2544.55,6.70356,10.1639,36.2523,41.9388,39.1502,31.2828,0.535483,46.9566,2.15423,59.0168,0
161.261,109.076,1.99477,10.083,9.85135,9.73554,2538.84,6.66694,10.1678,36.1415,41.7587,39.0156,31.0951,0.548083,47.6103,2.16885,58.2049,0
156.2,105.097,1.68243,0,8.40232,8.35342,2366.63,6.56621,8.91975,57.3575,61.382,58.7454,52.5682,0.708583,19.0306,1.4852,59.8594,0
158.951,107.91,1.79753,0,9.16379,9.08027,2467.77,6.67687,9.7146,44.4072,49.467,46.6828,39.922,0.602967,27.6071,1.76962,59.8709,0
157.008,106.319,1.73153,0,8.54722,8.48659,2397.61,6.60074,9.19517,54.1708,58.771,55.7291,49.4134,0.6539,20.116,1.56557,60.4822,0
160.986,109.605,2.00926,10.0807,9.85278,9.73662,2538.04,6.69241,10.1433,36.1274,41.8003,39.0272,31.0827,0.5464,47.205,2.17135,59.0846,0
158.969,107.934,1.79453,0.000304833,9.11046,9.02585,2457.85,6.66265,9.72062,44.7667,49.7278,47.0365,40.3003,0.599817,27.958,1.7629,59.9041,0
156.548,105.87,1.74946,0,8.47043,8.41986,2395.44,6.59415,9.0404,56.1246,60.5108,57.6908,51.3752,0.652017,19.9991,1.53697,59.8361,0
158.495,107.528,1.78214,0,9.00638,8.92928,2448.07,6.67077,9.6222,46.3348,51.3044,48.5463,41.9708,0.62095,26.4453,1.70492,60.1037,0
161.041,109.59,2.00811,0.751243,9.94574,9.82762,2544.7,6.69535,10.1959,35.5055,41.0739,38.4146,30.5729,0.551467,46.8923,2.15223,59.0366,0
158.309,107.324,1.78124,0,9.00056,8.9245,2448.61,6.63523,9.60667,46.6044,51.6207,48.8078,42.1843,0.593217,26.3806,1.71558,59.6268,0
156.337,105.669,1.75208,0,8.47915,8.42706,2390.86,6.59375,9.05111,56.0639,60.5758,57.5192,51.4045,0.6432,19.5023,1.49157,59.864,0
161.023,109.578,2.00964,1.90903,9.96119,9.84176,2543.53,6.69915,10.168,35.4198,41.0304,38.3733,30.5558,0.562033,46.3563,2.14295,59.1181,0
156.454,105.018,1.73168,0,8.44075,8.39317,2388.68,6.54106,8.98926,56.8053,61.2028,58.2253,52.1464,0.66965,18.9269,1.47423,58.6747,0
157.067,106.358,1.74453,0,8.55978,8.49936,2400.81,6.59175,9.21433,53.9493,58.5845,55.5658,49.3703,0.668117,19.6145,1.53727,60.3248,0
161.198,109.005,1.98993,10.0893,9.85841,9.74178,2542.52,6.66247,10.1703,36.1944,41.8424,39.061,31.174,0.541533,47.1689,2.16262,58.0072,0
156.342,105.659,1.75321,0,8.47503,8.4228,2387.62,6.59252,9.0445,56.0751,60.5838,57.5545,51.1243,0.645817,20.4948,1.56737,59.9431,0
161.205,109.777,1.99339,10.1909,9.95879,9.83821,2542.31,6.69406,10.1786,35.4049,41.0194,38.3861,30.5385,0.547483,46.2204,2.15233,59.0677,0
157.044,106.351,1.75471,0,8.58353,8.52549,2401.51,6.59626,9.23124,53.768,58.3204,55.2758,49.186,0.669667,19.4414,1.51582,60.2836,0
160.978,109.632,2.00135,10.0761,9.84989,9.73249,2537.35,6.69045,10.141,36.1335,41.7935,39.0085,31.0562,0.545933,47.3062,2.17268,59.0919,0
156.346,105.681,1.72697,0,8.48264,8.42988,2379.65,6.56932,9.04795,55.7007,60.2501,57.2305,50.8061,0.620517,20.1304,1.56762,59.8917,0
161.378,109.138,1.98673,10.1594,9.92966,9.81226,2542.14,6.65241,10.1705,35.593,41.2408,38.509,30.6324,0.556533,46.5583,2.15855,58.1169,0
160.716,109.304,1.97967,0.694824,9.89858,9.78049,2541.15,6.6823,10.123,36.2147,41.9407,39.3228,30.893,0.56265,47.2843,2.29988,58.7606,0
160.977,109.5,2.00083,1.0794,9.9577,9.83307,2542.88,6.67763,10.1388,35.5163,41.153,38.4712,30.6002,0.56005,46.3843,2.15015,58.7267,0
160.752,109.337,2.00604,0.805961,9.91457,9.79662,2542.2,6.68266,10.1372,36.0557,41.7576,39.0903,30.8496,0.565467,46.8566,2.252,58.8042,0
158.407,107.427,1.77705,0,8.99829,8.91972,2443.57,6.63682,9.61518,46.4223,51.4155,48.6074,41.9806,0.625067,26.3947,1.7169,59.7513,0
159.107,107.593,1.80405,0,9.15258,9.06679,2464.75,6.65963,9.72227,44.3471,49.3889,46.5874,39.8437,0.617683,27.4695,1.76773,59.484,0
161.007,109.623,1.99891,10.0639,9.83459,9.71961,2535.22,6.70189,10.1672,36.3012,41.9085,39.1941,31.2746,0.54635,47.4276,2.16932,59.215,0
157.094,106.225,1.7459,0.0111057,8.72551,8.66224,2412.4,6.60276,9.27654,51.1537,56.4439,53.8062,45.9538,0.5925,26.9524,1.96213,59.6565,0
161.051,109.611,1.99773,3.1726,9.95202,9.83185,2543.91,6.68522,10.1986,35.4565,41.0934,38.3861,30.5572,0.554367,46.6442,2.1527,58.887,0
158.293,107.299,1.79677,0.0707109,8.99184,8.91524,2447.18,6.6442,9.61353,46.674,51.7515,48.8825,42.2557,0.59755,26.4312,1.71782,59.8215,0
160.998,109.537,2.00101,1.40102,9.96103,9.84025,2545.51,6.68104,10.1566,35.4295,41.082,38.3997,30.5062,0.555933,46.737,2.16155,58.7471,0
160.975,109.584,2.00413,10.0876,9.86009,9.74348,2539.44,6.70123,10.1554,36.1837,41.8093,39.034,31.1924,0.54805,46.8467,2.1447,59.061,0
157.25,106.583,1.71864,0,8.64318,8.58584,2406.89,6.62012,9.30814,52.6778,57.2032,54.2676,48.0681,0.650117,20.7059,1.55425,60.4976,0
156.986,106.309,1.74165,0,8.54455,8.48377,2393.16,6.61112,9.19267,54.094,58.7456,55.7035,49.4509,0.664034,19.8767,1.54958,60.7553,0
156.74,105.97,1.73991,0,8.58692,8.52793,2395.25,6.58943,9.12717,53.4028,58.6319,55.9693,47.2393,0.604483,28.0845,2.14813,59.862,0
173.219,123.446,1.15615,0,8.40974,8.36783,2595.01,3.40577,8.93723,56.8958,61.0501,58.5246,52.4177,0.730717,18.8783,1.46892,31.9709,0
156.346,105.676,1.73864,0,8.47244,8.42135,2388.19,6.57627,9.04466,56.1111,60.6053,57.5779,51.2168,0.638883,20.226,1.5512,59.6859,0
158.978,107.967,1.80873,0.105063,9.14264,9.05789,2456.52,6.66229,9.71831,44.3108,49.3928,46.5746,39.8416,0.60625,27.3285,1.76243,59.9582,0
157.071,105.523,1.73925,0,8.49061,8.43461,2394.26,6.54299,9.16606,54.6667,59.2353,56.137,49.8536,0.67905,20.2759,1.55435,59.1247,0
158.927,107.889,1.80141,0,9.15962,9.07582,2469.61,6.66021,9.70621,44.4423,49.5091,46.6855,39.8511,0.602983,27.7996,1.78708,59.5636,0
157.969,107.241,1.73715,0,8.75888,8.69412,2424.43,6.64126,9.49553,50.1691,54.7226,51.5795,46.0838,0.63425,18.7429,1.40847,60.3702,0
159.224,107.369,1.79058,0,9.157,9.07104,2466.69,6.62552,9.72275,44.2942,49.3048,46.5174,39.8404,0.6053,27.3381,1.74957,58.7152,0
158.251,107.484,1.7406,0,8.79144,8.72283,2432.71,6.64688,9.5541,49.4952,54.0596,50.9105,45.5382,0.6267,18.6461,1.38342,60.4314,0
157.334,106.674,1.72461,0,8.67024,8.61381,2409.47,6.6167,9.32969,52.3784,56.8981,53.8213,47.8883,0.640033,19.8566,1.49218,60.3405,0
156.8,105.917,1.752,0,8.47672,8.42086,2392.29,6.59054,9.13843,55.053,59.6208,56.5418,50.0575,0.651933,20.6764,1.59662,60.3753,0
161.03,109.595,2.00513,1.33885,9.93887,9.81858,2543,6.68091,10.1711,35.5434,41.194,38.4809,30.5897,0.569183,46.7287,2.16128,58.8422,0
158.674,107.713,1.81348,0,9.06289,8.98357,2454.85,6.68304,9.65989,45.525,50.4782,47.7645,40.9979,0.602233,27.8773,1.76162,60.2388,0
161.047,109.618,2.00614,0.509076,9.9608,9.84008,2549.79,6.67965,10.2066,35.4084,41.0349,38.3953,30.4911,0.54005,47.0651,2.17387,58.6386,0
156.405,105.264,1.7161,0,8.45713,8.4064,2375.79,6.56787,9.00966,56.3243,60.8332,57.7716,51.7248,0.637883,18.7248,1.4676,59.7969,0
158.527,107.573,1.78753,0,9.01227,8.9345,2451.62,6.65532,9.62586,46.3413,51.3056,48.5474,41.9418,0.62155,26.5716,1.71428,59.7795,0
158.271,107.284,1.80954,0,8.99744,8.92267,2448.36,6.64025,9.61459,46.7838,51.8685,48.9006,42.3088,0.59805,26.249,1.70695,59.6749,0
157.12,106.436,1.73019,0,8.60189,8.54232,2405.55,6.60602,9.24515,53.5158,58.0266,55.0577,48.9983,0.649433,19.7695,1.5081,60.2994,0
156.157,105.464,1.7271,0.101856,8.41444,8.36952,2366.47,6.57472,8.94233,57.0143,61.3481,58.4784,52.3641,0.65005,18.8344,1.47313,60.1694,0
156.345,105.677,1.72132,0,8.48283,8.4298,2382.94,6.58347,9.04648,55.7605,60.317,57.284,50.8481,0.61695,20.1341,1.5691,59.9978,0
156.96,106.287,1.73596,0,8.53763,8.47905,2396.15,6.59067,9.18295,54.2351,58.8229,55.778,49.4979,0.652,20.0205,1.55258,60.3967,0
156.146,105.345,1.69416,0,8.41406,8.3691,2369.17,6.58935,8.94259,57.268,61.3211,58.533,52.4935,0.710567,18.7183,1.45547,60.2638,0
161.043,109.606,1.99647,1.82654,9.96841,9.84858,2543.82,6.6964,10.1651,35.3979,41.0232,38.3498,30.5237,0.560683,46.4187,2.14278,59.0921,0
157.542,106.852,1.73155,0,8.69613,8.63566,2415.22,6.63479,9.36595,51.744,56.386,53.2837,47.2931,0.6352,19.5713,1.51128,60.537,0
158.154,107.219,1.77867,0,8.96328,8.8882,2442.21,6.63344,9.5941,47.0069,52.1124,49.185,42.5605,0.614367,26.3214,1.71325,59.7237,0
160.923,109.522,1.99981,10.0737,9.84102,9.72779,2542.96,6.70308,10.1525,36.3168,41.999,39.2111,31.3007,0.537167,47.3357,2.16418,59.1294,0
158.961,107.899,1.79479,0,9.12208,9.03855,2465.56,6.65873,9.72309,44.6948,49.6854,46.9527,40.2616,0.596783,27.5993,1.7536,59.6686,0
161.331,109.375,1.99594,10.1716,9.94309,9.82308,2542.89,6.67821,10.1759,35.522,41.1215,38.4438,30.4934,0.543583,46.8941,2.17837,58.687,0
157.071,106.41,1.7376,0,8.60183,8.5435,2404.69,6.59708,9.24968,53.5225,57.9787,55.0218,48.9125,0.666333,20.0772,1.5218,60.2135,0
156.802,106.095,1.76254,0.158023,8.51787,8.45979,2397.55,6.58502,9.18714,54.4436,59.1369,56.0311,49.5187,0.672417,20.6316,1.61145,59.7389,0
157.106,106.408,1.73049,0,8.55738,8.4982,2400.19,6.60511,9.21298,54.0456,58.643,55.5744,49.3192,0.66385,19.864,1.55257,60.5233,0
158.089,107.142,1.78725,0,8.95857,8.887,2443.93,6.63452,9.58711,47.3545,52.4671,49.51,42.8764,0.597633,26.296,1.71577,59.619,0
157.236,106.592,1.71389,0,8.64542,8.58854,2406.68,6.60474,9.30257,52.7655,57.2508,54.2884,48.2308,0.649033,20.2799,1.51748,60.2567,0
159.001,107.479,1.80506,0,9.14404,9.0605,2470.98,6.66653,9.70161,44.6308,49.6977,46.9136,40.0568,0.610217,28.05,1.79337,59.3232,0
158.309,107.326,1.77704,0,9.01129,8.93404,2452.91,6.64144,9.61454,46.586,51.5778,48.771,42.1491,0.6024,26.4269,1.71627,59.5384,0
161.021,109.439,2.0024,10.0828,9.84986,9.73517,2537.64,6.69484,10.1436,36.16,41.8429,39.0568,31.1419,0.545817,46.9473,2.16278,59.0998,0
161.213,109.773,1.98996,10.1968,9.96515,9.84596,2544.81,6.69521,10.1828,35.365,40.98,38.3486,30.4735,0.552883,46.5309,2.16018,59.0357,0
158.394,107.406,1.77829,0,8.99621,8.92004,2440.96,6.65329,9.61469,46.3729,51.3225,48.5634,41.9417,0.628683,26.4279,1.71442,60.0978,0
160.984,109.513,2.00602,0.331985,9.97132,9.84807,2545.27,6.69834,10.1613,35.4265,41.0647,38.3924,30.5583,0.557317,46.3779,2.1458,59.0463,0
158.254,107.267,1.79432,0,8.98063,8.90685,2442.22,6.63874,9.6062,46.8021,51.8788,48.9614,42.4045,0.5905,26.0903,1.69628,59.886,0
161.227,109.816,2.00188,10.2044,9.97261,9.85189,2546.19,6.69438,10.1869,35.3574,40.9778,38.3191,30.4754,0.553384,46.3524,2.15242,59.0243,0
159.026,107.813,1.79677,0,9.14579,9.0636,2465.75,6.67488,9.72561,44.3784,49.4029,46.5931,39.9242,0.60215,27.2206,1.74737,59.858,0
161.372,109.086,1.98447,10.1596,9.93083,9.81323,2541.44,6.64982,10.1694,35.5583,41.1959,38.4895,30.6396,0.5567,46.4856,2.1534,58.1134,0
158.3,107.305,1.78733,0,8.99407,8.91801,2446.88,6.63147,9.61434,46.6896,51.7553,48.8878,42.2586,0.603617,26.4144,1.71783,59.5953,0
159.127,107.641,1.79155,0,9.14731,9.06238,2460.68,6.65648,9.72347,44.29,49.3753,46.5893,39.8359,0.6119,27.4504,1.76987,59.5417,0
156.471,104.988,1.75189,0,8.45131,8.40121,2386.23,6.54894,9.00476,56.582,61.0477,58.0328,52.0207,0.664933,18.8183,1.45883,58.804,0
159.87,108.607,1.91813,1.35091,9.61989,9.51672,2504.29,6.6795,9.71458,40.1224,46.243,44.0537,33.6004,0.59875,47.0136,2.73582,59.3992,0
159.207,107.382,1.79344,0.0739785,9.1532,9.06639,2468.06,6.63084,9.72427,44.3176,49.3565,46.5445,39.8459,0.617217,27.2698,1.75407,58.8011,0
157.421,106.513,1.7616,0,8.82032,8.75256,2422.54,6.62,9.36599,49.8296,55.0228,52.3277,45.0427,0.60205,26.3908,1.84048,59.7476,0
161.014,109.434,1.99509,10.0695,9.8414,9.72513,2538.35,6.69422,10.1373,36.2191,41.8573,39.0921,31.1619,0.5442,47.2024,2.16682,59.1059,0
159.252,107.361,1.78501,0,9.14491,9.06198,2459.7,6.61588,9.71715,44.2776,49.2098,46.5043,39.8879,0.61315,27.4679,1.73172,58.8625,0
161.025,109.585,2.00602,0.317151,9.94399,9.82439,2540.89,6.70093,10.1706,35.4837,41.1321,38.4228,30.6098,0.561467,46.4345,2.14158,59.194,0
158.129,107.174,1.78383,0,8.96624,8.8934,2445.62,6.65466,9.59952,47.2822,52.3866,49.4826,42.8464,0.600133,26.273,1.71878,59.8871,0
157.954,107.223,1.73739,0,8.7709,8.70428,2425.53,6.62911,9.52189,49.9282,54.4866,51.3502,45.9322,0.637783,18.5778,1.39093,60.1469,0
158.344,107.381,1.78802,0,8.99729,8.91964,2441.21,6.63918,9.61432,46.4452,51.4358,48.6647,42.0052,0.601533,26.6389,1.72572,59.8513,0
158.149,107.195,1.78386,0,8.96841,8.89513,2445.72,6.63651,9.6019,47.0852,52.198,49.2925,42.647,0.595517,26.382,1.71918,59.6707,0
159.07,107.841,1.80165,0,9.14796,9.06387,2469.37,6.66134,9.73285,44.5183,49.5384,46.8018,40.081,0.60695,27.6347,1.76275,59.4991,0
157.56,106.646,1.76525,0,8.858,8.78849,2425.56,6.61983,9.41428,49.2698,54.4244,51.69,44.5903,0.592883,26.2918,1.80123,59.7117,0
161.019,109.421,2.00006,10.0853,9.85651,9.74032,2536.35,6.69911,10.1462,36.16,41.8281,39.0446,31.1446,0.546333,46.8838,2.15938,59.1663,0
161.025,109.583,2.01163,1.1952,9.97294,9.85355,2545.85,6.6991,10.1661,35.4076,41.009,38.3611,30.4811,0.556517,46.7405,2.1587,59.0831,0
161.036,109.598,1.99875,0.498405,9.94845,9.82956,2543.88,6.69853,10.2004,35.4587,41.0864,38.3992,30.518,0.556767,47.1915,2.16755,59.1123,0
161.056,109.621,1.99838,2.40124,9.96611,9.84667,2548.45,6.68578,10.2093,35.4156,41.0341,38.3899,30.4797,0.54305,47.1092,2.17708,58.7565,0
158.986,107.967,1.8078,0.261284,9.14552,9.06076,2457.35,6.66093,9.72044,44.3311,49.398,46.5547,39.8497,0.609883,27.2997,1.75608,59.9586,0
157.198,106.526,1.71539,0,8.63134,8.57402,2410.36,6.60563,9.28018,53.0194,57.5368,54.5909,48.2249,0.648083,20.9877,1.59185,60.1633,0
157.04,105.506,1.74548,0,8.49024,8.4333,2393.37,6.54175,9.16133,54.7563,59.304,56.1799,49.8527,0.681117,20.4114,1.56225,59.1177,0
158.76,107.341,1.79187,0,9.04849,8.96975,2454.74,6.66388,9.65537,45.7184,50.6602,47.9021,41.1188,0.618383,28.2438,1.76445,59.6829,0
161.017,109.593,1.99573,2.94363,9.95711,9.83893,2544.83,6.68846,10.17,35.4402,41.0499,38.3931,30.5565,0.56,46.6728,2.14838,58.9433,0
156.948,106.257,1.75633,0,8.52963,8.47444,2398.2,6.59089,9.19389,54.2996,58.9185,55.8682,49.6059,0.668967,20.0072,1.5522,60.334,0
156.258,105.109,1.68652,0,8.40937,8.35992,2367.4,6.57272,8.93298,57.3301,61.4933,58.6743,52.5627,0.727367,18.8828,1.47188,59.9502,0
158.655,107.659,1.8063,0,9.07964,8.99779,2455.01,6.65996,9.67309,45.3652,50.3316,47.622,40.9216,0.605167,27.8483,1.74593,59.7816,0
156.945,106.27,1.74257,0,8.57131,8.51268,2398.29,6.59679,9.22002,53.8909,58.4659,55.4485,49.2719,0.6596,19.6367,1.53395,60.3341,0
158.338,107.351,1.77775,0,9.01004,8.93207,2449.83,6.63982,9.61709,46.5832,51.5613,48.729,42.0792,0.602617,26.5716,1.7231,59.6445,0
160.995,109.56,2.01265,2.617,9.95728,9.83628,2543.86,6.69236,10.1538,35.4501,41.064,38.3997,30.5117,0.554567,46.6584,2.15755,58.9918,0
156.431,104.962,1.73823,0.000228333,8.44525,8.39578,2389.95,6.54767,8.99594,56.6739,61.1178,58.1304,52.0487,0.676517,18.9877,1.47462,58.8165,0
156.328,105.481,1.71883,0,8.46152,8.41062,2376.64,6.56917,9.01687,56.2391,60.7694,57.672,51.6489,0.6263,18.6537,1.46307,59.9465,0
157.095,106.397,1.73867,0,8.55196,8.49137,2398.44,6.60815,9.20644,54.0335,58.6572,55.6451,49.3528,0.656516,19.9323,1.56073,60.6347,0
159.04,107.806,1.80642,0,9.13477,9.05043,2468.54,6.65751,9.72773,44.5957,49.575,46.8557,40.1777,0.59685,27.63,1.74955,59.5219,0
161.026,109.611,2.00452,1.17919,9.93586,9.81591,2542.07,6.67929,10.1733,35.537,41.181,38.4867,30.5161,0.565067,47.3789,2.1831,58.8423,0
157.094,105.559,1.74841,0.0395367,8.50627,8.44937,2397.13,6.5545,9.18239,54.5264,59.0833,55.9548,49.6734,0.6735,20.3105,1.55392,59.2522,0
158.33,107.348,1.7805,0,9.01116,8.93356,2452.32,6.64945,9.61907,46.5579,51.5623,48.7091,42.1108,0.613767,26.3984,1.71112,59.6799,0
158.334,107.376,1.78414,0,8.99645,8.91906,2445.34,6.64133,9.61293,46.4657,51.4574,48.6379,42.0065,0.606633,26.4674,1.71865,59.8193,0
156.367,105.669,1.7355,0,8.48516,8.43271,2379.31,6.58385,9.05077,55.6843,60.2239,57.1691,50.7369,0.61805,20.1793,1.56748,60.1577,0
161.271,109.048,1.9841,10.0992,9.86417,9.74791,2541.7,6.66726,10.1734,36.0339,41.601,38.8965,30.9786,0.544467,47.7032,2.1708,58.1611,0
158.308,107.336,1.77891,0,8.9819,8.90544,2447.47,6.6306,9.60208,46.5304,51.5182,48.7123,42.0796,0.607533,26.4524,1.71695,59.5976,0
157.237,106.586,1.71679,0,8.64035,8.58345,2407.55,6.60537,9.29408,52.8926,57.3785,54.4346,48.2974,0.655517,20.4206,1.53612,60.2494,0
156.792,105.906,1.76602,0,8.47252,8.4165,2389.87,6.58936,9.13618,55.0402,59.5858,56.4979,50.0762,0.65645,20.5739,1.58017,60.4224,0
158.562,107.658,1.81559,0,9.07355,8.99272,2458.1,6.66474,9.66755,45.4239,50.4123,47.7529,40.9416,0.598767,28.2053,1.77378,59.7801,0
156.99,106.29,1.73568,0,8.58291,8.52401,2400.91,6.613,9.22815,53.6507,58.2172,55.2557,49.1155,0.649033,19.6533,1.52688,60.6163,0
156.826,106.09,1.76269,0.0525292,8.51772,8.46246,2397.32,6.6004,9.18853,54.4218,59.0816,55.9641,49.4382,0.652783,20.6853,1.617,59.9966,0
161.013,109.578,1.99922,2.85188,9.96276,9.84379,2543.54,6.68695,10.171,35.4376,41.0354,38.3839,30.5574,0.556133,46.6203,2.14372,58.9348,0
156.843,105.967,1.75434,0,8.48163,8.42489,2394.29,6.59229,9.14492,54.9688,59.6109,56.5007,50.3978,0.65115,19.1566,1.50287,60.3445,0
158.257,107.259,1.80513,0,8.99144,8.91649,2445.84,6.63929,9.60902,46.7713,51.8504,48.9462,42.3517,0.6034,26.2143,1.70648,59.6841,0
158.327,107.332,1.78258,0,9.00949,8.93263,2453.27,6.63449,9.61107,46.6157,51.6009,48.7682,42.1647,0.594367,26.3244,1.7092,59.4294,0
156.252,105.168,1.67509,0.0028225,8.40463,8.35602,2366.42,6.56846,8.92271,57.3232,61.4475,58.7096,52.5829,0.721467,18.8571,1.47292,59.9584,0
158.633,107.63,1.79705,0,9.07698,8.99594,2459.28,6.65768,9.66899,45.4104,50.3912,47.6523,40.9294,0.601583,27.948,1.75083,59.6558,0
160.929,109.543,1.99427,10.0686,9.83734,9.72284,2540.19,6.70562,10.1479,36.3171,41.9932,39.215,31.2975,0.5357,47.3487,2.16435,59.2277,0
156.4,105.234,1.74401,0,8.46924,8.41705,2387.89,6.57378,9.02684,56.2576,60.7843,57.7381,51.5737,0.6483,19.4713,1.49925,59.4075,0
157.357,106.684,1.73519,0,8.66163,8.60426,2409.24,6.63534,9.32083,52.4136,56.9498,53.9655,47.6665,0.635483,21.0987,1.58315,60.7017,0
159.026,107.785,1.79812,0,9.13283,9.04821,2469.21,6.65301,9.72859,44.6453,49.6308,46.897,40.2155,0.592917,27.7331,1.7517,59.496,0
161.008,109.427,2.00927,1.09707,9.84987,9.73546,2542.94,6.70548,10.1672,36.2567,41.9257,39.1359,31.2726,0.537467,47.0074,2.1563,59.0739,0
158.628,107.618,1.80551,0,9.07854,8.9978,2458.6,6.66411,9.66908,45.4245,50.3992,47.6428,40.9202,0.60535,27.8773,1.75017,59.7435,0
161.275,109.639,2.01115,10.1733,9.94384,9.82312,2539.62,6.68133,10.1716,35.4504,41.0626,38.4061,30.527,0.548417,46.59,2.15865,58.8853,0
161.396,109.132,1.97693,10.1732,9.94215,9.82363,2546.26,6.65479,10.1744,35.5466,41.215,38.501,30.6223,0.55375,46.3789,2.1599,58.0552,0
160.939,109.557,2.00869,10.0617,9.83145,9.71687,2542.15,6.70545,10.1503,36.3222,41.9967,39.2153,31.294,0.524367,47.3883,2.16592,59.1745,0
158.324,107.34,1.78104,0.0056525,9.00508,8.9288,2450.29,6.64906,9.60788,46.6091,51.6045,48.7798,42.1616,0.591167,26.3793,1.71267,59.7851,0
160.918,109.529,2.01305,10.0592,9.82769,9.7132,2540.7,6.70547,10.1465,36.3216,41.9982,39.2166,31.2925,0.530183,47.4142,2.16555,59.2193,0
161.018,109.575,2.02339,0.327884,9.96441,9.84284,2545.1,6.69181,10.1557,35.4297,41.0681,38.396,30.5573,0.56075,46.3858,2.1446,58.9892,0
158.949,107.904,1.79676,0,9.11001,9.0261,2460.13,6.66377,9.71875,44.7174,49.6942,46.9726,40.2996,0.600533,27.5165,1.74535,59.8624,0
158.915,107.906,1.80323,0,9.14464,9.06073,2465.3,6.67349,9.69537,44.5246,49.5919,46.7997,40.0212,0.602083,27.5515,1.77108,59.753,0
161.013,109.601,1.98705,10.09,9.8628,9.7461,2539.53,6.68262,10.1431,36.0621,41.7173,38.9431,31.0394,0.54695,46.9078,2.16045,58.9514,0
157.01,106.317,1.75192,0,8.53709,8.48136,2399.05,6.60451,9.1919,54.2607,58.873,55.8477,49.6078,0.661983,19.8986,1.54492,60.5899,0
157.196,106.532,1.71895,0,8.63063,8.57339,2411.3,6.61001,9.28201,53.0524,57.5394,54.6153,48.3131,0.648,20.8714,1.57762,60.1891,0
157.15,106.468,1.72098,0,8.62613,8.57,2414,6.61422,9.28458,53.1828,57.611,54.7201,48.4791,0.635583,20.8246,1.56087,60.1942,0
156.934,105.734,1.74825,0,8.48622,8.42889,2397.97,6.57556,9.16099,54.8013,59.3801,56.3306,49.9677,0.657867,20.4287,1.57168,59.8851,0
161.024,109.614,2.01346,0.348808,9.94038,9.82066,2540.45,6.69872,10.1687,35.4948,41.16,38.425,30.5827,0.5623,46.5935,2.14733,59.2004,0
158.9,107.876,1.81078,0,9.14402,9.05931,2461.61,6.68128,9.69609,44.4727,49.5536,46.7277,40.0128,0.6223,27.734,1.75645,59.9842,0
158.642,107.698,1.79278,0,9.05206,8.97308,2447.77,6.67407,9.65054,45.5868,50.5347,47.8127,41.0332,0.611267,28.0616,1.76072,60.2341,0
157.324,106.648,1.73903,0,8.6573,8.59968,2409.36,6.6353,9.31656,52.5299,57.0371,54.0623,48.0011,0.6538,20.2004,1.5207,60.6105,0
159.006,107.501,1.80695,0,9.14013,9.05718,2470.25,6.6597,9.70136,44.6394,49.6904,46.9125,40.1313,0.613783,27.7483,1.77267,59.267,0
161.181,109.735,2.00338,9.64104,9.92932,9.8112,2551.36,6.70099,10.181,35.5564,41.2044,38.4988,30.643,0.538317,47.2838,2.1554,58.9269,0
156.988,106.303,1.74751,0,8.57072,8.51234,2399.51,6.59753,9.21872,53.8474,58.451,55.4588,49.2467,0.664517,19.7343,1.54148,60.3279,0
159.018,107.526,1.80448,0,9.14612,9.06411,2467.56,6.65769,9.70048,44.6425,49.6894,46.8687,40.017,0.608517,27.8557,1.79,59.2675,0
158.681,107.553,1.80299,0,9.05556,8.97539,2451.27,6.67712,9.65693,45.6334,50.5822,47.8646,41.1068,0.615583,28.0187,1.75783,60.1179,0
161.034,109.592,2.00899,0.298311,9.94154,9.82144,2540.96,6.68212,10.168,35.4849,41.1448,38.4217,30.597,0.56125,46.5288,2.1444,58.9054,0
156.385,105.505,1.74456,0,8.46872,8.41683,2386.68,6.58996,9.02788,56.193,60.6955,57.5889,51.3223,0.641283,19.973,1.52605,59.8876,0
157.582,106.884,1.73553,0,8.71752,8.65738,2419.77,6.61965,9.40572,51.218,55.8434,52.7916,46.9259,0.64095,19.3066,1.4863,60.0635,0
156.427,105.259,1.73427,0,8.46414,8.41205,2387.57,6.57671,9.02087,56.2914,60.8095,57.7883,51.3371,0.6579,20.2928,1.56778,59.4851,0
160.857,109.511,1.99877,10.0682,9.8372,9.72235,2538.85,6.70503,10.1685,36.2607,41.9203,39.1784,31.2809,0.54415,47.3354,2.16348,59.1689,0
156.336,105.472,1.75044,0,8.46695,8.41475,2386.66,6.59767,9.02634,56.179,60.6967,57.6922,51.3544,0.638883,20.0692,1.5403,59.9716,0
156.089,105.426,1.72208,0,8.41463,8.37031,2364.67,6.56481,8.94382,57.0784,61.2175,58.4584,52.3879,0.669767,18.7925,1.46283,60.1039,0
157.634,106.927,1.7272,0,8.72642,8.66635,2420.61,6.6217,9.42041,51.1159,55.7341,52.643,46.8036,0.63965,19.2697,1.48383,60.0643,0
157.649,106.727,1.75792,0,8.87483,8.80568,2428.62,6.62032,9.45406,48.826,53.9855,51.224,44.1929,0.595433,26.3598,1.78937,59.6457,0
158.78,107.352,1.78617,0,9.05213,8.97253,2456.03,6.65767,9.65862,45.7282,50.6594,47.9158,41.1458,0.62445,28.1552,1.76222,59.5748,0
157.101,106.423,1.74151,0,8.55989,8.49918,2400.25,6.60219,9.21165,53.9806,58.5973,55.5723,49.2625,0.683683,20.0033,1.56618,60.5269,0
158.496,107.53,1.78648,0.000390833,9.0093,8.93117,2452.82,6.65611,9.62539,46.3266,51.2911,48.552,41.9274,0.620433,26.8041,1.71883,59.7498,0
159.239,107.398,1.7897,0.0092545,9.16064,9.07513,2467.82,6.63056,9.72446,44.2576,49.273,46.4953,39.8183,0.603383,27.3796,1.75023,58.7338,0
161.018,109.562,2.01255,9.58218,9.92675,9.80928,2545.1,6.6825,10.1814,35.5548,41.2088,38.5066,30.6398,0.5383,47.1247,2.15822,58.8165,0
158.243,107.253,1.79443,0,8.96791,8.89356,2444.88,6.6249,9.5986,46.8296,51.9396,49.0404,42.4579,0.587933,26.1739,1.70202,59.5568,0
161.331,109.392,1.98617,10.1668,9.93568,9.8174,2541.73,6.66954,10.1704,35.5434,41.1501,38.4625,30.5518,0.544783,46.6137,2.1655,58.551,0
160.973,109.505,2.00973,0.837471,9.95735,9.83311,2541.24,6.68504,10.14,35.4975,41.1311,38.447,30.5802,0.5606,46.3978,2.14788,58.8847,0
157.065,105.509,1.75181,0,8.50115,8.44377,2395.03,6.54191,9.17725,54.6226,59.1657,56.0484,49.8085,0.666183,20.1699,1.54237,59.1114,0
161.037,109.595,1.99468,0.00158683,9.95766,9.83816,2547.1,6.68497,10.2046,35.4786,41.0689,38.3929,30.5587,0.558267,46.6537,2.1545,58.793,0
161.206,109.787,1.99877,10.1979,9.96612,9.84479,2543.48,6.69218,10.1778,35.3216,40.8689,38.2683,30.4162,0.547483,46.6898,2.15145,59.068,0
156.513,105.792,1.74116,0,8.51357,8.45737,2384.21,6.57262,9.04531,54.8337,59.8335,56.918,48.2237,0.61165,27.273,2.11963,59.8352,0
158.31,107.32,1.78641,0,8.98895,8.91289,2444.41,6.64859,9.6122,46.6366,51.7073,48.8377,42.2526,0.6052,26.2539,1.7059,59.9675,0
159.24,107.354,1.79266,0,9.13225,9.04748,2459.46,6.6223,9.71045,44.3794,49.3617,46.6086,39.965,0.6085,27.4059,1.7392,58.9833,0
157.564,106.844,1.72438,0,8.70938,8.64977,2417.91,6.64056,9.4028,51.3484,55.9821,52.8872,46.9184,0.630467,19.5925,1.51103,60.4761,0
161.206,109.754,2.00069,10.1907,9.96108,9.84117,2542.9,6.69122,10.1785,35.391,41.0073,38.3629,30.5287,0.546333,46.1851,2.14925,59.0319,0
161.213,108.975,1.99619,10.0702,9.84382,9.72855,2540.15,6.65471,10.1419,36.2216,41.8458,39.0835,31.1705,0.5396,47.154,2.16322,58.0693,0
161.267,109.039,1.99969,10.0823,9.85128,9.73524,2537.99,6.66126,10.1646,36.0912,41.6546,38.9401,31.0263,0.549,47.5428,2.16677,58.1762,0
157.075,106.378,1.73762,0,8.58575,8.52646,2402.21,6.60765,9.22878,53.6384,58.187,55.2348,49.0947,0.661367,19.7448,1.52618,60.4983,0
161.234,109.797,2.00666,10.2007,9.96934,9.84842,2545.44,6.69149,10.1854,35.3658,40.9795,38.3192,30.5177,0.5495,46.0994,2.14117,58.9799,0
157.831,107.083,1.7233,0,8.73218,8.67019,2424.29,6.63586,9.4423,50.7194,55.352,52.2942,46.6557,0.648467,18.8472,1.43355,60.2546,0
161.212,108.965,1.99297,10.088,9.85648,9.73994,2541.76,6.65601,10.1708,36.1762,41.8235,39.0416,31.1404,0.53415,47.1936,2.16677,57.9953,0
160.894,109.516,1.99909,10.0718,9.83944,9.72451,2536.82,6.70241,10.1701,36.3214,41.9392,39.2051,31.3348,0.544217,47.1015,2.15565,59.2251,0
160.922,109.552,2.01173,10.0594,9.83008,9.71453,2539.79,6.69639,10.151,36.3093,42.017,39.217,31.2922,0.529583,47.4101,2.16785,59.0556,0
161.035,109.472,1.99903,10.0862,9.85565,9.73958,2538.47,6.69468,10.1425,36.162,41.8384,39.0348,31.133,0.551917,46.9372,2.15823,59.0551,0
159.125,107.624,1.79787,0,9.14691,9.06173,2461.17,6.66782,9.72315,44.3102,49.3778,46.6028,39.843,0.612483,27.4827,1.77175,59.6804,0
161.024,109.59,2.00089,0.256296,9.9415,9.82284,2544.09,6.69498,10.1746,35.546,41.1613,38.4468,30.5507,0.562567,47.1501,2.16587,59.0469,0
156.991,106.332,1.73417,0,8.58138,8.52302,2401.55,6.6087,9.22951,53.7625,58.3484,55.3181,49.1708,0.6471,19.6358,1.52875,60.4613,0
158.704,107.56,1.79768,0,9.05682,8.97782,2454.31,6.67431,9.65492,45.6078,50.5582,47.827,41.0585,0.617833,28.0093,1.76073,60.0203,0
158.854,107.077,1.79008,0,9.05498,8.97561,2460.09,6.62853,9.66131,45.7572,50.6652,47.9245,41.1606,0.622683,27.9761,1.75888,58.7787,0
160.882,109.49,1.99177,10.0701,9.83736,9.72324,2535.4,6.69193,10.1694,36.3003,41.9134,39.1563,31.2865,0.546533,47.251,2.15712,59.0627,0
160.339,108.954,1.97633,0.597263,9.75237,9.63865,2522.19,6.67315,9.98841,37.7013,43.5771,41.185,31.9205,0.5778,47.2031,2.49198,58.9473,0
161.225,108.977,2.00055,10.0807,9.85557,9.73969,2538.91,6.65928,10.1507,36.1864,41.8159,39.0623,31.16,0.5456,47.1312,2.1609,58.1203,0
161.218,109.787,2.00219,10.1974,9.9662,9.84578,2545.05,6.69554,10.183,35.3813,40.9869,38.3495,30.4527,0.551367,46.5819,2.1647,59.0687,0
161.187,108.972,1.99978,10.0856,9.85301,9.73778,2542.43,6.67038,10.1702,36.2027,41.8702,39.0709,31.1481,0.533733,47.2694,2.17348,58.1837,0
158.058,107.139,1.78726,0,8.95388,8.88092,2443.02,6.63725,9.58097,47.4744,52.5887,49.6994,42.9676,0.5964,26.5091,1.73853,59.62,0
156.397,104.93,1.71649,0,8.41934,8.37559,2370.33,6.52978,8.94238,56.964,61.3665,58.4403,52.3189,0.641667,18.6333,1.47458,59.153,0
158.865,107.087,1.80418,0,9.05728,8.97899,2459.85,6.62622,9.66563,45.7404,50.6558,47.9181,41.1844,0.620717,28.0517,1.75282,58.7375,0
161.021,109.444,2.00025,10.0724,9.84229,9.72745,2539.48,6.69277,10.1368,36.1917,41.8593,39.0838,31.1495,0.551483,47.0302,2.16847,59.05,0
158.278,107.282,1.78955,0,8.99366,8.91702,2444.93,6.6413,9.61434,46.7437,51.8132,48.9267,42.3031,0.599483,26.3654,1.71607,59.7581,0
158.986,108.127,1.8038,0,8.91541,8.84076,2461.83,6.66913,9.85693,46.0592,50.5091,47.3183,42.7989,0.582467,17.7788,1.20187,60.0473,0
157.023,106.347,1.7391,0,8.52808,8.47299,2400.68,6.59757,9.19824,54.3244,58.9572,55.8561,49.609,0.659667,19.9799,1.54642,60.4267,0
158.144,107.218,1.78497,0,8.96634,8.89329,2446.76,6.63637,9.60206,47.1508,52.301,49.3744,42.6834,0.601633,26.4716,1.73045,59.5901,0
161.197,108.995,1.99701,10.0977,9.86559,9.7503,2545.01,6.66091,10.1746,36.1469,41.7658,39.0122,31.1234,0.539783,47.1959,2.16357,57.963,0
156.335,105.667,1.73061,4.33333e-05,8.48306,8.43178,2380.7,6.56934,9.05111,55.819,60.3748,57.2807,50.7686,0.627767,20.4193,1.58875,59.7761,0
158.324,107.36,1.77598,0,8.98829,8.91225,2445.53,6.63559,9.6061,46.4981,51.4892,48.712,42.0247,0.600567,26.6383,1.73107,59.7496,0
161.002,109.552,2.014,3.67781,9.95914,9.83766,2543.69,6.696,10.153,35.4445,41.071,38.3997,30.5049,0.561483,46.7097,2.15918,59.0971,0
156.417,105.259,1.7093,0,8.45242,8.4023,2375.01,6.57182,9.00311,56.3504,60.8681,57.8343,51.649,0.6324,19.1416,1.50177,59.8268,0
160.874,109.452,1.99418,0.457888,9.94625,9.82593,2548.32,6.69722,10.1608,35.7465,41.4191,38.7638,30.6792,0.561117,46.825,2.21378,58.8981,0
156.305,104.827,1.71516,0,8.40462,8.36032,2368.4,6.52065,8.91653,57.19,61.3015,58.7131,52.4911,0.695217,18.8165,1.4954,58.9847,0
159.086,107.556,1.79962,0,9.11242,9.02857,2453.39,6.64907,9.70226,44.5085,49.4744,46.7444,40.0132,0.618983,27.567,1.75723,59.767,0
156.422,104.924,1.71308,0,8.42384,8.37966,2370.14,6.52994,8.95069,56.8287,61.2896,58.304,52.1353,0.662383,18.8397,1.48732,59.0514,0
156.351,105.496,1.73986,0,8.47073,8.41822,2386.38,6.59262,9.0323,56.1794,60.6763,57.5598,51.1477,0.651783,20.4602,1.56135,59.8713,0
161.162,109.717,2.00956,10.0759,9.9279,9.80957,2548.86,6.69286,10.1805,35.5695,41.2178,38.5006,30.6374,0.55225,47.3548,2.15932,58.848,0
161.053,109.487,2.00513,10.0575,9.83184,9.71583,2537.78,6.70341,10.1609,36.2125,41.8572,39.1425,31.2106,0.54955,47.6314,2.17087,59.2247,0
157.148,106.444,1.74144,0,8.54633,8.48566,2394.92,6.60048,9.19058,54.114,58.7405,55.6631,49.425,0.6663,19.8415,1.54432,60.632,0
156.988,106.309,1.73764,0,8.57306,8.51531,2399.59,6.60235,9.22245,53.8333,58.4608,55.3763,49.2242,0.669417,19.5599,1.52888,60.4061,0
158.962,107.924,1.80131,0,9.10593,9.02258,2460.15,6.6612,9.72277,44.7871,49.7487,47.0913,40.3791,0.6004,27.9613,1.75903,59.7968,0
157.983,107.046,1.78554,0,8.94002,8.86755,2439.89,6.62912,9.56349,47.6111,52.7214,49.7901,43.0747,0.611683,26.4412,1.72982,59.6373,0
156.842,106.1,1.76284,0,8.4943,8.43878,2392.41,6.59961,9.15491,54.8205,59.5086,56.3588,49.7815,0.654567,20.5612,1.62092,60.5193,0
156.397,104.942,1.73749,0,8.44079,8.39149,2385.98,6.54363,8.99037,56.8301,61.2091,58.2474,52.2208,0.678533,18.7227,1.45917,58.7153,0
157.768,106.817,1.77262,0,8.89814,8.82795,2434.14,6.63095,9.50171,48.4022,53.55,50.7346,43.8438,0.60035,26.2733,1.76527,59.664,0
156.214,105.083,1.68748,0,8.40377,8.35444,2368.51,6.55674,8.92711,57.2811,61.7148,58.7755,52.6463,0.683333,18.8845,1.47522,59.7043,0
159.549,108.371,1.8675,1.79279,9.40795,9.31226,2489.15,6.66801,9.59345,41.8694,48.0907,45.9111,34.9205,0.61125,46.2889,2.8401,59.3927,0
161.06,109.6,2.00557,2.33789,9.96068,9.84057,2545.93,6.69619,10.2061,35.4268,41.0421,38.3907,30.5261,0.5467,46.7961,2.16153,59.0067,0
161.337,109.408,1.99557,10.1687,9.94113,9.82182,2543.11,6.67291,10.1714,35.5267,41.137,38.4408,30.6316,0.54535,46.0895,2.14023,58.5775,0
157.103,105.547,1.74513,0.0109015,8.51235,8.45486,2397.83,6.54726,9.18974,54.4437,59.03,55.9461,49.7117,0.667067,20.1397,1.5427,59.0878,0
158.75,107.347,1.79224,0,9.05745,8.97817,2457.72,6.6621,9.66163,45.6918,50.6456,47.8977,41.1522,0.61835,27.7498,1.75397,59.5579,0
158.953,107.745,1.80369,0,9.14503,9.05624,2467.03,6.68553,9.70004,44.574,49.6682,46.8882,40.0431,0.604483,27.8035,1.78977,59.8574,0
158.311,107.328,1.79295,0,9.00438,8.92768,2450.52,6.64604,9.61587,46.6391,51.6515,48.7941,42.2192,0.606467,26.2758,1.70268,59.7447,0
158.365,107.378,1.77898,0,8.99805,8.91912,2441.02,6.64049,9.61482,46.4455,51.4247,48.5971,42.0094,0.62665,26.2548,1.70692,59.9114,0
156.424,105.297,1.7501,0,8.459,8.40722,2388.19,6.57854,9.01743,56.4254,60.9113,57.8906,51.6201,0.65195,19.701,1.52138,59.4672,0
158.089,107.157,1.79757,0,8.95542,8.88363,2443.9,6.64158,9.58433,47.3788,52.486,49.5574,42.9108,0.596333,26.3303,1.71753,59.7378,0
161.026,109.437,2.00252,2.94266,9.84433,9.7299,2541.75,6.70373,10.1634,36.2513,41.9476,39.1477,31.2762,0.533483,47.0044,2.15523,59.1094,0
161.04,109.614,2.00995,0.864607,9.95589,9.83603,2544.63,6.68427,10.1953,35.4354,41.0615,38.3923,30.5677,0.553617,46.5931,2.1514,58.8569,0
157.95,107.235,1.73496,0,8.77895,8.71147,2425.89,6.64469,9.5308,49.8244,54.3848,51.1625,45.7991,0.633967,18.4316,1.37557,60.3905,0
161.065,109.635,2.01234,0.197931,9.96799,9.84693,2550.05,6.70051,10.2111,35.4296,41.0609,38.3902,30.4983,0.5528,46.9749,2.16895,58.9431,0
161.18,109.296,2.00035,10.0752,9.84306,9.72781,2535.37,6.69655,10.166,36.1771,41.7775,39.0593,31.151,0.556517,47.4784,2.16675,58.9751,0
173.321,123.119,1.11065,0,8.40234,8.35313,2597.63,3.41772,8.9214,57.1282,61.2605,58.7617,52.6351,0.74755,18.8169,1.47282,31.8465,0
161.016,109.608,2.00786,5.92715,9.93761,9.8169,2541.76,6.68838,10.1687,35.5191,41.1936,38.4457,30.5679,0.55245,46.7697,2.15847,59.0118,0
156.841,105.918,1.7597,0,8.47948,8.42344,2393.58,6.5897,9.14175,55.0573,59.6366,56.5354,50.0433,0.6582,20.5766,1.59865,60.3217,0
158.9,107.889,1.80062,0,9.1349,9.05065,2467.85,6.67214,9.6927,44.6101,49.6554,46.8416,40.063,0.603717,27.5656,1.77112,59.7176,0
158.157,107.22,1.78528,0,8.96386,8.89019,2442.32,6.63213,9.59802,47.0771,52.1988,49.2353,42.6046,0.60375,26.3869,1.71498,59.699,0
158.3,107.351,1.78452,0,8.98734,8.91034,2444.64,6.63891,9.60594,46.5187,51.4983,48.6947,42.039,0.6136,26.5369,1.72308,59.8076,0
158.191,107.209,1.77712,0,8.97153,8.8969,2442.99,6.6355,9.59999,46.9235,52.0756,49.1509,42.5157,0.597333,26.3223,1.71572,59.6885,0
161.091,109.22,2.00574,10.0821,9.84986,9.73434,2541.46,6.69275,10.166,36.1982,41.8938,39.0881,31.1905,0.53185,47.0413,2.16313,58.7381,0
158.509,107.57,1.79089,0.049111,9.00654,8.92961,2448.59,6.65098,9.62374,46.3461,51.2776,48.528,41.9332,0.6177,26.6892,1.71035,59.8019,0
160.941,109.572,1.99742,8.85818,9.83187,9.71778,2540.16,6.7059,10.1595,36.3219,41.9904,39.2109,31.3043,0.532517,47.3418,2.16723,59.273,0
158.65,107.837,1.79344,0,8.83657,8.76295,2452.34,6.66011,9.76064,47.4698,51.9964,48.7402,44.044,0.6039,17.556,1.23532,60.0963,0
160.104,108.761,1.94105,0.810481,9.71781,9.60782,2513.94,6.67271,9.84297,38.8993,44.9269,42.667,32.7338,0.586733,47.3718,2.63477,59.0811,0
158.864,108.038,1.80239,0,8.89064,8.81622,2459.57,6.64989,9.8354,46.4622,50.9152,47.7086,43.152,0.582367,17.6924,1.20738,59.8111,0
158.64,107.626,1.80983,0,9.07164,8.99131,2456.46,6.656,9.66751,45.4439,50.3971,47.69,40.9539,0.613067,27.8583,1.75513,59.7389,0
159.112,107.234,1.79994,0,9.13659,9.05219,2463.59,6.63324,9.69501,44.6193,49.6594,46.832,40.0805,0.617017,27.6875,1.76328,58.7714,0
160.897,109.498,2.00418,10.0641,9.83311,9.71844,2532.98,6.70447,10.1641,36.2839,41.9154,39.1542,31.2839,0.549883,47.2499,2.15497,59.3496,0
161.328,109.408,1.99172,10.1714,9.94092,9.82187,2543.13,6.66926,10.173,35.5324,41.1467,38.4637,30.5581,0.547117,46.5744,2.1651,58.4921,0
156.148,105.444,1.72284,0,8.41835,8.37259,2370.36,6.55779,8.94905,56.9013,61.3342,58.4112,52.3425,0.717533,18.7399,1.46358,59.8341,0
157.12,106.41,1.74106,0,8.55905,8.50055,2400.66,6.58532,9.21462,54.0315,58.6106,55.5632,49.2961,0.6696,19.9079,1.55472,60.2438,0
158.868,107.07,1.80528,0,9.06414,8.98465,2464.51,6.62438,9.66828,45.7006,50.5816,47.8812,41.141,0.619117,28.1081,1.75642,58.5573,0
161.019,109.58,2.00184,1.54347,9.9346,9.81498,2542.29,6.69299,10.1686,35.5459,41.2077,38.4845,30.6401,0.5655,46.448,2.14838,59.0774,0
161.21,108.969,1.9884,10.0832,9.85281,9.73683,2542.25,6.65906,10.1472,36.2024,41.8629,39.1189,31.1777,0.5509,47.2204,2.17312,58.0475,0
160.982,109.504,2.00568,0.949413,9.9648,9.84208,2544.64,6.68928,10.153,35.4376,41.0733,38.4109,30.5222,0.5566,46.6092,2.15665,58.9252,0
156.24,105.469,1.71459,0.0170307,8.4425,8.39449,2370.12,6.55995,8.9799,56.4757,61.0529,57.9639,51.9204,0.647233,18.8417,1.46313,59.9285,0
161.222,109.761,2.00469,10.1906,9.96074,9.84057,2544.42,6.69312,10.1804,35.3977,41.0072,38.3782,30.4432,0.54845,46.736,2.1764,59.0494,0
160.924,109.525,1.99607,10.0631,9.83283,9.71846,2539.77,6.6934,10.1486,36.3073,42.0005,39.2186,31.3569,0.539167,47.0222,2.15012,59.0323,0
161.023,109.604,1.99694,7.8486,9.94864,9.82806,2544.3,6.69649,10.1771,35.4756,41.1133,38.4031,30.5652,0.562217,46.6957,2.1516,59.0605,0
157.168,106.482,1.71961,0,8.63293,8.57548,2413.48,6.62954,9.28984,53.1237,57.5673,54.6599,48.4242,0.653767,20.8433,1.56063,60.4665,0
156.08,105.441,1.7598,0,8.42945,8.38206,2378.47,6.58409,8.97164,57.0693,60.8585,58.4288,52.3106,0.724917,18.8308,1.47905,59.8608,0
158.171,107.2,1.7805,0,8.96412,8.88922,2443.2,6.62761,9.59679,46.9718,52.0833,49.1535,42.5383,0.62245,26.2856,1.71067,59.5753,0
161.374,109.132,1.9916,10.1689,9.93613,9.81851,2544.62,6.65535,10.1717,35.5905,41.2412,38.5068,30.6355,0.561267,46.4448,2.15845,58.085,0
161.016,109.6,2.00252,2.54668,9.95144,9.83246,2545.41,6.69313,10.1732,35.5166,41.121,38.4257,30.6177,0.561317,46.6868,2.13965,58.9865,0
157.033,106.325,1.73842,0,8.57584,8.5173,2401.06,6.60817,9.22522,53.8376,58.4259,55.3808,49.2126,0.66555,19.5972,1.53367,60.4554,0
156.313,105.459,1.75592,0,8.4657,8.41454,2386.17,6.59661,9.02727,56.2187,60.7466,57.693,51.366,0.641733,19.9979,1.5372,59.9564,0
157.033,106.355,1.73125,0,8.59853,8.5389,2406.27,6.60569,9.24623,53.565,58.0598,55.1131,48.9418,0.664217,20.277,1.53855,60.3077,0
158.347,107.374,1.78361,0,8.99668,8.91761,2442.29,6.64312,9.61441,46.4344,51.4259,48.6441,42.0071,0.6173,26.4606,1.72048,59.9562,0
157.581,106.886,1.72547,0,8.71693,8.65668,2422.5,6.64247,9.40518,51.2862,55.9036,52.857,46.9606,0.657533,19.3714,1.49478,60.3643,0
158.369,107.374,1.77867,0,9.00204,8.92295,2444.69,6.63915,9.6172,46.4257,51.4008,48.6338,42.0119,0.61595,26.4455,1.71447,59.7881,0
161.239,109.6,1.99475,10.1678,9.93893,9.81833,2538.28,6.68306,10.1691,35.4722,41.0805,38.4216,30.5532,0.556367,46.4942,2.1551,58.9686,0
159.232,107.384,1.78813,0.009119,9.13005,9.04548,2458.64,6.61568,9.71319,44.5037,49.4378,46.6804,40.0282,0.601617,27.3573,1.7415,58.8785,0
158.826,107.906,1.79934,0,9.14883,9.06596,2466.4,6.67132,9.69613,44.4923,49.5821,46.767,40.0191,0.599467,27.6669,1.76423,59.7674,0
160.985,109.618,1.99278,10.0761,9.84865,9.73216,2537.55,6.68904,10.1401,36.134,41.7915,39.0206,31.0373,0.541933,47.4842,2.18267,59.0261,0
158.753,107.332,1.78825,0,9.05004,8.97071,2454.91,6.66283,9.65287,45.7005,50.6526,47.9007,41.1033,0.619417,28.1878,1.76782,59.6506,0
161.039,109.582,2.00523,0.306262,9.95972,9.83969,2548.93,6.69444,10.2028,35.4661,41.0721,38.3983,30.5557,0.55495,46.6821,2.157,58.8821,0
161.204,108.955,1.99681,10.0986,9.86807,9.75165,2544.36,6.66132,10.1762,36.1263,41.7278,39.01,31.106,0.539583,47.2707,2.16607,57.9685,0
156.852,105.949,1.75283,0,8.48082,8.42471,2394.54,6.59409,9.14345,54.987,59.6198,56.5392,50.0924,0.670784,20.3428,1.59033,60.3655,0
158.305,107.358,1.77486,0,8.98273,8.90633,2445.56,6.63105,9.60043,46.5807,51.5443,48.7034,42.0844,0.5897,26.4501,1.71022,59.7328,0
157.171,106.476,1.72067,0,8.6204,8.56408,2409.28,6.60567,9.27443,53.214,57.7364,54.7474,48.709,0.646533,19.7246,1.50947,60.2008,0
161.032,109.607,2.00543,0.194153,9.96375,9.84361,2543.07,6.67814,10.1534,35.4167,41.0624,38.3803,30.5552,0.55975,46.3626,2.142,58.8293,0
161.257,109.641,2.00709,10.1835,9.95292,9.83242,2543.13,6.68245,10.1774,35.4429,41.0452,38.3929,30.4856,0.549333,46.8025,2.16885,58.8885,0
160.909,109.517,2.0004,10.0695,9.83823,9.72333,2537.07,6.69536,10.1695,36.2897,41.9269,39.1913,31.2824,0.5439,47.3771,2.16732,59.0891,0
157.449,106.798,1.73397,0,8.68206,8.62198,2409.7,6.62508,9.33156,52.0033,56.6992,53.562,47.2588,0.64075,20.3438,1.58293,60.5181,0
156.968,106.264,1.73345,0,8.54411,8.48532,2397.25,6.60747,9.1938,54.1803,58.8011,55.72,49.4477,0.6567,19.9621,1.55312,60.5928,0
157.049,106.357,1.73925,0,8.56346,8.50351,2401.21,6.59048,9.21673,53.9598,58.5508,55.5028,49.2463,0.653483,19.8477,1.55348,60.232,0
159.052,107.821,1.79309,0,9.14943,9.06518,2470.25,6.66039,9.73142,44.5587,49.5639,46.7698,40.0427,0.5949,27.6309,1.76353,59.5367,0
161.047,109.594,2.00614,0.359045,9.94209,9.82326,2540.46,6.68356,10.1705,35.4756,41.1287,38.4259,30.5727,0.562367,46.6416,2.15043,58.9029,0
157.006,106.319,1.7379,0,8.56193,8.50268,2400.35,6.60906,9.21574,53.9022,58.5553,55.5379,49.2142,0.670567,20.0648,1.57233,60.5516,0
161.296,109.399,1.97774,10.1765,9.94262,9.8234,2544.08,6.66883,10.1747,35.5426,41.2079,38.4963,30.6117,0.558433,46.3717,2.1596,58.5121,0
158.082,107.149,1.78693,0,8.95313,8.88119,2444.38,6.63864,9.58348,47.4243,52.543,49.5972,42.9193,0.603967,26.3935,1.7246,59.6787,0
156.404,105.264,1.75421,0,8.46018,8.40801,2387.08,6.5762,9.01832,56.4526,60.9633,57.9114,51.909,0.658517,18.8632,1.45855,59.5263,0
157.469,106.791,1.73304,0,8.684,8.62436,2411.82,6.62726,9.33899,51.916,56.6358,53.523,47.3046,0.633683,20.1244,1.5654,60.5391,0
156.243,105.141,1.69007,0,8.40276,8.35417,2367.14,6.56246,8.92244,57.2518,61.5204,58.797,52.6208,0.691183,18.98,1.48523,59.8248,0
158.329,107.356,1.78655,0,9.00253,8.92571,2449.05,6.64245,9.61386,46.6345,51.6498,48.8085,42.2231,0.603117,26.323,1.7049,59.7047,0
161.058,109.494,2.01716,10.0765,9.84574,9.73009,2542.37,6.70729,10.1695,36.2284,41.8329,39.0832,31.1519,0.544367,47.542,2.17387,59.1238,0
156.333,104.892,1.72646,0,8.41266,8.36825,2370.11,6.52129,8.93213,57.0887,61.4108,58.5677,52.4812,0.653283,18.4403,1.46642,58.9535,0
157.791,107.044,1.7351,0,8.73753,8.67508,2424.32,6.6216,9.44115,50.9052,55.5488,52.419,46.5101,0.63165,19.6554,1.50342,59.9567,0
157.856,106.899,1.76619,0,8.91561,8.84525,2439.97,6.6288,9.53339,48.1274,53.2344,50.3397,43.5507,0.594783,26.2722,1.74248,59.5415,0
158.445,107.712,1.79261,0,8.81418,8.74341,2437.18,6.63475,9.60665,48.9195,53.4621,50.2695,45.208,0.6333,17.9608,1.31047,60.0437,0
156.389,105.28,1.74557,0,8.4532,8.40241,2385.92,6.57803,9.00967,56.555,61.0223,58.0019,51.9576,0.6532,18.963,1.46922,59.4911,0
156.349,105.484,1.71063,0,8.4709,8.42015,2376.65,6.58075,9.0314,55.9993,60.5392,57.4769,51.3446,0.624617,19.1059,1.4906,60.0347,0
158.92,107.903,1.81059,0,9.14648,9.06325,2466.08,6.68169,9.69547,44.5277,49.595,46.7771,40.0055,0.60375,27.6789,1.76988,59.9708,0
161.117,109.244,1.99381,0.188128,9.84625,9.73077,2541.44,6.69411,10.1686,36.2371,41.8866,39.1232,31.1875,0.53495,47.4534,2.17375,58.8046,0
158.322,107.343,1.7796,0,9.00969,8.93319,2455.1,6.64372,9.6133,46.6048,51.5964,48.7645,42.1841,0.60105,26.326,1.70417,59.5585,0
161.201,108.958,1.98734,10.0844,9.85194,9.73743,2542.45,6.6604,10.1695,36.1829,41.8278,39.0716,31.1403,0.540717,47.3044,2.17642,58.0336,0
158.365,107.384,1.77905,0,9.00099,8.92283,2443.52,6.63276,9.61636,46.45,51.4149,48.6062,42.0063,0.615267,26.3757,1.71047,59.7335,0
159.014,108.024,1.7893,0,9.14402,9.05869,2460.1,6.66442,9.72446,44.3651,49.428,46.6513,39.912,0.605433,27.337,1.76515,59.8818,0
159.039,107.797,1.80269,0,9.13399,9.04977,2470.44,6.66651,9.73289,44.6448,49.6435,46.9232,40.2411,0.5996,27.7261,1.7523,59.6312,0
159.232,107.408,1.79393,0,9.16658,9.08078,2470.23,6.63145,9.72781,44.1818,49.1699,46.3676,39.7726,0.608267,27.087,1.7288,58.6628,0
159.011,107.504,1.80842,0,9.13654,9.05292,2470.93,6.668,9.69604,44.6316,49.6985,46.9283,40.1066,0.611067,27.7037,1.78148,59.3561,0
159.438,108.511,1.84105,0,9.10483,9.01926,2480.5,6.65999,9.99776,43.5328,47.9814,44.7971,40.6125,0.571683,18.2057,1.12913,59.4737,0
161.029,109.587,2.01068,1.0605,9.95794,9.83888,2541.86,6.68325,10.1479,35.4129,41.0632,38.3857,30.5047,0.564883,46.6485,2.15445,58.8739,0
157.133,106.421,1.73456,0,8.60659,8.54701,2404.48,6.60826,9.25613,53.2474,57.8031,54.895,48.8014,0.6553,19.6867,1.51915,60.3807,0
161.035,109.598,2.00462,0.826945,9.94814,9.82838,2544.67,6.68741,10.1796,35.4659,41.1155,38.4116,30.6285,0.558083,46.2728,2.13273,58.9262,0
159.143,107.636,1.7868,0,9.14446,9.05992,2467.15,6.63695,9.72586,44.5017,49.4944,46.7338,40.0194,0.598233,27.506,1.75957,59.1213,0
157.21,106.521,1.72366,0,8.63304,8.5757,2411.25,6.62692,9.2847,53,57.5122,54.5293,48.1788,0.649767,20.9617,1.58827,60.5177,0
158.794,107.345,1.79167,0,9.05334,8.97295,2457.97,6.66289,9.65965,45.7496,50.6671,47.9562,41.17,0.61115,28.1833,1.76608,59.6092,0
161.007,109.555,2.00408,0.455692,9.96394,9.84382,2545.63,6.67424,10.1552,35.438,41.0914,38.3961,30.5086,0.556567,46.6896,2.1579,58.6658,0
161.161,109.296,1.98281,10.0754,9.84368,9.72733,2534.5,6.69406,10.1647,36.1789,41.7832,39.0496,31.1495,0.556533,47.4274,2.16493,58.975,0
158.312,107.31,1.78545,0.010356,8.99547,8.91951,2446.81,6.63126,9.61474,46.7183,51.7821,48.9052,42.2748,0.603717,26.4036,1.71817,59.5902,0
157.437,106.746,1.7257,0,8.68352,8.62475,2410.15,6.63778,9.33421,52.0275,56.7153,53.6129,47.5573,0.64015,19.5298,1.52328,60.6815,0
157.016,106.315,1.72957,0,8.60019,8.54116,2405.27,6.60023,9.25134,53.5579,58.0589,55.0968,49.0078,0.656767,19.9164,1.51672,60.2184,0
161.111,109.226,2.00267,10.0752,9.84619,9.73067,2539.5,6.68545,10.144,36.2252,41.8636,39.1119,31.1929,0.546917,47.0867,2.16542,58.768,0
157.078,106.367,1.74267,0,8.5465,8.48555,2392.99,6.60301,9.19201,54.1047,58.7445,55.6701,49.4397,0.665083,19.81,1.54423,60.6572,0
161.006,109.585,1.99789,5.33383,9.94321,9.82329,2543.14,6.679,10.1723,35.488,41.1114,38.4144,30.5679,0.55215,46.6478,2.14877,58.8209,0
158.356,107.401,1.7829,0,8.99731,8.91962,2438.9,6.63662,9.61378,46.4993,51.4528,48.6505,42.013,0.606483,26.6736,1.7207,59.8733,0
158.935,107.727,1.80317,0,9.14534,9.06089,2466.53,6.68027,9.70473,44.621,49.6795,46.8514,40.0303,0.603483,27.7528,1.78313,59.8185,0
161.37,109.119,1.99279,10.1577,9.92817,9.80983,2539.13,6.65285,10.1693,35.5877,41.2286,38.5154,30.6328,0.555267,46.5796,2.15968,58.1647,0
158.302,107.318,1.77729,0.00110733,9.01009,8.93276,2453.12,6.64252,9.61733,46.5862,51.5675,48.7056,42.1089,0.612283,26.413,1.7126,59.5714,0
161.043,109.592,1.99279,2.62805,9.96448,9.84507,2544.94,6.68674,10.174,35.4223,41.031,38.3801,30.4733,0.56575,46.9645,2.16817,58.8913,0
161.008,109.584,2.00432,2.04609,9.95396,9.83705,2544.62,6.69693,10.1754,35.5163,41.1165,38.4234,30.5907,0.560683,46.8183,2.14635,59.0457,0
159.22,107.367,1.80147,0,9.15652,9.07043,2468.32,6.62286,9.72562,44.2938,49.326,46.5336,39.8526,0.61305,27.1793,1.74978,58.6745,0
159.615,108.652,1.87489,0,9.19411,9.10504,2489.49,6.67802,10.096,42.2153,46.6652,43.5199,39.559,0.572,18.1784,1.0787,59.5906,0
156.933,106.278,1.73715,0,8.56797,8.50759,2401.23,6.60182,9.2176,53.9335,58.5403,55.4796,49.2495,0.66115,19.7528,1.54793,60.3564,0
156.356,105.694,1.76615,0,8.47716,8.42496,2390.92,6.59427,9.04939,56.0488,60.576,57.5012,51.3249,0.635217,19.6854,1.50752,59.9024,0
161.178,109.315,1.99126,10.0766,9.84431,9.72864,2537.61,6.69464,10.1679,36.1897,41.8078,39.0655,31.1526,0.552867,47.1961,2.1679,58.9566,0
161.018,109.574,2.01065,0.799241,9.96732,9.84685,2543.4,6.68337,10.1577,35.3913,41.0083,38.3628,30.5549,0.56835,46.2961,2.13613,58.8992,0
158.299,107.312,1.79599,0.006697,9.00432,8.92899,2449.7,6.63218,9.60761,46.6134,51.6338,48.7947,42.1899,0.594233,26.3471,1.71008,59.5145,0
157.075,106.399,1.73254,0,8.60471,8.54529,2401.66,6.60234,9.25416,53.4179,57.8982,54.913,48.7326,0.651167,20.3304,1.54183,60.3695,0
158.503,107.552,1.78726,0,9.00897,8.93166,2449.08,6.66839,9.62059,46.3436,51.2825,48.4966,41.862,0.6202,26.6547,1.72077,60.0741,0
159.238,107.351,1.79112,0.0626779,9.14214,9.05915,2457.51,6.61837,9.7147,44.3293,49.2562,46.5263,39.9255,0.612383,27.3762,1.72767,58.9756,0
161.029,109.579,2.00847,1.9221,9.96921,9.8489,2543.51,6.67889,10.1673,35.4158,41.0258,38.3641,30.5345,0.5648,46.4249,2.14513,58.8081,0
157.014,106.322,1.73829,0,8.58299,8.52413,2400.54,6.60979,9.22851,53.6991,58.2634,55.2617,49.1175,0.648267,19.649,1.5275,60.5669,0
158.308,107.324,1.77701,0,9.01154,8.93355,2452.1,6.64115,9.6151,46.5923,51.5742,48.744,42.096,0.703767,26.5085,1.72187,59.5375,0
158.377,107.404,1.77615,0,9.0046,8.92801,2445.1,6.63611,9.61975,46.3947,51.3384,48.5716,41.9605,0.618267,26.6336,1.71442,59.7325,0
156.154,105.496,1.67826,0,8.41472,8.37247,2370.44,6.56117,8.94438,57.0514,61.4628,58.5336,52.4029,0.647867,18.8939,1.47657,59.9198,0
157.003,106.336,1.72985,0,8.54131,8.47993,2395.83,6.60431,9.18802,54.1291,58.7365,55.7204,49.4272,0.66665,19.9729,1.55933,60.6206,0
157.43,106.757,1.72229,0,8.67762,8.61926,2410.07,6.63636,9.33656,52.098,56.7801,53.6454,47.4614,0.641117,19.9641,1.55503,60.6373,0
159.037,107.819,1.79461,0,9.14764,9.06348,2463.83,6.67557,9.72678,44.3766,49.4187,46.6024,39.9014,0.597533,27.3034,1.75582,59.9037,0
157.042,106.335,1.7414,0,8.57932,8.51905,2402.91,6.61265,9.22467,53.802,58.3928,55.3725,49.2033,0.647134,19.6321,1.53235,60.5292,0
161.02,109.597,2.01707,0.463264,9.95704,9.83836,2539.5,6.68996,10.1472,35.4098,41.0697,38.3917,30.5358,0.570067,46.5255,2.14868,59.113,0
161.249,109.607,1.98963,10.1696,9.93921,9.81994,2538.24,6.69507,10.169,35.4965,41.1011,38.437,30.5465,0.554417,46.6028,2.16265,59.1848,0
161.019,109.595,2.00646,4.40841,9.96198,9.84244,2547.07,6.70286,10.1749,35.4667,41.0956,38.4022,30.5535,0.564017,46.9668,2.1507,59.1276,0
158.24,107.248,1.78867,0,8.9847,8.90971,2448.69,6.63805,9.60831,46.8975,52.0086,49.0852,42.5156,0.594217,26.1593,1.70162,59.6314,0
158.999,107.963,1.8017,0,9.15545,9.07046,2468.98,6.6604,9.7329,44.317,49.389,46.6222,39.8998,0.602067,27.4213,1.76405,59.6464,0
156.197,105.464,1.72531,0,8.42563,8.38029,2370.47,6.57291,8.95928,56.7659,61.2659,58.241,52.2392,0.651233,18.6225,1.44885,60.082,0
156.905,105.75,1.74515,0,8.48217,8.42581,2394.92,6.57242,9.14522,54.8668,59.4643,56.4032,50.0019,0.659083,20.5068,1.57715,59.9251,0
156.62,105.879,1.73471,0,8.55012,8.49254,2390.87,6.58754,9.08367,54.0405,59.2455,56.5292,47.7232,0.61255,27.887,2.156,59.9289,0
158.217,107.244,1.79536,0,8.98577,8.91056,2444.99,6.63173,9.60718,46.8931,52.0064,49.0639,42.4875,0.596967,26.1458,1.70252,59.5878,0
157.45,106.777,1.72758,0,8.68335,8.62395,2409.87,6.62803,9.33211,52.0069,56.7057,53.5575,47.2146,0.641367,20.4817,1.59443,60.5956,0
159.113,107.628,1.80861,0,9.14764,9.06257,2460.79,6.66602,9.71975,44.3355,49.3937,46.5831,39.8269,0.616617,27.4524,1.77018,59.6686,0
161.038,109.592,2.0082,0.0690843,9.95322,9.83311,2543.91,6.68718,10.1804,35.472,41.0946,38.4182,30.5663,0.562267,46.6796,2.15227,58.8941,0
158.332,107.356,1.79678,0,8.99258,8.91611,2441.83,6.63048,9.61129,46.4502,51.4369,48.652,42.0156,0.605267,26.5154,1.7195,59.7262,0
160.959,109.591,1.99352,10.0878,9.85872,9.74203,2543.07,6.6905,10.143,36.0756,41.7256,38.982,31.0297,0.550283,47.3966,2.17362,58.9961,0
160.943,109.577,2.00357,10.0672,9.83503,9.72068,2537.23,6.69368,10.1588,36.3255,42.0166,39.2129,31.3058,0.530683,47.3016,2.16348,59.0523,0
157.103,106.414,1.72587,0,8.60176,8.54267,2404.41,6.60853,9.24927,53.4701,57.9436,54.9924,48.8375,0.652433,20.2813,1.53312,60.4126,0
157.04,106.335,1.736,0,8.57755,8.51849,2403.66,6.61232,9.22625,53.8418,58.3996,55.36,49.2213,0.654767,19.5491,1.52762,60.472,0
157.781,106.842,1.75356,0,8.90095,8.82967,2436.64,6.62795,9.51039,48.3195,53.4615,50.6425,43.7858,0.58855,26.2204,1.75827,59.5597,0
158.262,107.267,1.80341,0,8.98511,8.90986,2443.93,6.63671,9.60713,46.7541,51.8581,48.9845,42.3631,0.603817,26.2823,1.71375,59.7425,0
160.173,108.822,1.95052,0.51177,9.73035,9.6209,2518.31,6.67663,9.90146,38.4355,44.3928,42.0976,32.4232,0.580717,47.2527,2.58358,59.0429,0
156.354,105.689,1.75297,0,8.47984,8.42817,2389.93,6.60185,9.05267,56.0595,60.5803,57.4776,51.4712,0.636967,19.1726,1.46418,60.0396,0
161.375,109.085,1.9855,10.161,9.93059,9.8118,2541.66,6.65234,10.1702,35.576,41.2251,38.5093,30.616,0.561817,46.6921,2.16325,58.1137,0
157.114,106.412,1.7327,0,8.60634,8.54635,2403.67,6.62095,9.25659,53.3501,57.8747,54.8979,48.8493,0.65485,19.6738,1.50863,60.5981,0
156.204,105.474,1.71973,0,8.42169,8.37572,2371.35,6.55822,8.95496,56.8182,61.2966,58.3063,52.3142,0.642117,18.5748,1.44718,59.887,0
159.117,107.574,1.79743,0,9.13958,9.05523,2466.77,6.65303,9.72228,44.4401,49.4903,46.7627,40.013,0.607033,27.4029,1.76987,59.4743,0
160.988,109.518,1.99631,1.54166,9.97058,9.84711,2545.78,6.68997,10.152,35.477,41.0972,38.4234,30.602,0.5629,46.2083,2.13958,58.88,0
158.113,107.15,1.77995,0,8.96941,8.89611,2445.16,6.65572,9.60169,47.2422,52.345,49.3858,42.7295,0.606867,26.3101,1.72078,59.8871,0
159.229,107.379,1.79423,0,9.15872,9.07232,2468.17,6.62263,9.72527,44.2801,49.3127,46.5302,39.826,0.611817,27.3223,1.75593,58.6485,0
156.162,105.494,1.72197,0,8.41524,8.3713,2366.37,6.57401,8.94238,57.1181,61.2362,58.4805,52.3914,0.709483,18.7595,1.4668,60.1798,0
157.165,106.456,1.7308,0,8.5533,8.4927,2401.6,6.60286,9.20896,54.0537,58.6805,55.5969,49.4208,0.670367,19.6064,1.53148,60.4956,0
159.036,107.835,1.79603,0.0695982,9.14781,9.06464,2463.82,6.67289,9.72606,44.3455,49.3925,46.5806,39.8769,0.605783,27.3617,1.75573,59.9188,0
161.041,109.612,2.00272,0.816541,9.96479,9.84428,2547.94,6.69291,10.2087,35.4167,41.0489,38.394,30.4882,0.549667,47.0904,2.17593,58.8763,0
156.803,105.913,1.75235,0,8.47399,8.41811,2390.36,6.58706,9.13609,55.0534,59.6043,56.5164,50.0398,0.656717,20.7443,1.59485,60.3776,0
161.019,109.591,2.00326,3.51206,9.96061,9.84306,2544.28,6.68033,10.1716,35.469,41.0942,38.3826,30.5548,0.555617,46.8328,2.14392,58.822,0
161.1,109.247,1.99268,10.0714,9.84312,9.72833,2540.8,6.6826,10.1451,36.2432,41.853,39.0919,31.1502,0.549117,47.2861,2.171,58.6895,0
158.671,107.72,1.8047,0,9.06503,8.98464,2454.52,6.6848,9.65954,45.556,50.4916,47.7709,41.0643,0.605283,27.9701,1.74613,60.2666,0
159.235,108.317,1.82565,0,9.02303,8.94042,2472.34,6.66331,9.93145,44.6385,49.1142,45.9215,41.5678,0.57815,18.0688,1.16458,59.7582,0
158.933,107.912,1.80432,0,9.15858,9.07421,2469.62,6.65862,9.70754,44.4255,49.511,46.7427,39.9322,0.603367,27.6374,1.7814,59.5523,0
158.077,107.133,1.78796,0,8.95122,8.87846,2443.7,6.63272,9.58192,47.389,52.5134,49.5621,42.9135,0.5952,26.3357,1.71857,59.6292,0
161.023,109.614,2.00311,2.21966,9.9623,9.84252,2544.25,6.69026,10.168,35.4146,41.0258,38.3848,30.5549,0.5637,46.3698,2.14427,58.9861,0
161.049,109.579,2.00804,0.785935,9.93773,9.81935,2542.15,6.68708,10.1957,35.5142,41.1117,38.441,30.5523,0.5627,47.1291,2.1667,58.8973,0
158.641,107.695,1.80285,0,9.05513,8.97562,2446.41,6.67898,9.65267,45.5825,50.5128,47.7688,41.0175,0.610717,28.112,1.75592,60.3299,0
157.831,106.868,1.76282,0,8.90689,8.83578,2437.57,6.63538,9.52325,48.2551,53.3653,50.5237,43.7256,0.600233,26.1275,1.7446,59.6806,0
161.039,109.604,1.99722,1.64501,9.93986,9.82087,2541.23,6.69892,10.1713,35.5414,41.2019,38.4887,30.6094,0.567,46.6716,2.16027,59.176,0
173.239,123.303,1.11417,0,8.41353,8.36683,2601.72,3.4347,8.93823,57.0393,61.2607,58.6034,52.5102,0.7439,18.8617,1.46733,32.1813,0
158.972,107.916,1.79633,0,9.10725,9.02346,2458.02,6.66518,9.71801,44.751,49.7192,46.9857,40.3062,0.606717,27.6878,1.75038,59.9701,0
158.766,107.349,1.78562,0,9.05996,8.97962,2460.91,6.66799,9.66434,45.6885,50.6481,47.898,41.1895,0.612417,27.5025,1.74667,59.5502,0
156.952,106.275,1.72532,0,8.56907,8.50903,2401.18,6.60288,9.21706,53.8961,58.4986,55.4944,49.3218,0.6593,19.5637,1.53343,60.3863,0
161.137,109.284,2.00233,10.0784,9.84854,9.73147,2544.19,6.69373,10.1707,36.2017,41.839,39.0827,31.1519,0.5454,47.529,2.1741,58.7639,0
160.963,109.57,2.00635,10.1074,9.87541,9.75913,2543.06,6.707,10.175,36.1044,41.7191,38.9755,31.1437,0.536983,46.7732,2.14755,59.089,0
158.232,107.258,1.7874,0,8.98375,8.91009,2448.66,6.63065,9.60775,46.9107,52.0116,49.0713,42.5079,0.594217,26.1195,1.69913,59.5256,0
161.143,109.693,2.01239,10.1207,9.93867,9.82019,2552.42,6.70999,10.1902,35.5828,41.241,38.5102,30.6396,0.54475,47.3749,2.16225,59.0307,0
157.762,107.018,1.71639,0,8.73775,8.67606,2422.85,6.63042,9.45211,50.6722,55.2984,52.1439,46.5732,0.639733,18.7186,1.4174,60.1978,0
157.835,107.089,1.73245,0,8.74233,8.67855,2421.72,6.63574,9.47377,50.3881,54.9879,51.8691,46.3622,0.651733,18.6339,1.40613,60.3385,0
158.332,107.32,1.79063,0,8.99456,8.91847,2447.47,6.63228,9.61456,46.7064,51.7703,48.9166,42.2834,0.601717,26.4168,1.7193,59.5701,0
160.982,109.492,2.00205,0.654019,9.96994,9.84571,2545.62,6.67777,10.1542,35.4431,41.0709,38.4034,30.5941,0.5584,46.217,2.13892,58.677,0
156.343,105.445,1.71534,0,8.46686,8.41689,2376.17,6.57941,9.02565,56.0382,60.5708,57.5246,51.2632,0.618083,19.4698,1.52098,60.0184,0
156.804,106.081,1.76781,7.15e-05,8.51811,8.46139,2397.02,6.58931,9.18752,54.3903,59.0692,55.9474,49.4795,0.66925,20.4929,1.6006,59.7597,0
157.124,106.423,1.72258,0,8.61056,8.55235,2403.77,6.61941,9.25825,53.3463,57.8481,54.8461,48.7907,0.664367,19.7,1.50962,60.6115,0
160.958,109.559,2.00964,9.90403,9.83239,9.71767,2540.32,6.70552,10.1569,36.3121,42.0007,39.2137,31.2907,0.534733,47.4003,2.16793,59.2536,0
156.183,105.44,1.71686,0,8.42077,8.3742,2371.45,6.55359,8.95093,56.8591,61.3053,58.362,52.3183,0.664367,18.7275,1.45698,59.8509,0
156.994,106.316,1.73444,0,8.54503,8.48504,2395.47,6.60297,9.1915,54.1289,58.7367,55.7339,49.4473,0.661083,20.0084,1.55682,60.557,0
157.731,106.791,1.76528,0,8.89243,8.82209,2433.41,6.62626,9.49282,48.5016,53.6402,50.8791,43.9403,0.595517,26.3092,1.77562,59.5914,0
158.933,107.888,1.7993,0,9.15585,9.07263,2470.16,6.66512,9.70138,44.4369,49.5357,46.7515,39.8963,0.6104,27.9172,1.79175,59.6903,0
157.96,107.003,1.77946,0,8.92694,8.85535,2437.47,6.62355,9.54689,47.716,52.8406,49.9454,43.1838,0.609417,26.4842,1.7405,59.5869,0
158.268,107.312,1.80438,0,8.99718,8.9208,2449.43,6.6333,9.61302,46.7847,51.8786,48.9213,42.2842,0.603617,26.4273,1.71973,59.5296,0
157.042,106.354,1.74053,0,8.56201,8.50296,2401.26,6.60094,9.21375,53.9446,58.5654,55.4938,49.223,0.65595,19.9116,1.558,60.4219,0
158.999,107.968,1.80145,0,9.12332,9.03965,2466.27,6.66176,9.72364,44.6955,49.6762,46.9445,40.2328,0.601566,27.78,1.75782,59.7009,0
159.2,107.345,1.80215,0,9.15599,9.07049,2469.52,6.6354,9.72561,44.3212,49.381,46.5717,39.8367,0.61595,27.4129,1.76595,58.8692,0
161.158,109.717,2.00655,10.1585,9.93267,9.81299,2549.34,6.72271,10.1878,35.6228,41.3073,38.5619,30.6398,0.552433,47.2774,2.17547,59.2205,0
161.152,109.712,2.01487,10.0909,9.93514,9.8153,2550.28,6.71677,10.1877,35.5947,41.2904,38.5602,30.6412,0.549933,47.441,2.17287,59.1486,0
156.993,106.323,1.73489,0,8.53367,8.47795,2397.19,6.59492,9.18588,54.2368,58.862,55.8248,49.5698,0.65425,19.9563,1.54733,60.4318,0
160.911,109.537,1.99822,10.0703,9.83957,9.72378,2537.96,6.69302,10.1713,36.2976,41.9265,39.1964,31.3217,0.546667,47.163,2.15813,59.0258,0
158.509,107.73,1.79249,0,8.82509,8.75464,2437.69,6.63277,9.61687,48.7113,53.2563,50.0759,45.0546,0.625033,17.9295,1.30228,59.9592,0
161.058,109.463,2.00753,10.0673,9.83838,9.724,2538.01,6.70642,10.1645,36.2374,41.8523,39.1007,31.1487,0.548567,47.643,2.17893,59.1724,0
158.297,107.301,1.79118,0,8.99321,8.91731,2447.37,6.64523,9.61518,46.6692,51.7374,48.8705,42.2555,0.594583,26.3964,1.71408,59.7708,0
160.471,109.055,1.9758,0.263762,9.80822,9.69462,2530.47,6.67438,10.04,37.1841,42.9832,40.4819,31.5313,0.571817,47.2663,2.42258,58.7972,0
161.258,109.616,2.00456,10.1888,9.95869,9.83804,2544.21,6.69716,10.1806,35.4333,41.0225,38.3907,30.4736,0.5463,46.8354,2.17217,59.0581,0
158.406,107.442,1.78574,0,9.00178,8.9238,2446.11,6.63661,9.61661,46.4216,51.4076,48.634,41.9966,0.614583,26.5998,1.71998,59.7118,0
158.354,107.39,1.78679,0,9.00215,8.92356,2443.1,6.63541,9.61578,46.4916,51.4477,48.6442,42.0067,0.605367,26.6592,1.71922,59.7542,0
158.995,107.954,1.79471,0,9.15755,9.07305,2468.58,6.65836,9.7321,44.3341,49.3907,46.5964,39.8637,0.60405,27.4836,1.76587,59.6391,0
156.863,106.139,1.7523,0,8.50452,8.44664,2397.63,6.60614,9.17043,54.645,59.3459,56.2253,49.6172,0.64655,20.749,1.63162,60.5275,0
160.908,109.505,1.99937,10.0596,9.82939,9.71415,2533.04,6.69128,10.1609,36.2821,41.9036,39.1695,31.288,0.54995,47.2714,2.1579,59.1158,0
161.029,109.588,1.99745,0.921514,9.93578,9.81734,2541.7,6.69867,10.1708,35.5476,41.2079,38.4765,30.5881,0.559683,46.9642,2.15808,59.1941,0
158.863,107.069,1.78459,0,9.06529,8.98543,2460.51,6.63073,9.67036,45.7411,50.6493,47.8902,41.2057,0.616917,27.7083,1.74202,58.7594,0
161.032,109.574,2.00225,0.606284,9.94883,9.83049,2544.45,6.70335,10.1932,35.4848,41.0852,38.4008,30.542,0.553267,47.0581,2.1598,59.1287,0
159.118,107.26,1.79268,0,9.1426,9.05708,2469.6,6.63414,9.70127,44.6169,49.6701,46.8687,40.1125,0.609283,27.6359,1.7649,58.6002,0
156.867,105.963,1.75984,0,8.48487,8.42692,2393.91,6.59195,9.1482,54.9506,59.6032,56.4689,50.0879,0.666017,20.0428,1.57355,60.349,0
158.303,107.32,1.78241,0,8.99358,8.91848,2447.46,6.63113,9.61305,46.7098,51.8039,48.9203,42.2895,0.6026,26.3855,1.71657,59.5714,0
161.006,109.612,1.99245,1.625,9.93356,9.81399,2540.45,6.68729,10.1686,35.5443,41.1745,38.4714,30.5599,0.5616,46.8886,2.1668,59.0196,0
159.043,107.997,1.79559,0,9.15068,9.0672,2458.15,6.65517,9.71756,44.258,49.1938,46.4672,39.8711,0.614467,27.3266,1.72758,59.8645,0
157.299,106.414,1.75784,0,8.79108,8.72623,2419.39,6.61033,9.33124,50.2957,55.5224,52.8344,45.3669,0.595717,26.5351,1.87653,59.6111,0
158.928,107.885,1.79989,0,9.15032,9.06711,2468.55,6.66995,9.6967,44.4758,49.5667,46.7777,40.0188,0.599383,27.6129,1.76748,59.7415,0
157.234,106.543,1.72159,0,8.63468,8.57728,2406.66,6.62403,9.2877,52.9446,57.4662,54.5132,48.1327,0.644583,21.1245,1.59845,60.5657,0
161.167,109.321,1.99983,10.0797,9.84714,9.73146,2537.61,6.69506,10.168,36.1691,41.7705,39.0344,31.1345,0.550367,47.5028,2.16392,58.8651,0
156.929,106.243,1.72519,0,8.53516,8.47866,2397.82,6.60324,9.18567,54.2421,58.8604,55.8019,49.4934,0.657617,20.1079,1.56327,60.5552,0
156.16,105.524,1.69438,0,8.4159,8.37319,2369.92,6.56635,8.94795,56.9904,61.4518,58.4827,52.3988,0.654233,18.778,1.46527,60.0698,0
156.856,106.115,1.75473,0,8.49901,8.4428,2394.77,6.59092,9.15665,54.7443,59.4472,56.3248,49.7335,0.654933,20.6322,1.62665,60.3273,0
161.161,109.302,2.00127,10.0771,9.84484,9.72931,2536.5,6.69615,10.1644,36.1717,41.7789,39.0577,31.1234,0.549467,47.6443,2.1734,58.9525,0
161.013,109.593,1.99451,10.0902,9.86138,9.74497,2539.82,6.68005,10.1432,36.0554,41.6989,38.9625,30.983,0.542817,47.39,2.18082,58.93,0
158.671,107.73,1.80761,0,9.06255,8.98223,2451.66,6.68509,9.65839,45.5561,50.4975,47.8028,41.0853,0.6123,27.9363,1.74778,60.3705,0
160.995,109.568,1.99216,2.19124,9.93414,9.81526,2540.42,6.67617,10.169,35.5408,41.1713,38.465,30.5642,0.559783,46.8628,2.16513,58.8525,0
161.033,109.453,2.00909,1.30299,9.84905,9.73385,2544.06,6.70617,10.1646,36.2562,41.9271,39.1377,31.2334,0.530283,47.2151,2.1645,59.0439,0
157.109,106.433,1.72762,0,8.59722,8.53857,2406.8,6.62026,9.24226,53.4856,58.0388,55.0969,48.9903,0.646167,19.8908,1.52083,60.5737,0
156.988,106.307,1.7417,0,8.57862,8.51833,2401.62,6.60061,9.22518,53.7775,58.3631,55.3569,49.2006,0.655233,19.6342,1.53067,60.34,0
157.056,106.366,1.73541,0,8.53456,8.47752,2397.76,6.59583,9.18491,54.2537,58.8626,55.8194,49.5007,0.660417,20.1254,1.56328,60.475,0
156.379,105.49,1.72432,0,8.47385,8.42246,2377.67,6.58479,9.0348,55.9794,60.5235,57.4473,51.1362,0.6208,19.6912,1.53613,60.0548,0
158.922,107.89,1.79436,0,9.16755,9.08435,2472.11,6.6628,9.71552,44.4057,49.4979,46.6987,39.8955,0.60395,27.6544,1.78015,59.5382,0
158.254,107.279,1.78831,0,8.97423,8.90069,2442.39,6.63833,9.60054,46.7975,51.9231,49.0078,42.418,0.589033,26.2015,1.70593,59.8486,0
158.752,107.324,1.79534,0,9.06282,8.98153,2463.5,6.66496,9.65987,45.7111,50.6667,47.8933,41.1127,0.606733,27.8514,1.76485,59.4736,0
156.444,104.941,1.72093,0,8.43079,8.38461,2372.1,6.53006,8.96192,56.6602,61.1642,58.1744,52.1165,0.644567,18.5728,1.46408,59.1149,0
156.956,106.271,1.73695,0,8.5654,8.50474,2400.02,6.59627,9.21473,53.8925,58.5094,55.5132,49.2608,0.64985,19.828,1.55348,60.2789,0
156.256,105.512,1.70811,3.81667e-05,8.44179,8.39281,2371.61,6.57401,8.981,56.4628,61.015,57.9706,51.897,0.639117,18.9376,1.46907,60.2244,0
158.638,107.626,1.80339,0,9.07576,8.9949,2455.86,6.65795,9.6673,45.4293,50.3954,47.6737,40.9238,0.605783,27.9224,1.7581,59.7184,0
158.176,107.215,1.78634,0,8.97059,8.89816,2447.11,6.63492,9.60452,47.1092,52.2625,49.3259,42.6668,0.597333,26.3999,1.72427,59.5691,0
161.225,108.986,1.99528,10.0919,9.85864,9.74256,2541.51,6.66361,10.1712,36.1766,41.8197,39.04,31.1332,0.540867,47.2312,2.16605,58.1051,0
160.923,109.528,2.00634,10.0693,9.83692,9.72207,2542.05,6.69162,10.1506,36.3115,41.9893,39.2097,31.3276,0.542767,47.1965,2.15657,58.9117,0
161.259,109.034,2.00438,10.0839,9.84958,9.73413,2536.96,6.65926,10.1662,36.1182,41.6903,38.9703,31.0778,0.550983,47.3425,2.16162,58.1422,0
156.818,105.922,1.75918,0,8.4751,8.4186,2390.6,6.59032,9.13605,55.0394,59.6103,56.5604,50.1237,0.655833,20.5768,1.58383,60.3782,0
161.155,109.303,1.99703,10.0738,9.8438,9.7274,2536.77,6.692,10.1644,36.1566,41.7849,39.0455,31.1501,0.547517,47.433,2.16255,58.8888,0
161.005,109.562,2.00722,0.695818,9.95817,9.83895,2542.05,6.69586,10.1528,35.4229,41.0818,38.3953,30.5263,0.56605,46.6056,2.15472,59.1228,0
159.039,107.811,1.80235,0,9.14343,9.05973,2466.11,6.67358,9.72162,44.3747,49.4219,46.6311,39.8847,0.605367,27.5061,1.76788,59.839,0
161.13,109.684,2.00618,10.1662,9.93987,9.82042,2551.63,6.7125,10.1927,35.6453,41.3221,38.5622,30.6715,0.550633,47.0633,2.16633,58.9876,0
160.674,109.467,1.99147,0,9.84218,9.72809,2538.98,6.70981,10.3046,35.622,40.9788,38.471,31.7453,0.57695,39.6013,1.86275,59.1572,0
158.251,107.264,1.78863,0,8.97852,8.90574,2442.61,6.64042,9.60395,46.7989,51.8975,49.0004,42.4231,0.591367,26.1176,1.70035,59.8752,0
157.874,106.913,1.76722,0,8.9217,8.84979,2439.22,6.63148,9.53972,48.0521,53.1507,50.266,43.4881,0.587167,26.3103,1.7419,59.5988,0
156.987,106.3,1.73047,0,8.53853,8.47989,2396.19,6.59389,9.18507,54.2328,58.8027,55.773,49.4879,0.6827,20.0574,1.55468,60.4486,0
156.827,106.124,1.75401,0.0125817,8.51428,8.45714,2395.22,6.60671,9.18902,54.4142,59.0065,55.9241,49.7377,0.679067,19.9896,1.53052,60.5313,0
158.487,107.56,1.78532,0,9.0067,8.92905,2445.37,6.65249,9.61843,46.3331,51.2803,48.4927,41.8307,0.617583,26.6409,1.7261,59.9542,0
158.216,107.22,1.7995,0,8.98201,8.90777,2447.47,6.63846,9.60743,46.9537,52.0602,49.1069,42.5052,0.6029,26.2933,1.7082,59.6215,0
157.081,106.402,1.73505,0,8.60426,8.54425,2402.37,6.6023,9.255,53.3828,57.8801,54.9327,48.8791,0.638883,19.778,1.50795,60.3381,0
157.16,106.482,1.71962,0,8.6289,8.57239,2413.4,6.62885,9.28491,53.1607,57.5873,54.6777,48.1967,0.634317,21.7426,1.61962,60.4533,0
161.267,109.074,1.99241,10.089,9.8573,9.7415,2538.25,6.65854,10.1686,36.0761,41.6312,38.9204,31.0323,0.5507,47.4555,2.15962,58.1031,0
157.565,106.866,1.714,0,8.70756,8.64906,2417.7,6.63232,9.39659,51.3946,56.0331,52.9327,46.98,0.628833,19.5493,1.50718,60.344,0
158.313,107.371,1.78838,0,9.00421,8.92697,2447.28,6.63482,9.61749,46.4933,51.4702,48.6741,42.0278,0.59195,26.514,1.72278,59.6286,0
161.258,109.628,1.99083,10.1667,9.93791,9.81722,2538.17,6.68448,10.1687,35.4731,41.0859,38.4232,30.5581,0.555717,46.4878,2.15547,59.0141,0
156.888,105.715,1.74861,0.093238,8.47224,8.41625,2390.92,6.56829,9.13657,55.018,59.5616,56.4503,50.0925,0.666433,20.4119,1.5647,59.9447,0
158.324,107.359,1.79262,0,8.99403,8.91789,2446.46,6.63317,9.61127,46.4874,51.4708,48.6938,42.0509,0.596317,26.4569,1.71918,59.6379,0
156.99,106.296,1.72801,0,8.5898,8.53073,2402.66,6.61163,9.23721,53.6489,58.12,55.1742,49.084,0.66735,20.0459,1.51668,60.5098,0
161.012,109.597,1.99771,1.7298,9.93194,9.81341,2540.48,6.68499,10.1672,35.5348,41.2043,38.4495,30.6241,0.550717,46.4401,2.14422,59.0189,0
161.235,109.8,2.00052,10.206,9.97708,9.85495,2547.45,6.69821,10.1873,35.3302,40.9137,38.3035,30.4861,0.550067,46.2892,2.14708,59.0535,0
160.961,109.464,1.99524,0.588456,9.95238,9.82876,2542.37,6.67795,10.136,35.5265,41.1708,38.5044,30.6296,0.562533,46.3005,2.1499,58.7444,0
158.308,107.355,1.78082,0,8.98321,8.90594,2447.93,6.62704,9.60216,46.5146,51.516,48.7102,42.0703,0.6108,26.4256,1.71715,59.5424,0
156.381,105.71,1.76502,0,8.47933,8.42826,2391.17,6.59951,9.05311,56.0246,60.5607,57.472,51.2605,0.630783,19.7893,1.51497,59.9948,0
157.364,106.482,1.75704,0,8.80633,8.73933,2420.23,6.62682,9.34879,50.0646,55.2839,52.5872,45.2193,0.5951,26.4073,1.8549,59.9177,0
161.006,109.424,2.00101,8.2553,9.83933,9.72592,2540.67,6.7072,10.1634,36.3014,41.9767,39.1835,31.2929,0.536867,47.2904,2.16102,59.1384,0
161.061,109.628,2.00452,0.316043,9.9567,9.8359,2547.86,6.70041,10.1937,35.4712,41.1027,38.4111,30.5536,0.553433,46.7396,2.1573,59.0059,0
158.226,107.248,1.79525,0,8.98304,8.90833,2446.97,6.63398,9.60634,46.9092,52.0447,49.0993,42.5048,0.589733,26.2095,1.70643,59.6203,0
173.4,122.834,1.10651,0,8.38889,8.34325,2597.44,3.38173,8.90311,57.4741,61.599,58.983,52.7783,0.82955,18.9367,1.48995,31.0233,0
156.969,106.306,1.73734,0,8.53693,8.47791,2397.84,6.59235,9.18738,54.1861,58.7899,55.764,49.4726,0.6674,20.0547,1.55642,60.3394,0
159.103,107.257,1.81542,0,9.13645,9.05119,2459.97,6.62858,9.69199,44.57,49.6036,46.8114,40.0486,0.621017,27.7731,1.76618,58.8094,0
161.047,109.608,2.00419,0.027607,9.96492,9.84555,2548.91,6.70265,10.2075,35.4295,41.0503,38.3899,30.5021,0.557983,46.9571,2.16875,59.0223,0
161.026,109.588,2.01358,1.2822,9.96497,9.84566,2541.02,6.67981,10.1565,35.3955,41.0238,38.3403,30.54,0.569717,46.3407,2.13775,58.8703,0
157.029,106.342,1.74704,0,8.57487,8.51561,2401.41,6.5958,9.22375,53.8306,58.4099,55.3828,49.2141,0.664383,19.5835,1.53297,60.2746,0
157.518,106.827,1.72973,0,8.69178,8.63186,2412.47,6.61753,9.35456,51.7932,56.4768,53.3475,47.3289,0.63805,19.5781,1.51883,60.2944,0
158.163,107.218,1.78885,0,8.96416,8.89104,2443.46,6.62896,9.59781,47.0596,52.1802,49.2379,42.601,0.6016,26.3193,1.71482,59.599,0
156.304,105.635,1.73711,0,8.47439,8.42291,2387.58,6.5744,9.04838,56.0861,60.5953,57.5689,51.3886,0.626517,19.6397,1.50615,59.6451,0
158.532,107.73,1.79137,0,8.83339,8.76385,2438.83,6.63684,9.63215,48.4996,53.0621,49.8561,44.8553,0.621733,17.9557,1.29768,60.0826,0
157.024,106.329,1.74278,0,8.57956,8.52066,2400.71,6.61271,9.22422,53.7669,58.3447,55.3032,49.1527,0.64555,19.6464,1.52853,60.5855,0
159.005,107.993,1.7921,0,9.14093,9.05564,2458.65,6.66284,9.71684,44.3634,49.435,46.6608,39.8691,0.60625,27.5724,1.77815,59.9389,0
161.027,109.597,2.00361,0.000126,9.94675,9.82663,2541.11,6.69723,10.1728,35.4795,41.0963,38.4138,30.5627,0.561817,46.6774,2.15202,59.174,0
161.034,109.59,1.99573,2.14317,9.95387,9.83387,2543.12,6.68763,10.196,35.4278,41.0642,38.3894,30.5457,0.55165,46.7099,2.15447,59.0036,0
160.996,109.617,1.99024,10.0521,9.82539,9.71084,2531.5,6.71935,10.1609,36.2714,41.8881,39.1558,31.2284,0.55835,47.8537,2.16888,59.5579,0
158.15,107.22,1.78384,0,8.96508,8.89205,2443.91,6.62926,9.59916,47.0793,52.1977,49.2574,42.641,0.601517,26.308,1.7116,59.5946,0
173.2,123.426,1.14684,0,8.41206,8.36845,2596.89,3.41144,8.93679,56.9542,61.0254,58.5209,52.373,0.745683,18.941,1.48102,32.0684,0
160.919,109.532,2.00093,10.0671,9.8358,9.72194,2539.28,6.69534,10.1472,36.3202,41.9951,39.2151,31.3116,0.53395,47.2785,2.16073,59.0905,0
157.88,107.129,1.73368,0,8.75222,8.6877,2423.42,6.63251,9.4882,50.2848,54.8673,51.7301,46.2078,0.635183,18.7053,1.41162,60.2071,0
158.012,107.1,1.7858,0,8.94815,8.87676,2441.28,6.64368,9.57436,47.5356,52.6358,49.7361,43.0677,0.6017,26.3139,1.71983,59.8018,0
158.352,107.394,1.78273,0,8.99899,8.92011,2442.83,6.63772,9.61581,46.4389,51.4111,48.6152,41.9827,0.625183,26.4616,1.7216,59.821,0
158.245,107.27,1.77948,0,8.97334,8.89973,2443.14,6.62552,9.60093,46.8227,51.9359,48.9931,42.4239,0.589217,26.1822,1.70055,59.6195,0
157.409,106.736,1.72516,0,8.6771,8.61837,2408.98,6.61625,9.32793,52.1556,56.836,53.6687,47.4181,0.636733,20.215,1.57213,60.3559,0
158.925,107.886,1.79457,0,9.15665,9.07249,2468.49,6.66995,9.69343,44.478,49.5615,46.7403,39.9748,0.607717,27.6124,1.76858,59.733,0
158.348,107.393,1.78545,0,8.99898,8.92049,2442.77,6.64226,9.61623,46.4714,51.4387,48.6692,42.0119,0.59505,26.8657,1.72643,59.9084,0
158.906,107.906,1.80101,0,9.14043,9.05517,2465.25,6.6668,9.69713,44.6111,49.6412,46.8293,40.0823,0.602267,27.4033,1.76248,59.6995,0
161.038,109.607,1.98593,2.44807,9.96169,9.8433,2544.16,6.70342,10.174,35.4268,41.0571,38.3776,30.5594,0.5605,46.6109,2.14437,59.1562,0
161.048,109.62,2.00253,3.21131,9.95697,9.83923,2544.86,6.67868,10.1668,35.4368,41.0408,38.3889,30.5849,0.56125,46.5061,2.13893,58.7767,0
161.384,109.142,1.97993,10.1668,9.93608,9.81722,2544.04,6.65558,10.1705,35.5631,41.2301,38.5102,30.6016,0.556117,46.6815,2.16843,58.0834,0
156.411,105.268,1.71855,0,8.44944,8.39957,2375.42,6.56574,8.99545,56.3683,60.9126,57.9065,51.6132,0.65295,19.4181,1.52635,59.7345,0
156.342,105.459,1.71922,0,8.46627,8.41493,2376.5,6.57838,9.02325,56.1478,60.688,57.5984,51.4749,0.645983,19.0202,1.4883,60.0223,0
158.651,107.654,1.80672,0,9.07895,8.99728,2456.03,6.67089,9.6723,45.3698,50.3305,47.6244,40.9226,0.603933,27.8255,1.74783,59.9656,0
161.011,109.635,1.99767,10.0635,9.83547,9.72089,2539.13,6.7006,10.1663,36.2554,41.8607,39.1381,31.1788,0.550567,47.824,2.17988,59.1634,0
160.983,109.601,1.98958,10.077,9.85044,9.73447,2538.15,6.68947,10.1391,36.1185,41.7871,39.0156,31.0964,0.544383,47.0802,2.16223,59.0619,0
158.33,107.341,1.79264,0,8.99319,8.91615,2445.11,6.6345,9.6148,46.635,51.7016,48.8804,42.2531,0.600283,26.4227,1.71728,59.6942,0
156.369,105.243,1.75023,0,8.45776,8.40615,2386.96,6.56295,9.0154,56.5217,61.0088,57.9137,51.9093,0.656967,18.8901,1.45828,59.3365,0
158.322,107.378,1.78414,0,8.99682,8.92121,2444.79,6.635,9.61426,46.4741,51.4755,48.6514,42.0045,0.606167,26.5207,1.72225,59.7641,0
158.688,107.578,1.80011,0,9.0591,8.97859,2452.45,6.67491,9.66008,45.6448,50.5967,47.8353,41.1051,0.61455,27.9917,1.75172,60.0844,0
156.321,105.632,1.72992,0,8.47835,8.42684,2377.48,6.58435,9.04289,55.902,60.4498,57.3728,50.9502,0.6457,20.0846,1.56443,60.0951,0
156.389,105.522,1.73483,0,8.46884,8.41637,2387.8,6.59139,9.03249,56.1351,60.6478,57.6497,51.2584,0.6351,20.3203,1.55623,59.8782,0
156.226,105.488,1.72078,0,8.43014,8.38286,2370.8,6.55722,8.96386,56.634,61.1649,58.1535,52.0949,0.67005,18.827,1.46165,59.9448,0
157.006,106.322,1.73618,0,8.53872,8.48005,2399.66,6.59971,9.18505,54.1903,58.794,55.7956,49.4937,0.6708,20.0959,1.55883,60.4435,0
157.331,106.64,1.73972,0,8.65781,8.60016,2409.45,6.62412,9.32118,52.4226,56.9852,54.0219,47.9367,0.64705,20.3201,1.52825,60.4437,0
159.113,107.248,1.79921,0,9.14136,9.05682,2466.56,6.63346,9.70035,44.6094,49.6655,46.8586,40.1366,0.613633,27.4804,1.75693,58.6968,0
156.567,105.869,1.75143,0,8.47321,8.42261,2395.45,6.58198,9.043,56.0818,60.5628,57.6184,51.4831,0.6491,19.4702,1.4952,59.7449,0
160.738,109.298,1.99825,0.781417,9.91052,9.79241,2542.78,6.69585,10.1335,36.133,41.8571,39.1979,30.8905,0.56355,46.9583,2.26958,58.9346,0
160.917,109.525,1.99322,10.0681,9.83732,9.7232,2539.29,6.69032,10.1476,36.3141,41.9962,39.2103,31.3342,0.5408,47.1261,2.15308,58.9888,0
158.321,107.335,1.79442,0,9.00225,8.92575,2449.86,6.63485,9.61526,46.6242,51.6423,48.8108,42.1889,0.601783,26.4348,1.71587,59.5434,0
158.334,107.363,1.79377,0,8.99272,8.91543,2443.25,6.62795,9.61159,46.46,51.4508,48.6585,42.0189,0.609917,26.4857,1.71935,59.6764,0
156.478,105.84,1.74915,0,8.47089,8.42101,2394.98,6.58648,9.04248,56.0395,60.5243,57.6871,51.5281,0.66165,19.5203,1.50165,59.8065,0
160.98,109.602,2.00343,10.0525,9.82444,9.70912,2531.48,6.69488,10.161,36.2896,41.8865,39.1657,31.2501,0.55375,47.773,2.167,59.2208,0
161.003,109.588,2.00209,1.21866,9.94927,9.83077,2544.52,6.6993,10.1737,35.5247,41.1456,38.4265,30.5917,0.563283,46.8924,2.14972,59.0925,0
161.024,109.589,1.99994,0.319455,9.94648,9.82713,2544.2,6.69314,10.1759,35.4734,41.1165,38.4071,30.5639,0.552567,46.6415,2.14913,58.9976,0
161.023,109.599,2.00856,0.424575,9.944,9.82492,2542.38,6.68513,10.173,35.5023,41.1732,38.4383,30.572,0.55565,46.739,2.15788,58.9097,0
161.1,109.227,1.98734,1.01581,9.85277,9.73714,2542.27,6.69586,10.1685,36.2195,41.9044,39.094,31.1496,0.538333,47.4717,2.17508,58.7906,0
156.337,105.177,1.71842,0,8.4358,8.38839,2372.59,6.56531,8.97512,56.5799,61.0382,58.0687,52.0129,0.651817,18.6154,1.46542,59.9037,0
161.207,109.759,2.00278,10.202,9.97126,9.85048,2546.28,6.69506,10.1859,35.3429,40.9627,38.3182,30.4042,0.550417,46.9007,2.1719,59.0457,0
156.949,106.285,1.72549,0,8.53475,8.4785,2397.2,6.59245,9.18097,54.2373,58.8494,55.7964,49.5288,0.672083,20.0185,1.55217,60.3778,0
161.011,109.533,2.00987,0.91275,9.96949,9.84657,2545.94,6.68038,10.1555,35.434,41.0837,38.4124,30.5361,0.555817,46.5769,2.15547,58.7001,0
156.966,106.296,1.73635,0,8.54757,8.48811,2397.69,6.59251,9.19796,54.1904,58.7789,55.7357,49.5095,0.653333,19.8531,1.54575,60.2864,0
157.48,106.785,1.72377,0,8.69361,8.63287,2411.05,6.63765,9.35496,51.8459,56.5283,53.3779,47.171,0.6442,20.1573,1.56402,60.6692,0
161.079,109.515,2.00758,10.0768,9.8457,9.73039,2542.79,6.70816,10.1687,36.2283,41.8333,39.0784,31.1493,0.547767,47.5423,2.17287,59.1585,0
158.134,107.183,1.78449,0,8.97061,8.8976,2446.45,6.63257,9.60402,47.094,52.2141,49.2804,42.662,0.597183,26.2844,1.71352,59.5513,0
161.011,109.634,1.99675,10.0586,9.83075,9.71656,2536.82,6.71536,10.163,36.2586,41.8624,39.1281,31.215,0.558233,47.5738,2.16612,59.4547,0
157.908,106.947,1.76488,0,8.92426,8.85148,2437.08,6.63323,9.54421,47.9661,53.0668,50.1204,43.3324,0.589033,26.3997,1.7472,59.749,0
159.008,107.976,1.79024,0,9.14627,9.06145,2461.71,6.66779,9.72586,44.3507,49.4192,46.6551,39.9192,0.59185,27.3669,1.76558,59.8864,0
156.418,104.961,1.73685,0,8.42723,8.38002,2382.69,6.54075,8.96944,56.943,61.187,58.4564,52.3179,0.664333,18.9044,1.48235,58.7785,0
158.92,107.914,1.80226,0,9.13232,9.04825,2467.55,6.66427,9.69413,44.5909,49.6336,46.8628,40.1053,0.601067,27.4088,1.76575,59.5958,0
161.028,109.592,1.99124,2.39639,9.93502,9.81581,2542.07,6.68675,10.1699,35.5478,41.212,38.4825,30.6198,0.563933,46.7312,2.15505,58.9746,0
158.317,107.362,1.78002,0,8.98774,8.91044,2445.84,6.62438,9.60803,46.5564,51.538,48.7448,42.1513,0.5951,26.4539,1.70538,59.5543,0
161.04,109.587,2.01649,0.185778,9.95619,9.83771,2540.18,6.67833,10.1475,35.4096,41.0406,38.3767,30.4862,0.5639,46.7057,2.15637,58.9114,0
159.128,107.618,1.79357,0,9.14308,9.05832,2467.1,6.64771,9.7154,44.4619,49.5288,46.756,39.9299,0.606167,27.6569,1.78623,59.3827,0
161.056,109.607,2.00544,0.512074,9.96255,9.84222,2547.52,6.70194,10.2074,35.4158,41.0405,38.3956,30.5436,0.549817,46.741,2.15953,59.0494,0
160.64,109.233,1.98082,0.838071,9.87941,9.76306,2539.42,6.69565,10.1053,36.4509,42.2041,39.6202,31.1332,0.563767,46.7736,2.31062,59.0261,0
156.17,105.346,1.69441,0,8.40903,8.36524,2366.76,6.56763,8.93338,57.1128,61.4881,58.569,52.4938,0.6582,18.8324,1.46298,60.05,0
158.975,107.981,1.80064,0,9.14018,9.05559,2457.4,6.66406,9.71748,44.3959,49.4379,46.605,39.8562,0.607283,27.4454,1.76773,59.9505,0
161.019,109.425,1.99859,7.44167,9.84419,9.73075,2540.9,6.70761,10.1657,36.2803,41.9736,39.1739,31.2943,0.53655,47.2858,2.16005,59.139,0
158.501,107.574,1.79538,0,9.01061,8.9326,2449.46,6.65416,9.62512,46.346,51.2934,48.5168,41.9072,0.6216,26.7337,1.71403,59.7952,0
158.329,107.362,1.78185,0,8.99872,8.92082,2446.73,6.64045,9.6118,46.5535,51.5545,48.7611,42.1045,0.593083,26.5601,1.72362,59.7621,0
158.314,107.34,1.7773,0,9.00835,8.93146,2452.51,6.63907,9.61747,46.597,51.5648,48.7164,42.1579,0.6059,26.3193,1.70048,59.521,0
156.409,104.911,1.71586,0,8.42868,8.38361,2371.34,6.52617,8.95969,56.7506,61.2381,58.2598,52.1599,0.65035,18.6157,1.47197,59.0222,0
157.038,106.346,1.73581,0,8.55067,8.49098,2397.06,6.61311,9.20515,54.073,58.703,55.6619,49.3814,0.666817,19.9029,1.55777,60.7371,0
158.106,107.141,1.78515,0,8.96425,8.89181,2445.23,6.63533,9.59508,47.2906,52.4071,49.4964,42.8384,0.596167,26.3142,1.72078,59.56,0
158.937,107.722,1.80793,0,9.13744,9.05167,2468.61,6.68001,9.69563,44.5968,49.6567,46.8767,40.0762,0.606933,27.6984,1.77705,59.7543,0
158.155,107.214,1.78121,0,8.96767,8.89482,2445.27,6.63634,9.60142,47.1296,52.2839,49.33,42.6693,0.59835,26.4009,1.72375,59.6708,0
157.012,106.347,1.73342,0,8.53615,8.4805,2399.35,6.59108,9.1882,54.2591,58.881,55.8625,49.584,0.65435,20.0003,1.55233,60.3641,0
157.91,106.974,1.77921,0,8.92494,8.85212,2436.23,6.6261,9.54421,47.8818,53.0096,50.0518,43.3195,0.595333,26.2834,1.7316,59.6233,0
156.394,105.241,1.71613,0,8.45872,8.40743,2376.67,6.56764,9.01235,56.266,60.8002,57.7471,51.6938,0.624033,18.7108,1.4684,59.7422,0
158.308,107.324,1.79233,0,8.99397,8.91716,2446.17,6.63938,9.61561,46.649,51.7196,48.852,42.2465,0.5939,26.3852,1.71305,59.7297,0
158.193,107.215,1.78229,0,8.96891,8.89395,2440.76,6.63251,9.59842,46.9886,52.0858,49.1415,42.5165,0.617083,26.3541,1.71403,59.693,0
156.159,105.368,1.69328,0,8.41142,8.36521,2369.83,6.57667,8.93455,57.1267,61.5718,58.6105,52.5132,0.653033,18.8049,1.46555,60.1259,0
156.011,105.375,1.73235,0,8.40207,8.35746,2363.14,6.56239,8.91225,57.2573,61.078,58.7292,52.5236,0.706133,18.7704,1.48948,60.055,0
161.319,109.37,1.97935,10.1759,9.94261,9.8232,2542.26,6.6795,10.1733,35.5418,41.1951,38.4858,30.5557,0.548817,46.6867,2.17403,58.796,0
158.131,107.192,1.77622,0,8.96662,8.89308,2447.01,6.63694,9.60138,47.1928,52.3285,49.3863,42.683,0.597083,26.5119,1.73457,59.595,0
158.938,107.711,1.79919,2.35e-05,9.14683,9.06076,2465.7,6.68652,9.70501,44.6106,49.6816,46.8589,40.051,0.603783,27.6867,1.78108,59.9094,0
157.574,106.904,1.71263,0,8.7037,8.6469,2417.06,6.6225,9.39354,51.4683,56.0849,52.9971,47.0091,0.627817,19.6313,1.51567,60.2507,0
158.867,107.103,1.78921,0,9.05442,8.97612,2460.2,6.64346,9.6625,45.7578,50.6655,47.9192,41.1957,0.616033,28.0582,1.75148,58.9915,0
156.965,106.285,1.73359,0,8.57399,8.51433,2398.99,6.60197,9.21805,53.9087,58.4735,55.458,49.23,0.653333,19.7838,1.54735,60.4167,0
161.048,109.574,2.01312,9.274,9.9289,9.80991,2541.45,6.7009,10.1869,35.5361,41.179,38.4891,30.6357,0.5541,47.0767,2.15657,59.1888,0
157.679,106.751,1.75822,0,8.88151,8.81147,2430.66,6.62841,9.46931,48.7177,53.8615,51.0951,44.0898,0.592467,26.3173,1.78647,59.7136,0
156.954,105.758,1.74444,0,8.4867,8.4296,2395.43,6.57328,9.15995,54.8431,59.4008,56.3261,49.9859,0.6549,20.3313,1.56372,59.9161,0
158.683,107.56,1.78199,0,9.05653,8.97583,2452.85,6.67086,9.65717,45.6387,50.5961,47.8412,41.1045,0.614483,28.008,1.75278,60.0018,0
158.162,107.215,1.7794,0,8.97059,8.89772,2442.95,6.64547,9.60249,47.0525,52.1713,49.2235,42.5921,0.597067,26.3364,1.71617,59.8536,0
158.243,107.269,1.7915,0,8.97191,8.89777,2444.68,6.62603,9.59919,46.8685,51.9848,49.0516,42.44,0.605367,26.2863,1.71062,59.5719,0
158.678,107.563,1.79047,0,9.06221,8.98129,2458.17,6.67495,9.65888,45.6926,50.6563,47.8872,41.1003,0.610783,27.8401,1.76572,59.896,0
158.388,107.42,1.77978,0.000163833,9.00006,8.92296,2442.94,6.63763,9.61502,46.37,51.334,48.5647,41.9273,0.6219,26.5013,1.71987,59.7953,0
158.63,107.635,1.79672,0,9.07788,8.99563,2454.79,6.65874,9.66964,45.3719,50.3622,47.6311,40.9042,0.609633,27.7788,1.75305,59.7561,0
160.928,109.542,1.99239,10.0636,9.83258,9.7184,2537.65,6.70085,10.1474,36.3186,41.9814,39.2143,31.3183,0.544033,47.2478,2.1602,59.2254,0
161.04,109.6,2.0041,1.39014,9.95809,9.83845,2543.92,6.69789,10.2006,35.4414,41.0578,38.3914,30.4837,0.55175,47.0752,2.1719,59.1002,0
161.047,109.582,2.00877,9.12878,9.93474,9.81567,2541.39,6.69618,10.1929,35.5298,41.1535,38.4545,30.593,0.56155,47.2228,2.16097,59.1315,0
161.223,109.781,2.00266,10.1968,9.96596,9.84614,2545.02,6.69473,10.1811,35.3806,40.9946,38.3561,30.4744,0.549417,46.4925,2.16348,59.0431,0
159.223,107.366,1.7999,0.0816414,9.15465,9.06809,2468.09,6.62419,9.7221,44.3349,49.3729,46.5338,39.8382,0.614433,27.2915,1.75488,58.6748,0
159.033,107.843,1.79935,0,9.14694,9.06256,2457.8,6.66974,9.72017,44.3078,49.3817,46.5653,39.8138,0.618233,27.424,1.76877,59.9889,0
157.343,106.677,1.72397,0,8.66898,8.61186,2409.26,6.6215,9.33038,52.3048,56.8742,53.8244,47.8835,0.645817,19.7091,1.49175,60.4015,0
157.015,106.308,1.73758,0,8.55596,8.49599,2398.93,6.60554,9.21039,54.045,58.6559,55.6057,49.4132,0.662267,19.6416,1.536,60.5528,0
159.03,107.837,1.78692,0.000924333,9.14507,9.0618,2466.19,6.66875,9.72253,44.3849,49.4075,46.6196,39.8861,0.59535,27.455,1.76358,59.7612,0
156.258,105.133,1.67841,0,8.40185,8.35442,2370.88,6.55796,8.9232,57.3289,61.7562,58.8386,52.7077,0.69735,18.8332,1.47313,59.661,0
161.031,109.468,1.99653,10.0836,9.85124,9.73484,2538.06,6.6958,10.1443,36.1579,41.8439,39.0853,31.1444,0.546167,47.0402,2.17152,59.1081,0
161.109,109.235,1.9967,1.43106,9.84818,9.73304,2541.91,6.68966,10.1661,36.2543,41.9249,39.1295,31.226,0.536617,47.2457,2.16537,58.7544,0
161.056,109.482,2.00496,10.0625,9.83596,9.72001,2538.44,6.70574,10.1647,36.2405,41.8484,39.1217,31.1782,0.550067,47.7765,2.17657,59.2001,0
160.949,109.565,2.00203,8.80488,9.835,9.72094,2542.35,6.69944,10.161,36.3084,41.9762,39.2096,31.2927,0.53175,47.3739,2.16728,59.0552,0
160.914,109.462,2.00485,2.54552,9.9504,9.82757,2541.52,6.6777,10.1398,35.5875,41.2587,38.5775,30.6292,0.565083,46.5258,2.17032,58.7407,0
156.386,105.509,1.7171,0,8.47396,8.42255,2378.15,6.58204,9.03583,55.9581,60.4941,57.4461,50.9977,0.62385,20.1338,1.57043,59.9946,0
156.324,104.852,1.6745,0,8.39514,8.34975,2367.31,6.5221,8.90984,57.6269,61.7478,58.9202,52.7371,0.7759,18.873,1.48243,58.9637,0
158.277,107.292,1.79974,0,8.99876,8.92213,2448.53,6.63636,9.61343,46.7885,51.8667,48.9116,42.3093,0.60025,26.3242,1.71,59.5652,0
159.117,107.608,1.79526,0.300438,9.13801,9.05349,2466.75,6.64426,9.71431,44.5192,49.5169,46.7867,40.019,0.702933,27.534,1.77002,59.339,0
161.005,109.598,1.99846,0.661407,9.93587,9.8159,2544.27,6.67418,10.1699,35.5478,41.1644,38.4563,30.59,0.561283,46.974,2.15772,58.7576,0
161.009,109.516,2.00332,0.803465,9.96795,9.8468,2547.17,6.6956,10.1577,35.4341,41.1,38.3983,30.5544,0.55635,46.4244,2.14707,58.9455,0
158.343,107.388,1.78598,0,8.99583,8.91767,2438.51,6.63329,9.61577,46.4945,51.4493,48.6559,42.0205,0.6037,26.7851,1.71972,59.8628,0
158.034,107.103,1.78536,0,8.95228,8.88067,2442.88,6.63685,9.57876,47.4915,52.602,49.7029,42.9931,0.595167,26.4865,1.73243,59.6466,0
161.263,109.617,2.00056,10.1892,9.95814,9.83721,2543.8,6.68553,10.1796,35.4115,41.0208,38.3782,30.498,0.547017,46.568,2.16048,58.8787,0
158.907,107.888,1.80202,0,9.14331,9.06025,2466.52,6.67647,9.69825,44.5179,49.6234,46.8244,40.0254,0.601467,27.5103,1.77702,59.7317,0
160.347,109.159,1.97222,0,9.53054,9.42793,2519.98,6.71852,10.3663,37.8808,42.4424,39.632,35.6462,0.576533,22.2182,1.11322,59.5432,0
161.054,109.609,2.01955,0.403229,9.96361,9.8438,2547.83,6.69388,10.2097,35.4377,41.0587,38.3933,30.5579,0.549767,46.6503,2.15643,58.8957,0
156.307,105.638,1.75515,0,8.46963,8.41891,2387.09,6.57455,9.04042,56.162,60.5532,57.6451,51.4136,0.636933,19.7447,1.51857,59.7136,0
159.099,107.639,1.79683,0.000259167,9.14851,9.06394,2460.32,6.6623,9.72143,44.3226,49.3834,46.5593,39.8364,0.613867,27.3905,1.76325,59.7284,0
157.738,106.986,1.73068,0,8.73663,8.67486,2421.04,6.634,9.44024,50.8144,55.4501,52.3344,46.5803,0.630733,19.2081,1.46255,60.2739,0
157.051,106.349,1.7327,0,8.58853,8.52875,2402.42,6.59614,9.23203,53.6506,58.1877,55.2132,49.0843,0.649433,19.7836,1.52502,60.2412,0
159.088,108.214,1.80751,0,8.94822,8.87069,2465.36,6.66541,9.89123,45.6287,50.0643,46.8682,42.4397,0.588567,17.6782,1.1799,59.9165,0
159.109,107.234,1.79862,0,9.14558,9.06098,2471.53,6.64606,9.70252,44.6251,49.6731,46.8867,40.0926,0.607,27.7493,1.77668,58.7145,0
161.026,109.614,1.99517,0.511638,9.94893,9.83006,2543.9,6.69519,10.2024,35.4464,41.0806,38.3935,30.5567,0.5581,46.7147,2.15497,59.038,0
157.994,107.057,1.79264,0,8.94201,8.86954,2440.11,6.63054,9.56633,47.5625,52.6745,49.7769,43.0778,0.601817,26.4013,1.72827,59.6017,0
157.312,106.639,1.72681,0,8.6531,8.59641,2406.89,6.61296,9.3129,52.5977,57.0798,54.1354,47.971,0.6415,20.5906,1.5467,60.357,0
157.13,106.419,1.73372,0,8.61246,8.55305,2404.54,6.61314,9.25887,53.2343,57.7772,54.8223,48.7685,0.644183,19.6601,1.51085,60.4438,0
158.302,107.304,1.79589,9.78333e-05,8.993,8.91701,2446.13,6.64236,9.61575,46.6596,51.7271,48.8699,42.2519,0.594433,26.386,1.71512,59.7887,0
158.95,107.919,1.79919,0,9.16648,9.08263,2470.01,6.66436,9.71611,44.4059,49.4749,46.6908,39.871,0.598417,27.7485,1.78347,59.6379,0
156.83,106.135,1.75294,0.0133023,8.49946,8.44338,2396.55,6.6003,9.16206,54.7254,59.4024,56.24,49.6633,0.6561,20.6681,1.62588,60.5112,0
161.208,108.961,1.99111,10.0707,9.84328,9.72822,2539.67,6.65604,10.1414,36.2052,41.8544,39.0977,31.1608,0.545883,47.2516,2.16947,58.0829,0
161.003,109.518,2.00791,0.390365,9.96453,9.84122,2543.71,6.68094,10.1534,35.4291,41.0752,38.4016,30.5595,0.562367,46.4161,2.14633,58.7704,0
161.226,109.792,1.99375,10.2021,9.97041,9.84963,2545.66,6.69593,10.1868,35.3559,40.9726,38.3193,30.4377,0.551733,46.5658,2.16153,59.0435,0
156.99,106.308,1.73578,0,8.58198,8.5227,2402.19,6.60397,9.23017,53.775,58.3562,55.3043,49.1846,0.6688,19.56,1.52223,60.3737,0
157.03,106.361,1.72906,0,8.59226,8.53366,2405.41,6.60132,9.23922,53.6107,58.0934,55.1534,49.0009,0.653417,20.2675,1.53183,60.2625,0
161.227,109.788,2.00104,10.2041,9.97365,9.85198,2548.49,6.6937,10.1864,35.3268,40.9213,38.3112,30.4174,0.552767,46.9305,2.16593,58.9956,0
157.448,106.795,1.71624,0,8.68946,8.62937,2411.4,6.61884,9.34114,51.9296,56.6288,53.4682,47.2534,0.637733,20.1161,1.56207,60.3667,0
157.055,106.195,1.7453,0.0453435,8.70398,8.64216,2410.42,6.61078,9.25789,51.5624,56.8321,54.1362,46.2394,0.59865,26.845,1.96955,59.8148,0
158.956,107.757,1.79755,0,9.14034,9.05423,2469.15,6.67435,9.6992,44.591,49.6562,46.855,40.0948,0.611767,27.6355,1.76665,59.6614,0
157.414,106.731,1.72538,0,8.68204,8.62358,2410.6,6.63307,9.33801,52.0647,56.7415,53.5747,47.4667,0.6389,19.7474,1.5364,60.6065,0
161.025,109.577,2.00681,1.87546,9.96824,9.84943,2544.3,6.68898,10.1672,35.4056,41.0292,38.3723,30.4756,0.566617,46.8013,2.16127,58.9375,0
159.112,107.577,1.79698,0,9.14721,9.06334,2467.84,6.65627,9.72837,44.5325,49.5324,46.7694,40.0457,0.60325,27.6209,1.76327,59.4171,0
158.939,107.721,1.80089,0,9.13346,9.04806,2468.27,6.67486,9.69294,44.5855,49.6542,46.8722,40.0614,0.609617,27.6912,1.77972,59.7256,0
158.994,107.945,1.80505,0,9.15259,9.06807,2465.92,6.66329,9.7259,44.3271,49.3853,46.5956,39.8518,0.6054,27.5087,1.76908,59.7696,0
161.116,109.234,2.00036,10.0779,9.8469,9.73185,2539.7,6.68812,10.1466,36.2165,41.8655,39.1181,31.1761,0.545867,47.2147,2.1701,58.8141,0
157.526,106.835,1.7213,0,8.69697,8.638,2416.21,6.61819,9.37951,51.6574,56.3234,53.1399,47.1011,0.633717,19.7456,1.5256,60.2083,0
158.369,107.385,1.7796,0,8.99736,8.91848,2441.1,6.63909,9.61357,46.4457,51.4297,48.6025,41.96,0.627683,26.4577,1.72033,59.8983,0
156.852,106.148,1.76144,0.0148012,8.50311,8.44712,2395.74,6.58267,9.15959,54.7347,59.4237,56.2817,49.7674,0.671733,20.4409,1.60927,60.2232,0
161.027,109.592,2.00191,1.87267,9.96881,9.84985,2543.96,6.70115,10.1665,35.401,41.0287,38.3476,30.5113,0.564033,46.5164,2.1471,59.1538,0
159.127,107.617,1.79846,0,9.11363,9.02877,2453.77,6.63155,9.70418,44.491,49.4826,46.7498,40.059,0.61875,27.4802,1.7486,59.4792,0
160.933,109.549,2.00142,8.36215,9.83858,9.72475,2543.3,6.70295,10.1635,36.3004,41.9887,39.1853,31.2896,0.540583,47.3052,2.16117,59.0726,0
157.505,106.805,1.72934,0,8.69467,8.63419,2413.18,6.63681,9.35784,51.7606,56.4187,53.346,47.3825,0.640483,19.4138,1.5037,60.6381,0
161.204,108.977,1.99373,10.0686,9.84221,9.72622,2540.09,6.65751,10.1414,36.2185,41.8368,39.0874,31.1733,0.544,47.1542,2.16368,58.0752,0
161.003,109.55,2.02186,0.0751677,9.96341,9.84199,2543.9,6.69194,10.1556,35.4393,41.0627,38.3999,30.5172,0.566283,46.62,2.15627,58.9824,0
160.93,109.54,2.00026,10.0654,9.8359,9.72052,2537.47,6.6891,10.149,36.3204,41.9907,39.2109,31.3118,0.5355,47.2318,2.15685,59.0407,0
161.033,109.623,2.00053,2.46733,9.94152,9.82186,2541.37,6.69512,10.1716,35.5142,41.1767,38.4527,30.5632,0.556083,46.7906,2.16047,59.1038,0
157.005,106.322,1.74164,0,8.52814,8.47294,2400.53,6.59709,9.19271,54.319,58.9411,55.8403,49.509,0.660283,20.2703,1.56907,60.4043,0
156.364,104.888,1.7173,0,8.41453,8.37053,2369.76,6.53039,8.93443,57.0143,61.3939,58.521,52.3874,0.64775,18.6367,1.4777,59.1082,0
159.113,107.609,1.80148,0,9.15576,9.06987,2465.01,6.66034,9.72488,44.3398,49.3932,46.572,39.8249,0.612017,27.5087,1.76917,59.536,0
157.066,105.531,1.74938,0,8.48906,8.43287,2394.25,6.54146,9.16022,54.7157,59.2614,56.1572,49.7712,0.669417,20.6141,1.57527,59.1103,0
158.991,107.973,1.79949,0,9.14341,9.05977,2463.96,6.66699,9.72249,44.3747,49.4196,46.6512,39.8996,0.607467,27.3745,1.76747,59.8029,0
159.135,108.241,1.81589,0,8.98113,8.90165,2467.29,6.65592,9.91413,45.1596,49.6022,46.3911,42.0383,0.584233,17.7423,1.16297,59.7368,0
160.911,109.502,1.99701,10.0689,9.83743,9.72318,2535.37,6.69361,10.1669,36.2892,41.9209,39.1574,31.2897,0.546233,47.2331,2.15607,59.095,0
158.247,107.264,1.80183,0,8.98442,8.90968,2442.81,6.64772,9.60511,46.7667,51.8732,48.9676,42.3463,0.603983,26.3054,1.71173,59.9339,0
158.264,107.517,1.73117,0,8.79641,8.72713,2432.57,6.63479,9.57423,49.3187,53.8706,50.7212,45.4963,0.637733,18.2682,1.34858,60.2165,0
158.254,107.254,1.80478,0,8.98718,8.91262,2448.05,6.63395,9.60843,46.882,51.9904,49.0581,42.4603,0.596983,26.2327,1.7097,59.5674,0
161.153,109.718,2.00353,10.1593,9.93307,9.8139,2549.79,6.69884,10.1867,35.6065,41.2908,38.5595,30.6365,0.552333,47.3387,2.17432,58.8196,0
158.335,107.36,1.7872,0,8.99263,8.91437,2439.4,6.63086,9.61135,46.444,51.4397,48.636,42.0067,0.607267,26.3658,1.71583,59.8151,0
160.993,109.559,2.01762,0.356948,9.96456,9.84291,2544.8,6.69599,10.1561,35.4426,41.0537,38.4041,30.5049,0.558133,46.7522,2.16278,59.0506,0
157.63,106.928,1.73231,0,8.69905,8.63861,2416.91,6.62784,9.37393,51.7007,56.3669,53.2357,47.1425,0.648383,19.8792,1.54018,60.3807,0
160.962,109.582,2.00152,10.0842,9.85492,9.73875,2537.66,6.69822,10.1443,36.1498,41.8232,39.0286,31.1267,0.55245,46.9383,2.16002,59.1364,0
158.173,107.22,1.78513,0,8.96934,8.89609,2442.19,6.6322,9.59986,47.0149,52.1394,49.2225,42.5677,0.5994,26.3885,1.71918,59.6803,0
160.996,109.628,1.99592,10.0566,9.82839,9.71387,2532.38,6.71199,10.1628,36.2638,41.8902,39.1428,31.2341,0.550383,47.5627,2.16512,59.5005,0
159.245,107.359,1.78781,0,9.142,9.05816,2457.28,6.62079,9.71346,44.3826,49.3177,46.5337,39.882,0.612267,27.525,1.7412,58.9696,0
161.089,109.236,1.98924,10.0711,9.84387,9.72746,2541.2,6.67492,10.1429,36.2316,41.8587,39.0914,31.1494,0.548333,47.2829,2.17133,58.5852,0
158.128,107.166,1.78894,0,8.96906,8.89647,2445.43,6.6454,9.60068,47.277,52.3713,49.4447,42.7991,0.600333,26.2845,1.71962,59.7264,0
161.043,109.605,2.00576,1.55226,9.97677,9.85662,2545.85,6.68199,10.1696,35.3964,41.0259,38.354,30.5464,0.568267,46.3105,2.13895,58.8189,0
157.095,106.407,1.74423,0,8.58131,8.52317,2400.82,6.61036,9.23015,53.7012,58.2722,55.3033,49.1586,0.656433,19.6005,1.52652,60.5917,0
161.388,109.114,1.98354,10.1576,9.92984,9.81108,2540.17,6.65081,10.1659,35.5747,41.2104,38.5032,30.6394,0.550367,46.5523,2.15635,58.1608,0
160.915,109.521,1.9907,10.0665,9.83494,9.71955,2538.05,6.69533,10.1664,36.2714,41.9107,39.1717,31.2846,0.542483,47.2962,2.15938,59.0786,0
161.097,109.209,2.006,10.0802,9.84971,9.73428,2540.6,6.68786,10.1474,36.2246,41.8648,39.1145,31.1418,0.5519,47.4212,2.17972,58.774,0
156.298,105.43,1.75957,0,8.47061,8.41912,2387.81,6.59538,9.03278,56.2556,60.7635,57.6805,51.5,0.63415,19.5655,1.50398,59.8524,0
157.85,106.897,1.77304,0,8.9121,8.84244,2438.94,6.63145,9.53007,48.1978,53.3068,50.4288,43.5995,0.59255,26.3459,1.75295,59.5737,0
156.962,106.271,1.72829,0,8.56687,8.5071,2399.9,6.60216,9.2145,53.8657,58.4745,55.4973,49.2763,0.657967,19.6981,1.54473,60.4151,0
156.304,104.833,1.67716,0,8.39206,8.34627,2369.07,6.52128,8.90963,57.4684,61.7968,58.9605,52.7374,0.705383,19.0575,1.49657,58.9379,0
161.034,109.664,2.00158,10.108,9.87374,9.75694,2540.42,6.70946,10.1792,36.0259,41.5961,38.8467,30.945,0.551333,47.7543,2.16812,59.2185,0
158.994,107.48,1.80146,0,9.13805,9.05616,2468.41,6.66496,9.69961,44.6093,49.6815,46.9347,40.0804,0.611567,27.8293,1.79228,59.3957,0
161.069,109.611,2.00028,10.1828,9.95228,9.83139,2545.21,6.68993,10.1999,35.4519,41.0811,38.3889,30.511,0.556217,46.9117,2.1648,58.9398,0
161.011,109.602,1.99081,4.03281,9.93729,9.81778,2540.15,6.67927,10.1684,35.5329,41.1948,38.4571,30.6044,0.562317,46.5776,2.15105,58.907,0
161.051,109.599,2.00055,1.08981,9.96506,9.84508,2549.26,6.69849,10.2083,35.4647,41.0886,38.3938,30.4917,0.561583,47.0304,2.17305,58.927,0
157.17,106.506,1.72566,0,8.63057,8.57424,2412.2,6.62476,9.28413,53.0695,57.5548,54.6404,48.2794,0.650167,21.11,1.59032,60.4421,0
160.974,109.486,2.01218,1.06881,9.96836,9.84365,2545.54,6.67908,10.1502,35.4878,41.1236,38.4317,30.5598,0.560817,46.4784,2.15233,58.6916,0
159.204,107.328,1.78899,0,9.13003,9.04574,2457.45,6.62144,9.71643,44.4307,49.392,46.662,40.055,0.607933,27.1165,1.72987,58.9808,0
156.278,104.808,1.67968,0,8.37249,8.32888,2366.42,6.52445,8.87404,57.7934,61.8736,59.3197,52.9947,0.713383,19.1231,1.51277,59.0499,0
160.684,109.267,1.97548,1.07671,9.89063,9.77345,2539.89,6.67854,10.1163,36.3213,42.0774,39.4595,30.9408,0.571017,47.4444,2.32185,58.7457,0
159.043,107.804,1.79742,0,9.14729,9.06243,2470.69,6.66637,9.72974,44.5544,49.5481,46.7844,40.0616,0.599783,27.5655,1.76113,59.5829,0
158.982,107.956,1.81501,3.61667e-05,9.14225,9.05838,2456.88,6.66789,9.72174,44.3928,49.4272,46.6335,39.9299,0.613333,27.3114,1.75465,60.001,0
161.192,109.756,1.99343,10.1968,9.9643,9.84256,2542.8,6.69327,10.1762,35.3192,40.8759,38.2464,30.4262,0.545233,46.4723,2.1433,59.1324,0
157.232,106.568,1.70963,0,8.63999,8.58327,2407.15,6.60546,9.28978,52.9031,57.4432,54.4296,48.2838,0.6436,20.3019,1.53807,60.2566,0
161.033,109.441,1.99875,10.0808,9.85059,9.73424,2536.7,6.69519,10.1415,36.179,41.8243,39.0497,31.1438,0.54575,46.9276,2.16195,59.1385,0
156.39,104.94,1.73849,0,8.42556,8.37932,2382.64,6.52308,8.96244,56.9734,61.0921,58.4995,52.3149,0.69645,19.0175,1.49472,58.6009,0
158.908,107.921,1.79955,0,9.13878,9.0545,2465.28,6.66864,9.69072,44.5447,49.6352,46.8269,40.0142,0.6053,27.6672,1.77882,59.7103,0
161.03,109.579,2.00399,0.558417,9.95948,9.83925,2547.85,6.69115,10.2052,35.4061,41.0498,38.3982,30.5234,0.543667,46.8553,2.16467,58.8733,0
158.33,107.383,1.78721,7.83333e-06,9.00363,8.92652,2447.03,6.63283,9.6181,46.5142,51.4765,48.6541,42.0198,0.59265,26.4437,1.7194,59.6055,0
156.852,106.121,1.76042,0.0563107,8.51867,8.46269,2396.48,6.59713,9.1889,54.4136,59.0865,55.9822,49.4982,0.6488,20.547,1.60608,59.9553,0
158.305,107.333,1.77755,0,8.97979,8.90322,2446.37,6.63181,9.59853,46.5368,51.5322,48.7161,42.0612,0.594417,26.612,1.72275,59.6854,0
158.369,107.424,1.78907,0,8.99853,8.91966,2442.22,6.63937,9.61559,46.4262,51.4069,48.6204,42.0087,0.616133,26.4047,1.71208,59.8892,0
156.855,106.115,1.75836,0.092904,8.51901,8.46106,2398.73,6.59961,9.18969,54.4368,59.1078,56.0121,49.5065,0.649333,20.5787,1.60948,59.9259,0
157.099,106.405,1.73978,0,8.55885,8.49857,2400.47,6.58916,9.21462,54.0072,58.5964,55.5873,49.3265,0.658483,19.8778,1.55568,60.2809,0
158.874,107.093,1.8028,0,9.0617,8.98247,2459.42,6.64478,9.66621,45.7095,50.6169,47.9107,41.1372,0.618433,28.2084,1.76267,59.0517,0
156.356,105.676,1.73278,0,8.48707,8.43462,2386.26,6.57923,9.05696,55.7362,60.2848,57.2329,50.8815,0.616067,19.8957,1.5499,59.7498,0
161.162,109.697,2.01409,10.0903,9.93762,9.81849,2550.94,6.70707,10.1877,35.5925,41.2477,38.5155,30.6378,0.547317,47.3728,2.16228,58.9966,0
156.948,105.764,1.74906,0,8.48552,8.42857,2393.49,6.57556,9.1546,54.8519,59.4299,56.342,49.9393,0.68385,20.4811,1.57738,60.0022,0
156.816,106.083,1.76319,0,8.48903,8.43374,2393.28,6.60677,9.15233,54.8787,59.5539,56.4295,49.8945,0.665283,20.4884,1.6135,60.6363,0
161.273,109.067,1.99531,10.0844,9.85186,9.73613,2538.97,6.66229,10.167,36.1197,41.7461,39.0058,31.0954,0.543767,47.5112,2.16652,58.1365,0
156.196,105.348,1.68924,0.58459,8.41404,8.37069,2368.99,6.57988,8.944,57.1895,61.3724,58.5388,52.3779,0.727533,18.9964,1.48453,60.177,0
158.313,107.316,1.78574,0,9.00299,8.92737,2449.17,6.63689,9.60882,46.6026,51.6042,48.7778,42.1912,0.594367,26.2778,1.7062,59.6215,0
157.055,106.351,1.73847,0,8.55425,8.49406,2402.09,6.60433,9.20798,54.0761,58.6907,55.6338,49.4079,0.667833,19.7384,1.54372,60.4326,0
161.011,109.592,1.99608,1.92582,9.93565,9.81631,2539.98,6.69651,10.1696,35.5328,41.1982,38.4569,30.5992,0.5627,46.6135,2.15442,59.2319,0
156.858,106.035,1.74172,0,8.65453,8.59349,2401.96,6.59836,9.19718,52.3542,57.6315,55.0168,46.6494,0.6004,27.6755,2.07298,59.7702,0
161.04,109.605,2.00316,0.944149,9.9528,9.83395,2543.45,6.69966,10.1747,35.5134,41.1118,38.4181,30.6241,0.56475,46.6319,2.13805,59.1581,0
156.329,105.463,1.71551,0,8.46481,8.41509,2375.3,6.57506,9.02426,56.0397,60.5903,57.5541,51.2767,0.629383,19.5237,1.526,60.0104,0
161.1,109.222,2.00486,10.0764,9.84594,9.73072,2540.78,6.68384,10.147,36.2141,41.8606,39.1082,31.1671,0.548283,47.2626,2.17238,58.7011,0
161.021,109.577,2.00521,0.432807,9.95107,9.83133,2544.93,6.70445,10.1852,35.4757,41.1057,38.402,30.588,0.55105,46.5156,2.14423,59.1483,0
173.314,123.06,1.10602,0.0723835,8.40608,8.35627,2597.97,3.41915,8.92993,57.1774,61.2782,58.7052,52.5475,0.736117,19.0068,1.48247,31.8293,0
160.996,109.583,1.9891,10.0841,9.85798,9.74109,2539.96,6.68324,10.1456,36.0744,41.698,38.9814,31.0117,0.548583,47.4846,2.1778,58.9789,0
159.102,107.257,1.79485,0,9.14153,9.05752,2464.43,6.63001,9.69687,44.5306,49.5595,46.7367,40.0449,0.621617,27.6962,1.74763,58.6955,0
156.158,105.347,1.70164,0,8.40903,8.36436,2369.21,6.5754,8.93242,57.146,61.4542,58.668,52.4899,0.664917,19.0805,1.48608,60.0646,0
158.545,107.192,1.75912,0,9.12605,9.04208,2473.4,6.46299,9.69248,44.767,49.7424,47.0634,40.4204,0.616467,27.4909,1.73505,57.2948,1
160.797,109.063,1.93461,10.1222,9.88803,9.76853,2555.25,6.50745,10.1827,35.8685,41.5016,38.7477,30.8944,0.53705,47.1773,2.15457,56.7867,1
156.473,105.727,1.68538,0,8.52334,8.46667,2404.46,6.37272,9.19647,54.4179,58.914,55.8562,49.6273,0.656017,20.1183,1.54315,57.9328,1
172.634,122.996,1.11276,0,8.40392,8.35574,2620.22,3.25886,8.90578,57.1248,60.9189,58.8082,52.5823,0.715683,18.8453,1.49358,30.1863,1
156.395,105.682,1.73797,0,8.50138,8.4463,2380.42,6.57988,9.03064,55.6166,60.2034,57.101,49.8393,0.635117,22.7522,1.76627,59.9804,0
173.13,122.998,1.15107,0,8.43601,8.38769,2624.05,3.32147,8.98166,56.5625,60.524,58.2543,52.1364,0.721066,18.795,1.4803,30.7559,1
158.291,107.034,1.75305,0,9.04022,8.96357,2462.05,6.45798,9.64452,45.9172,50.7722,48.1133,41.4639,0.629017,27.4449,1.72843,57.6052,1
157.867,107.128,1.73432,0,9.0206,8.94506,2466.45,6.367,9.62333,45.9804,50.81,48.1743,41.5634,0.625067,27.0582,1.71447,56.9561,1
157.167,106.486,1.71726,0,8.62626,8.56955,2410.67,6.61314,9.28111,53.1941,57.673,54.6839,48.6268,0.642567,19.9673,1.51572,60.3313,0
160.769,109.058,1.95323,10.1129,9.87796,9.7597,2552.2,6.50641,10.1767,35.9058,41.5144,38.7963,30.8989,0.543233,47.2975,2.16643,56.8259,1
158.165,106.929,1.71482,0,9.10745,9.024,2479.88,6.36618,9.69143,44.9863,49.9126,47.2137,40.5923,0.618067,27.6216,1.72872,56.1685,1
173.15,123.059,1.12187,0.591491,8.48803,8.43344,2646.32,3.26113,9.15892,54.7558,58.3371,56.4733,50.047,0.778,20.2335,1.58562,29.7717,1
160.304,108.928,1.9228,10.0712,9.8427,9.72668,2556.12,6.41302,10.1504,36.3121,41.9007,39.208,31.419,0.54375,46.7692,2.13095,55.9839,1
159.115,107.267,1.80303,0,9.13658,9.05178,2460.85,6.63263,9.69074,44.5936,49.6346,46.8041,40.021,0.612783,27.7869,1.77023,58.852,0
160.321,108.679,1.91978,10.0692,9.84021,9.72515,2558.65,6.40664,10.1699,36.2343,41.8397,39.136,31.3698,0.548683,46.9743,2.12872,55.6335,1
172.722,122.842,1.08933,0,8.41785,8.37182,2633.56,3.28855,8.9609,57.0321,60.5012,58.6112,52.4896,0.726667,18.8752,1.47757,30.3246,1
158.203,106.959,1.72423,0,9.10356,9.02005,2481.24,6.35837,9.68676,44.9659,49.9064,47.2371,40.5733,0.622033,27.758,1.73918,56.0645,1
160.462,109.031,1.91844,10.1215,9.89463,9.77695,2562.53,6.40477,10.1608,35.8234,41.423,38.7524,30.9005,0.543833,46.7178,2.14955,55.8446,1
158.599,106.926,1.74446,0,9.11188,9.02773,2468.42,6.43305,9.6857,44.8139,49.7782,47.0607,40.4136,0.6222,27.5482,1.73615,56.7119,1
158.237,107.248,1.79777,0,8.98728,8.91315,2450.25,6.63137,9.61083,46.9377,52.0491,49.0831,42.5037,0.5932,26.2226,1.70317,59.4661,0
158.755,107.348,1.78723,0,9.06013,8.98042,2460.67,6.66739,9.66331,45.7102,50.6434,47.882,41.1503,0.615367,27.7822,1.75225,59.5672,0
161.036,109.589,2.00638,9.53838,9.9362,9.81761,2545.97,6.68076,10.1952,35.5448,41.1937,38.4986,30.6376,0.5505,47.0555,2.15885,58.7308,0
160.708,108.638,1.94722,10.0669,9.83377,9.72037,2551,6.47786,10.1692,36.3453,41.9483,39.2191,31.4512,0.55145,46.3953,2.12867,56.0609,1
160.591,108.567,1.89189,10.1181,9.89004,9.77292,2566.66,6.36582,10.1557,35.8825,41.5337,38.7961,30.8922,0.542883,47.3453,2.1635,54.8295,1
160.495,109.129,1.9309,10.1778,9.94637,9.82707,2579.54,6.43275,10.2053,35.6908,41.245,38.5687,30.6493,0.53945,47.491,2.17662,55.6763,1
172.728,122.872,1.08919,0,8.37348,8.32864,2604.03,3.34505,8.87597,57.6546,61.0547,59.289,52.9845,0.7289,19.1276,1.50955,31.2572,1
158.555,106.939,1.73686,1.76667e-05,9.18611,9.10029,2490.55,6.33134,9.72773,44.0979,49.1073,46.3465,39.6362,0.60585,27.716,1.75995,55.4549,1
156.34,105.445,1.72036,0,8.46152,8.41063,2376.79,6.57915,9.0165,56.178,60.7293,57.6701,51.4122,0.6291,19.4017,1.51887,60.0535,0
158.348,107.372,1.78543,0,8.99236,8.915,2438.73,6.63893,9.61273,46.4715,51.4316,48.6691,42.0277,0.607183,26.6492,1.71763,59.9513,0
161.035,109.601,2.01256,0.0551841,9.95766,9.83771,2540.26,6.69566,10.1469,35.3953,41.0375,38.3794,30.5401,0.562983,46.4412,2.14195,59.1706,0
158.494,107.43,1.7644,0,9.14246,9.05888,2473.51,6.48483,9.69679,44.6532,49.6553,46.8921,40.2258,0.62025,27.5686,1.7425,57.7665,1
158.497,107.558,1.79147,0,9.01231,8.93438,2451.61,6.65988,9.62687,46.3419,51.2891,48.5179,41.9365,0.622683,26.6127,1.70727,59.8901,0
160.693,109.387,1.94415,10.1477,9.91708,9.79836,2550.1,6.50012,10.16,35.5901,41.2376,38.5243,30.6429,0.54495,46.8718,2.15872,57.004,1
160.808,109.04,1.92389,10.1174,9.89268,9.77481,2546.78,6.48666,10.1592,35.7456,41.3347,38.6682,30.7468,0.558067,46.95,2.1692,56.7498,1
160.421,109.029,1.89929,10.1201,9.89315,9.77601,2563.39,6.39093,10.1569,35.8407,41.43,38.7501,30.8932,0.540117,46.9201,2.15167,55.5728,1
160.292,108.918,1.92543,10.0678,9.83938,9.72415,2557.59,6.41289,10.148,36.3094,41.8931,39.2083,31.4261,0.543683,46.727,2.1294,55.9386,1
160.895,108.81,1.93489,10.1275,9.90207,9.78294,2551.45,6.46476,10.1623,35.7535,41.3654,38.6784,30.7496,0.551567,47.1166,2.17238,56.1038,1
172.618,122.975,1.10979,0,8.40313,8.35532,2620.82,3.26203,8.90336,57.1758,60.717,58.782,52.5759,0.729633,18.8208,1.488,30.2154,1
158.511,107.245,1.7381,0,9.17007,9.08567,2480.6,6.33978,9.73508,44.048,49.023,46.3314,39.7144,0.621283,27.3209,1.73557,56.0052,1
160,108.932,1.92269,0,9.35876,9.26063,2503.53,6.69031,10.2378,39.8039,44.3328,41.3106,37.4279,0.577367,19.787,1.07047,59.4553,0
156.475,105.725,1.69373,0,8.52171,8.46514,2404.23,6.37305,9.19364,54.4284,58.9254,55.8614,49.6037,0.6533,20.2117,1.54913,57.9914,1
158.552,106.962,1.72335,0,9.19468,9.10963,2497.75,6.33307,9.73532,44.1004,49.1416,46.3313,39.6864,0.61195,27.4183,1.74125,55.2231,1
160.551,109.308,1.95139,10.1029,9.87027,9.75263,2550.7,6.51923,10.1753,36.132,41.7272,39.0013,31.1271,0.543333,46.8552,2.1585,57.14,1
160.913,108.861,1.93691,10.1378,9.90407,9.78488,2565.06,6.47993,10.1948,35.883,41.4651,38.7496,30.8653,0.539333,47.3442,2.1647,55.851,1
156.203,105.24,1.65137,0,8.53465,8.47725,2420.54,6.26219,9.19662,54.1731,58.7267,55.7383,49.5724,0.6605,19.9167,1.52658,56.2254,1
155.694,104.972,1.66585,0,8.40132,8.35357,2374.65,6.33855,8.90678,57.3043,61.1292,58.7671,52.6186,0.631833,18.5849,1.47462,57.6123,1
160.964,109.483,2.01335,0.38152,9.9558,9.83064,2541.57,6.68956,10.1364,35.5018,41.1441,38.4619,30.5994,0.563283,46.3486,2.14775,58.9948,0
156.951,106.259,1.73857,0,8.56426,8.50403,2400.63,6.6134,9.21474,53.8988,58.5256,55.5292,49.2996,0.656833,19.7134,1.54538,60.5858,0
158.937,107.738,1.80636,0,9.14731,9.06004,2468.02,6.6813,9.70243,44.5631,49.6686,46.8558,40.0552,0.6055,27.7452,1.7766,59.7892,0
172.766,122.648,1.07722,0,8.43127,8.38429,2634.06,3.27543,8.98028,56.5732,59.953,58.2923,52.2157,0.735167,18.8639,1.46917,30.022,1
160.889,108.766,1.93268,10.125,9.90153,9.78198,2552.44,6.4617,10.1627,35.765,41.3893,38.6772,30.8085,0.547767,46.6187,2.15483,56.0354,1
158.511,107.614,1.76821,0,9.14877,9.06377,2471.17,6.47765,9.69717,44.462,49.5524,46.7326,40.0011,0.624733,27.6767,1.75973,57.8505,1
157.911,107.011,1.71642,0,9.01905,8.94338,2467.97,6.36149,9.6216,46.0057,50.8229,48.2154,41.5886,0.623933,27.2418,1.71972,56.6653,1
159.291,108.149,1.83863,1.27527,9.3071,9.21304,2476.76,6.6663,9.55474,43.3275,49.126,46.5879,35.8287,0.613467,44.6144,2.77143,59.5645,0
172.978,122.784,1.10648,0,8.40497,8.35758,2610.5,3.29776,8.90666,57.1415,61.0594,58.7633,52.5136,0.71075,18.9361,1.50212,30.5015,1
160.399,109.164,1.91533,10.1318,9.90507,9.78723,2564.25,6.40084,10.1665,35.7827,41.3858,38.7276,30.8118,0.541017,47.0514,2.16912,55.7211,1
172.544,122.94,1.06605,0.0084775,8.39233,8.34349,2625.89,3.27874,8.90404,57.521,60.8652,59.1621,52.8998,0.711717,18.9498,1.50235,30.3072,1
160.652,108.935,1.93465,10.0539,9.8286,9.71296,2547.83,6.49076,10.1399,36.3314,41.9532,39.2121,31.3761,0.5452,46.6106,2.141,56.6797,1
157.964,107.024,1.77862,0,8.93527,8.86276,2439.71,6.62565,9.55362,47.6811,52.8002,49.884,43.1501,0.610083,26.4102,1.7322,59.5642,0
157.134,106.455,1.72668,0,8.61757,8.56153,2406.91,6.62782,9.275,53.1986,57.7354,54.771,48.7272,0.668833,19.834,1.50997,60.6473,0
180.705,130.596,0.857494,0.00143933,8.45268,8.40379,2740.72,2.01857,9.01045,56.1682,59.594,57.8142,51.4039,0.757334,20.1936,1.55497,18.2766,1
160.948,109.486,2.00593,1.67103,9.95033,9.8273,2542.49,6.68083,10.146,35.6089,41.2778,38.5946,30.6343,0.568183,46.5662,2.17712,58.7917,0
156.969,106.289,1.72986,0,8.57088,8.50928,2401.27,6.60422,9.21831,53.9264,58.5126,55.4714,49.2322,0.6678,19.7856,1.5493,60.4216,0
159.242,107.389,1.79661,0,9.13856,9.05452,2459.33,6.62292,9.7101,44.3818,49.3516,46.558,39.8607,0.615483,27.6846,1.75268,58.954,0
160.426,109.244,1.93203,10.1724,9.93951,9.82141,2580.68,6.43498,10.2084,35.7201,41.2683,38.6124,30.6543,0.534517,47.8862,2.18955,55.742,1
160.449,109.251,1.92132,10.1649,9.93098,9.8127,2575.4,6.43149,10.2082,35.7499,41.311,38.6269,30.681,0.538,47.8026,2.1866,55.8068,1
158.453,107.164,1.73381,0,9.18718,9.10207,2492.61,6.36746,9.71689,44.1559,49.1248,46.3854,39.7965,0.6139,27.1355,1.72442,56.0779,1
160.196,109.056,1.91504,10.0609,9.83088,9.71576,2554.52,6.41,10.1513,36.3581,41.9163,39.2287,31.467,0.544083,46.3985,2.1224,55.9797,1
158.129,106.579,1.70411,0,9.02894,8.95243,2472.23,6.32701,9.62799,46.0016,50.8806,48.24,41.5995,0.621717,27.1269,1.72298,55.6341,1
160.495,109.097,1.92112,10.1697,9.93947,9.82001,2576.9,6.42586,10.2039,35.7058,41.2516,38.6078,30.6603,0.539233,47.7561,2.18527,55.6463,1
160.827,109.08,1.93268,10.1231,9.89783,9.77974,2548.91,6.47407,10.1563,35.7175,41.3471,38.6482,30.7276,0.552217,47.0002,2.16702,56.4976,1
173.309,122.852,1.13063,0.432392,8.52657,8.46889,2652.86,3.23417,9.19419,54.1396,58.4886,55.8254,49.4555,0.726233,20.2387,1.57955,29.1022,1
158.235,107.252,1.79135,0,8.97876,8.904,2446.57,6.63033,9.60431,46.8911,52.0233,49.0916,42.5145,0.59245,26.1741,1.7034,59.5656,0
173.078,122.551,1.12078,0.00950283,8.43607,8.38836,2622.23,3.30056,8.98376,56.7267,60.1941,58.2235,52.0867,0.7419,18.826,1.48588,29.9393,1
157.959,107.052,1.78195,0,8.93983,8.8676,2440.33,6.63054,9.5609,47.6462,52.7577,49.8268,43.0786,0.6102,26.5323,1.73708,59.6086,0
161.038,109.601,1.99323,2.08509,9.962,9.84199,2544.11,6.68259,10.1626,35.4116,41.0329,38.3601,30.5381,0.5631,46.3891,2.14108,58.8679,0
156.415,105.869,1.68821,0,8.51274,8.45528,2405.59,6.35877,9.18924,54.4236,58.9818,55.9085,49.6857,0.654167,20.1773,1.54023,57.737,1
158.124,107.347,1.724,0,9.12008,9.03523,2481.61,6.36934,9.68856,44.8273,49.7835,47.0753,40.4109,0.613933,27.582,1.73945,56.4606,1
161.038,109.602,1.99383,0.843941,9.95401,9.83452,2544.04,6.6915,10.1758,35.4986,41.118,38.4191,30.5589,0.566683,46.9865,2.15465,58.9895,0
160.918,108.855,1.92467,10.1554,9.92356,9.80545,2569.33,6.48647,10.2031,35.8254,41.3999,38.7082,30.8121,0.53305,47.5188,2.16962,55.8575,1
158.124,107.35,1.73031,0,9.11651,9.03205,2481.96,6.36251,9.68517,44.7914,49.7725,47.0726,40.3125,0.615233,27.9804,1.76378,56.3319,1
158.293,107.027,1.74773,0,9.04047,8.96368,2461.8,6.45768,9.64347,45.9441,50.7838,48.1165,41.4382,0.625983,27.463,1.73592,57.5764,1
158.623,106.912,1.75157,0,9.12653,9.04241,2474.61,6.43057,9.69291,44.7988,49.7528,47.0277,40.3279,0.61335,27.8893,1.74943,56.5552,1
158.257,107.227,1.75459,0,9.03976,8.96083,2460.29,6.46371,9.64084,45.8256,50.6744,48.003,41.3311,0.6262,27.7554,1.73427,57.8983,1
158.654,107.694,1.81092,0,9.06324,8.98382,2454.28,6.66184,9.65683,45.5485,50.5027,47.7679,40.9952,0.600983,27.9644,1.76197,59.8986,0
160.608,109.382,1.95237,10.1055,9.87087,9.75306,2549.59,6.51747,10.1761,35.9808,41.5802,38.8361,30.9583,0.547883,47.3817,2.16095,57.1553,1
158.046,107.123,1.78646,0,8.95554,8.88297,2442.79,6.63507,9.58407,47.4484,52.561,49.6271,42.9412,0.596883,26.3992,1.72753,59.614,0
161.22,108.986,1.99056,10.0771,9.85114,9.73519,2538.31,6.65879,10.1493,36.1902,41.8234,39.0611,31.1491,0.544717,47.1653,2.1652,58.1249,0
172.679,122.837,1.07823,0,8.41696,8.37023,2633.05,3.28675,8.95833,56.999,60.551,58.5905,52.4902,0.728967,18.8424,1.47262,30.3169,1
172.845,122.986,1.14106,0.0237565,8.43353,8.38581,2620.71,3.34235,8.97418,56.7435,60.2558,58.3134,52.1416,0.734033,18.9521,1.4922,31.0461,1
158.709,107.623,1.75363,0,9.18068,9.09394,2477.43,6.47188,9.73467,44.0769,49.1056,46.2982,39.6902,0.614633,27.2945,1.73365,57.6571,1
172.935,122.45,1.0707,0,8.39111,8.34307,2614.74,3.28806,8.9042,57.6019,60.9871,59.2284,52.9519,0.71925,18.8875,1.5052,29.908,1
158.526,107.173,1.75862,0,9.13258,9.0493,2476.63,6.46106,9.69004,44.7007,49.693,46.957,40.2844,0.6108,27.6354,1.74278,57.2061,1
156.128,105.324,1.68643,0,8.40458,8.35677,2365.94,6.58195,8.92344,57.2474,61.5504,58.7052,52.5678,0.683633,18.9172,1.47588,60.2789,0
160.761,108.678,1.93831,10.0575,9.82984,9.71446,2551.33,6.46759,10.1425,36.3468,41.9779,39.2273,31.3827,0.544633,46.6663,2.14402,56.0646,1
158.536,106.916,1.72713,0,9.18812,9.10495,2497.38,6.34897,9.72596,44.2346,49.3098,46.4981,39.8442,0.608067,27.2871,1.74388,55.3749,1
172.658,123.014,1.13559,0.0181108,8.43581,8.38785,2633.8,3.28962,8.98929,56.6257,59.9723,58.2781,51.8023,0.743117,19.8413,1.56663,30.357,1
156.447,105.406,1.68738,0,8.52218,8.46509,2403.92,6.35404,9.19242,54.4244,58.9216,55.8932,49.7109,0.6595,19.9312,1.5293,57.4939,1
158.34,107.358,1.77887,0,9.01091,8.93336,2452.33,6.64038,9.6152,46.5384,51.5767,48.7162,42.0472,0.6101,26.571,1.72798,59.567,0
158,106.797,1.70238,0,9.03416,8.95738,2472.51,6.35346,9.63538,45.9527,50.7961,48.1772,41.6006,0.629117,26.7922,1.7068,56.2439,1
160.541,108.84,1.90431,10.1305,9.90191,9.78362,2566.07,6.38172,10.1638,35.8505,41.4645,38.7568,30.9025,0.553367,46.8727,2.15052,55.2514,1
158.365,107.503,1.76728,0,9.1176,9.0338,2470.68,6.45629,9.69061,44.8072,49.7595,47.0515,40.4025,0.6156,27.6117,1.73687,57.4951,1
156.97,106.112,1.74603,0,8.67965,8.61864,2406.44,6.60484,9.2288,51.9272,57.2022,54.5429,46.4676,0.6027,27.1083,2.0073,59.7955,0
161.034,109.602,1.99415,0.354017,9.95842,9.83812,2547.92,6.68731,10.2028,35.4753,41.0717,38.3961,30.5629,0.559983,46.6579,2.15435,58.8195,0
172.974,122.458,1.09551,0.000100833,8.43732,8.38887,2625.82,3.23437,8.97678,56.3065,59.8938,58.0025,51.6942,0.737733,19.6898,1.52758,29.3048,1
160.556,109.277,1.94721,10.0792,9.8505,9.73651,2547.3,6.5114,10.1534,36.1912,41.8198,39.0818,31.1953,0.545517,47.0078,2.15825,57.1578,1
160.696,109.406,1.94099,10.1659,9.93492,9.81702,2550.35,6.5085,10.1711,35.5497,41.1782,38.4907,30.6355,0.558567,46.6168,2.15467,57.0656,1
160.626,109.377,1.96514,10.1113,9.87838,9.76012,2550.98,6.52694,10.1765,35.9609,41.5477,38.8223,30.9107,0.552917,47.601,2.17085,57.3063,1
158.252,107.276,1.78864,0,8.97789,8.90496,2442.21,6.64094,9.60393,46.7988,51.8798,48.9666,42.3758,0.593267,26.2418,1.70523,59.9044,0
158.534,106.92,1.72289,0,9.177,9.09329,2496.33,6.34593,9.71888,44.2758,49.3909,46.5997,39.8501,0.60945,27.5385,1.76693,55.3919,1
156.838,106.122,1.74889,0,8.49623,8.43977,2394.04,6.58972,9.15579,54.7788,59.4767,56.3406,49.7161,0.65615,20.7432,1.63487,60.3205,0
158.602,106.916,1.74909,0,9.12026,9.03602,2467.57,6.43526,9.68649,44.8277,49.7829,47.0286,40.4135,0.616317,27.3043,1.72675,56.7936,1
180.542,131.007,0.868657,3.16667e-05,8.39839,8.34905,2708.54,2.08678,8.89942,57.1735,60.578,58.8461,52.5589,0.744633,18.9435,1.50665,19.7782,1
160.169,109.012,1.931,10.0605,9.82862,9.71487,2556.89,6.41399,10.1642,36.3516,41.9288,39.2142,31.4613,0.54895,46.4433,2.12522,55.9369,1
158.015,106.814,1.70907,0,9.03428,8.95801,2470.92,6.35063,9.63517,45.9673,50.799,48.1431,41.5956,0.63205,26.8278,1.70053,56.2535,1
161.32,109.372,1.98027,10.1675,9.93543,9.81745,2542.8,6.66569,10.1737,35.5434,41.1545,38.465,30.4843,0.5551,47.2006,2.189,58.4871,0
156.429,105.379,1.69146,0,8.52319,8.46494,2405.32,6.35904,9.19268,54.4203,58.9081,55.9045,49.6408,0.663833,20.134,1.55167,57.509,1
156.413,105.861,1.69161,0,8.51443,8.45704,2404.95,6.37856,9.19149,54.4194,58.9813,55.8902,49.68,0.654633,20.1499,1.53825,58.066,1
172.753,122.884,1.07796,0,8.37971,8.33425,2602.12,3.32801,8.88936,57.5607,60.9653,59.1483,52.8812,0.728417,19.138,1.50045,31.1076,1
160.996,109.62,1.99657,10.0575,9.82969,9.71545,2533.92,6.71462,10.1623,36.2552,41.8814,39.142,31.1991,0.545217,47.733,2.17457,59.4818,0
172.987,122.79,1.10212,0,8.40445,8.35653,2609.39,3.30019,8.9105,57.1089,60.7969,58.7151,52.513,0.72625,18.7947,1.4903,30.5489,1
158.641,107.741,1.75546,0,9.18001,9.09458,2474.66,6.46479,9.73871,44.1029,49.108,46.3172,39.7739,0.60855,27.0233,1.71607,57.6305,1
158.482,107.583,1.7648,0,9.13796,9.05371,2468.21,6.47954,9.6939,44.5261,49.5517,46.7807,40.099,0.666433,27.631,1.74457,57.9349,1
160.909,108.803,1.93082,10.1246,9.90052,9.78159,2553.36,6.46172,10.16,35.7756,41.3938,38.6833,30.812,0.548433,46.6682,2.15677,56.0066,1
158.383,107.353,1.74928,0.0199832,9.18766,9.1033,2493.7,6.38075,9.74215,44.1166,49.1342,46.3929,39.7662,0.597833,27.3381,1.73968,56.2728,1
160.557,109.294,1.96089,10.0997,9.86663,9.75041,2553.02,6.52063,10.1778,36.143,41.7688,39.0288,31.1549,0.54045,46.7583,2.15807,57.0993,1
155.634,104.913,1.65906,1.12928,8.39393,8.34645,2375.17,6.3432,8.8925,57.2971,61.0084,58.9064,52.7191,0.647617,18.6816,1.48218,57.6778,1
158.279,107.032,1.74004,0,9.04347,8.96616,2463.79,6.45636,9.64662,45.9416,50.7801,48.0841,41.5381,0.633033,26.7609,1.70138,57.5319,1
160.655,108.935,1.92886,10.0596,9.83069,9.71493,2548.03,6.49559,10.1376,36.2606,41.9182,39.1511,31.3079,0.542867,46.8313,2.1424,56.7749,1
160.729,108.663,1.94616,10.0667,9.83523,9.72332,2552.84,6.47929,10.1706,36.3704,41.9478,39.2247,31.4718,0.5577,46.2703,2.12135,56.0149,1
173.073,122.927,1.1156,0.0404423,8.5079,8.45235,2641.82,3.27482,9.11292,55.0764,58.5118,56.7519,50.2615,0.762667,20.3762,1.59333,29.9844,1
158.457,107.158,1.73194,0,9.1814,9.09688,2490.49,6.36588,9.72412,44.1519,49.1194,46.405,39.8453,0.61845,27.073,1.71987,56.0483,1
158.521,107.455,1.7712,0,9.13814,9.05426,2476.11,6.47476,9.69228,44.6217,49.6345,46.9303,40.2574,0.61735,27.532,1.7446,57.6096,1
161.217,109.792,2.00268,10.2031,9.97362,9.85195,2543.9,6.6923,10.1834,35.3222,40.8594,38.2489,30.3908,0.546583,46.6479,2.15705,59.0539,0
160.472,108.473,1.91244,10.0852,9.85404,9.73974,2565.25,6.37822,10.1543,36.2191,41.8809,39.1049,31.2959,0.538833,47.0117,2.13558,54.8827,1
159.012,108.02,1.79872,0,9.1474,9.06381,2464.52,6.67123,9.72491,44.3862,49.4233,46.6028,39.8695,0.603017,27.3514,1.76473,59.8496,0
166.577,116.604,1.30384,0.0265492,8.40135,8.3567,2520.75,4.33742,8.90945,57.1824,60.7827,58.719,52.5278,0.68845,18.6815,1.4842,39.8944,1
160.647,108.909,1.93583,10.0556,9.82935,9.71406,2548.02,6.49988,10.1394,36.3407,41.9607,39.2221,31.372,0.550283,46.6532,2.14413,56.8221,1
160.727,109.261,1.93617,10.1443,9.91598,9.79652,2550.1,6.49462,10.1616,35.61,41.2531,38.5664,30.6422,0.550133,47.012,2.16972,56.9237,1
156.143,105.475,1.6345,0,8.53036,8.47222,2414.73,6.27812,9.20073,54.2422,58.7559,55.7485,49.5714,0.658133,19.944,1.53035,56.7275,1
173.019,122.517,1.09452,0,8.3946,8.34932,2611.06,3.263,8.89435,57.3116,60.9109,58.8956,52.686,0.725617,18.6905,1.4859,29.7438,1
158.13,107.331,1.73143,0,9.12244,9.03821,2486.24,6.36096,9.69634,44.8367,49.7806,47.1009,40.4396,0.610783,27.7667,1.74082,56.1545,1
160.562,109.3,1.94887,10.0724,9.84703,9.73198,2547.62,6.50708,10.1467,36.1957,41.8282,39.0818,31.2433,0.540167,46.7125,2.14333,57.0795,1
156.531,105.146,1.68568,0,8.51088,8.45463,2403.67,6.30914,9.18551,54.3992,58.9062,55.9832,49.7504,0.65815,20.0039,1.5417,56.6581,1
160.205,108.862,1.93204,10.0591,9.82853,9.71479,2557.73,6.41853,10.1678,36.3609,41.9146,39.2192,31.496,0.536917,46.4843,2.11708,55.9189,1
159.119,107.615,1.80261,0,9.15043,9.06516,2462.46,6.6636,9.72389,44.3367,49.392,46.5975,39.8444,0.616733,27.4109,1.7702,59.6366,0
160.257,108.896,1.93043,10.0672,9.83919,9.72371,2553.87,6.41655,10.153,36.3243,41.9127,39.2061,31.41,0.541617,46.661,2.13237,56.0153,1
158.511,107.437,1.75905,0,9.14262,9.0591,2474.63,6.47776,9.69678,44.6341,49.6415,46.9114,40.2628,0.617033,27.467,1.73805,57.6574,1
160.832,109.058,1.94233,10.1375,9.91091,9.79244,2551.44,6.48744,10.1655,35.6986,41.319,38.6244,30.6919,0.548533,47.1595,2.17292,56.6853,1
160.503,108.809,1.89555,10.1224,9.89374,9.77561,2562.49,6.39393,10.1593,35.8566,41.4669,38.7736,30.8976,0.5532,47.2252,2.15585,55.5482,1
160.936,109.56,2.00237,10.071,9.84013,9.72546,2539.83,6.69345,10.1526,36.3152,41.9921,39.2185,31.3136,0.53205,47.3042,2.16413,58.988,0
173.018,122.504,1.09679,0.0128892,8.44539,8.39485,2627.56,3.23049,8.98681,56.2706,60.0099,57.8495,51.6876,0.741883,19.2949,1.49182,29.2545,1
160.705,109.261,1.95355,10.1133,9.87975,9.76196,2551.49,6.52357,10.1786,35.9651,41.5559,38.8061,30.9327,0.546833,47.4622,2.16263,57.1414,1
157.902,107,1.72124,0,9.02707,8.9515,2467.59,6.36209,9.62882,46.0122,50.8218,48.2043,41.6005,0.628467,27.2817,1.71308,56.6104,1
157.622,106.696,1.76403,0,8.86969,8.80098,2426.4,6.61745,9.4427,48.9702,54.1166,51.3425,44.2952,0.595367,26.3899,1.79333,59.6832,0
160.307,108.931,1.93019,10.075,9.84616,9.73099,2560.61,6.41282,10.1518,36.3044,41.9165,39.2038,31.3934,0.536917,46.8108,2.1359,55.8199,1
160.837,109.412,1.99388,0.0779705,9.94145,9.82144,2546.43,6.69879,10.1539,35.7987,41.4785,38.7995,30.695,0.55915,46.8501,2.21808,58.9574,0
160.65,108.907,1.92933,10.0597,9.83404,9.71828,2549.04,6.49573,10.1422,36.3052,41.953,39.1944,31.3334,0.539967,46.8135,2.14887,56.6815,1
160.635,108.909,1.94835,10.0727,9.84401,9.72968,2552.75,6.51032,10.1706,36.3258,41.9189,39.2013,31.3331,0.5437,46.6374,2.15567,56.8152,1
160.678,108.635,1.94542,10.0662,9.83538,9.72202,2551.86,6.47541,10.1718,36.3601,41.9609,39.2282,31.4572,0.550983,46.4389,2.1295,56.0773,1
160.562,109.301,1.95013,10.0986,9.86677,9.75144,2551.62,6.51562,10.1755,36.1234,41.7045,38.998,31.1477,0.548433,46.764,2.15413,57.0639,1
160.915,108.846,1.92925,10.156,9.92408,9.80584,2567.72,6.48109,10.2073,35.8109,41.3889,38.6716,30.7861,0.53455,47.4129,2.16873,55.799,1
160.686,109.26,1.95724,10.1056,9.87452,9.75544,2550.96,6.52429,10.1727,35.944,41.5316,38.8067,30.9336,0.5432,47.1702,2.15797,57.1498,1
158.445,107.172,1.7367,5.31667e-05,9.18408,9.09949,2489.86,6.36293,9.72986,44.114,49.098,46.3588,39.7095,0.614333,27.5828,1.7429,56.0857,1
159.074,107.212,1.80344,0,9.13209,9.04785,2459.33,6.63235,9.69043,44.6108,49.6535,46.8644,40.062,0.618983,27.8562,1.77542,58.8944,0
158.989,107.96,1.80429,0.118632,9.15359,9.06995,2462.06,6.66687,9.72936,44.31,49.3859,46.5468,39.8438,0.606817,27.3192,1.75753,59.9186,0
161.054,109.606,1.99772,0.477618,9.96315,9.84303,2549.89,6.6963,10.2076,35.4582,41.0767,38.4039,30.5652,0.561167,46.6653,2.1577,58.8768,0
158.401,107.583,1.72973,0,9.18045,9.097,2482.2,6.36507,9.72766,44.0762,49.0385,46.3327,39.6851,0.608183,27.4558,1.74297,56.4712,1
158.109,107.323,1.73863,0,9.12002,9.03556,2484.77,6.37182,9.69303,44.8459,49.7924,47.1044,40.4324,0.611817,27.7169,1.7424,56.426,1
158.379,107.346,1.73276,0,9.17731,9.09301,2489.39,6.37372,9.72635,44.1678,49.1297,46.4068,39.8452,0.618483,27.1092,1.71963,56.4163,1
172.764,122.921,1.07933,0,8.3766,8.33208,2604.28,3.32917,8.88168,57.5552,60.9802,59.2168,52.9716,0.726933,19.0026,1.49492,31.0493,1
160.202,109.029,1.9092,10.0585,9.82723,9.71305,2555.63,6.41634,10.1626,36.3462,41.9397,39.2252,31.4452,0.554633,46.4975,2.12947,56.021,1
172.694,123,1.09103,0.0596428,8.37288,8.32761,2599.55,3.34205,8.873,57.7233,61.1244,59.3406,52.9932,0.729533,19.1781,1.51875,31.3197,1
160.695,109.259,1.9519,10.1102,9.8765,9.75883,2551.33,6.52173,10.176,35.9628,41.5435,38.8233,30.8914,0.54525,47.7247,2.17542,57.1429,1
156.298,105.641,1.74193,0,8.47197,8.42062,2387.08,6.57401,9.04629,56.1542,60.5983,57.5901,51.3635,0.64495,19.7906,1.51875,59.6895,0
161.098,109.228,1.99156,10.0703,9.84198,9.72635,2539.98,6.68623,10.1429,36.2316,41.8495,39.0871,31.1421,0.55015,47.313,2.17002,58.7957,0
166.601,116.645,1.33618,0,8.42425,8.37808,2534.14,4.35548,8.96265,56.966,60.7075,58.4681,52.3124,0.697417,18.8888,1.48463,39.8868,1
160.579,109.318,1.94125,10.0802,9.85402,9.73886,2547.1,6.51123,10.1534,36.171,41.8181,39.0719,31.2216,0.548683,46.7899,2.14603,57.1075,1
161.107,109.223,1.99081,1.1227,9.84702,9.73204,2541.52,6.6938,10.1707,36.2263,41.8883,39.1215,31.1733,0.535117,47.5048,2.17648,58.8064,0
156.143,105.668,1.64352,0,8.52785,8.47253,2416.66,6.2727,9.19958,54.3012,58.7569,55.7648,49.5683,0.6633,20.1242,1.53545,56.6933,1
160.246,108.898,1.92723,10.0606,9.83514,9.71983,2554.33,6.41207,10.1515,36.3259,41.9187,39.2185,31.4145,0.54185,46.7266,2.1362,55.9937,1
158.232,107.247,1.79582,0,8.98851,8.91371,2448.2,6.63575,9.60903,46.8942,52.0102,49.047,42.46,0.598117,26.1805,1.70613,59.533,0
158.906,107.91,1.79538,0,9.14482,9.06108,2465.23,6.68505,9.69977,44.5221,49.6036,46.8083,40.0347,0.605833,27.5234,1.77022,59.9157,0
160.983,109.499,2.00871,1.59979,9.9679,9.84439,2544.72,6.67861,10.151,35.478,41.114,38.4228,30.6324,0.559733,46.0724,2.13223,58.7023,0
161.008,109.422,1.99841,10.067,9.84073,9.72474,2538.84,6.69602,10.1387,36.2254,41.8566,39.0899,31.1707,0.548567,47.1793,2.16375,59.0958,0
156.397,105.24,1.74459,0,8.46725,8.41485,2388.94,6.58485,9.02583,56.3004,60.7957,57.764,51.306,0.654067,20.3422,1.57047,59.5525,0
158.922,107.889,1.80495,0,9.15775,9.0746,2470.01,6.65969,9.69306,44.4756,49.5597,46.7336,39.9161,0.601733,27.7659,1.78095,59.5613,0
172.857,122.994,1.1515,0.102897,8.43162,8.38413,2621.48,3.34287,8.97072,56.7786,60.2231,58.3048,52.1351,0.732883,18.9809,1.492,31.0322,1
158.593,106.969,1.71856,0.003325,9.16423,9.08117,2490.86,6.33053,9.73341,44.1638,49.2781,46.4811,39.7743,0.61395,27.4611,1.75978,55.4904,1
157.922,107.024,1.72225,0,9.03755,8.96065,2472.5,6.36662,9.63762,45.9818,50.8065,48.1748,41.5969,0.626683,26.8701,1.7083,56.5591,1
159.009,107.926,1.80766,0.00585067,9.17845,9.08855,2465.37,6.66055,9.6098,44.6656,49.7391,47.0551,38.4196,0.615183,35.7088,2.23692,59.6862,0
158.125,107.162,1.73019,0,9.11559,9.03074,2483.23,6.37105,9.69051,44.9183,49.8406,47.1494,40.5153,0.609383,27.6563,1.7335,56.3763,1
160.368,108.721,1.93152,10.0758,9.84601,9.72999,2563.87,6.39474,10.1531,36.2828,41.855,39.1525,31.3506,0.54085,46.8318,2.1332,55.4065,1
160.568,108.91,1.91521,10.1694,9.93781,9.81914,2578.44,6.41626,10.1993,35.6661,41.229,38.5571,30.688,0.546033,46.9646,2.16243,55.37,1
158.586,106.93,1.74225,0,9.18144,9.09673,2488.71,6.32493,9.738,44.0253,49.0085,46.2966,39.6529,0.607317,27.5095,1.74545,55.4257,1
161.013,109.582,1.9962,0.699545,9.93426,9.81472,2541.94,6.69532,10.1684,35.5555,41.1873,38.4741,30.645,0.560017,46.6886,2.14552,59.1161,0
160.579,108.904,1.91836,10.1726,9.94038,9.82158,2577.68,6.41784,10.1999,35.665,41.2462,38.5473,30.6933,0.5465,46.9133,2.15923,55.3454,1
159.673,108.677,1.88809,0,9.23394,9.14331,2494.47,6.69857,10.1408,41.4636,45.9472,42.8881,38.9321,0.573033,18.6664,1.08168,59.7899,0
172.766,122.917,1.07689,9.2e-05,8.38175,8.33685,2601.62,3.3293,8.89694,57.5135,60.9706,59.1012,52.8571,0.725217,19.1107,1.49783,31.1293,1
158.849,107.14,1.74455,0,9.16193,9.07732,2470.62,6.41193,9.7135,44.092,49.073,46.3713,39.7053,0.607333,27.4005,1.74427,56.6889,1
173.103,122.568,1.11965,0.0329302,8.43566,8.3874,2622.05,3.28484,8.98328,56.6824,60.2582,58.2636,52.1047,0.7359,18.8939,1.49148,29.775,1
180.629,130.866,0.883852,0,8.43581,8.38748,2721.98,2.07884,8.98107,56.7244,60.256,58.2733,52.0955,0.756117,18.9612,1.49595,19.3294,1
158.236,107,1.72667,0,9.11718,9.03275,2484.14,6.35124,9.69848,44.8843,49.8501,47.173,40.5443,0.61415,27.603,1.73113,55.9345,1
161.166,109.303,1.99908,10.0809,9.85006,9.73337,2542.35,6.69372,10.1703,36.2055,41.8332,39.0796,31.1998,0.546467,47.239,2.15908,58.77,0
158.7,107.617,1.7627,0,9.16938,9.08421,2470.28,6.45821,9.72202,44.0791,49.0759,46.3345,39.7116,0.617083,27.4288,1.73273,57.7354,1
158.356,107.559,1.72732,0,9.17286,9.08843,2480.28,6.3595,9.72211,44.0805,49.0387,46.3333,39.6896,0.617117,27.5365,1.74122,56.482,1
156.928,105.778,1.74684,0,8.48467,8.4276,2392.79,6.57393,9.14626,54.8934,59.482,56.395,50.0484,0.661883,20.3528,1.56533,59.994,0
161.027,109.579,2.00183,1.2335,9.96465,9.84319,2548.51,6.6894,10.2052,35.4582,41.0793,38.4016,30.5415,0.5544,46.7659,2.16145,58.8156,0
166.648,116.238,1.26108,0,8.40391,8.35816,2540,4.33093,8.92608,57.6364,61.3905,59.0804,52.8794,0.688367,18.9175,1.4916,39.2484,1
158.373,106.752,1.74152,0,9.04015,8.96342,2461.32,6.41716,9.63787,45.9541,50.7939,48.1175,41.5012,0.624817,27.1581,1.72007,56.7664,1
160.236,108.867,1.92276,10.0595,9.83029,9.71627,2556.84,6.42144,10.1682,36.3333,41.9121,39.2107,31.4813,0.547017,46.3014,2.11662,55.9537,1
160.58,109.114,1.94288,10.0622,9.83248,9.71707,2548.26,6.51345,10.1425,36.2427,41.8969,39.1436,31.3286,0.5388,46.682,2.13765,57.1138,1
160.441,108.414,1.90655,10.0794,9.84758,9.73289,2560.57,6.37917,10.1715,36.1938,41.8224,39.0773,31.2926,0.549333,47.2085,2.13447,54.9069,1
158.75,107.365,1.75637,9.5e-06,9.18761,9.10085,2478.88,6.45821,9.71204,44.0565,49.0737,46.2924,39.6027,0.6125,27.5386,1.75077,57.292,1
160.917,108.83,1.94712,10.162,9.9288,9.81104,2569.83,6.48051,10.2115,35.8043,41.3913,38.6709,30.8195,0.538117,47.085,2.15938,55.7106,1
161.16,109.729,2.01493,9.64716,9.93645,9.81812,2555.62,6.69679,10.184,35.541,41.2065,38.4995,30.6416,0.5377,47.1852,2.15728,58.6984,0
160.499,109.107,1.92519,10.1668,9.93478,9.81643,2576.76,6.42712,10.1979,35.7028,41.2408,38.6036,30.6512,0.5335,47.8966,2.1852,55.6608,1
160.699,108.684,1.91207,9.88382,9.94369,9.82432,2579.28,6.39363,10.2078,35.6348,41.2285,38.496,30.6751,0.5502,47.1407,2.15127,54.7163,1
158.389,107.352,1.74516,0,9.18171,9.09607,2490.67,6.37461,9.73016,44.12,49.1102,46.369,39.7342,0.61285,27.3391,1.73857,56.3576,1
158.598,106.892,1.7519,0,9.11336,9.02956,2466.23,6.42866,9.68459,44.819,49.7704,47.0212,40.4258,0.626483,27.3477,1.72145,56.7609,1
156.239,105.279,1.64058,0,8.53604,8.4784,2419.13,6.26934,9.20914,54.2129,58.7327,55.7037,49.5407,0.663583,19.9522,1.5302,56.3608,1
158.117,107.323,1.73077,0,9.12745,9.04322,2486.64,6.37407,9.69681,44.8551,49.7874,47.0776,40.4293,0.607567,27.5998,1.73627,56.3499,1
160.321,108.689,1.91175,10.0629,9.83653,9.72045,2558.38,6.40647,10.1664,36.2559,41.8393,39.1432,31.3868,0.543433,46.8958,2.12465,55.5638,1
160.199,108.861,1.92604,10.0585,9.82713,9.71415,2553.09,6.41709,10.1663,36.3594,41.9069,39.2117,31.5095,0.54665,46.3323,2.11002,55.9868,1
160.59,108.557,1.90465,10.1213,9.89258,9.77368,2565.12,6.36252,10.1584,35.8648,41.4861,38.7784,30.897,0.556083,47.2568,2.15727,54.8398,1
173.06,122.516,1.09647,0.0124042,8.4504,8.40084,2628.36,3.2265,8.99229,56.2766,60.125,57.824,51.5799,0.728117,19.5668,1.51385,29.1953,1
160.917,108.778,1.93145,10.1221,9.89812,9.77924,2552.27,6.46049,10.1616,35.7772,41.402,38.6898,30.7959,0.551533,46.9358,2.16397,56.0263,1
155.455,104.798,1.62593,0,8.39881,8.35551,2385.39,6.23764,8.91278,57.2228,60.9902,58.6943,52.5621,0.649317,18.7086,1.47313,56.4056,1
160.988,109.423,2.00285,7.67026,9.83893,9.72548,2541.48,6.70725,10.1648,36.2891,41.9614,39.184,31.2842,0.534083,47.2975,2.16067,59.1184,0
159.919,108.888,1.91327,0,9.30119,9.20687,2501.07,6.69903,10.1787,40.6594,45.1706,42.1241,38.2121,0.572683,19.1497,1.07208,59.5633,0
155.975,105.34,1.6957,0.112022,8.37226,8.32761,2361.8,6.58899,8.86943,57.8993,61.6218,59.3305,53.0039,0.839067,19.0853,1.51087,60.4176,0
159.217,107.394,1.78513,0,9.16452,9.07935,2470.09,6.63679,9.72742,44.2417,49.2383,46.4646,39.821,0.6089,27.2327,1.74153,58.7929,0
160.178,109.034,1.92689,10.0559,9.82384,9.71009,2555.97,6.41913,10.1604,36.3552,41.9353,39.2355,31.466,0.54875,46.3888,2.12505,56.1427,1
160.745,108.68,1.93448,10.0507,9.82512,9.71027,2547.84,6.46595,10.1403,36.3558,41.9817,39.2388,31.3805,0.541567,46.8901,2.14695,56.0957,1
156.242,105.302,1.6435,0,8.53265,8.47486,2418.37,6.26359,9.1994,54.2081,58.7306,55.7127,49.6529,0.667333,19.6462,1.5019,56.2922,1
158.293,106.656,1.72251,0,9.104,9.02138,2487.94,6.32597,9.68625,45.0991,50.0551,47.4048,40.6837,0.609233,27.9452,1.75382,55.2042,1
160.658,109.415,1.95271,10.119,9.88362,9.76544,2554.03,6.53533,10.1821,35.9844,41.5611,38.8304,30.9604,0.552783,47.3225,2.15988,57.3242,1
156.283,104.841,1.68407,0,8.37894,8.33486,2368.8,6.5319,8.88617,57.7399,61.9559,59.1745,52.9642,0.722,18.8886,1.4869,59.0167,0
158.636,107.639,1.80616,0,9.08028,8.99816,2453.9,6.6739,9.66984,45.4122,50.3901,47.6369,40.8914,0.606817,27.994,1.75845,60.0289,0
158.513,107.404,1.75777,0,9.14091,9.05703,2473.67,6.47177,9.69683,44.6663,49.6767,46.9377,40.2422,0.616883,27.5999,1.74858,57.6052,1
156.231,105.576,1.73273,0,8.41012,8.3678,2366.51,6.56777,8.93718,56.9682,61.287,58.528,52.4637,0.6669,18.759,1.46138,60.1447,0
161.323,109.417,1.97957,10.1758,9.94407,9.82521,2545.31,6.66683,10.1752,35.5405,41.2135,38.4921,30.5802,0.557783,46.5528,2.1689,58.4419,0
158.803,107.089,1.75399,0,9.17663,9.0897,2479.9,6.43075,9.72947,44.1105,49.1249,46.3637,39.5969,0.617583,27.8888,1.77412,56.6261,1
156.331,105.829,1.67165,0,8.51556,8.45944,2416.62,6.25295,9.18878,54.4154,58.8688,55.9422,49.7119,0.6575,20.0078,1.54378,56.4752,1
158.409,107.607,1.73762,0,9.18419,9.09982,2480.83,6.36465,9.73097,44.0469,48.9992,46.3115,39.6978,0.61695,27.3359,1.73443,56.5028,1
160.524,108.829,1.90164,10.1271,9.89856,9.78033,2565.31,6.38218,10.1643,35.8569,41.4414,38.7724,30.8952,0.553167,46.974,2.15697,55.1961,1
161.02,109.439,1.99925,4.34075,9.84222,9.72758,2542.83,6.70255,10.1645,36.2536,41.9495,39.1589,31.2645,0.534683,47.2975,2.16017,59.0413,0
160.732,109.244,1.93956,10.1505,9.92109,9.80165,2551.68,6.49135,10.163,35.5989,41.239,38.5279,30.6403,0.550633,46.8904,2.16163,56.7898,1
155.623,105.122,1.68856,0,8.43043,8.38283,2386.97,6.36251,8.97148,57.0093,60.9314,58.3654,52.3049,0.643667,18.6804,1.46283,57.5999,1
158.233,107.213,1.74157,0,9.03897,8.96149,2459.28,6.46466,9.6423,45.8292,50.6922,47.9988,41.3481,0.625383,27.6042,1.72825,57.9448,1
160.603,109.355,1.97623,0,9.63509,9.5295,2531.57,6.71531,10.4031,36.677,41.5328,38.979,34.4939,0.56585,25.7864,1.25555,59.3356,0
161.031,109.591,1.99044,3.50326,9.9314,9.81193,2541.36,6.68619,10.1675,35.5401,41.2111,38.4822,30.6442,0.5599,46.5347,2.14782,58.9654,0
172.989,122.582,1.07487,0,8.43943,8.39064,2635.57,3.24171,8.99243,56.2698,59.6453,58.0693,51.7171,0.738417,19.8182,1.53833,29.3422,1
172.856,123.174,1.11518,0,8.403,8.35731,2605.38,3.3029,8.91133,57.079,60.5969,58.72,52.5183,0.7099,18.7251,1.49023,30.8153,1
172.779,123.007,1.14042,0,8.46835,8.41563,2635.08,3.31863,9.03831,55.8891,59.2794,57.5425,50.9373,0.745,20.5274,1.60905,30.7531,1
158.15,107.167,1.73485,0,9.11764,9.03244,2486,6.37079,9.69281,44.9136,49.8419,47.1749,40.516,0.61425,27.5114,1.73842,56.2669,1
160.477,108.48,1.91297,10.0885,9.85697,9.7422,2568.74,6.37718,10.1578,36.1976,41.8591,39.0893,31.2865,0.539733,47.039,2.13618,54.7878,1
156.39,105.513,1.72107,0,8.47718,8.42561,2379.69,6.58518,9.04233,55.9178,60.4621,57.4128,51.0136,0.61875,20.0089,1.56208,60.0595,0
156.178,105.682,1.64329,0,8.52574,8.46891,2414.09,6.26287,9.19718,54.3094,58.7748,55.8034,49.6076,0.662667,20.1183,1.53568,56.5958,1
159.724,108.525,1.89552,1.34418,9.52687,9.42966,2497.71,6.65947,9.65137,40.8872,47.0809,44.9424,34.2226,0.607917,46.6313,2.78777,59.242,0
172.975,122.491,1.0989,0,8.39226,8.34623,2607.65,3.26982,8.88733,57.2566,60.6768,58.9473,52.7081,0.732033,18.7843,1.49543,29.9024,1
158.503,107.218,1.7435,0,9.16973,9.08443,2481.57,6.35731,9.73066,44.0476,49.0272,46.3186,39.6766,0.613683,27.4581,1.74167,56.3165,1
172.863,123.191,1.11694,0,8.40522,8.35877,2605.64,3.30225,8.91024,57.0768,60.7733,58.6258,52.5109,0.720817,18.5501,1.46893,30.8525,1
158.438,107.431,1.75269,0,9.18247,9.09779,2481.47,6.36458,9.72096,44.0489,49.0549,46.3307,39.5264,0.6206,27.9637,1.78057,56.5493,1
158.379,107.378,1.73862,0,9.1825,9.09642,2489.92,6.37292,9.72657,44.1815,49.1388,46.4151,39.763,0.6096,27.4569,1.7425,56.3297,1
160.432,109.016,1.90409,10.121,9.8929,9.77477,2563.29,6.40294,10.1573,35.8387,41.4324,38.7485,30.8954,0.54525,46.8883,2.14978,55.786,1
156.151,105.645,1.64271,0,8.52705,8.47001,2413.95,6.27747,9.19833,54.3042,58.7854,55.7914,49.5696,0.658267,20.1583,1.54215,56.8097,1
160.971,109.607,1.99499,10.0841,9.85476,9.73885,2537.41,6.68686,10.139,36.1055,41.7573,39.0048,31.0808,0.543583,47.1639,2.1657,59.0262,0
160.188,109.065,1.94657,0,9.43886,9.33743,2511.61,6.72056,10.3027,38.879,43.404,40.4034,36.5795,0.569267,20.4598,1.06215,59.7949,0
160.574,109.309,1.94823,10.0989,9.86663,9.75031,2552.5,6.51583,10.1775,36.1459,41.7618,39.0243,31.1445,0.543317,46.828,2.16062,57.053,1
158.595,107.732,1.75892,0,9.17366,9.08763,2470.83,6.4618,9.73367,44.1328,49.131,46.3559,39.7719,0.615133,27.1348,1.72647,57.665,1
160.564,108.9,1.91077,10.1756,9.94342,9.82428,2579.81,6.41918,10.2027,35.6515,41.2281,38.5581,30.657,0.551483,47.1599,2.17278,55.3237,1
160.604,109.191,1.97078,0.757538,9.86293,9.74746,2536.09,6.67246,10.0897,36.5997,42.3846,39.7723,31.1849,0.566883,47.0202,2.33728,58.7141,0
160.199,109.04,1.92583,10.0654,9.8316,9.71781,2559.17,6.41548,10.1674,36.3444,41.9398,39.2146,31.4037,0.5513,46.7516,2.14062,55.8936,1
161.026,109.586,2.00444,0.125384,9.94683,9.82733,2540.71,6.67928,10.1734,35.4682,41.1135,38.4142,30.5651,0.560067,46.6752,2.15208,58.8616,0
161.235,109.802,1.99404,10.2054,9.97649,9.85448,2547.05,6.69378,10.1875,35.3208,40.901,38.2761,30.463,0.551517,46.3083,2.14675,59.0071,0
172.921,122.475,1.08607,0.0569872,8.41929,8.37407,2626.64,3.21726,8.94769,56.5743,59.9241,58.3558,52.2289,0.73955,18.9134,1.47553,29.1387,1
173.035,122.912,1.13985,0.000783167,8.43721,8.38825,2621.63,3.32402,8.98323,56.6846,60.3505,58.2231,52.0966,0.7323,18.8464,1.48315,30.692,1
160.602,108.578,1.90601,10.1245,9.89742,9.77947,2567.99,6.36871,10.1618,35.8779,41.4778,38.7894,30.8998,0.55405,47.2762,2.15973,54.815,1
173.161,122.663,1.12097,0.000759667,8.43042,8.38355,2623.37,3.28733,8.97988,56.5825,60.398,58.3604,51.8977,0.7218,19.7945,1.56567,29.8662,1
156.85,106.116,1.75997,0,8.49236,8.43718,2391.03,6.59874,9.1553,54.8386,59.5261,56.3497,49.8105,0.653084,20.4932,1.61307,60.5399,0
172.838,122.97,1.15084,0.067789,8.42605,8.37852,2619.29,3.34836,8.96192,56.8829,60.2602,58.4945,52.3176,0.728183,18.8972,1.49195,31.1396,1
158.645,107.741,1.76534,0.156186,9.15455,9.06843,2467.76,6.45752,9.71731,44.1631,49.1555,46.4441,39.8011,0.6064,27.5539,1.73732,57.7304,1
158.313,107.331,1.79093,0,8.99682,8.9206,2449.75,6.63519,9.61592,46.7023,51.792,48.9057,42.307,0.599633,26.2878,1.71078,59.5964,0
172.696,123.03,1.09081,0,8.37027,8.32657,2600.31,3.32662,8.86739,57.7605,61.1528,59.3717,53.0497,0.724933,19.1086,1.5117,31.135,1
158.333,107.36,1.79348,0,8.9994,8.92259,2447.04,6.64762,9.61516,46.4741,51.4705,48.6805,42.028,0.596067,26.4847,1.72288,59.8613,0
166.703,116.603,1.3165,0,8.4794,8.42558,2553.21,4.29574,9.06252,55.7635,59.2092,57.3255,50.7484,0.728033,20.5448,1.60715,38.9974,1
158.789,107.09,1.74731,0,9.17308,9.08537,2480.05,6.42615,9.73225,44.1033,49.1142,46.3603,39.6707,0.609817,27.5775,1.75462,56.5362,1
160.605,109.341,1.93806,10.082,9.85518,9.73885,2547.61,6.50909,10.1537,36.1662,41.8086,39.0459,31.1793,0.54095,46.9352,2.14895,57.0845,1
156.538,105.167,1.68634,0,8.51975,8.46351,2407.75,6.32331,9.19075,54.4303,58.938,55.9354,49.6886,0.657967,20.0814,1.54665,56.7173,1
157.263,106.594,1.72602,0,8.64885,8.59133,2406.79,6.62688,9.3076,52.6954,57.192,54.2339,47.9951,0.6453,20.8328,1.56372,60.5696,0
158.233,107.243,1.79281,0,8.97106,8.8965,2443.72,6.63992,9.59951,46.8541,51.9462,49.0002,42.4441,0.589317,26.1179,1.6966,59.8422,0
167.474,116.701,1.31119,0,8.53923,8.48041,2570.54,4.29493,9.20491,54.1249,58.5549,55.7275,49.497,0.7347,20.0907,1.54668,38.7559,1
160.642,108.944,1.9278,10.0619,9.8314,9.71711,2545.68,6.49035,10.1382,36.2708,41.9313,39.1567,31.2952,0.539533,46.9065,2.14677,56.7037,1
173.086,122.594,1.14134,0,8.43986,8.39124,2621.47,3.31283,8.99421,56.6721,60.1733,58.1885,52.0691,0.748983,18.837,1.48328,30.1627,1
172.899,123.203,1.12093,0,8.47359,8.4221,2643.59,3.28057,9.04869,55.9821,60.2486,57.5353,51.1764,0.7138,20.226,1.54952,30.2787,1
158.644,107.754,1.75605,0,9.18316,9.09746,2475.57,6.46648,9.7404,44.0813,49.1001,46.331,39.7631,0.61465,27.1986,1.72587,57.6407,1
158.673,107.59,1.76325,0,9.18446,9.0982,2479.87,6.47765,9.73467,44.0771,49.1147,46.3081,39.6428,0.616917,27.4458,1.75002,57.6286,1
173.092,122.552,1.0873,0.000132333,8.44994,8.40048,2630.29,3.23108,8.99355,56.2791,60.317,57.8345,51.8808,0.738316,18.6536,1.4442,29.2753,1
172.964,122.506,1.09139,0,8.42338,8.37758,2626.36,3.22649,8.95557,56.4648,59.8418,58.2678,52.1268,0.740567,19.0234,1.48125,29.3036,1
161.028,109.599,2.01161,1.29416,9.95072,9.83205,2545.25,6.68303,10.1758,35.5338,41.1697,38.4329,30.6191,0.566567,46.704,2.14185,58.7874,0
160.415,109.209,1.91658,10.1316,9.9053,9.78697,2564.64,6.40118,10.1662,35.7819,41.3885,38.7039,30.8105,0.541033,46.9567,2.16183,55.7061,1
158.532,107.452,1.76491,0,9.13988,9.057,2476.49,6.48281,9.69487,44.6859,49.6884,46.9442,40.2502,0.61385,27.6308,1.74723,57.6677,1
172.755,122.925,1.10827,0,8.40557,8.35887,2621.12,3.26619,8.90713,57.1311,60.7066,58.74,52.557,0.73155,18.7685,1.48398,30.286,1
172.851,123.042,1.13704,0.000126833,8.48475,8.43025,2636.89,3.31146,9.06878,55.6226,58.9333,57.2516,50.6701,0.760983,20.5877,1.60895,30.6051,1
158.377,107.399,1.79029,0,9.00524,8.92647,2445.02,6.64216,9.61961,46.3914,51.3438,48.5972,41.9792,0.623367,26.5348,1.71542,59.812,0
172.931,122.708,1.10332,0,8.4051,8.35665,2608.48,3.29691,8.91201,57.1378,60.6817,58.7209,52.5145,0.722933,18.8242,1.49233,30.4482,1
160.496,109.109,1.92836,10.1751,9.94369,9.82426,2578.39,6.43246,10.2051,35.6947,41.2477,38.567,30.653,0.53955,47.4931,2.17722,55.6525,1
158.221,106.973,1.72797,0,9.11828,9.03283,2486.4,6.36063,9.69686,44.934,49.8949,47.1787,40.4871,0.615,28.0478,1.75007,55.9713,1
158.695,107.612,1.76495,0,9.1649,9.07924,2471.59,6.46436,9.72129,44.1431,49.1165,46.3572,39.7678,0.61935,27.365,1.72693,57.7428,1
158.613,107.624,1.80493,0,9.07168,8.99081,2459.02,6.65538,9.66574,45.4228,50.3922,47.6777,40.9303,0.607233,28.0164,1.75783,59.6323,0
172.953,122.855,1.12691,0,8.48547,8.43079,2638.94,3.29039,9.074,55.5418,58.8632,57.2029,50.6079,0.756933,20.601,1.61297,30.1988,1
160.454,109.246,1.92692,10.1627,9.9303,9.81308,2575.21,6.43201,10.2038,35.7397,41.3158,38.6215,30.7899,0.533183,47.1291,2.15407,55.8184,1
158.994,107.989,1.79672,0,9.1689,9.08294,2464.98,6.66662,9.72885,44.131,49.1544,46.3655,39.7607,0.614384,27.1563,1.7303,59.7704,0
158.362,107.571,1.74801,0,9.17036,9.08545,2481,6.35246,9.71875,44.0725,49.0541,46.3271,39.635,0.610567,27.5695,1.75065,56.454,1
172.727,123.068,1.08709,0,8.37289,8.32865,2606.22,3.32253,8.87408,57.6949,61.0597,59.3036,52.9835,0.719483,19.1588,1.50872,31.0458,1
160.651,108.938,1.93204,10.057,9.83138,9.71567,2548.13,6.49995,10.1415,36.3107,41.9519,39.1917,31.3673,0.541667,46.6409,2.14137,56.839,1
172.942,123.069,1.10939,0.539487,8.39638,8.34788,2608.4,3.31,8.89873,57.0936,60.8903,58.8985,52.6846,0.7052,18.7353,1.4917,30.8931,1
158.643,107.747,1.76145,0.0150325,9.1865,9.10232,2475.61,6.46679,9.74,44.1027,49.1092,46.3204,39.7243,0.611684,27.2108,1.7287,57.6239,1
160.596,108.925,1.91791,10.1751,9.94429,9.82526,2579.88,6.41939,10.2008,35.6605,41.2515,38.557,30.6684,0.545967,47.0433,2.16773,55.3365,1
160.824,109.056,1.9212,10.1259,9.90169,9.78355,2549.25,6.49145,10.159,35.7286,41.3424,38.6581,30.7514,0.55375,46.9214,2.16432,56.7833,1
155.722,104.406,1.63809,0,8.39478,8.34796,2376.28,6.29703,8.89297,57.4286,61.1607,58.9622,52.7194,0.643483,18.7589,1.49432,56.6197,1
160.683,109.406,1.94281,10.1594,9.92979,9.81151,2548.45,6.50595,10.1713,35.5414,41.1745,38.4854,30.5618,0.552983,47.2036,2.17237,57.1006,1
156.147,105.457,1.64139,0,8.53271,8.47436,2415.78,6.27613,9.20381,54.1973,58.7112,55.7385,49.4706,0.652667,20.2446,1.55273,56.6817,1
157.982,106.805,1.70919,0,9.03623,8.95994,2474.29,6.35272,9.63541,45.9819,50.804,48.181,41.5939,0.62685,26.9001,1.70942,56.1415,1
172.775,123.094,1.14707,0,8.42237,8.37873,2617.74,3.34108,8.96067,56.9726,60.4489,58.4741,52.3114,0.728216,18.8896,1.4883,31.1202,1
156.985,106.313,1.73764,0,8.57387,8.51577,2400.71,6.61056,9.21704,53.8572,58.4697,55.3735,49.1403,0.662717,19.8071,1.54708,60.5415,0
160.54,108.854,1.90511,10.1307,9.90303,9.78387,2567.68,6.38154,10.1642,35.8534,41.4683,38.7672,30.9006,0.552667,46.923,2.15358,55.1819,1
156.399,105.847,1.69144,0,8.51454,8.4559,2404.69,6.3575,9.1916,54.4147,58.9747,55.9164,49.6884,0.641867,20.1511,1.5412,57.7013,1
160.441,109.215,1.92246,10.1262,9.90136,9.78286,2564.69,6.401,10.1616,35.825,41.4224,38.7391,30.8518,0.545483,47.04,2.16028,55.7452,1
172.921,122.485,1.08267,0,8.39343,8.34876,2621.66,3.29032,8.91073,57.6154,60.9859,59.2429,52.8962,0.720717,19.1692,1.52435,29.9093,1
160.579,109.294,1.95225,10.0826,9.85387,9.73933,2546.94,6.51446,10.1542,36.1807,41.8276,39.0697,31.2302,0.540617,46.775,2.14693,57.179,1
172.772,122.911,1.08077,0,8.37539,8.33129,2605.74,3.34506,8.88082,57.5916,60.9862,59.2219,52.9647,0.7261,19.0189,1.49733,31.303,1
161.046,109.607,2.01007,0.744069,9.96284,9.84232,2549.11,6.70079,10.2083,35.4046,41.0518,38.3945,30.5193,0.539717,46.8899,2.16647,59.0496,0
161.208,109.011,1.9854,10.0868,9.85509,9.7398,2542.57,6.66368,10.1723,36.1929,41.8347,39.0682,31.1433,0.5383,47.3709,2.17263,58.0507,0
172.706,123.059,1.10194,0,8.39517,8.34878,2604.8,3.30896,8.89332,57.2203,60.6476,58.8835,52.6185,0.7338,18.8845,1.50012,30.8806,1
160.591,109.313,1.9452,10.086,9.85776,9.74176,2547.46,6.51902,10.1557,36.1641,41.7968,39.0493,31.1807,0.541083,46.9814,2.15218,57.2673,1
158.1,107.335,1.75276,0,9.02978,8.9536,2460.41,6.46977,9.62733,45.987,50.8172,48.1677,41.589,0.6228,26.7385,1.7063,58.0919,1
155.55,105.117,1.66551,0,8.4374,8.38943,2400.86,6.24945,8.99222,56.7414,60.3981,58.237,52.0904,0.655567,18.8577,1.4887,56.125,1
160.623,109.389,1.95346,10.1094,9.87527,9.75778,2547.98,6.51349,10.1774,35.9883,41.5708,38.8387,30.9741,0.553083,47.2821,2.1568,57.1171,1
157.728,106.768,1.7651,0,8.88806,8.81785,2432.64,6.62945,9.48211,48.5959,53.752,50.9834,43.9954,0.595333,26.3772,1.7838,59.6818,0
160.738,108.65,1.93847,10.0667,9.83588,9.72233,2551.89,6.47457,10.1694,36.3739,41.9473,39.2241,31.4447,0.552417,46.4908,2.13113,55.9765,1
158.681,107.591,1.7611,0,9.18383,9.09678,2479.38,6.4765,9.7347,44.088,49.1118,46.3076,39.6502,0.617383,27.4136,1.74788,57.6213,1
158.319,107.512,1.7361,0,9.17,9.08385,2484.07,6.36099,9.72563,44.1077,49.1044,46.3735,39.7064,0.621583,27.3814,1.74933,56.2948,1
156.22,105.259,1.64301,0,8.53253,8.47497,2418.68,6.26601,9.20176,54.1965,58.7374,55.7418,49.5931,0.658583,19.9048,1.5254,56.3368,1
173.279,123.321,1.11272,0.0164982,8.41044,8.36615,2598.91,3.43594,8.93532,57.0156,61.1704,58.5701,52.4863,0.78645,18.8206,1.46505,32.2693,0
172.784,122.925,1.08466,0,8.37711,8.333,2607.43,3.33389,8.88205,57.5842,60.9997,59.2398,52.9723,0.727367,19.026,1.49983,31.1488,1
158.719,107.595,1.79073,0,9.05671,8.97648,2452.13,6.67641,9.65588,45.6239,50.5684,47.8488,41.1028,0.61835,27.9699,1.75512,60.1224,0
157.546,106.869,1.72253,0,8.69581,8.63849,2415.68,6.61931,9.38305,51.5684,56.2038,53.1218,47.1583,0.6599,19.5291,1.50663,60.2248,0
158.552,106.944,1.72369,0,9.19124,9.10761,2495.91,6.332,9.72581,44.111,49.165,46.3717,39.6701,0.611767,27.5835,1.75642,55.2355,1
161.062,109.618,2.00494,0.405776,9.95892,9.84039,2548.37,6.68376,10.2,35.4722,41.0734,38.4015,30.5555,0.555083,46.6967,2.15797,58.7569,0
156.355,105.657,1.72447,0,8.48151,8.4301,2380.68,6.57918,9.04699,55.8762,60.4337,57.3452,50.9094,0.6273,20.1382,1.56775,59.9552,0
172.949,122.761,1.09815,0,8.40402,8.35729,2609.09,3.30679,8.90881,57.2584,60.917,58.8039,52.6123,0.724217,18.6651,1.4839,30.628,1
158.469,107.434,1.75036,0,9.17033,9.08534,2485.68,6.35865,9.73494,44.1091,49.043,46.3637,39.7443,0.622767,27.4145,1.73437,56.2573,1
160.484,109.071,1.9211,10.1642,9.93248,9.81404,2573.92,6.42338,10.1981,35.7114,41.2447,38.6011,30.6933,0.543133,47.559,2.1736,55.6923,1
160.577,108.901,1.92097,10.1748,9.94322,9.82371,2579.24,6.41816,10.2039,35.6588,41.2406,38.5627,30.6402,0.546183,47.2567,2.17727,55.3291,1
160.233,108.88,1.92718,10.0611,9.82985,9.7174,2557.63,6.41785,10.1667,36.3559,41.919,39.2194,31.5039,0.546933,46.3124,2.11452,55.9253,1
160.707,108.665,1.92931,10.0507,9.82242,9.70804,2546.42,6.46539,10.1384,36.3515,41.9796,39.2345,31.3909,0.539117,46.8979,2.14418,56.1199,1
157.996,106.815,1.71248,0,9.03719,8.95965,2473.11,6.35297,9.63008,45.9563,50.8265,48.1824,41.595,0.62825,26.5693,1.70938,56.1816,1
158.716,107.656,1.76198,0,9.16975,9.08434,2471.34,6.45322,9.7215,44.0748,49.0659,46.3147,39.6689,0.6155,27.4069,1.74075,57.6302,1
155.392,104.974,1.64931,5.33333e-05,8.40583,8.35703,2386.36,6.2317,8.90469,57.2721,61.0439,58.7781,52.6557,0.646433,18.5688,1.46897,56.2919,1
161.063,109.616,1.99873,9.98333e-05,9.96624,9.84725,2549.36,6.6931,10.2106,35.4226,41.0468,38.3886,30.5109,0.553017,46.8894,2.16618,58.8673,0
160.504,109.267,1.9485,10.0703,9.83821,9.72372,2549.1,6.50686,10.1702,36.3526,41.9549,39.2183,31.3885,0.551967,46.8289,2.14525,57.0324,1
160.204,109.036,1.92119,10.0632,9.83005,9.71673,2556.84,6.41779,10.1652,36.3376,41.9354,39.2147,31.4463,0.554417,46.4743,2.12858,55.9678,1
160.528,108.815,1.90496,10.1275,9.8987,9.7809,2563.41,6.38526,10.1633,35.8569,41.4412,38.7593,30.9011,0.550033,46.8636,2.1509,55.389,1
157.9,107.179,1.73343,0,8.76321,8.69878,2424.34,6.62455,9.50547,50.0343,54.6018,51.4953,46.073,0.6266,18.4838,1.3873,60.0647,0
158.328,107.344,1.77716,0,9.00457,8.92744,2452.17,6.64566,9.61399,46.6052,51.5705,48.7344,42.1201,0.608133,26.518,1.71472,59.6533,0
156.385,105.509,1.74623,0.00486383,8.47314,8.42127,2387.15,6.59038,9.03951,56.1023,60.6,57.5541,51.034,0.627683,20.7875,1.58833,59.8811,0
172.851,122.999,1.14621,0.16841,8.42819,8.38081,2621.16,3.34099,8.96626,56.8252,60.2441,58.4115,52.2349,0.730783,18.9061,1.49172,31.0279,1
161.027,109.589,1.99138,10.0996,9.87062,9.75406,2542.13,6.68683,10.1478,36.0525,41.6893,38.9467,30.9893,0.539267,47.2401,2.17565,59.0024,0
160.324,108.703,1.9196,10.0623,9.83714,9.72146,2558.57,6.40386,10.1655,36.2653,41.8476,39.1449,31.379,0.54015,46.9281,2.12772,55.5723,1
158.595,107.762,1.80035,0,8.81582,8.74453,2448.4,6.64878,9.74104,47.7511,52.3136,49.0862,44.3039,0.60335,17.6644,1.25612,60.0189,0
160.912,108.788,1.92744,10.1227,9.89857,9.78019,2552.94,6.4612,10.1609,35.7839,41.3998,38.702,30.8257,0.550567,46.5755,2.1545,56.0671,1
160.708,108.675,1.91985,9.66588,9.9428,9.82337,2579.81,6.39326,10.2004,35.5992,41.2777,38.5,30.6528,0.550733,46.9879,2.15705,54.6631,1
158.237,106.984,1.73053,0,9.11874,9.03452,2487.08,6.36251,9.69882,44.9478,49.8847,47.1731,40.5443,0.6242,27.6941,1.73282,56.0371,1
160.901,108.785,1.91893,10.1206,9.89594,9.7776,2548.8,6.46185,10.1574,35.7386,41.3454,38.6655,30.7633,0.554717,46.866,2.1635,56.1678,1
172.792,123.113,1.12197,0.001538,8.40104,8.35633,2604.45,3.30072,8.91138,57.1135,60.5808,58.7208,52.5181,0.72085,18.7172,1.4899,30.7636,1
160.447,108.419,1.89655,10.082,9.8501,9.73482,2560.53,6.37089,10.1738,36.1936,41.828,39.082,31.2918,0.545183,47.2375,2.1356,54.7923,1
158.318,107.336,1.80035,0,8.99012,8.91385,2444.06,6.63905,9.61198,46.6267,51.6838,48.8509,42.2434,0.604967,26.3629,1.71072,59.7837,0
158.242,107.408,1.7678,0,9.07069,8.99179,2470.51,6.47057,9.67127,45.6974,50.5589,47.8737,41.1943,0.623517,27.8468,1.74102,57.82,1
160.491,108.797,1.90468,10.1295,9.90007,9.7813,2562.96,6.39107,10.1614,35.8546,41.467,38.7874,30.8997,0.556483,47.0803,2.15935,55.4609,1
161.062,109.593,2.00235,2.58358,9.96575,9.84577,2547.87,6.68458,10.2111,35.4211,41.0438,38.3911,30.4958,0.5472,46.9872,2.17073,58.7429,0
161.201,108.977,1.99645,10.096,9.86154,9.74537,2543.24,6.6585,10.1705,36.1569,41.7997,39.0232,31.1387,0.536817,47.1511,2.16167,57.963,0
160.182,109.027,1.92281,10.0616,9.83146,9.71669,2554.78,6.41373,10.1486,36.3417,41.9288,39.2241,31.4217,0.54795,46.9444,2.13422,56.014,1
158.359,107.581,1.73626,0,9.16995,9.08466,2482.53,6.35754,9.7223,44.0773,49.0515,46.332,39.719,0.614483,27.3631,1.73322,56.4207,1
172.78,122.638,1.07362,0,8.42311,8.37679,2633.61,3.27162,8.9673,56.7632,60.1176,58.455,52.3245,0.72675,19.0215,1.48343,29.987,1
160.284,108.897,1.97028,0.386728,9.72668,9.61466,2521.86,6.68672,9.96452,38.0461,43.9849,41.6173,32.1559,0.584733,47.2748,2.53923,59.1241,0
158.971,107.966,1.80522,0,9.13699,9.05326,2458.7,6.67123,9.71958,44.377,49.4147,46.6339,39.924,0.616317,27.3106,1.75645,60.0865,0
158.099,107.3,1.72935,0,9.11958,9.03566,2481.91,6.3771,9.69236,44.8405,49.8041,47.1104,40.4334,0.618217,27.5207,1.7438,56.5396,1
158.395,107.591,1.73019,0,9.18299,9.09905,2482.44,6.36588,9.73078,44.06,49.01,46.3341,39.7156,0.608733,27.4019,1.73522,56.4724,1
158.142,107.174,1.73568,0,9.11217,9.02708,2484.71,6.37258,9.68764,44.9125,49.8411,47.1471,40.5091,0.613583,27.4377,1.73277,56.3468,1
172.932,122.795,1.14074,0.423748,8.43189,8.38345,2619.6,3.33787,8.9749,56.7032,60.1712,58.2941,52.0924,0.741383,19.0287,1.49927,30.8515,1
158.753,107.385,1.76047,0,9.1617,9.07635,2467.88,6.44663,9.71455,44.085,49.0672,46.3156,39.6617,0.619733,27.4904,1.74267,57.4744,1
158.285,106.69,1.7224,0,9.11182,9.02821,2487.02,6.32859,9.69054,44.9959,49.9825,47.2859,40.6164,0.614783,27.8309,1.74245,55.215,1
156.351,105.045,1.64209,0,8.53505,8.47623,2419.52,6.22719,9.19653,54.1918,58.7316,55.7901,49.573,0.66175,20.049,1.54148,55.5508,1
161.12,109.24,1.99778,1.51524,9.84833,9.7332,2541.42,6.69172,10.1665,36.2454,41.9063,39.1314,31.2521,0.531917,47.1029,2.16102,58.7948,0
160.907,108.85,1.94391,10.1451,9.91226,9.79301,2568.61,6.48442,10.193,35.8898,41.4836,38.75,30.8483,0.6431,47.4433,2.1697,55.8153,1
158.656,107.773,1.74676,0.210815,9.18645,9.10093,2474.18,6.46627,9.73679,44.0812,49.1107,46.2917,39.6304,0.612033,27.5011,1.74677,57.6362,1
160.347,108.703,1.92023,10.0585,9.8314,9.7156,2558.81,6.40675,10.1629,36.2626,41.8602,39.1474,31.4072,0.5404,46.755,2.12015,55.6566,1
158.439,107.438,1.7473,0,9.16615,9.08098,2481.37,6.3649,9.72565,44.081,49.0611,46.3723,39.671,0.612833,27.7067,1.75495,56.4879,1
160.799,109.064,1.94395,10.1517,9.91828,9.79805,2568.84,6.51384,10.206,35.8671,41.5029,38.7438,30.8953,0.531733,47.1356,2.15718,56.465,1
158.316,107.361,1.79136,0,8.99572,8.91932,2445.81,6.63387,9.61206,46.4774,51.4689,48.699,42.0294,0.5947,26.5675,1.72737,59.6366,0
158.087,107.272,1.73314,0,9.08519,9.00366,2483.41,6.3803,9.67547,45.3074,50.2916,47.5929,40.9028,0.613717,27.7007,1.74483,56.4811,1
172.639,123.014,1.11597,0.000123167,8.40354,8.3559,2620.68,3.27267,8.90567,57.1638,60.7994,58.7728,52.5961,0.728933,18.6588,1.48132,30.4197,1
173.061,122.83,1.07561,0.034296,8.40335,8.35978,2637.53,3.27932,8.93574,57.1032,60.2672,58.8161,52.5256,0.7592,19.3171,1.51462,29.3543,1
172.816,123.169,1.1446,0,8.41877,8.37379,2620.29,3.34186,8.9563,56.8982,60.7015,58.5333,52.3223,0.714733,19.0398,1.4995,31.2027,1
156.431,105.424,1.6944,0,8.51682,8.45993,2403.35,6.35317,9.18837,54.416,58.9153,55.9207,49.7022,0.652067,20.0436,1.54112,57.5165,1
172.563,122.95,1.09673,0.000102667,8.39676,8.3489,2621.59,3.26458,8.89556,57.2243,60.6525,58.8381,52.5906,0.7319,18.879,1.49772,30.233,1
160.553,109.289,1.95504,10.096,9.86582,9.74847,2550.94,6.52317,10.1781,36.1351,41.7513,39.0092,31.1402,0.546433,46.8147,2.15768,57.1579,1
158.259,107.246,1.75647,0,9.04333,8.96513,2460.94,6.46681,9.64275,45.8022,50.6551,47.973,41.3434,0.6262,27.5074,1.72388,57.9316,1
172.838,123.135,1.1229,0,8.40487,8.35927,2604.29,3.29517,8.91576,57.1118,60.7036,58.635,52.4996,0.722167,18.6005,1.47378,30.7291,1
173.278,122.811,1.12494,1.51413,8.49851,8.43975,2649.59,3.23964,9.17321,54.3727,58.4312,56.1728,49.7587,0.74945,20.1935,1.5867,29.2135,1
158.353,106.771,1.7304,0,9.03714,8.96102,2463.11,6.42477,9.63435,45.9848,50.8234,48.1281,41.5873,0.632217,26.6008,1.6989,56.8718,1
156.153,105.473,1.63588,0,8.53284,8.47444,2416.38,6.27371,9.2037,54.2306,58.7251,55.7222,49.463,0.660783,20.2059,1.55132,56.6366,1
158.353,107.522,1.74269,0,9.18419,9.09936,2490.84,6.36357,9.73292,44.1199,49.1029,46.3948,39.756,0.60955,27.3675,1.73953,56.2533,1
158.511,107.433,1.76907,0,9.14487,9.0614,2477.1,6.47835,9.69852,44.6323,49.6363,46.8916,40.2256,0.622583,27.4471,1.74248,57.5845,1
160.813,109.036,1.92903,10.1384,9.91123,9.79338,2549.31,6.48518,10.1623,35.6768,41.2951,38.6163,30.7168,0.548983,46.9289,2.16043,56.7223,1
160.459,108.437,1.90229,10.0788,9.84732,9.73207,2560.07,6.37334,10.174,36.1942,41.826,39.083,31.3226,0.55285,46.8109,2.12878,54.8629,1
160.712,108.672,1.91739,9.62544,9.94148,9.82187,2577.82,6.39604,10.1997,35.5874,41.2513,38.4902,30.6396,0.55,47.0467,2.1577,54.7971,1
160.597,108.567,1.90776,10.1159,9.88931,9.7718,2566.11,6.36245,10.1553,35.8692,41.5146,38.7872,30.9106,0.546133,47.1713,2.15372,54.7733,1
158.603,106.904,1.76017,0,9.13173,9.04808,2477.05,6.42409,9.69497,44.8039,49.7639,47.0229,40.3475,0.613833,27.6873,1.74402,56.349,1
156.243,105.497,1.71264,0,8.4358,8.38829,2370.29,6.57001,8.97076,56.5898,61.1334,58.1105,52.0831,0.6571,18.7239,1.45457,60.1138,0
160.385,108.746,1.91757,10.0634,9.83563,9.72003,2561.64,6.38994,10.1461,36.292,41.892,39.2114,31.4131,0.540883,46.6685,2.13187,55.3808,1
160.2,109.053,1.92568,10.0631,9.83576,9.7203,2557.93,6.40565,10.1494,36.3425,41.9113,39.2288,31.4441,0.544217,46.5705,2.13025,55.8213,1
172.566,122.968,1.07486,0,8.39676,8.35031,2628.5,3.2805,8.91114,57.4742,60.7981,59.1093,52.8725,0.714767,18.9333,1.4966,30.3081,1
160.619,108.562,1.89343,10.124,9.89604,9.77835,2566.46,6.36466,10.1617,35.8636,41.4668,38.7788,30.8996,0.55415,47.2393,2.15683,54.7945,1
160.684,109.242,1.95733,10.1122,9.87835,9.7607,2550.85,6.52209,10.1764,35.9603,41.5353,38.8059,30.9359,0.546917,47.3998,2.15808,57.1403,1
172.589,122.805,1.08142,0.0015045,8.40444,8.36165,2631.3,3.28058,8.93454,57.2177,60.4714,58.8424,52.6712,0.7252,18.8964,1.4843,30.2654,1
158.239,107.419,1.75892,0,9.06588,8.98677,2469.1,6.46594,9.66611,45.7142,50.5803,47.9232,41.2593,0.61975,27.6604,1.73662,57.7641,1
172.783,122.557,1.10888,1.57678,8.39588,8.35004,2624.08,3.28945,8.90372,57.1216,60.4251,58.8231,52.5522,0.799117,18.998,1.50678,29.4702,1
172.779,122.681,1.08024,0.0104618,8.43581,8.38868,2633.75,3.26991,8.98664,56.4511,59.8263,58.1684,51.8721,0.733267,19.5714,1.52347,29.9843,1
158.11,107.322,1.71645,0,9.12241,9.03801,2481.81,6.35983,9.69136,44.8401,49.7829,47.0724,40.4125,0.61745,27.6043,1.73897,56.2455,1
158.68,107.589,1.75615,0.000795833,9.16713,9.08067,2470.39,6.46798,9.72508,44.1393,49.1131,46.3741,39.8276,0.616217,27.2096,1.7148,57.7857,1
160.433,109.023,1.90647,10.1226,9.89503,9.77609,2562.85,6.40308,10.1559,35.8362,41.4523,38.7723,30.8969,0.5467,46.9637,2.1569,55.7987,1
173.005,122.517,1.09733,0,8.43297,8.38663,2625.79,3.22744,8.97422,56.3558,59.885,58.0129,51.8616,0.737817,19.1876,1.48747,29.2544,1
180.703,130.632,0.898737,0,8.43445,8.38691,2722.59,2.08135,8.98773,56.6414,60.3208,58.2662,51.8708,0.739083,19.6527,1.55172,19.0103,1
158.524,107.207,1.76585,0,9.13493,9.05163,2475.19,6.46134,9.68924,44.7372,49.7119,46.9873,40.2706,0.61415,27.7458,1.7523,57.2451,1
160.367,109.133,1.9218,10.0995,9.87276,9.75498,2566.16,6.41392,10.1483,36.0109,41.6468,38.9043,30.9696,0.542667,47.2136,2.16925,55.8305,1
157.47,106.762,1.72522,0,8.69056,8.63006,2412.03,6.62931,9.34408,51.9139,56.6066,53.4421,47.3751,0.632267,19.6693,1.52832,60.53,0
158.862,107.157,1.75118,0,9.16662,9.08119,2468.01,6.4224,9.71839,44.0518,49.0274,46.3301,39.6804,0.613833,27.5475,1.73997,56.8633,1
160.187,109.025,1.92059,10.0591,9.82863,9.71417,2556.81,6.4158,10.1651,36.3669,41.9433,39.2302,31.4595,0.548317,46.4315,2.12668,55.9617,1
166.442,116.552,1.31769,0,8.43467,8.38688,2547.86,4.2971,8.9876,56.5666,60.0131,58.228,51.6461,0.71295,20.2378,1.59447,39.1053,1
172.834,123.121,1.1186,0,8.40092,8.3562,2604.03,3.32037,8.91234,57.1419,60.6579,58.7586,52.5172,0.718567,18.8768,1.50052,31.0879,1
156.411,104.955,1.74848,0.000649667,8.43374,8.38605,2383.86,6.54535,8.97826,56.9315,61.2192,58.3421,52.3133,0.668917,18.6423,1.45847,58.7782,0
158.69,107.578,1.78322,0,9.05273,8.97279,2452.67,6.67409,9.65722,45.647,50.6098,47.8795,41.1083,0.618917,28.0723,1.7623,60.0454,0
158.478,107.603,1.76483,0,9.14768,9.06334,2476.82,6.46401,9.69794,44.589,49.6067,46.8285,40.0947,0.6126,27.7737,1.75835,57.4493,1
158.678,107.568,1.78868,0,9.05925,8.97852,2453.39,6.67553,9.65875,45.6615,50.5957,47.85,41.1015,0.614017,28.0434,1.756,60.0558,0
155.661,104.732,1.60529,0.0194498,8.40907,8.36103,2389.88,6.34605,8.93376,57.6549,61.5914,59.0141,52.8074,0.628317,18.9804,1.49178,57.1234,1
156.163,105.468,1.64451,0,8.53234,8.47414,2417.17,6.2746,9.19898,54.2053,58.7154,55.7384,49.5244,0.656117,20.0869,1.54053,56.6172,1
156.474,105.733,1.68715,0,8.51931,8.46111,2406.05,6.36904,9.1928,54.374,58.9192,55.9086,49.7145,0.65465,19.9711,1.5356,57.905,1
160.535,108.856,1.89868,10.1284,9.89974,9.78124,2565.07,6.379,10.1629,35.8689,41.443,38.7611,30.8983,0.546917,46.9145,2.15295,55.2099,1
156.821,106.101,1.76805,0.110256,8.50971,8.4525,2403.78,6.61641,9.17921,54.4916,59.2527,56.1801,49.7138,0.67585,20.3529,1.59918,60.1263,0
172.653,123.015,1.0886,2.85e-05,8.39233,8.34401,2617.58,3.32391,8.908,57.5915,60.961,59.1966,52.9216,0.723933,18.8959,1.50597,30.8197,1
173.031,122.513,1.09696,0.000399167,8.43994,8.39132,2627.81,3.2274,8.98213,56.2709,59.939,57.9736,51.5832,0.737067,19.9248,1.54703,29.2786,1
160.901,108.775,1.92441,10.1182,9.89427,9.77574,2549.25,6.45704,10.1576,35.7662,41.4031,38.6833,30.807,0.55335,46.928,2.15515,56.0616,1
158.751,107.408,1.75483,0,9.18731,9.10152,2476.99,6.46035,9.7164,44.0404,49.0734,46.295,39.6578,0.6142,27.3398,1.73928,57.2891,1
172.805,122.902,1.10028,0.0082775,8.40064,8.35065,2607.88,3.31768,8.90171,57.1418,60.6465,58.7799,52.5403,0.727783,18.876,1.49797,30.8892,1
161.171,109.712,2.01138,10.0979,9.93511,9.81509,2550.37,6.71443,10.1867,35.601,41.2583,38.5501,30.6415,0.5501,47.5058,2.17075,59.1535,0
172.821,123.148,1.11819,2e-05,8.40128,8.35634,2604.83,3.31277,8.90844,57.1172,60.689,58.7294,52.5111,0.72275,18.786,1.49448,30.9882,1
161.015,109.589,2.01248,1.17178,9.95923,9.84101,2545.62,6.7032,10.1779,35.4971,41.1116,38.4092,30.5562,0.561133,46.9918,2.15355,59.1064,0
160.702,109.278,1.95478,10.1136,9.87959,9.76172,2552.13,6.52959,10.1783,35.9476,41.5308,38.7975,30.8977,0.545667,47.3468,2.16595,57.1827,1
161.201,108.954,1.99036,10.0784,9.85083,9.73419,2539.94,6.6604,10.1468,36.2047,41.8711,39.1099,31.1987,0.551133,47.0955,2.16448,58.1506,0
156.405,105.853,1.69002,0,8.51512,8.45582,2404.4,6.35028,9.1885,54.4419,58.9805,55.8946,49.6841,0.655183,20.106,1.53768,57.6511,1
156.14,105.483,1.63021,0,8.52967,8.47195,2415.64,6.27634,9.19925,54.2448,58.7561,55.7619,49.6015,0.6482,19.8834,1.52717,56.696,1
158.238,107.426,1.76604,0,9.06698,8.98719,2469.8,6.46428,9.67095,45.7057,50.5554,47.8717,41.2387,0.625917,27.6555,1.72695,57.7012,1
158.348,107.529,1.74086,0,9.17756,9.0915,2486.48,6.37202,9.73003,44.1345,49.1179,46.4087,39.7754,0.615483,27.2192,1.73902,56.4175,1
159.105,107.595,1.79941,0,9.1534,9.06664,2464.34,6.66387,9.72137,44.3453,49.391,46.5808,39.8431,0.6166,27.4705,1.76607,59.6137,0
158.308,106.707,1.71742,0,9.11155,9.02808,2487.57,6.32465,9.69344,44.9684,49.9535,47.2746,40.6392,0.617833,27.6776,1.73275,55.1637,1
161.047,109.607,2.00714,1.37239,9.96799,9.84773,2548.65,6.68598,10.2129,35.4084,41.0266,38.3986,30.4794,0.548217,47.1319,2.17925,58.7662,0
161.039,109.47,1.99773,6.16324,9.84246,9.72844,2545.08,6.70441,10.1641,36.2652,41.9596,39.1598,31.2933,0.5333,47.2179,2.15472,59.0272,0
158.375,107.563,1.74186,0,9.17632,9.09307,2480.75,6.36282,9.7224,44.0651,49.0602,46.318,39.5905,0.61545,27.862,1.76258,56.5438,1
158.364,106.751,1.73268,0,9.04015,8.96282,2460.38,6.42715,9.64096,45.9542,50.7857,48.1109,41.4899,0.627567,27.145,1.7171,56.9013,1
155.642,105.162,1.68253,0,8.42511,8.38078,2388.05,6.35541,8.96578,57.0688,60.8475,58.4721,52.3125,0.65275,18.8825,1.4893,57.4067,1
158.45,107.46,1.73632,0,9.17982,9.09521,2480.49,6.36315,9.72671,44.0328,49.0048,46.3138,39.6682,0.612583,27.4486,1.7415,56.464,1
156.432,105.679,1.69246,0,8.519,8.46199,2403.39,6.37383,9.18918,54.3818,58.9049,55.9096,49.677,0.65925,20.0372,1.54172,57.9678,1
158.69,107.62,1.75813,0,9.18352,9.09663,2478.64,6.47688,9.73919,44.062,49.1036,46.3305,39.6685,0.6135,27.4668,1.74847,57.6267,1
160.72,109.284,1.95352,10.1128,9.88073,9.76318,2551.33,6.52917,10.1796,35.9448,41.5216,38.8085,30.8939,0.5437,47.3679,2.17052,57.225,1
160.361,108.717,1.91205,10.0738,9.84547,9.72871,2563.25,6.39897,10.1523,36.2488,41.8656,39.1558,31.3668,0.539683,46.7554,2.13003,55.4588,1
160.814,109.05,1.93378,10.1291,9.90344,9.78519,2550.31,6.48604,10.1585,35.7194,41.3444,38.6355,30.7274,0.54615,46.969,2.16445,56.6514,1
172.709,123.032,1.08831,0.144256,8.37047,8.32714,2601.48,3.33568,8.8703,57.7448,61.141,59.383,53.0342,0.723183,19.1408,1.51477,31.1741,1
160.605,109.118,1.95595,10.0867,9.85503,9.74037,2553.48,6.52056,10.1743,36.2056,41.8476,39.1089,31.2613,0.5501,46.404,2.15163,57.0122,1
172.818,123.119,1.14445,0,8.43065,8.38216,2617.5,3.32468,8.96623,56.8746,60.5514,58.389,52.3117,0.728717,18.7536,1.4669,30.887,1
160.626,109.162,1.95605,10.0881,9.85588,9.74151,2555.38,6.52397,10.177,36.1755,41.8297,39.0885,31.2403,0.545683,46.494,2.15252,57.0293,1
158.358,106.757,1.73923,0,9.04272,8.96632,2461.84,6.43917,9.6467,45.9679,50.7912,48.0848,41.5347,0.637267,27.0722,1.70463,57.1091,1
157.532,106.84,1.7172,0,8.69841,8.63904,2416.33,6.62391,9.38354,51.6133,56.2712,53.1382,47.1797,0.6257,19.5123,1.50765,60.2879,0
158.768,107.106,1.74683,0.0521193,9.17441,9.08681,2477.88,6.41523,9.73172,44.1121,49.1152,46.3641,39.6821,0.61095,27.3899,1.75032,56.4335,1
160.904,108.835,1.93232,10.1591,9.92613,9.80837,2571.21,6.48659,10.2068,35.852,41.4065,38.7175,30.866,0.53305,47.229,2.15888,55.7975,1
156.987,106.284,1.73973,0,8.54015,8.48184,2397.85,6.59128,9.19084,54.1708,58.7869,55.7522,49.464,0.654483,19.9874,1.5574,60.3094,0
172.936,123.035,1.11548,0.00483933,8.39809,8.34927,2606.78,3.30452,8.89982,57.1684,60.7635,58.8349,52.6613,0.712783,18.6499,1.48123,30.8085,1
159.039,107.794,1.80494,0.0232853,9.13707,9.05272,2468.55,6.6605,9.72991,44.6153,49.6041,46.8649,40.2056,0.595267,27.6463,1.7457,59.5854,0
172.613,122.828,1.07409,0,8.4028,8.36082,2631.29,3.2904,8.93176,57.2845,60.5312,58.8689,52.7082,0.721067,18.8444,1.48152,30.4065,1
172.878,122.774,1.07335,0,8.39777,8.35185,2624.08,3.31556,8.91656,57.5832,61.4077,59.1671,52.8929,0.699783,19.072,1.50687,30.4606,1
160.568,109.186,1.97963,0.373126,9.84617,9.7318,2534.46,6.67672,10.0717,36.7499,42.5454,39.992,31.2879,0.569083,47.07,2.36225,58.8406,0
161.041,109.61,2.00205,0.540648,9.96212,9.84154,2549.52,6.68178,10.2072,35.4724,41.076,38.3962,30.5587,0.5569,46.6475,2.15493,58.6682,0
158.517,107.219,1.73608,0,9.17115,9.0866,2485.2,6.34586,9.74038,44.0755,49.0228,46.3379,39.7993,0.622067,27.1815,1.7186,55.9725,1
158.36,107.576,1.72354,0,9.17451,9.09059,2481.53,6.36065,9.72716,44.0662,49.046,46.3277,39.7253,0.607433,27.3376,1.72938,56.4403,1
160.4,109.208,1.90898,10.119,9.89524,9.77758,2561.91,6.40239,10.1572,35.8196,41.4235,38.7393,30.8916,0.54475,46.723,2.1475,55.8116,1
172.941,122.498,1.06735,0,8.39388,8.34775,2620.95,3.28486,8.90776,57.6912,61.0143,59.3082,52.9701,0.710867,19.093,1.51692,29.7934,1
160.583,108.921,1.92266,10.1755,9.94429,9.82477,2578.45,6.41884,10.2024,35.6551,41.253,38.5523,30.642,0.541017,47.2244,2.17473,55.3424,1
173.106,122.625,1.14439,0,8.43953,8.39089,2625.08,3.28906,8.99314,56.6915,60.125,58.2507,52.058,0.742067,19.0238,1.50035,29.8039,1
157.063,106.37,1.72542,0,8.55328,8.49194,2398.72,6.58956,9.20639,54.0408,58.6778,55.6405,49.4222,0.667583,19.7011,1.54117,60.2715,0
158.781,107.414,1.74906,0,9.16278,9.07721,2467.9,6.44364,9.7172,44.0495,49.0492,46.3094,39.6694,0.613167,27.4256,1.73832,57.4422,1
158.283,106.697,1.71591,0,9.11328,9.0294,2486.44,6.32764,9.69455,44.9784,49.927,47.221,40.631,0.61365,27.5822,1.72085,55.2387,1
172.631,122.986,1.12221,0.000981333,8.39976,8.35253,2621.9,3.25923,8.89979,57.1982,60.6868,58.8435,52.5753,0.728333,18.9617,1.50302,30.1793,1
160.784,109.079,1.93663,10.113,9.87969,9.76078,2554.07,6.51034,10.1798,35.8965,41.5004,38.7838,30.8964,0.539167,47.3262,2.16262,56.7735,1
160.987,109.506,2.00562,1.50885,9.97052,9.84723,2545.73,6.68799,10.154,35.4489,41.0704,38.4062,30.641,0.56185,45.9131,2.12257,58.8576,0
158.297,107.498,1.74115,0,9.17566,9.08889,2486.93,6.364,9.7267,44.1252,49.1185,46.3308,39.6201,0.608617,27.511,1.75922,56.2961,1
157.225,106.561,1.72526,0,8.63929,8.58194,2407.4,6.60458,9.29533,52.8336,57.345,54.4324,48.2746,0.648917,20.6226,1.5416,60.2525,0
158.663,107.749,1.75983,0,9.15693,9.07143,2469.22,6.45457,9.72163,44.1607,49.1557,46.4387,39.8008,0.60775,27.5022,1.73833,57.6908,1
156.123,105.46,1.6512,0,8.5333,8.47416,2414.93,6.27657,9.20249,54.2157,58.7228,55.7144,49.5102,0.658117,20.0823,1.54052,56.6899,1
172.69,123.096,1.14821,0,8.4428,8.39437,2633.62,3.28947,8.99708,56.404,59.6412,58.0647,51.3848,0.746683,20.5916,1.61853,30.4004,1
158.55,106.958,1.72083,0,9.18819,9.10457,2496.61,6.33239,9.72504,44.1479,49.19,46.3955,39.719,0.6055,27.4951,1.74913,55.1488,1
158.087,106.541,1.70615,0,9.0308,8.9548,2473.71,6.32294,9.63076,46.0232,50.8935,48.2236,41.678,0.61955,26.8483,1.6989,55.5181,1
158.519,107.435,1.76155,0,9.13642,9.05279,2475.43,6.48607,9.69387,44.7074,49.6907,46.9513,40.2713,0.6164,27.6548,1.7454,57.7038,1
160.683,109.235,1.96611,10.1118,9.87876,9.76155,2550.28,6.52339,10.1758,35.9723,41.5446,38.815,30.9033,0.54435,47.6119,2.16895,57.2158,1
158.249,107.253,1.74107,0,9.03729,8.95928,2462.81,6.46264,9.64345,45.8412,50.7029,48.0442,41.3844,0.611983,27.379,1.73163,57.8302,1
172.859,122.721,1.07533,0.09023,8.39064,8.34445,2605.54,3.32939,8.90832,57.5129,61.0364,59.0441,52.8022,0.725983,19.1095,1.49748,30.907,1
158.514,107.214,1.73042,0,9.16918,9.08359,2483.71,6.35911,9.73131,44.0575,49.0145,46.3343,39.6948,0.610534,27.4767,1.7399,56.2063,1
156.289,104.832,1.67701,0.0118948,8.37843,8.3338,2368,6.53913,8.88112,57.8211,61.8245,59.2162,52.9724,0.7621,18.9578,1.49408,59.0821,0
157.883,107.109,1.71664,0,9.00622,8.93,2473.71,6.36638,9.62047,46.2326,51.2017,48.4646,41.8507,0.609283,26.5123,1.71425,56.4815,1
158.192,107.205,1.79231,0,8.97582,8.90057,2442.11,6.62912,9.6022,46.9303,52.0615,49.1226,42.5118,0.59155,26.2873,1.71152,59.6124,0
157.874,107.164,1.72225,0,9.02167,8.94743,2465.8,6.35335,9.62499,45.996,50.8234,48.1988,41.5904,0.625233,27.0915,1.71458,56.7085,1
160.704,108.655,1.93025,10.0549,9.826,9.71333,2546.63,6.46583,10.1431,36.3496,41.956,39.2355,31.4424,0.544267,46.7023,2.13022,56.1503,1
172.992,122.753,1.10391,0,8.39563,8.34955,2609.36,3.29794,8.89585,57.228,61.0676,58.8953,52.6426,0.711117,18.8523,1.50083,30.5376,1
156.933,105.731,1.74885,0,8.47626,8.42006,2389.85,6.56118,9.13983,54.9494,59.527,56.435,49.9901,0.664867,20.701,1.58788,59.8613,0
158.777,107.315,1.78911,0,9.05303,8.97214,2460.4,6.66304,9.65959,45.717,50.6609,47.9485,41.1502,0.6078,28.2135,1.76865,59.5092,0
160.569,109.3,1.93936,10.0745,9.84601,9.73167,2545.14,6.50892,10.1457,36.1873,41.8356,39.095,31.2744,0.54295,46.5594,2.13805,57.1378,1
158.329,107.523,1.74259,0,9.19392,9.10932,2496.4,6.38042,9.7432,44.1402,49.1114,46.4016,39.7841,0.619317,27.238,1.73815,56.2619,1
172.995,122.892,1.12045,0,8.4913,8.43737,2642.34,3.27913,9.08354,55.4037,58.7899,57.1404,50.582,0.767133,20.5147,1.60587,30.0172,1
156.391,105.854,1.65911,0,8.52786,8.47282,2427.46,6.30536,9.1964,54.2676,58.9105,55.8827,49.6406,0.648267,19.9872,1.54583,56.9096,1
159.009,107.486,1.80046,0,9.14256,9.06001,2470.39,6.66746,9.70053,44.6155,49.6717,46.9334,40.0588,0.606033,27.9195,1.79827,59.3709,0
156.4,105.837,1.69687,0,8.51053,8.45283,2402.72,6.38207,9.18276,54.3768,58.9841,55.9383,49.5187,0.657233,20.7472,1.58833,58.1512,1
161.176,109.319,1.98499,10.0734,9.84017,9.72538,2535.48,6.69254,10.1635,36.1915,41.7975,39.0512,31.1579,0.545633,47.2736,2.16268,58.9536,0
160.731,108.68,1.93537,10.0516,9.82488,9.71065,2549.37,6.46332,10.1404,36.3503,41.9729,39.2353,31.4622,0.538683,46.4333,2.12435,56.0535,1
157.052,106.37,1.72968,0,8.55624,8.49603,2400.66,6.59123,9.20992,54.0457,58.6476,55.6158,49.3598,0.671433,19.8441,1.55238,60.2844,0
173.12,123.003,1.12739,0.031164,8.48796,8.43342,2645.63,3.27104,9.15182,54.8405,58.3852,56.5435,50.1276,0.777067,20.1594,1.58315,29.921,1
155.623,105.117,1.66116,0,8.40656,8.36046,2375.63,6.33034,8.91506,57.2573,61.1029,58.6803,52.5125,0.636767,18.7046,1.4807,57.5805,1
160.588,109.141,1.93837,10.0663,9.83611,9.72147,2546.6,6.5109,10.1443,36.2681,41.8829,39.1428,31.294,0.544633,46.8806,2.14615,57.09,1
172.875,122.737,1.07715,0.183524,8.39625,8.34987,2610.33,3.3026,8.9133,57.509,61.0972,59.0248,52.7914,0.72395,19.1295,1.50072,30.4753,1
156.552,105.311,1.6455,0,8.53999,8.48275,2423.76,6.23405,9.20266,54.2721,58.5709,55.6944,49.5462,0.68205,19.8468,1.52683,55.5196,1
172.681,123.006,1.08858,0,8.36583,8.32155,2599.4,3.33821,8.85751,57.7725,61.1632,59.4075,53.051,0.726633,19.1893,1.51633,31.234,1
160.786,109.057,1.95023,10.1151,9.88112,9.76338,2553.92,6.50934,10.18,35.9359,41.5173,38.8071,30.8903,0.538683,47.5434,2.17048,56.7695,1
172.514,122.939,1.0712,0,8.39941,8.35197,2626.95,3.28695,8.91658,57.5018,60.8283,59.0536,52.8424,0.7114,18.9144,1.4913,30.4167,1
156.08,105.605,1.6438,0,8.52989,8.47353,2415.3,6.2776,9.20339,54.2768,58.741,55.7764,49.6507,0.65895,19.9781,1.51902,56.7431,1
156.144,105.464,1.6455,0,8.53244,8.47505,2417.72,6.28045,9.20283,54.1841,58.7346,55.7497,49.5679,0.660233,19.9749,1.53253,56.6846,1
172.747,122.914,1.08442,0.0062215,8.37266,8.32894,2607.19,3.33633,8.87533,57.6284,61.0242,59.2854,52.9858,0.728883,19.0789,1.50703,31.1138,1
160.402,109.195,1.91826,10.1327,9.90513,9.78757,2563.69,6.40377,10.1669,35.7742,41.3865,38.6833,30.8091,0.548767,46.9199,2.15818,55.7767,1
161.02,109.592,2.00403,10.0999,9.86948,9.75304,2540.8,6.68068,10.1488,36.0512,41.6779,38.926,30.9731,0.540567,47.2873,2.17678,58.9307,0
158.522,107.158,1.7587,0,9.13324,9.04916,2472.81,6.46776,9.69691,44.7907,49.753,47.0028,40.3589,0.614767,27.7131,1.73737,57.362,1
158.272,107,1.74102,0,9.03637,8.95969,2461.63,6.44974,9.64252,45.8534,50.7509,48.0351,41.3548,0.627967,27.71,1.73587,57.5158,1
158.852,107.185,1.74621,0,9.16625,9.08212,2472.37,6.41271,9.71976,44.0728,49.057,46.3724,39.6728,0.613417,27.62,1.75432,56.6354,1
158.542,107.182,1.75853,0,9.13155,9.04823,2473.76,6.46533,9.69342,44.7565,49.7303,47.038,40.3865,0.6237,27.4907,1.7372,57.3916,1
157.397,106.737,1.72683,0,8.67018,8.6128,2406.85,6.6236,9.32597,52.2103,56.8632,53.7366,47.7546,0.646633,19.5178,1.50238,60.5567,0
158.379,107.368,1.73862,0,9.18412,9.1002,2491.57,6.37317,9.73215,44.1293,49.138,46.4264,39.7035,0.611867,27.7053,1.76312,56.2408,1
160.377,108.712,1.92031,10.0757,9.84608,9.72985,2560.96,6.3895,10.1522,36.244,41.8535,39.1529,31.3877,0.531133,46.622,2.12412,55.3666,1
156.536,105.2,1.68131,0,8.52422,8.46734,2407.43,6.32477,9.19373,54.4508,58.9406,55.9109,49.6921,0.657333,20.0514,1.54032,56.7613,1
161.044,109.571,1.99606,8.65971,9.93104,9.81161,2541.67,6.68416,10.1869,35.5379,41.1718,38.455,30.6397,0.550217,46.9281,2.14637,58.9416,0
158.411,107.596,1.73918,0,9.17898,9.09504,2480.52,6.36282,9.72976,44.0472,49.0021,46.3105,39.686,0.617133,27.4595,1.73695,56.4852,1
158.344,107.394,1.78252,0,8.99145,8.91384,2439.57,6.63469,9.6121,46.4582,51.4398,48.646,42.0087,0.60635,26.4906,1.72075,59.8287,0
157.041,105.538,1.74801,0,8.49144,8.4342,2398.93,6.56165,9.16509,54.8139,59.377,56.2494,49.8858,0.659217,20.4457,1.57232,59.3502,0
156.552,105.864,1.74241,0,8.4712,8.42099,2392.31,6.56754,9.03951,56.0738,60.5735,57.6203,51.3354,0.64595,19.9319,1.5309,59.6493,0
160.938,109.487,1.99164,1.4242,9.94929,9.82698,2541.66,6.68121,10.1339,35.5598,41.2233,38.5429,30.6144,0.562333,46.5231,2.16588,58.8361,0
160.508,109.14,1.92198,10.1744,9.94257,9.82353,2578.86,6.42953,10.206,35.71,41.2455,38.5877,30.6512,0.536467,47.5408,2.18032,55.651,1
160.957,109.58,2.00531,10.077,9.84995,9.73445,2537.44,6.6877,10.1388,36.1166,41.7783,39.0096,31.0657,0.540417,47.2638,2.17182,59.0715,0
161.077,109.207,1.99443,10.0746,9.84636,9.72954,2540.34,6.6843,10.1452,36.2276,41.8505,39.1027,31.1602,0.549167,47.2387,2.17077,58.7471,0
161.263,109.039,2.01392,10.0831,9.85068,9.73493,2537.75,6.6735,10.1647,36.1098,41.6812,38.9537,31.0599,0.5481,47.4068,2.1625,58.3457,0
156.325,104.865,1.67868,0,8.38785,8.34258,2367.43,6.52798,8.89937,57.5679,61.9432,59.0215,52.8196,0.713733,18.9093,1.48763,59.085,0
160.697,108.673,1.91034,10.0944,9.94183,9.82256,2577.28,6.38719,10.2065,35.6157,41.2171,38.4903,30.6506,0.560933,47.1664,2.1542,54.6531,1
158.361,106.759,1.74353,0,9.04562,8.96856,2465.18,6.41211,9.64447,45.9631,50.7948,48.106,41.4831,0.6362,27.2189,1.7206,56.5566,1
156.341,105.661,1.73316,0,8.48909,8.4369,2383.67,6.57301,9.05921,55.7017,60.2623,57.237,50.7544,0.620533,20.284,1.58068,59.8302,0
158.284,107.295,1.79408,0,8.99179,8.91591,2444.61,6.63171,9.61229,46.7664,51.8669,48.9309,42.2932,0.596133,26.4208,1.72073,59.6072,0
172.946,123.063,1.11705,0,8.40409,8.35625,2609.91,3.2994,8.91267,57.1166,60.8384,58.7478,52.514,0.717133,18.823,1.49632,30.7077,1
158.658,107.575,1.74632,0,9.194,9.1071,2480.97,6.47747,9.74053,44.0913,49.1038,46.2919,39.6773,0.618917,27.3192,1.73675,57.5576,1
161.115,109.237,1.99506,1.20285,9.84865,9.73487,2540.79,6.69238,10.1689,36.2462,41.9043,39.1123,31.223,0.535567,47.222,2.16217,58.8062,0
158.279,106.692,1.72225,0,9.11365,9.03047,2485.68,6.32775,9.69408,44.9813,49.9179,47.2221,40.596,0.61325,27.689,1.72997,55.2683,1
157.873,107.132,1.73659,0,9.02512,8.94992,2464.97,6.36695,9.62885,46.0134,50.8201,48.1665,41.583,0.628383,27.1299,1.70837,56.9247,1
157.077,105.535,1.74357,0,8.50323,8.44598,2395.6,6.54361,9.17813,54.5324,59.1087,56.0458,49.7301,0.669733,20.3691,1.56102,59.1228,0
158.1,107.325,1.73147,0,9.12915,9.04549,2482.74,6.36694,9.69788,44.8424,49.7804,47.0703,40.4073,0.610583,27.6456,1.74098,56.3872,1
160.619,109.375,1.95283,10.1088,9.87399,9.75534,2549.91,6.52897,10.179,35.9858,41.5862,38.8395,30.9747,0.557033,47.2597,2.1573,57.3597,1
160.338,108.683,1.91922,10.066,9.83672,9.72087,2558.91,6.40172,10.1667,36.2339,41.8276,39.121,31.3743,0.540733,46.881,2.12157,55.5398,1
158.209,107.416,1.74628,0,9.05998,8.98188,2466.91,6.47351,9.65947,45.7563,50.6258,47.9445,41.2799,0.623833,27.6431,1.73498,57.9508,1
158.276,107.024,1.75198,0,9.04476,8.96745,2462.81,6.45986,9.65028,45.9337,50.775,48.0736,41.4615,0.631333,27.3554,1.72007,57.5778,1
172.89,123.214,1.14076,0.0212463,8.4296,8.38137,2618.57,3.32059,8.96561,56.911,60.4619,58.4189,52.2791,0.7191,18.9429,1.48343,30.7854,1
160.611,108.57,1.90385,10.1043,9.87824,9.76039,2568.51,6.36968,10.1499,35.9664,41.6141,38.8315,30.8868,0.5447,47.4874,2.1743,54.7466,1
172.72,123.081,1.0967,0,8.36771,8.32322,2600.12,3.32777,8.86628,57.762,61.1525,59.3896,53.0114,0.724767,19.2174,1.524,31.1172,1
172.76,122.925,1.07067,0,8.37593,8.3319,2602.78,3.32594,8.88169,57.5589,60.9703,59.2101,52.9576,0.728233,19.024,1.49532,31.0125,1
160.474,108.489,1.90352,10.0824,9.85073,9.73632,2568.79,6.37678,10.1541,36.2498,41.9079,39.1185,31.2974,0.5394,47.0389,2.1397,54.7237,1
172.933,122.494,1.08457,0,8.39204,8.34764,2617.98,3.28179,8.91083,57.6337,61.0042,59.2817,52.9715,0.715667,19.0972,1.5154,29.7852,1
160.891,109.447,1.99459,0.586478,9.94822,9.82755,2547.78,6.67769,10.162,35.7195,41.3823,38.6958,30.6364,0.5567,46.8537,2.20782,58.63,0
160.78,109.067,1.94172,10.1156,9.88259,9.76388,2553.78,6.51129,10.1805,35.916,41.512,38.8013,30.8982,0.550833,47.5805,2.1673,56.7901,1
158.752,107.393,1.74852,0,9.1924,9.10584,2479.95,6.45703,9.71713,44.0588,49.0745,46.3011,39.6542,0.61665,27.3515,1.73998,57.2189,1
156.235,105.281,1.64317,0,8.53953,8.48151,2420.18,6.26333,9.20208,54.2071,58.7239,55.6894,49.5914,0.659967,19.7423,1.51323,56.2574,1
156.426,105.843,1.68808,0,8.51195,8.45454,2402.93,6.36973,9.18802,54.4016,58.9683,55.9452,49.7066,0.7253,20.1921,1.54215,57.9698,1
158.682,107.593,1.75288,0,9.18979,9.10227,2480.5,6.47047,9.73827,44.0649,49.0752,46.3088,39.6961,0.616267,27.2174,1.73518,57.5158,1
156.029,104.672,1.66232,0,8.44066,8.39264,2393.91,6.32396,8.99001,56.8543,60.6065,58.2483,52.092,0.655667,18.9053,1.49077,56.4891,1
160.842,109.404,1.9956,0.388766,9.9355,9.81495,2544.32,6.67905,10.1474,35.8731,41.5347,38.8503,30.6611,0.558683,47.1866,2.24045,58.6929,0
157.441,106.763,1.7332,0,8.67794,8.61797,2409.83,6.62178,9.3399,51.9795,56.6729,53.5242,47.3211,0.644667,20.0659,1.56268,60.4548,0
156.366,104.53,1.71796,0.00363817,8.53601,8.47912,2425.9,6.47057,9.2003,54.1963,58.5998,55.8112,49.5877,0.806367,19.9798,1.54348,56.282,1
157.255,106.598,1.71463,0,8.64333,8.5852,2406.6,6.60706,9.29881,52.7969,57.2922,54.3616,48.1367,0.646767,20.904,1.5594,60.2992,0
156.445,105.888,1.69411,0,8.51293,8.45731,2403.83,6.34833,9.18944,54.4034,58.8978,55.9653,49.7013,0.661717,20.0977,1.55017,57.6486,1
157.912,107.012,1.7178,0,9.0365,8.95997,2470.93,6.3641,9.63666,45.9924,50.8219,48.1567,41.6036,0.627833,26.7796,1.70105,56.5613,1
160.672,109.391,1.93508,10.1598,9.92975,9.81087,2553.17,6.50565,10.1693,35.5442,41.1966,38.4886,30.6119,0.550017,46.843,2.15793,57.0039,1
160.433,108.436,1.89935,10.0745,9.84293,9.7276,2560.09,6.37655,10.1714,36.1932,41.8259,39.086,31.334,0.5487,46.7525,2.12448,54.9443,1
161.013,109.589,2.00842,3.10439,9.96237,9.84405,2545.16,6.69038,10.1741,35.4662,41.0939,38.3961,30.5812,0.562733,46.7565,2.14132,58.9287,0
158.464,107.574,1.76225,0,9.14671,9.06209,2471.5,6.4704,9.69717,44.5789,49.596,46.8237,40.0933,0.610183,27.7586,1.75755,57.7026,1
160.741,109.255,1.9332,10.1385,9.90924,9.79113,2548.74,6.50648,10.1625,35.6771,41.2915,38.6035,30.6864,0.550217,47.1106,2.16692,57.1061,1
158.683,107.6,1.76244,0.00627183,9.16029,9.07441,2467.73,6.46551,9.7218,44.1794,49.1505,46.3843,39.8117,0.613617,27.3965,1.72265,57.7942,1
160.472,109.28,1.95082,10.0527,9.82404,9.70902,2543.77,6.50402,10.1393,36.3465,41.9463,39.2325,31.4572,0.541083,46.4898,2.1246,57.0998,1
158.556,107.198,1.76067,0,9.13603,9.05237,2476.81,6.46972,9.69493,44.7229,49.6957,46.9684,40.2648,0.613717,27.7419,1.75082,57.32,1
172.802,122.658,1.09131,0.021185,8.40174,8.36018,2621.71,3.25907,8.91887,56.9715,60.2469,58.6881,52.5008,0.73515,18.8648,1.48695,30.0362,1
158.245,107.269,1.78589,0,8.96647,8.89245,2443.29,6.62399,9.59655,46.851,51.9732,49.0651,42.4538,0.593,26.2586,1.70928,59.5584,0
158.47,107.568,1.76998,0,9.14174,9.05746,2467.68,6.48765,9.69196,44.538,49.5725,46.7957,40.0397,0.623717,27.8897,1.76485,58.0238,1
157.031,105.511,1.74203,0,8.48908,8.43264,2396.13,6.55721,9.16185,54.7514,59.3296,56.2418,49.833,0.679683,20.6297,1.58368,59.3261,0
158.533,106.929,1.72683,0,9.18889,9.10544,2496.89,6.34733,9.72521,44.1977,49.2412,46.4533,39.7908,0.606217,27.3945,1.74638,55.3746,1
158.22,107.405,1.7412,0,9.06111,8.98196,2465.02,6.46688,9.65822,45.7596,50.6333,47.93,41.3199,0.62145,27.3485,1.72165,57.8906,1
161.033,109.598,1.9974,0.706616,9.94908,9.83029,2545.09,6.69537,10.1952,35.4983,41.0806,38.4102,30.5532,0.55755,47.0119,2.15807,58.9745,0
172.655,123.048,1.14522,0,8.43787,8.38949,2631.34,3.30307,8.9889,56.4836,59.7491,58.1834,51.7152,0.7483,19.9027,1.5659,30.6426,1
158.528,107.468,1.76341,0,9.14585,9.06167,2477.47,6.47431,9.69568,44.6295,49.6308,46.8727,40.161,0.623267,27.6552,1.75265,57.585,1
160.5,108.807,1.8976,10.1287,9.89904,9.78181,2565.15,6.39233,10.1625,35.8661,41.4418,38.7869,30.9012,0.54925,46.9506,2.15795,55.4439,1
158.945,107.726,1.80446,0,9.14486,9.05713,2467.49,6.69123,9.70556,44.6014,49.6754,46.8759,40.1033,0.595966,27.6273,1.77168,59.8692,0
160.432,109.247,1.93417,10.1716,9.94013,9.82136,2580.18,6.43355,10.2103,35.74,41.2736,38.6122,30.6568,0.529667,47.9037,2.18853,55.7433,1
158.769,107.393,1.76363,0,9.17026,9.08513,2468.34,6.45365,9.71871,44.0723,49.0453,46.299,39.6441,0.604617,27.5769,1.74345,57.5323,1
160.495,109.086,1.92119,10.1632,9.93174,9.81435,2575.17,6.42773,10.1946,35.7011,41.2419,38.6091,30.6509,0.541783,47.8968,2.18528,55.6883,1
172.949,122.844,1.13962,0,8.42977,8.3823,2622.07,3.31881,8.97272,56.6548,60.4527,58.332,52.1288,0.715133,19.0028,1.50052,30.6379,1
158.639,107.75,1.76238,0.0122337,9.18269,9.0977,2474.51,6.46447,9.73496,44.0819,49.0952,46.3174,39.7,0.613183,27.2726,1.73537,57.6073,1
158.693,107.6,1.74987,0,9.18314,9.09732,2478.6,6.46983,9.73537,44.0911,49.0998,46.3228,39.7279,0.6123,27.1317,1.73038,57.6219,1
156.412,105.225,1.71467,0,8.44684,8.39815,2374.53,6.5617,8.99477,56.4483,60.974,57.9204,51.7838,0.637117,18.9707,1.4869,59.7095,0
158.59,106.959,1.73505,0,9.17826,9.09369,2486.68,6.3272,9.73985,44.0436,48.9998,46.3121,39.6918,0.6015,27.3941,1.73617,55.4531,1
158.112,106.529,1.70471,0,9.02799,8.95232,2473.84,6.31642,9.63176,46.0779,51.0257,48.2618,41.7498,0.61895,26.6924,1.68837,55.3581,1
160.627,108.901,1.94911,10.07,9.84032,9.72744,2552.49,6.50799,10.1728,36.3621,41.9374,39.2058,31.3859,0.551567,46.8378,2.14527,56.6938,1
160.714,108.665,1.94574,10.0531,9.82634,9.71245,2548.88,6.46644,10.1422,36.3521,41.9905,39.2331,31.4182,0.541183,46.7088,2.13602,56.0839,1
172.831,123.018,1.12954,0,8.4752,8.42231,2634.67,3.30489,9.05722,55.785,59.2104,57.4094,50.8127,0.754533,20.5505,1.61128,30.5657,1
158.323,107.512,1.73582,0,9.16886,9.08296,2485.52,6.35914,9.72727,44.1147,49.094,46.366,39.7591,0.613583,27.2172,1.73158,56.2702,1
161.229,108.978,1.99123,10.0708,9.84538,9.72991,2538.83,6.65671,10.1458,36.2015,41.8371,39.0813,31.1616,0.544533,47.1907,2.16543,58.1023,0
160.477,108.471,1.91476,10.0902,9.85943,9.74422,2565.65,6.37399,10.1568,36.199,41.8287,39.088,31.2937,0.535033,46.9878,2.13393,54.7858,1
172.801,122.692,1.09046,0.0619697,8.41686,8.37247,2626.29,3.24983,8.94589,56.6221,59.9913,58.3902,52.3087,0.735583,18.7618,1.46543,29.7957,1
156.341,105.474,1.72676,0,8.46603,8.41568,2376.93,6.57262,9.02383,56.0721,60.6385,57.6017,51.378,0.639133,19.3286,1.51305,59.9855,0
158.644,107.745,1.76221,0.0546993,9.15356,9.06768,2467.81,6.4571,9.7183,44.1695,49.155,46.4408,39.8084,0.609233,27.5883,1.73765,57.7126,1
161.033,109.591,1.99011,0.602588,9.95609,9.83639,2545.39,6.69722,10.1981,35.4412,41.0715,38.3934,30.5157,0.558017,46.9221,2.16613,59.0875,0
160.822,109.076,1.92806,10.14,9.912,9.79356,2550.7,6.4781,10.1638,35.6857,41.306,38.6146,30.7207,0.5483,46.9607,2.16247,56.4892,1
160.501,109.107,1.91844,10.1686,9.93758,9.8188,2577.82,6.42942,10.2001,35.7093,41.2435,38.5893,30.6533,0.538033,47.8368,2.18065,55.6534,1
161.095,109.232,1.99413,10.0764,9.84969,9.73224,2541.9,6.6832,10.1463,36.2158,41.8566,39.0895,31.1763,0.54665,47.0663,2.16348,58.683,0
158.628,107.722,1.75579,0,9.15317,9.06795,2465.48,6.45421,9.71887,44.2057,49.1722,46.4348,39.8397,0.601833,27.2621,1.72623,57.7646,1
160.7,109.403,1.94638,10.158,9.92761,9.80868,2550.86,6.50373,10.1653,35.546,41.1981,38.488,30.6398,0.542783,46.7367,2.14815,57.0438,1
160.588,109.15,1.95621,10.0763,9.8457,9.731,2549.82,6.52212,10.1673,36.2684,41.8966,39.1613,31.2916,0.545333,46.7008,2.15725,57.136,1
160.185,109.044,1.91798,10.0556,9.82537,9.71037,2556.82,6.4082,10.1438,36.3648,41.9271,39.2267,31.4971,0.53875,46.1986,2.11208,55.8742,1
160.346,108.688,1.91814,10.0605,9.82981,9.71499,2556.19,6.40814,10.1637,36.3015,41.8753,39.1879,31.4165,0.554067,46.6018,2.1275,55.7118,1
158.879,107.189,1.75664,0,9.16615,9.08071,2467.55,6.42377,9.71618,44.0597,49.0347,46.3319,39.6424,0.617117,27.7225,1.7524,56.8763,1
158.358,107.514,1.73059,0,9.16455,9.08101,2497.28,6.39732,9.71414,44.385,49.4446,46.6671,39.9525,0.593283,27.4425,1.75932,56.4879,1
157.054,106.371,1.73537,0,8.55095,8.49069,2394.66,6.59141,9.20184,54.1043,58.7213,55.6052,49.3525,0.675933,19.8739,1.5495,60.4215,0
158.522,107.252,1.73415,0,9.1777,9.0926,2485.58,6.35624,9.73939,44.0454,49.0046,46.3081,39.7119,0.607983,27.3186,1.73117,56.2185,1
155.566,104.934,1.62927,0.0277035,8.40198,8.35684,2388.1,6.2328,8.90696,57.2498,61.0713,58.7359,52.5953,0.64575,18.658,1.47145,56.3174,1
158.82,107.981,1.79365,5e-07,8.88962,8.81343,2458.2,6.64966,9.79933,46.8395,51.2988,48.0626,43.4455,0.5849,17.7215,1.21962,59.8666,0
172.655,123.05,1.15071,3.65e-05,8.43732,8.38895,2631.33,3.28695,8.98677,56.4945,59.7852,58.1867,51.9633,0.7529,19.1498,1.50645,30.3692,1
160.71,109.445,1.94437,10.1596,9.93046,9.81203,2547.85,6.50659,10.1724,35.5394,41.1709,38.4912,30.5993,0.555033,46.9645,2.1608,57.1065,1
160.458,109.247,1.92281,10.1637,9.92995,9.81186,2575.15,6.43777,10.2089,35.7482,41.3183,38.6282,30.6789,0.535867,47.8023,2.18627,55.8724,1
157.114,106.405,1.74262,0,8.60852,8.55192,2404.65,6.61177,9.26157,53.3239,57.809,54.8571,48.734,0.64815,20.0322,1.52778,60.4599,0
172.839,122.959,1.1482,0.0441632,8.42762,8.38097,2621.2,3.33732,8.96643,56.872,60.243,58.4573,52.2955,0.727133,18.8504,1.48773,30.9254,1
160.62,109.152,1.95146,10.0951,9.85911,9.74516,2553.3,6.52109,10.1759,36.1817,41.7893,39.073,31.1661,0.542183,47.1432,2.16912,57.0485,1
160.396,108.992,1.97358,1.09861,9.78857,9.67461,2527.96,6.67368,10.0159,37.4251,43.2559,40.799,31.7526,0.572867,46.8813,2.44148,58.8055,0
159.476,108.53,1.85811,0,9.14463,9.05707,2484.48,6.67165,10.0397,42.892,47.3394,44.2012,40.0805,0.567067,18.3349,1.11508,59.6089,0
158.844,107.162,1.74758,5.78333e-05,9.17381,9.08733,2476.95,6.43007,9.72798,44.0838,49.1248,46.3479,39.6157,0.616117,27.756,1.76363,56.6325,1
160.827,109.389,1.99387,1.22936,9.9295,9.8094,2543.9,6.67765,10.1418,35.9105,41.5984,38.9207,30.7986,0.559033,46.6101,2.2186,58.6664,0
161.02,109.607,2.00679,2.20544,9.96481,9.84501,2545.95,6.69777,10.1693,35.4136,41.0439,38.3816,30.5544,0.56,46.4165,2.14632,59.0265,0
157.023,106.308,1.74083,0,8.56001,8.49917,2398.32,6.60626,9.21089,53.9915,58.5824,55.5359,49.2498,0.663383,19.9263,1.56055,60.607,0
158.599,106.953,1.73909,0,9.17986,9.09562,2488.54,6.32474,9.74042,44.0184,48.9937,46.2981,39.6953,0.602433,27.3516,1.73423,55.3743,1
173.291,122.789,1.11906,1.4207,8.49774,8.44154,2648.3,3.23376,9.17214,54.5706,58.287,56.2401,49.8942,0.782733,20.0316,1.5678,29.0719,1
160.728,108.643,1.94002,10.0653,9.83497,9.72153,2550.93,6.47962,10.1669,36.3799,41.9583,39.224,31.461,0.549683,46.4008,2.12522,56.1024,1
158.735,107.372,1.7711,0,9.16422,9.07754,2467.3,6.44758,9.71716,44.0851,49.0656,46.3215,39.6925,0.612133,27.3811,1.7364,57.5034,1
172.649,123.027,1.14188,0.0251597,8.43636,8.38817,2632.48,3.29013,8.98851,56.5818,59.9732,58.2024,51.9532,0.742817,19.1742,1.51135,30.4246,1
157.214,106.525,1.72118,0,8.63241,8.57445,2409.01,6.60724,9.28767,52.9833,57.4897,54.5351,48.1782,0.647467,20.9867,1.59088,60.2097,0
156.736,104.936,1.66634,0.0764143,8.43273,8.38611,2404.36,6.32639,8.9807,56.7625,60.4977,58.3255,52.0502,0.682667,19.2283,1.51782,55.5472,1
160.268,109.05,1.91831,10.0688,9.83593,9.72168,2566.79,6.41902,10.1457,36.3112,41.9713,39.1994,31.3118,0.530617,47.221,2.15588,55.7904,1
172.906,122.442,1.07964,0,8.39182,8.34646,2618.54,3.29818,8.91005,57.6279,60.9983,59.2322,52.8942,0.719367,19.1247,1.52062,30.0619,1
161.058,109.603,1.99976,0.399788,9.95831,9.83796,2548.69,6.68577,10.1979,35.4701,41.0971,38.4115,30.561,0.570183,46.6751,2.15788,58.7267,0
157.972,106.815,1.70972,0,9.03264,8.9563,2468.55,6.35379,9.63014,45.9944,50.8485,48.2015,41.6438,0.62535,26.5417,1.70243,56.3206,1
157.863,107.122,1.72592,0,9.02347,8.94838,2465.71,6.35651,9.62594,46.0148,50.8238,48.1718,41.5785,0.6191,27.1637,1.70998,56.7771,1
158.593,106.981,1.73428,0.282903,9.17515,9.09186,2490.63,6.33234,9.73934,44.1071,49.2013,46.4044,39.7589,0.608017,27.292,1.74372,55.4605,1
172.668,123.089,1.14666,0,8.44649,8.39743,2634.68,3.28577,9.00407,56.3297,59.5916,58.0277,51.367,0.7519,20.5312,1.6162,30.3143,1
172.773,122.922,1.07962,0.0249012,8.37538,8.33152,2607.51,3.33366,8.88078,57.6284,61.0124,59.2596,52.9953,0.72835,19.0162,1.50007,31.1372,1
160.923,108.788,1.93145,10.1199,9.89645,9.77919,2550.8,6.45787,10.1585,35.7796,41.4024,38.6964,30.8088,0.550983,46.9698,2.15923,56.0742,1
160.544,109.271,1.94833,10.0737,9.84501,9.73037,2545.55,6.51049,10.141,36.2051,41.8592,39.1296,31.1772,0.550867,47.2617,2.17402,57.1202,1
156.602,105.544,1.74371,0,8.41115,8.36773,2375.92,6.57181,8.93891,57.0465,61.1274,58.5506,52.3926,0.740683,19.0373,1.48477,59.1468,0
158.132,107.155,1.737,0,9.11914,9.03364,2486.42,6.37592,9.69335,44.9368,49.8486,47.1639,40.5017,0.589383,27.6024,1.74092,56.3466,1
160.575,109.319,1.94835,10.1034,9.87096,9.75463,2552.09,6.51436,10.1729,36.1057,41.6985,38.9756,31.1434,0.53515,46.6906,2.14768,57.0237,1
158.794,107.43,1.75992,0,9.16456,9.07953,2467.6,6.43838,9.71543,44.0755,49.0675,46.3055,39.6271,0.597383,27.6016,1.75025,57.3074,1
161.226,108.967,1.99233,10.102,9.87008,9.75437,2544.86,6.66031,10.1745,36.1171,41.7221,38.9892,31.1451,0.540167,46.9904,2.15148,58.0174,0
180.497,130.762,0.84629,0,8.4103,8.36693,2728.52,2.06356,8.93566,56.7102,59.9845,58.4807,52.3205,0.75305,18.9247,1.48143,19.2711,1
159.214,107.369,1.78198,0,9.17189,9.0864,2472.65,6.63112,9.73368,44.2085,49.2001,46.4063,39.7999,0.607633,27.0938,1.7319,58.6084,0
158.347,107.394,1.7831,0,8.99563,8.91823,2440.01,6.63844,9.61422,46.4896,51.4522,48.6612,42.0138,0.609833,26.8117,1.72293,59.8759,0
160.273,108.928,1.92943,10.0675,9.84025,9.72548,2554.47,6.40879,10.1508,36.3231,41.9082,39.2132,31.3801,0.535383,46.8723,2.14227,55.9395,1
158.771,107.403,1.76472,0,9.16253,9.07681,2467.39,6.45215,9.71286,44.0768,49.0553,46.3187,39.6913,0.595583,27.3861,1.73515,57.5623,1
158.301,107.282,1.7924,0,8.99421,8.91805,2447.69,6.62805,9.61658,46.702,51.7643,48.8939,42.2665,0.604383,26.4248,1.71863,59.4988,0
160.694,109.391,1.94018,10.1557,9.92597,9.80735,2549.43,6.50587,10.1654,35.5822,41.2396,38.4944,30.6383,0.554433,46.7959,2.15167,57.0981,1
160.442,109.256,1.92792,10.1683,9.93563,9.81701,2576.96,6.43068,10.2077,35.7439,41.285,38.6219,30.7134,0.534017,47.5642,2.17545,55.7919,1
158.088,106.529,1.71022,0.0306032,9.01807,8.94254,2476.96,6.32524,9.62647,46.1653,51.117,48.3781,41.7868,0.614,26.6919,1.71112,55.3539,1
160.745,109.269,1.94748,10.1461,9.91876,9.79937,2550.79,6.49211,10.1612,35.6007,41.2586,38.5407,30.6415,0.5484,46.9671,2.16313,56.8045,1
156.901,105.724,1.74783,0,8.47653,8.42043,2391.81,6.57225,9.13918,54.9451,59.5357,56.439,50.0567,0.653933,20.4885,1.57157,59.9762,0
160.389,109.155,1.91786,10.1238,9.89957,9.78133,2563.55,6.40168,10.1613,35.8065,41.4081,38.7377,30.8358,0.54235,46.95,2.16263,55.745,1
160.424,109.013,1.91523,10.1233,9.89377,9.77592,2562.34,6.40033,10.1579,35.8501,41.4418,38.7837,30.8975,0.5509,46.9788,2.15752,55.7843,1
160.616,109.15,1.94422,10.1002,9.86782,9.75156,2556.16,6.52422,10.1807,36.1881,41.7752,39.0431,31.1414,0.5498,47.1749,2.16717,57.0207,1
160.394,109.158,1.91603,10.123,9.89944,9.78068,2563.09,6.39889,10.159,35.7855,41.3986,38.733,30.8086,0.544433,47.2413,2.16983,55.727,1
158.684,107.601,1.76288,0,9.16065,9.07473,2466.97,6.46442,9.7201,44.1683,49.1323,46.3993,39.7903,0.60715,27.4426,1.73043,57.8395,1
157.866,107.148,1.73713,0,9.03102,8.95474,2471.65,6.3663,9.62891,45.9762,50.8062,48.1692,41.5809,0.6224,27.2348,1.71092,56.7912,1
158.994,107.982,1.8114,0,9.15043,9.06641,2463.72,6.65804,9.72885,44.2993,49.3859,46.584,39.8387,0.612867,27.4868,1.76968,59.7471,0
156.473,105.448,1.68563,0,8.52145,8.46348,2407.55,6.35994,9.18986,54.4257,58.8966,55.9134,49.6548,0.656433,20.1174,1.55012,57.4677,1
160.699,108.649,1.93711,10.0506,9.82509,9.71116,2547.65,6.46636,10.1418,36.3507,41.993,39.2319,31.4469,0.533867,46.5248,2.12892,56.1271,1
159.215,107.345,1.79716,0,9.13107,9.0469,2457.67,6.62341,9.7133,44.4703,49.4174,46.6884,40.0194,0.606667,27.3975,1.74545,59.0358,0
172.841,122.673,1.09173,0,8.40199,8.35857,2621.05,3.25126,8.91695,56.7787,60.08,58.6641,52.4751,0.734917,18.8917,1.4869,29.897,1
157.078,105.52,1.7514,0,8.49548,8.4383,2394.83,6.5498,9.16807,54.6553,59.2139,56.1186,49.8525,0.684883,20.198,1.54767,59.1862,0
160.781,109.057,1.94515,10.1123,9.87786,9.75858,2552.7,6.51213,10.1768,35.9063,41.5149,38.8026,30.8996,0.546083,47.3315,2.16785,56.8405,1
158.468,107.58,1.77035,0,9.14765,9.06364,2475.62,6.4662,9.69895,44.5952,49.6274,46.8566,40.1346,0.612917,27.7276,1.757,57.494,1
156.351,105.886,1.67468,3.51667e-05,8.51679,8.45985,2415.99,6.26167,9.1909,54.3925,58.7996,55.966,49.806,0.662683,19.7576,1.52482,56.5834,1
160.649,109.415,1.94705,10.106,9.87524,9.75844,2550.33,6.51647,10.1773,36.0134,41.5799,38.8505,30.9717,0.549017,47.6112,2.16185,57.0842,1
160.722,109.263,1.92887,10.1399,9.91091,9.79338,2549.07,6.49897,10.1618,35.6656,41.2819,38.5828,30.6492,0.54565,47.2672,2.17173,56.9879,1
157.893,106.993,1.71877,0,9.02729,8.95189,2466.52,6.36467,9.63092,46.0136,50.8234,48.1924,41.6185,0.62885,27.0633,1.70438,56.6879,1
158.198,107.231,1.78952,0,8.97174,8.89702,2440.45,6.62887,9.60177,46.9368,52.0652,49.1222,42.5168,0.598783,26.2301,1.70982,59.6569,0
158.609,106.974,1.73145,0,9.1872,9.10221,2489.07,6.32425,9.7467,44.012,49.0458,46.2905,39.684,0.607133,27.2919,1.73303,55.3551,1
172.67,123.051,1.10605,0,8.40191,8.35427,2620.56,3.25715,8.89735,57.1387,60.6672,58.7989,52.5695,0.731867,18.8597,1.49167,30.1941,1
160.194,109.015,1.92576,10.0659,9.83436,9.72054,2560.3,6.41769,10.1697,36.3385,41.9529,39.2324,31.4266,0.556117,46.6582,2.13907,55.8889,1
161.342,109.386,1.99432,10.1694,9.93971,9.81921,2540.71,6.67442,10.1719,35.513,41.1208,38.4359,30.5331,0.555833,46.683,2.16707,58.7087,0
159.064,107.859,1.80278,0.000100833,9.15401,9.07045,2463.26,6.6767,9.73021,44.3204,49.3751,46.5562,39.8296,0.60995,27.4919,1.76345,59.9244,0
172.9,122.787,1.06952,0,8.40542,8.35999,2621.45,3.30331,8.92937,57.4988,61.3701,59.0353,52.7778,0.700417,19.1361,1.50478,30.3339,1
160.518,108.846,1.90266,10.1222,9.89237,9.77499,2562.67,6.37638,10.1585,35.8592,41.4443,38.7755,30.9013,0.547733,46.9356,2.15497,55.2328,1
158.339,107.377,1.78431,0,8.98633,8.90885,2447.46,6.63583,9.60669,46.5059,51.5052,48.7132,42.0785,0.60935,26.4181,1.71732,59.6892,0
156.431,105.407,1.68643,0,8.52177,8.46433,2404.05,6.361,9.19787,54.4296,58.92,55.8959,49.6796,0.6592,19.9867,1.5408,57.6087,1
157.854,107.131,1.73073,0,9.02125,8.94634,2466.21,6.36663,9.62418,46.0033,50.8256,48.1761,41.5837,0.62225,27.1193,1.70943,56.9474,1
160.454,108.452,1.92007,10.0805,9.84776,9.73208,2564.52,6.37693,10.1746,36.2074,41.8457,39.0825,31.3029,0.545183,46.9369,2.13348,54.8005,1
160.43,108.431,1.91092,10.0771,9.84533,9.72943,2564.21,6.38669,10.172,36.2625,41.888,39.1195,31.3192,0.54925,47.2116,2.13735,54.8998,1
160.489,108.494,1.9097,10.0895,9.85791,9.74287,2565,6.37496,10.159,36.2064,41.8233,39.0783,31.2976,0.5381,46.9251,2.13025,54.8009,1
155.844,104.883,1.68322,0.18632,8.4307,8.3836,2390.03,6.35291,8.97523,56.8033,60.601,58.3157,51.9931,0.653883,19.3806,1.52933,57.1785,1
158.336,107.592,1.73889,0,8.79974,8.73054,2434.66,6.64712,9.59562,49.11,53.6738,50.5223,45.3222,0.636117,18.289,1.3448,60.3508,0
156.699,105.796,1.67294,0.0924072,8.51573,8.45929,2420.06,6.32231,9.18134,54.3793,58.6443,55.9128,49.7289,0.748733,19.8662,1.52857,56.0915,1
160.682,109.391,1.95568,10.1522,9.92354,9.80413,2550.72,6.49779,10.1632,35.5607,41.2235,38.4931,30.6393,0.544383,46.7528,2.1511,56.9788,1
172.941,122.797,1.14442,0.0602998,8.43339,8.3847,2619.14,3.32952,8.98012,56.6908,60.192,58.263,52.0363,0.73135,19.1327,1.50717,30.7144,1
160.746,109.285,1.94231,10.1474,9.91801,9.79902,2549.74,6.49245,10.1637,35.6181,41.2636,38.5619,30.6419,0.547517,47.2261,2.16842,56.8704,1
158.121,107.34,1.7189,0,9.12322,9.0394,2481.84,6.36004,9.69586,44.8417,49.7727,47.0747,40.4315,0.61425,27.6787,1.73685,56.3102,1
158.664,107.764,1.7535,0.00129567,9.15577,9.06948,2466.01,6.45348,9.72021,44.1994,49.1601,46.4166,39.8427,0.6045,27.2797,1.7208,57.7272,1
173.449,122.537,1.07011,0.0227533,8.44237,8.39443,2646.92,3.23672,8.99745,56.1767,59.5129,58.0373,51.3727,0.7804,20.8018,1.61642,28.2588,1
161.027,109.561,1.99974,9.55208,9.92964,9.81168,2545.63,6.68808,10.1877,35.5523,41.212,38.4997,30.6355,0.541933,47.0976,2.15787,58.8947,0
158.684,107.725,1.81483,0,9.06665,8.98627,2455.59,6.66353,9.66016,45.5094,50.4579,47.7688,40.967,0.598233,28.0205,1.77023,59.8716,0
173.008,122.513,1.10673,0,8.38937,8.34544,2607.65,3.26638,8.88372,57.3534,60.6987,58.9627,52.7204,0.723033,18.7479,1.49215,29.8299,1
158.608,106.913,1.75289,0,9.12095,9.03699,2471.39,6.42616,9.68863,44.8079,49.7749,47.0316,40.4034,0.618833,27.3516,1.73045,56.594,1
172.817,122.961,1.10815,0.0815784,8.40368,8.35641,2621.02,3.26885,8.90159,57.0873,60.9468,58.7777,52.568,0.71275,18.8858,1.48888,30.35,1
158.449,107.467,1.74398,0,9.18192,9.09708,2483.38,6.35221,9.72414,44.0388,49.0033,46.287,39.5968,0.61235,27.7096,1.75193,56.3382,1
160.45,109.04,1.90315,10.1215,9.89399,9.77668,2562.25,6.39329,10.158,35.8309,41.4287,38.7452,30.8988,0.54705,46.861,2.14865,55.6285,1
158.462,107.465,1.75149,0,9.18172,9.09757,2481.92,6.36203,9.73083,44.0272,48.9942,46.3043,39.6949,0.61905,27.4064,1.73362,56.4085,1
172.587,122.823,1.06447,0.0036955,8.39904,8.35699,2629.51,3.28049,8.92424,57.3265,60.6136,58.9599,52.7176,0.723567,19.0551,1.50198,30.2655,1
160.563,109.114,1.941,10.06,9.83054,9.71499,2545.02,6.51282,10.1386,36.2554,41.9131,39.1452,31.3244,0.535967,46.5909,2.13647,57.2159,1
173.228,122.66,1.08904,0.460876,8.4045,8.36135,2630.37,3.23038,8.92183,56.7118,59.8902,58.6138,52.4042,0.75765,19.0355,1.49308,28.6089,1
160.4,109.193,1.91528,10.1222,9.89315,9.77552,2560.54,6.40146,10.1596,35.7727,41.3827,38.6951,30.825,0.545117,46.8304,2.1551,55.8592,1
156.103,105.608,1.64626,0,8.53096,8.47236,2415.56,6.27936,9.20104,54.2985,58.7536,55.7823,49.5908,0.65995,20.182,1.53578,56.7459,1
158.313,107.505,1.74482,0,9.17536,9.09003,2485.72,6.36249,9.72741,44.1247,49.1045,46.3475,39.6609,0.610917,27.5387,1.75378,56.3428,1
173.109,122.992,1.12412,0.59475,8.49254,8.43665,2646.15,3.28481,9.16323,54.6751,58.3037,56.3374,49.9139,0.770217,20.2536,1.58733,30.0819,1
160.574,109.294,1.94662,10.0818,9.85497,9.74041,2547.54,6.51383,10.1519,36.1592,41.8202,39.0598,31.2214,0.542283,46.7685,2.14372,57.181,1
160.428,109.015,1.9002,10.1234,9.89351,9.7755,2566.31,6.40532,10.1578,35.8376,41.4273,38.7659,30.8932,0.543917,46.9441,2.15382,55.7212,1
173.285,122.803,1.11981,2.99385,8.49753,8.44005,2648.96,3.24251,9.1721,54.4588,58.3316,56.2,49.8079,0.77685,20.1649,1.58037,29.2451,1
158.604,106.95,1.73282,0,9.18194,9.0976,2488.57,6.32088,9.74319,44.0157,49.0255,46.2949,39.6959,0.6059,27.2619,1.73152,55.3291,1
158.22,106.964,1.72868,0,9.11352,9.02995,2483.73,6.35913,9.69412,44.954,49.8909,47.1844,40.5173,0.61425,27.8015,1.74215,56.0529,1
160.219,108.873,1.93064,10.063,9.83084,9.71666,2558.52,6.41995,10.1684,36.3597,41.9145,39.2116,31.4573,0.546283,46.6894,2.12492,55.905,1
158.002,106.823,1.71915,0,9.03969,8.96294,2475.07,6.35047,9.63243,45.9507,50.8096,48.1453,41.5944,0.628383,26.3723,1.6985,56.1332,1
160.663,109.247,1.96045,10.1072,9.87531,9.75663,2550.69,6.52597,10.175,35.9395,41.527,38.8061,30.8927,0.546483,47.4671,2.16955,57.2152,1
158.756,107.406,1.75138,0,9.18623,9.09959,2475.69,6.45218,9.71296,44.033,49.0997,46.3193,39.5621,0.595567,27.7191,1.76997,57.2679,1
173.007,122.897,1.12205,0,8.49547,8.44095,2643.44,3.2939,9.08777,55.3072,58.743,57.0417,50.5275,0.76585,20.3682,1.595,30.2245,1
158.302,107.016,1.74358,0,9.04072,8.96335,2463.76,6.45567,9.64656,45.8969,50.7684,48.0721,41.4165,0.62885,27.3768,1.73127,57.5372,1
158.227,107.402,1.74359,0,9.05892,8.9807,2464.9,6.48042,9.66039,45.7362,50.6067,47.9343,41.2916,0.620833,27.6703,1.73105,58.116,1
172.8,122.629,1.08486,0.00234117,8.39982,8.35655,2621.07,3.24699,8.91447,56.8779,60.1679,58.6647,52.4961,0.74025,18.827,1.48157,29.8264,1
156.396,105.224,1.71719,0,8.43864,8.39124,2372.81,6.55409,8.98043,56.5335,61.0325,58.0263,51.947,0.642783,18.7,1.47235,59.6434,0
172.878,123.147,1.09418,0,8.4419,8.39294,2628.75,3.27351,8.98406,56.3105,60.6406,57.9204,51.7777,0.721017,19.1737,1.48657,30.3332,1
156.346,105.663,1.71864,0,8.47978,8.42782,2381.36,6.56886,9.04308,55.7539,60.3289,57.3114,50.7826,0.6268,20.4575,1.5937,59.8139,0
161.227,109.78,2.00142,10.2025,9.97199,9.85033,2543.98,6.68993,10.1845,35.3138,40.8748,38.2693,30.4047,0.550833,46.6285,2.1606,59.0331,0
160.687,109.285,1.96155,10.1083,9.87619,9.7576,2550.61,6.52243,10.1759,35.9429,41.5472,38.795,30.8993,0.541717,47.3848,2.16525,57.1787,1
156.374,105.517,1.74718,0,8.47047,8.41816,2388.45,6.58941,9.03227,56.1074,60.63,57.5719,51.4405,0.6354,19.5278,1.49302,59.8306,0
158.11,106.58,1.70851,0,9.02749,8.9523,2474.23,6.3401,9.63046,46.0731,50.9806,48.2818,41.7636,0.615317,26.6841,1.69255,55.7507,1
160.472,108.474,1.90737,10.08,9.84717,9.7318,2567.54,6.38131,10.1535,36.2713,41.933,39.1458,31.3173,0.531933,47.0474,2.14268,54.8466,1
161.273,109.067,1.99546,10.0863,9.85444,9.73894,2539.69,6.66453,10.174,36.1524,41.7643,39.022,31.1402,0.558017,47.4051,2.16015,58.1156,0
161.021,109.594,1.9929,1.6148,9.96165,9.84282,2544.88,6.6971,10.1705,35.4415,41.0471,38.3825,30.5562,0.562866,46.6274,2.14423,59.0726,0
172.87,122.718,1.07091,0.0012665,8.38602,8.34071,2602.93,3.31552,8.90255,57.5012,60.9954,59.0799,52.8025,0.731633,19.2046,1.50548,30.7242,1
158.31,107.321,1.79098,0,8.9884,8.91247,2443.23,6.63188,9.61216,46.628,51.6929,48.84,42.2376,0.5992,26.2803,1.7104,59.6784,0
160.508,109.108,1.92053,10.1772,9.94281,9.82463,2580.33,6.43062,10.2079,35.7134,41.2508,38.618,30.7036,0.532483,47.5884,2.1766,55.6301,1
156.535,105.209,1.68184,0,8.51773,8.46011,2407.49,6.34694,9.18944,54.4188,58.9211,55.9374,49.6859,0.65395,20.0956,1.54828,57.1097,1
172.883,123.212,1.12412,0,8.4013,8.35397,2608.37,3.30493,8.90821,57.0354,60.9481,58.7008,52.5136,0.704233,18.7614,1.48538,30.9024,1
158.47,107.193,1.73937,0.0184313,9.17036,9.0858,2482.99,6.35793,9.73174,44.0224,49.0012,46.3318,39.7063,0.608833,27.3208,1.73813,56.2412,1
158.741,107.398,1.76169,0,9.18379,9.09805,2479.27,6.45924,9.73852,44.0827,49.1113,46.3235,39.6943,0.61365,27.3925,1.73885,57.2149,1
156.982,106.299,1.743,0,8.57193,8.51143,2398.59,6.60345,9.21696,53.8512,58.4541,55.4737,49.2988,0.65355,19.6275,1.53475,60.4301,0
180.671,130.541,0.862701,0,8.43336,8.38674,2726.51,2.02978,8.96941,56.4048,59.8378,58.0667,51.7731,0.759833,19.5827,1.5178,18.529,1
160.179,109.031,1.9114,10.0599,9.83217,9.71806,2554.63,6.41353,10.1469,36.3334,41.9302,39.2269,31.4284,0.544817,46.8601,2.132,55.9698,1
173.5,122.913,1.13982,0,8.42859,8.38228,2602.3,3.36184,8.959,56.5494,60.8265,58.1578,52.0816,0.72685,18.6447,1.46593,30.8327,0
172.748,122.942,1.13316,0,8.452,8.40182,2636.39,3.2968,9.01839,56.0973,59.3483,57.9183,51.1813,0.745317,20.7849,1.63838,30.4162,1
156.474,105.713,1.69109,0,8.51968,8.46291,2405.53,6.37092,9.19262,54.3768,58.9316,55.9086,49.6838,0.656183,20.0744,1.54195,57.9164,1
158.278,106.664,1.73132,0,9.09086,9.00869,2484.97,6.337,9.67943,45.2274,50.2148,47.5223,40.8796,0.613067,27.6323,1.73283,55.356,1
160.199,109.051,1.91655,10.0577,9.82913,9.7151,2558.01,6.4053,10.1448,36.3475,41.944,39.2195,31.4286,0.541533,46.6373,2.12792,55.8418,1
158.516,107.43,1.75746,0,9.14331,9.05869,2473,6.47712,9.69592,44.6537,49.6752,46.9085,40.2091,0.61775,27.6928,1.75092,57.6669,1
160.84,109.08,1.92677,10.1396,9.9119,9.7936,2551.34,6.47638,10.1645,35.7023,41.2965,38.6232,30.7233,0.55145,46.9527,2.1629,56.4616,1
172.931,123.042,1.11939,0,8.40546,8.35739,2609.48,3.30809,8.91301,57.159,60.7456,58.7222,52.5203,0.719433,18.7899,1.491,30.8238,1
158.001,106.829,1.70858,0,9.03365,8.95786,2471.51,6.34933,9.63324,45.9833,50.8098,48.156,41.5959,0.631967,26.8703,1.70382,56.1868,1
172.832,122.968,1.14773,0.115403,8.4227,8.37589,2617.39,3.34758,8.95603,56.8588,60.6263,58.5254,52.316,0.71245,19.0314,1.49935,31.1903,1
158.968,107.946,1.79545,0.389865,9.14832,9.06354,2462.67,6.66068,9.72351,44.3391,49.386,46.5524,39.8498,0.60815,27.304,1.75785,59.8179,0
160.589,109.328,1.9543,10.0998,9.86927,9.75312,2552.51,6.51302,10.1754,36.1121,41.6995,38.9835,31.1458,0.538667,46.7105,2.14983,56.9793,1
160.744,109.272,1.93795,10.1461,9.91444,9.79639,2549.97,6.49231,10.1621,35.6368,41.2784,38.5739,30.6673,0.544783,47.137,2.16478,56.8299,1
161.133,109.716,1.99231,10.1643,9.9333,9.81467,2539.06,6.69093,10.171,35.5446,41.1889,38.4869,30.6355,0.551,46.4637,2.15063,59.0792,0
172.837,123.183,1.16157,0,8.43637,8.38835,2619.78,3.36316,8.98691,56.5905,60.2936,58.2525,52.0316,0.72195,19.0768,1.50595,31.4349,1
174.526,124.965,1.06097,0.0009195,8.52108,8.46368,2657.7,3.04167,9.18666,54.2678,58.5684,55.8344,49.6651,0.7356,19.8956,1.52667,28.1915,1
172.777,123.089,1.14281,0.0996441,8.42391,8.37854,2618.02,3.34907,8.96002,56.9405,60.524,58.4995,52.3169,0.723183,18.9269,1.49305,31.2372,1
160.203,109.062,1.91285,10.0627,9.8342,9.71922,2555.65,6.4108,10.1511,36.3528,41.9228,39.2236,31.3847,0.544483,47.0036,2.14497,55.9312,1
158.101,106.574,1.70467,0,9.0211,8.94582,2474.37,6.32684,9.62689,46.1132,51.0619,48.3121,41.7643,0.61695,26.6811,1.69695,55.5135,1
160.669,108.676,1.90768,10.1743,9.94356,9.82426,2579.53,6.39167,10.2002,35.6458,41.2314,38.542,30.6462,0.550767,47.2278,2.17125,54.7187,1
160.181,109.014,1.92641,10.0601,9.82776,9.71386,2556.08,6.42219,10.1648,36.3617,41.9465,39.2257,31.441,0.544717,46.5228,2.13072,56.0964,1
158.998,107.474,1.79952,0,9.14417,9.06,2471.65,6.66823,9.70281,44.6186,49.6696,46.9096,40.0497,0.60715,27.8368,1.79107,59.3619,0
157.856,107.118,1.73477,0,9.02321,8.94943,2466.09,6.37182,9.62379,45.9972,50.8219,48.1764,41.5724,0.627733,26.9841,1.71385,56.9816,1
158.452,107.184,1.73396,0,9.18212,9.09669,2491.71,6.3504,9.72558,44.0745,49.1011,46.3528,39.7136,0.623117,27.3538,1.73987,55.8183,1
172.693,123.074,1.12288,0,8.40167,8.35225,2620.82,3.26708,8.89913,57.1779,60.6328,58.8506,52.6278,0.73195,18.7863,1.489,30.3814,1
157.23,106.589,1.71023,0,8.63999,8.58263,2407.54,6.60639,9.29819,52.8277,57.321,54.4082,48.1591,0.643933,20.9614,1.56448,60.3036,0
160.685,108.659,1.90918,10.171,9.94257,9.82247,2578,6.39506,10.2044,35.5752,41.2262,38.4814,30.6415,0.5466,47.0058,2.15528,54.803,1
156.223,105.287,1.64472,0,8.53416,8.47655,2420.55,6.26637,9.20396,54.1926,58.7386,55.7361,49.5544,0.662133,19.9903,1.53342,56.2884,1
158.29,106.688,1.7322,0,9.11034,9.02569,2487.67,6.3268,9.68955,45.0431,50.0156,47.3648,40.6629,0.616317,27.8914,1.74885,55.1712,1
156.478,105.02,1.73927,0,8.44958,8.39933,2387.15,6.54613,9.00121,56.6401,61.0819,58.1141,52.0707,0.674617,18.8702,1.46548,58.7028,0
156.441,105.282,1.75213,0,8.46344,8.41092,2388.01,6.57943,9.02666,56.3711,60.8778,57.8073,51.7519,0.6655,19.0622,1.4729,59.4796,0
172.983,122.518,1.09843,0,8.38906,8.34525,2607.87,3.26288,8.8843,57.3245,60.7146,58.9541,52.7274,0.72065,18.7691,1.49647,29.7558,1
156.968,106.284,1.72867,0,8.56758,8.50673,2399.72,6.59721,9.21494,53.8833,58.5015,55.4805,49.2624,0.654967,19.7471,1.54573,60.3464,0
158.454,107.445,1.74933,0,9.17952,9.09545,2483.52,6.36242,9.72079,44.049,49.0542,46.3377,39.6012,0.6195,27.7686,1.76408,56.4184,1
158.701,107.556,1.79021,0,9.05349,8.97383,2453.8,6.67537,9.6537,45.6027,50.5426,47.8135,41.0725,0.609183,27.9352,1.7518,60.0368,0
157.004,106.326,1.74163,0,8.58355,8.52451,2403.11,6.6045,9.22809,53.6355,58.2001,55.2501,49.1138,0.64365,19.7079,1.52583,60.4087,0
158.313,106.658,1.72767,0,9.10551,9.02381,2485.16,6.33993,9.68742,45.1243,50.1013,47.4209,40.7212,0.612633,27.9897,1.75052,55.4711,1
158.382,106.754,1.73572,0,9.04049,8.96309,2464.64,6.42246,9.6475,45.9373,50.7787,48.1391,41.5634,0.637883,26.8891,1.70858,56.7464,1
158.346,107.523,1.74291,0,9.17109,9.08505,2484.24,6.37151,9.72182,44.1261,49.1162,46.3815,39.7477,0.611633,27.2148,1.73703,56.423,1
161.26,109.64,1.99845,10.1828,9.95446,9.83395,2543.54,6.68756,10.1799,35.448,41.0422,38.4031,30.5301,0.5476,46.5899,2.16058,58.9089,0
161.202,108.976,1.98784,10.0772,9.84708,9.73101,2539.16,6.65815,10.1456,36.2187,41.8633,39.1117,31.1465,0.545467,47.3968,2.17802,58.0987,0
160.886,108.811,1.93917,10.1355,9.90248,9.78367,2566.23,6.49212,10.1963,35.8876,41.4687,38.7472,30.8849,0.531166,47.2529,2.16113,56.0474,1
160.439,109.033,1.90956,10.1159,9.89074,9.77426,2561.63,6.40133,10.155,35.8274,41.4228,38.7432,30.8957,0.545267,46.5932,2.14705,55.8056,1
156.329,105.664,1.7241,0,8.48271,8.43115,2379.64,6.57063,9.05335,55.8217,60.4,57.29,50.8438,0.60595,20.2163,1.57288,59.8201,0
158.586,106.871,1.75843,0,9.11975,9.03554,2466.3,6.44183,9.68852,44.8395,49.7824,47.0385,40.4102,0.62315,27.4287,1.73008,56.9111,1
180.868,131.525,0.847682,0,8.41409,8.37167,2698.24,2.12356,8.94518,56.918,61.0781,58.4527,52.3516,0.763033,18.8555,1.47043,20.2514,0
158.454,107.589,1.75955,0,9.13723,9.05169,2467.43,6.4788,9.68845,44.5659,49.5832,46.8065,40.0842,0.610367,27.7458,1.75362,57.83,1
158.293,106.665,1.72258,0,9.11392,9.02961,2487.41,6.3357,9.69372,44.9624,49.934,47.2415,40.5964,0.6144,27.8068,1.73625,55.3729,1
160.26,108.905,1.92328,10.0623,9.83529,9.72027,2556.75,6.41212,10.1475,36.3302,41.9187,39.2199,31.3937,0.53795,46.8304,2.14205,55.9437,1
160.455,109.251,1.92694,10.1789,9.94691,9.82763,2581.38,6.43555,10.2092,35.7214,41.2579,38.6157,30.7291,0.536883,47.2474,2.16937,55.7136,1
160.482,109.222,1.93957,9.84224,9.94082,9.82169,2578.01,6.45214,10.1953,35.631,41.3144,38.5577,30.7012,0.54825,46.8837,2.15985,56.0233,1
172.785,122.653,1.09087,0,8.39384,8.35161,2617.12,3.26263,8.90392,57.0791,60.4015,58.771,52.5508,0.739633,18.9404,1.493,30.1491,1
156.571,105.136,1.70164,2.62483,8.43147,8.38384,2403.32,6.34532,8.97463,56.7796,60.5167,58.3938,52.1684,0.69675,19.0413,1.50502,56.1014,1
156.138,105.454,1.64677,0,8.53304,8.47436,2416.78,6.27835,9.20217,54.2166,58.7235,55.737,49.5391,0.654933,20.0322,1.53752,56.678,1
158.789,107.426,1.76371,0,9.16232,9.07656,2469.09,6.44398,9.71751,44.0934,49.0576,46.3201,39.7389,0.61445,27.1696,1.72303,57.3903,1
172.953,122.477,1.08287,0,8.39107,8.34534,2619.15,3.28276,8.90682,57.7017,61.0637,59.3116,52.9865,0.7169,19.0932,1.51588,29.7708,1
158.578,106.889,1.75857,0,9.12186,9.03702,2473.7,6.4157,9.69302,44.8344,49.7722,47.0235,40.4242,0.617983,27.3612,1.72175,56.4075,1
156.598,105.288,1.64923,0,8.5331,8.47571,2425.22,6.21983,9.19463,54.2127,58.7236,55.8078,49.6248,0.65725,19.8681,1.53138,55.388,1
159.115,107.61,1.79939,0,9.15881,9.07308,2467.38,6.66164,9.72669,44.3405,49.3867,46.5749,39.8492,0.614967,27.3728,1.76282,59.5079,0
158.326,107.379,1.77617,0,9.00411,8.92824,2446.34,6.63545,9.6161,46.486,51.4935,48.6574,42.0057,0.59495,26.5496,1.72385,59.6837,0
158.479,107.197,1.73697,0,9.16932,9.0843,2483.42,6.35472,9.73391,44.0414,48.9916,46.313,39.7516,0.603417,27.1952,1.7205,56.1955,1
160.19,109.046,1.93025,10.0572,9.83105,9.71521,2555.73,6.40255,10.1475,36.3367,41.9178,39.2295,31.3787,0.543083,46.9259,2.14677,55.8635,1
160.444,109.267,1.92054,10.1628,9.92927,9.8101,2574.97,6.42935,10.2079,35.7575,41.3274,38.6338,30.7578,0.540333,47.3073,2.16447,55.7565,1
158.706,107.609,1.75616,0.00970933,9.19178,9.10574,2480.19,6.47009,9.72563,44.0505,49.0805,46.2859,39.6817,0.617533,27.1841,1.72997,57.5367,1
158.27,107.245,1.74205,0,9.04554,8.96741,2463.75,6.46892,9.64382,45.7798,50.6558,47.9852,41.3293,0.6259,27.6037,1.72995,57.8708,1
158.385,107.382,1.72917,0,9.18032,9.09596,2491.81,6.36769,9.72614,44.152,49.1387,46.4579,39.7535,0.608917,27.655,1.7574,56.1639,1
158.235,107.394,1.76392,0,9.0617,8.98246,2466.46,6.47418,9.66281,45.7192,50.593,47.9516,41.2833,0.628767,27.6923,1.73472,57.956,1
173.091,122.602,1.132,0,8.43657,8.38794,2623.44,3.29857,8.98254,56.6692,60.4514,58.2691,52.0957,0.7247,18.9499,1.49407,29.9911,1
173.078,122.592,1.11579,0,8.47377,8.4226,2641.75,3.25306,9.04499,55.9853,59.8059,57.4723,51.1657,0.738833,20.0379,1.53642,29.4075,1
156.412,104.937,1.72902,0,8.44289,8.39408,2388.12,6.53882,8.99281,56.7303,61.1619,58.1674,52.111,0.6628,18.8795,1.46655,58.5503,0
156.995,106.31,1.73338,0,8.58513,8.52638,2400.56,6.58908,9.2326,53.6831,58.2352,55.2444,49.1208,0.651867,19.6082,1.52405,60.1889,0
173.451,123.654,1.1608,0,8.47028,8.42017,2617.76,3.39738,9.04013,55.9972,60.2393,57.6221,51.3644,0.7282,19.8515,1.52415,31.6935,0
158.509,107.408,1.76472,0,9.13542,9.05145,2474.83,6.48171,9.69251,44.7151,49.6991,46.9569,40.2911,0.616183,27.5797,1.74102,57.6924,1
157.613,106.917,1.71992,0,8.70079,8.64394,2417.7,6.62241,9.39092,51.5211,56.1626,53.0302,46.9894,0.635067,19.8086,1.52853,60.233,0
161.209,109.794,2.00707,10.1986,9.9682,9.84664,2544.12,6.68413,10.1783,35.3248,40.8761,38.2457,30.4143,0.537017,46.545,2.14848,58.9708,0
156.386,105.246,1.74443,0,8.465,8.41239,2387.66,6.5836,9.03006,56.3558,60.8493,57.7685,51.3799,0.65475,20.1342,1.55405,59.4942,0
158.292,107.007,1.75704,0,9.04608,8.96871,2465.47,6.45998,9.65108,45.9128,50.7766,48.0581,41.4484,0.630933,27.2449,1.71803,57.5036,1
172.604,122.808,1.06459,0,8.40327,8.36171,2629.72,3.28491,8.93188,57.3103,60.5815,58.8838,52.7147,0.720617,18.8883,1.48553,30.3102,1
173.034,122.514,1.08528,0.000660167,8.39466,8.35136,2610.74,3.26212,8.89644,57.3171,60.8352,58.9183,52.6824,0.72825,18.7735,1.49463,29.7314,1
158.245,107.273,1.78118,0,8.97963,8.90842,2442.97,6.62667,9.60382,46.8041,51.8898,48.9453,42.395,0.594433,26.1296,1.69483,59.6295,0
158.128,106.588,1.69926,0,9.02734,8.9513,2470.94,6.33724,9.62899,45.9992,50.8617,48.211,41.6478,0.62605,26.8185,1.7036,55.8104,1
158.67,107.718,1.80709,0,9.06811,8.98734,2455.5,6.66749,9.66123,45.5601,50.5044,47.7655,40.9992,0.599617,28.1503,1.76367,59.9465,0
158.654,107.767,1.75122,0.283001,9.18232,9.09731,2474.01,6.46751,9.7353,44.0822,49.1003,46.3167,39.6731,0.601883,27.4393,1.74343,57.6669,1
159.046,107.836,1.79712,0,9.15416,9.07058,2464.54,6.67045,9.72733,44.3188,49.3895,46.5587,39.8399,0.60205,27.4228,1.7597,59.8461,0
158.695,107.62,1.7612,0.028103,9.16738,9.08287,2471.25,6.45489,9.72527,44.1212,49.0882,46.3374,39.7808,0.60935,27.2236,1.71858,57.6267,1
156.521,105.504,1.68402,0.00591767,8.51881,8.46159,2403.97,6.36087,9.18802,54.3972,58.9151,55.8864,49.6783,0.662583,19.9924,1.5368,57.6462,1
157.095,106.412,1.73265,0,8.5625,8.50276,2400.43,6.60482,9.21528,53.9651,58.5806,55.5047,49.2415,0.656833,19.8903,1.55638,60.5695,0
166.64,116.526,1.28381,1.36058,8.39967,8.354,2536.73,4.27187,8.90438,57.1592,60.7261,58.8031,52.6125,0.708583,18.7725,1.4855,39.072,1
160.645,108.925,1.94731,10.0703,9.84055,9.72725,2553.31,6.50866,10.1704,36.3454,41.9318,39.2091,31.3497,0.55105,46.768,2.15557,56.6997,1
160.316,108.673,1.91676,10.0606,9.83121,9.71619,2557.53,6.40778,10.1643,36.2857,41.8591,39.1698,31.4533,0.5425,46.3671,2.1148,55.634,1
172.711,123.023,1.08957,0,8.37232,8.32724,2599.55,3.34143,8.86849,57.6966,61.1035,59.3654,53.0136,0.733683,19.2152,1.51852,31.3397,1
172.785,122.662,1.07132,0.164907,8.41544,8.36924,2634.9,3.27101,8.95807,56.8713,60.2149,58.57,52.4063,0.7304,19.053,1.48743,29.9423,1
156.398,104.933,1.71701,0,8.42306,8.37932,2370.62,6.53379,8.95028,56.8957,61.3308,58.3366,52.289,0.645683,18.4654,1.45862,59.1562,0
157.902,106.941,1.77758,0,8.92471,8.85151,2437.11,6.6248,9.54494,47.8241,52.9419,50.0371,43.3087,0.591783,26.24,1.7303,59.5693,0
156.551,105.179,1.68223,0,8.51871,8.46156,2407.66,6.31763,9.18884,54.4257,58.9323,55.9448,49.6756,0.650467,20.1956,1.55353,56.6367,1
160.388,109.17,1.92113,10.1268,9.90032,9.78248,2562.85,6.40058,10.163,35.7991,41.4218,38.7394,30.8401,0.545317,47.2051,2.166,55.7964,1
172.761,122.928,1.10413,0,8.3984,8.35373,2619.21,3.26637,8.91116,57.0834,60.8601,58.7141,52.5284,0.720633,18.8556,1.48513,30.3125,1
161.023,109.448,2.00149,10.0767,9.84695,9.73153,2537.9,6.68838,10.142,36.1658,41.8242,39.0599,31.1117,0.547117,47.124,2.1701,59.0127,0
156.409,105.852,1.68481,0,8.51244,8.45487,2406.11,6.36588,9.1866,54.4089,58.9515,55.903,49.7089,0.654883,20.0551,1.53387,57.8387,1
160.992,109.604,1.99767,10.0852,9.85937,9.74236,2539.68,6.67875,10.1437,36.0837,41.709,38.9576,31.0578,0.542183,46.9134,2.15925,58.9312,0
158.444,107.183,1.74095,2.06667e-05,9.18436,9.09854,2489.79,6.36031,9.72988,44.0912,49.0884,46.3614,39.7258,0.608533,27.4773,1.74052,56.0841,1
158.49,107.596,1.77256,0.003738,9.14775,9.06276,2468.37,6.47082,9.69013,44.4991,49.5447,46.7584,39.9985,0.6943,27.8327,1.76498,57.8413,1
160.492,108.516,1.9103,10.0859,9.85547,9.73949,2565.98,6.3724,10.1565,36.2,41.8286,39.0886,31.3123,0.539217,46.8973,2.12873,54.7093,1
158.53,107.198,1.7611,0,9.13318,9.04964,2475.31,6.45811,9.69355,44.7394,49.7216,47.0199,40.3525,0.61345,27.516,1.74023,57.1793,1
160.717,108.679,1.93081,10.068,9.83523,9.72033,2551.22,6.46746,10.1699,36.3516,41.9517,39.2214,31.4517,0.558917,46.485,2.12983,55.9213,1
172.576,123.005,1.06826,0,8.39773,8.35322,2632.01,3.28049,8.91824,57.3718,60.6746,59.015,52.7643,0.718883,19.0318,1.50003,30.3507,1
160.622,109.409,1.9608,10.1118,9.8768,9.75889,2550.1,6.52359,10.1791,35.9836,41.5726,38.8301,30.9573,0.5467,47.495,2.16065,57.2192,1
158.942,107.95,1.8002,0,9.15285,9.06716,2468.65,6.66222,9.72946,44.319,49.4127,46.6569,39.92,0.598117,27.3711,1.76647,59.6525,0
158.571,107.739,1.79749,0,8.82996,8.76035,2441.8,6.64413,9.6569,48.2709,52.8401,49.626,44.6685,0.6307,17.9426,1.2905,60.1872,0
160.563,109.324,1.94873,10.1016,9.87012,9.75307,2552.11,6.51333,10.1773,36.1341,41.7704,39.0002,31.1522,0.538183,46.7269,2.15328,57.0056,1
158.729,107.387,1.7542,0,9.18638,9.10042,2475.59,6.45678,9.71036,44.0517,49.0967,46.3105,39.5735,0.614267,27.6125,1.76362,57.3289,1
156.92,105.743,1.74635,0,8.48138,8.42469,2390.5,6.57495,9.1418,54.9227,59.5125,56.4231,50.0482,0.664717,20.4129,1.57018,60.088,0
172.599,122.802,1.07905,0.0818556,8.40074,8.35823,2630.1,3.28912,8.93404,57.1086,60.3946,58.8666,52.6414,0.722417,19.0471,1.4983,30.3983,1
160.669,108.92,1.9429,10.0752,9.84474,9.7298,2552.43,6.50816,10.1674,36.28,41.8918,39.1798,31.2988,0.548517,46.6781,2.1589,56.7971,1
158.456,107.46,1.7418,0,9.18495,9.09989,2481.62,6.35701,9.72672,44.0047,49.0207,46.3121,39.5244,0.6234,28.0317,1.77952,56.3874,1
158.816,107.109,1.75583,0,9.18054,9.09327,2481.49,6.42761,9.73644,44.15,49.1253,46.3494,39.72,0.614633,27.2268,1.7403,56.493,1
158.455,107.173,1.73038,0,9.18346,9.09841,2491.88,6.36909,9.72899,44.0988,49.0904,46.3683,39.7499,0.626317,27.189,1.73568,56.1098,1
159.106,107.235,1.807,0,9.13608,9.05206,2462.02,6.63332,9.69273,44.613,49.6499,46.8122,40.0389,0.6179,27.7759,1.76947,58.8122,0
158.086,106.574,1.70405,0,9.02778,8.9513,2473.05,6.31891,9.6302,46.0259,50.9193,48.2427,41.72,0.621717,26.7715,1.69478,55.4523,1
158.321,107.511,1.7358,0.000164,9.17041,9.08373,2483.72,6.37043,9.72013,44.1087,49.1164,46.3825,39.6876,0.613333,27.4574,1.75348,56.4774,1
161.014,109.558,2.00051,3.38723,9.96165,9.84341,2545.04,6.69125,10.1705,35.4525,41.0426,38.3899,30.553,0.5619,46.6885,2.14852,58.9275,0
158.55,107.189,1.75771,0,9.12695,9.04238,2473.15,6.4601,9.69388,44.7844,49.7383,47.0411,40.4369,0.613567,27.4694,1.72533,57.2946,1
156.961,106.273,1.73689,0,8.54038,8.48204,2397.36,6.59776,9.18989,54.1547,58.7735,55.7752,49.4199,0.6579,20.2577,1.57428,60.436,0
160.621,109.379,1.94823,10.1041,9.87336,9.75576,2548.94,6.53092,10.1756,36.0058,41.5855,38.8397,30.9759,0.553667,47.4335,2.1571,57.3925,1
158.371,107.564,1.73978,0,9.17499,9.09178,2481.29,6.37047,9.72462,44.0625,49.0457,46.323,39.6526,0.6187,27.6537,1.74767,56.6582,1
157.294,106.611,1.73325,0,8.6496,8.5922,2407.18,6.61727,9.31061,52.6383,57.1143,54.1886,48.0204,0.643083,20.6436,1.54895,60.4088,0
157.085,106.388,1.72066,0,8.5758,8.51639,2402.93,6.60638,9.22325,53.8419,58.4501,55.3902,49.1717,0.65505,19.7257,1.5426,60.4649,0
158.021,106.824,1.70989,0,9.03909,8.96251,2474.7,6.3509,9.63615,45.9329,50.802,48.1317,41.5941,0.632867,26.4284,1.69782,56.1536,1
157.849,107.149,1.73567,0,9.01897,8.94362,2465.56,6.35934,9.62633,46.0005,50.8197,48.2032,41.5977,0.626667,27.1065,1.71318,56.7739,1
160.79,109.071,1.94467,10.1188,9.88376,9.76488,2554.66,6.50828,10.1815,35.8881,41.5047,38.7641,30.8919,0.534,47.3597,2.16052,56.7164,1
172.801,122.941,1.10456,0,8.40833,8.36198,2621.06,3.26657,8.91104,57.1181,60.7902,58.6802,52.5629,0.732583,18.6472,1.46893,30.3154,1
158.224,107.384,1.74967,0,9.05915,8.98052,2467.63,6.47072,9.65578,45.7687,50.643,47.9771,41.3004,0.6238,27.6415,1.73647,57.851,1
160.569,109.123,1.93268,10.0665,9.83839,9.72431,2548.28,6.51565,10.1474,36.2714,41.8642,39.1444,31.2861,0.534433,46.9546,2.14788,57.1506,1
158.367,106.754,1.73562,0,9.04205,8.9649,2465.42,6.41361,9.64476,45.9401,50.7889,48.1228,41.51,0.636933,27.0673,1.71778,56.6179,1
158.547,106.96,1.72714,0,9.18839,9.10399,2495.53,6.33023,9.73039,44.1043,49.1222,46.3413,39.6566,0.608383,27.5985,1.75085,55.2241,1
172.731,122.955,1.13392,0,8.45144,8.40089,2635,3.29788,9.01841,56.2059,59.4295,57.8922,51.3247,0.758883,20.2993,1.5965,30.453,1
159.001,107.493,1.81031,0,9.14614,9.06217,2471.86,6.66867,9.70313,44.638,49.6889,46.8888,40.1013,0.609467,27.7205,1.7754,59.3463,0
161.047,109.619,2.00191,0.359042,9.95882,9.8399,2547.8,6.70101,10.2074,35.4426,41.0691,38.3966,30.5606,0.552167,46.6525,2.15512,59.0273,0
172.861,123.176,1.11723,0,8.40494,8.35875,2604.96,3.30243,8.91131,57.0995,60.6413,58.6719,52.5042,0.718767,18.6645,1.48098,30.8107,1
172.711,123.061,1.09234,0,8.37169,8.32699,2601.94,3.32489,8.86911,57.7657,61.1576,59.3762,53.045,0.725917,19.1532,1.51258,31.1078,1
160.613,109.143,1.93614,10.0697,9.84068,9.72636,2547.75,6.51206,10.1436,36.2482,41.861,39.1287,31.244,0.579717,46.9346,2.15662,57.149,1
158.616,107.794,1.80043,0,8.81954,8.75108,2444.76,6.63825,9.69586,48.0262,52.5848,49.3472,44.4985,0.618667,17.7342,1.26688,59.9416,0
158.689,107.61,1.75878,0.0150225,9.16565,9.08044,2470.62,6.45866,9.72533,44.0863,49.0674,46.352,39.7577,0.6145,27.4074,1.72802,57.7057,1
160.669,108.65,1.9097,10.0959,9.94897,9.82921,2582.46,6.39131,10.2067,35.6444,41.2402,38.5153,30.645,0.55365,47.3696,2.16452,54.5817,1
160.435,109.011,1.90491,10.1225,9.89542,9.77803,2562.79,6.40583,10.1592,35.8438,41.4442,38.7692,30.8973,0.545783,46.9255,2.15432,55.8313,1
160.348,108.703,1.92471,10.0748,9.84505,9.72958,2560.01,6.40196,10.1512,36.2616,41.8646,39.1557,31.3437,0.54435,46.8723,2.13538,55.6135,1
160.583,108.548,1.90169,10.1125,9.88602,9.76773,2566.7,6.36332,10.1536,35.9048,41.5464,38.7976,30.8885,0.54865,47.3617,2.16382,54.829,1
158.77,107.428,1.76681,0,9.17039,9.08481,2471.21,6.44422,9.71965,44.0744,49.0751,46.3261,39.6466,0.615317,27.5536,1.75098,57.3758,1
158.953,107.917,1.80389,0,9.11018,9.02537,2458.99,6.6611,9.72041,44.7899,49.7548,47.0439,40.2902,0.59345,28.0786,1.77027,59.8391,0
158.506,107.566,1.78331,0,9.00536,8.92757,2447.45,6.652,9.62111,46.3497,51.2843,48.5089,41.8908,0.6149,26.7225,1.71645,59.867,0
160.74,109.249,1.93581,10.1443,9.91433,9.79536,2550.77,6.49083,10.1587,35.5929,41.2466,38.5414,30.6412,0.543117,46.8915,2.16088,56.8308,1
173.006,122.557,1.10195,0.00327983,8.45747,8.40815,2640.53,3.23279,9.02081,56.0866,59.6229,57.7294,51.2442,0.732733,20.4823,1.57877,29.0982,1
158.141,107.171,1.73737,0,9.11347,9.02837,2482.88,6.36714,9.68482,44.8952,49.8392,47.1414,40.4458,0.611333,27.6102,1.748,56.3078,1
160.617,109.151,1.95492,10.0867,9.85568,9.74156,2552.13,6.52445,10.1747,36.2299,41.8768,39.1427,31.2687,0.5519,46.4852,2.15847,57.1335,1
173.061,122.614,1.11145,0,8.47062,8.42107,2641.58,3.23404,9.04162,55.9746,59.7008,57.542,51.2218,0.738217,20.0823,1.5397,29.1143,1
158.286,107.272,1.75778,0,9.03772,8.95852,2460.22,6.4645,9.6406,45.789,50.6693,48.0019,41.343,0.625667,27.7239,1.73027,57.937,1
159.044,107.811,1.80594,0,9.14781,9.06296,2469.2,6.65694,9.73237,44.58,49.5654,46.8117,40.0997,0.59435,27.6444,1.76048,59.5216,0
158.809,107.097,1.74448,0,9.16882,9.08203,2472.97,6.42714,9.72511,44.1133,49.1408,46.3602,39.6112,0.620633,27.7697,1.76858,56.686,1
155.807,104.453,1.63617,0.000695167,8.39966,8.35181,2377.27,6.29602,8.8997,57.3896,61.1914,58.8916,52.6505,0.6443,18.8059,1.49722,56.6004,1
158.26,107.252,1.74379,0,9.04008,8.96239,2463.67,6.46486,9.64549,45.8308,50.7119,48.0303,41.3637,0.622817,27.4629,1.73285,57.8259,1
158.626,107.715,1.75552,0,9.15758,9.07409,2467.69,6.46056,9.71909,44.2145,49.1708,46.4518,39.8434,0.612417,27.3066,1.72995,57.7807,1
158.239,106.986,1.73352,0,9.11584,9.03155,2483.48,6.35704,9.69331,44.9001,49.8813,47.1856,40.4463,0.6149,27.9894,1.76193,56.0603,1
156.618,105.234,1.68919,0,8.5159,8.45914,2405.7,6.32406,9.18279,54.4368,58.9436,55.9418,49.6994,0.656167,20.0749,1.54343,56.8507,1
156.474,105.443,1.68867,0,8.51942,8.46235,2404.53,6.36138,9.19141,54.4175,58.9213,55.8809,49.6363,0.66205,20.1087,1.54762,57.6273,1
157.892,107.011,1.71468,0,9.02825,8.95323,2467.53,6.36918,9.63025,46.0398,50.8333,48.163,41.6122,0.6261,26.9696,1.69813,56.6983,1
158.376,107.37,1.74385,0,9.18196,9.09676,2490.55,6.37062,9.73012,44.1083,49.1268,46.4119,39.6735,0.611433,27.7018,1.76815,56.2468,1
160.637,108.917,1.95831,10.0717,9.84063,9.72741,2553.09,6.50781,10.1721,36.3632,41.9355,39.206,31.3565,0.548883,46.9889,2.15157,56.7204,1
161.051,109.584,2.00395,7.26133,9.93807,9.81932,2540.69,6.6847,10.1976,35.5311,41.1368,38.4457,30.5596,0.562983,47.3752,2.16623,58.9753,0
160.82,109.059,1.93689,10.136,9.90936,9.79098,2551.08,6.48375,10.1644,35.6956,41.2965,38.6286,30.7298,0.54685,46.9459,2.16423,56.6134,1
156.217,105.238,1.63799,0,8.53489,8.4776,2416.48,6.25777,9.19883,54.1871,58.7247,55.7358,49.6101,0.66265,19.8349,1.51938,56.2162,1
158.319,107.341,1.79524,0,8.99648,8.92038,2449.44,6.63091,9.61617,46.6928,51.7732,48.892,42.3045,0.6006,26.2574,1.70737,59.5242,0
160.646,108.91,1.93775,10.0545,9.82923,9.71424,2547.6,6.49881,10.1396,36.3333,41.9579,39.2126,31.3364,0.545767,46.8619,2.15192,56.8449,1
180.413,131.052,0.885647,0,8.46039,8.41108,2736.8,2.08196,9.03209,55.9922,59.2976,57.6858,50.9792,0.77895,20.8249,1.63108,19.5669,1
160.678,109.237,1.95376,10.1079,9.87572,9.75773,2550.59,6.51983,10.1758,35.9556,41.5423,38.8021,30.8961,0.54255,47.6325,2.16725,57.1469,1
156.201,105.253,1.65076,0,8.53381,8.47504,2417.28,6.26096,9.19899,54.1962,58.7232,55.7372,49.5566,0.663367,20.0285,1.53047,56.2886,1
156.25,105.3,1.64204,0,8.53565,8.47782,2419.31,6.26218,9.19895,54.192,58.731,55.7931,49.609,0.659283,19.9578,1.53322,56.2613,1
160.476,108.486,1.91221,10.0828,9.85089,9.73592,2562.68,6.37707,10.1549,36.1999,41.8233,39.0956,31.3376,0.54185,46.7385,2.12263,54.941,1
158.139,107.175,1.73007,0,9.11388,9.02922,2483.6,6.37223,9.69109,44.8957,49.8303,47.1691,40.5716,0.608767,27.4579,1.72297,56.3753,1
160.662,108.921,1.92274,10.0622,9.83278,9.71786,2547.4,6.49842,10.1406,36.2838,41.9421,39.1753,31.2955,0.54275,46.9531,2.15242,56.7941,1
158.699,107.618,1.75737,0,9.15926,9.07316,2467.72,6.45823,9.72058,44.1618,49.1231,46.3918,39.8062,0.611033,27.3349,1.72562,57.706,1
157.592,106.905,1.73513,0,8.71784,8.65717,2418.93,6.62801,9.4129,51.1932,55.7925,52.7195,46.9049,0.6396,19.1246,1.4745,60.2491,0
156.189,105.539,1.63684,0,8.53311,8.4753,2415.6,6.27823,9.20269,54.2678,58.7409,55.7269,49.55,0.65965,19.9727,1.53268,56.7434,1
156.135,105.334,1.67644,0,8.40831,8.36123,2367.26,6.56818,8.93133,57.1878,61.5799,58.6526,52.5445,0.65835,18.832,1.46748,60.0328,0
160.582,109.123,1.94273,10.063,9.83269,9.71799,2546.98,6.51424,10.1448,36.2577,41.895,39.1449,31.2968,0.5447,46.8636,2.14588,57.1502,1
157.496,106.806,1.72705,0,8.69347,8.63278,2412.48,6.63552,9.35096,51.8813,56.5735,53.3868,47.3359,0.64345,19.6606,1.52455,60.6308,0
160.366,108.713,1.91459,10.073,9.84245,9.72668,2559.59,6.39265,10.1497,36.2633,41.8617,39.1505,31.3613,0.534517,46.7656,2.12945,55.4876,1
160.566,109.301,1.94867,10.0983,9.86614,9.74953,2553.17,6.52395,10.1764,36.1697,41.7758,39.0333,31.1452,0.546517,46.9794,2.16122,57.168,1
160.55,108.91,1.92169,10.1754,9.94431,9.82563,2579.95,6.41479,10.2041,35.6654,41.231,38.5636,30.6401,0.541817,47.4356,2.178,55.2591,1
160.886,108.778,1.93061,10.1291,9.90493,9.78499,2551.27,6.46466,10.1629,35.7402,41.3555,38.6698,30.7241,0.5485,47.175,2.1762,56.0939,1
172.985,122.765,1.10659,0.00749883,8.40415,8.35486,2609.85,3.29238,8.9079,57.1383,60.7288,58.7516,52.5107,0.72215,18.863,1.49597,30.4201,1
158.477,107.601,1.75934,0.000432667,9.14371,9.05966,2469.73,6.47229,9.69647,44.5659,49.5922,46.7791,40.1214,0.610767,27.5141,1.73917,57.7637,1
160.567,108.907,1.91615,10.1684,9.93785,9.81856,2577.18,6.41498,10.1973,35.6787,41.2335,38.5593,30.6476,0.545283,47.3062,2.17387,55.3357,1
155.869,104.831,1.64231,0.00302617,8.40761,8.35865,2379.41,6.32956,8.91369,57.3533,61.2235,58.7135,52.5552,0.641833,18.6375,1.47835,57.2524,1
172.784,123.02,1.13636,0,8.46487,8.41333,2635.29,3.30437,9.0346,55.9342,59.3158,57.6284,50.9561,0.744483,20.7513,1.62202,30.551,1
160.712,108.681,1.91577,10.0821,9.94306,9.82345,2577.66,6.39587,10.2013,35.5661,41.2406,38.4882,30.6408,0.541683,47.0374,2.15772,54.7777,1
172.559,122.983,1.06513,0.00457267,8.39641,8.35231,2629.14,3.28088,8.91333,57.4239,60.7216,59.0538,52.784,0.714167,19.1358,1.50647,30.3356,1
156.625,105.247,1.67436,0,8.514,8.45797,2405.05,6.32191,9.18725,54.4363,58.9399,55.9618,49.7322,0.663767,20.0368,1.5434,56.8564,1
172.789,122.66,1.09729,0,8.39666,8.35453,2621.45,3.25375,8.91143,57.0634,60.363,58.7428,52.5449,0.73315,18.8787,1.48805,29.94,1
158.243,107.413,1.76271,0,9.0703,8.99062,2470.49,6.4767,9.66803,45.6902,50.5634,47.8769,41.2094,0.618233,27.699,1.73648,57.9326,1
158.295,107.025,1.74129,0,9.04088,8.96243,2463.66,6.45505,9.64477,45.8818,50.7627,48.0397,41.3544,0.625233,27.7197,1.73713,57.5314,1
158.595,106.951,1.74005,0,9.18688,9.10256,2488.68,6.32618,9.74164,44.0342,49.0885,46.3128,39.6186,0.61095,27.6009,1.75622,55.363,1
166.569,116.139,1.27765,0,8.3951,8.3523,2534.07,4.25349,8.90566,57.1501,60.6297,58.7318,52.551,0.705633,18.8452,1.48315,38.6887,1
158.09,107.348,1.74055,0,8.78166,8.71424,2428.43,6.64119,9.53819,49.6636,54.2056,51.0653,45.7708,0.63505,18.2582,1.35942,60.3594,0
172.863,122.763,1.07558,0,8.40588,8.36017,2620.81,3.32074,8.93157,57.5041,61.1989,58.9984,52.7834,0.7141,19.0722,1.4991,30.6441,1
172.995,122.488,1.10112,0,8.39262,8.34712,2608.1,3.26489,8.89129,57.2519,60.6637,58.926,52.6362,0.729283,18.9384,1.50742,29.7702,1
160.988,109.49,2.00153,0.655231,9.97018,9.84657,2545.08,6.70423,10.1516,35.4649,41.0852,38.416,30.5863,0.56255,46.2802,2.14258,59.0933,0
156.485,105.118,1.64111,0,8.54227,8.48401,2427.28,6.38605,9.21107,54.1615,58.7238,55.7636,49.641,0.7066,19.6638,1.5204,56.7177,1
160.59,108.57,1.89956,10.1202,9.89236,9.77485,2565.87,6.36637,10.1588,35.8655,41.4954,38.7788,30.9105,0.547083,47.1703,2.15337,54.8235,1
158.62,107.667,1.81333,0,9.06661,8.98644,2460.01,6.67846,9.66726,45.7125,50.5735,47.8707,41.1577,0.621233,27.939,1.7506,59.9349,0
156.838,105.935,1.75115,0,8.47924,8.42237,2392.41,6.59142,9.14071,55.0611,59.617,56.5661,50.1581,0.649734,20.5011,1.57832,60.3561,0
156.985,106.297,1.72985,0,8.57279,8.51258,2400.49,6.60177,9.21965,53.8606,58.4617,55.4752,49.2606,0.674383,19.7427,1.54393,60.3342,0
157.177,106.297,1.75324,0,8.74894,8.68441,2414.04,6.60831,9.29932,50.8261,56.0869,53.4463,45.7657,0.59325,26.7173,1.92403,59.7014,0
173.259,123.049,1.13049,0.00143833,8.44956,8.40044,2645.53,3.28453,9.0158,56.0178,59.1806,57.8691,51.1136,0.780767,20.8444,1.64038,29.3093,1
158.662,107.754,1.75149,0,9.18431,9.09948,2476.13,6.46731,9.73336,44.0976,49.1065,46.3329,39.6622,0.61375,27.4136,1.74887,57.6239,1
172.801,122.663,1.07353,0,8.42038,8.37435,2633.79,3.26359,8.96588,56.8286,60.1614,58.4678,52.3312,0.714917,19.0371,1.48487,29.8484,1
156.964,106.29,1.74565,0,8.53429,8.47915,2399.78,6.5997,9.19227,54.294,58.8988,55.8455,49.6043,0.6625,19.9129,1.54572,60.4551,0
156.87,105.805,1.75692,0.849484,8.47342,8.4224,2401.28,6.59792,9.04536,56.1632,60.3006,57.6305,51.1233,0.754383,20.6386,1.58658,58.8715,0
161.168,109.298,1.98871,10.0765,9.84674,9.73079,2540.18,6.69236,10.1681,36.1943,41.8158,39.0733,31.1865,0.547033,47.2428,2.16032,58.805,0
158.375,107.388,1.77587,0,9.00202,8.92449,2444.92,6.64132,9.61996,46.4059,51.3337,48.6086,41.9861,0.6241,26.6647,1.71552,59.7523,0
157.053,106.371,1.73645,0,8.54376,8.48389,2395.17,6.58818,9.19051,54.1081,58.7425,55.728,49.4858,0.668883,19.8306,1.54575,60.3894,0
156.346,105.483,1.74674,0,8.46763,8.41606,2386.2,6.5984,9.02896,56.1856,60.688,57.6422,51.4483,0.6501,19.6809,1.50622,59.9628,0
173.286,122.815,1.13521,2.42762,8.51336,8.45481,2646.56,3.22774,9.18464,54.2716,58.1509,55.9297,49.4879,0.775133,20.3272,1.59278,29.0475,1
159.995,108.707,1.92831,0.802415,9.67216,9.5657,2514.36,6.66707,9.79541,39.4616,45.5222,43.323,33.1404,0.5941,47.1565,2.68772,58.9194,0
160.257,109.05,1.91701,10.0698,9.8365,9.72114,2561.49,6.42856,10.1689,36.3005,41.9162,39.1844,31.3361,0.538733,47.205,2.15045,55.9981,1
156.357,105.697,1.75789,0,8.47594,8.42449,2389.54,6.59922,9.04813,56.0483,60.5761,57.552,51.3524,0.64485,19.7322,1.51218,59.997,0
158.162,107.188,1.7314,0,9.11987,9.03478,2485.03,6.3732,9.69195,44.9378,49.8504,47.1514,40.4883,0.61375,27.791,1.74015,56.3252,1
158.189,106.951,1.71398,0,9.1151,9.03026,2483.53,6.36544,9.69167,44.9446,49.9019,47.2048,40.4719,0.620167,28.1547,1.75857,56.1303,1
160.685,109.395,1.94623,10.1524,9.92516,9.80531,2550.74,6.50561,10.1655,35.5719,41.234,38.5068,30.6264,0.54895,46.9144,2.15987,57.0079,1
158.614,107.775,1.75808,0.0082425,9.16982,9.08584,2470.79,6.44829,9.72289,44.0805,49.0587,46.325,39.6829,0.617217,27.4173,1.74052,57.5577,1
161.018,109.598,1.99232,10.0948,9.86674,9.74982,2540.57,6.67996,10.147,36.0377,41.6655,38.9368,30.9744,0.548283,47.27,2.17653,58.9557,0
160.279,108.907,1.92354,10.0651,9.83741,9.72297,2555.14,6.40839,10.1517,36.3127,41.896,39.2176,31.3923,0.538917,46.8164,2.14187,55.8831,1
161.071,109.636,1.99676,0.705138,9.96134,9.84079,2548.1,6.69221,10.2052,35.4657,41.0921,38.3989,30.552,0.555883,46.7429,2.15782,58.8605,0
160.698,108.649,1.92009,10,9.94724,9.82726,2578.48,6.38726,10.209,35.5839,41.228,38.487,30.645,0.550817,46.9966,2.15635,54.6078,1
160.61,109.157,1.93866,10.0939,9.86376,9.74674,2553.75,6.52008,10.1777,36.1878,41.7592,39.051,31.1518,0.539883,47.1634,2.16583,57.0081,1
160.598,109.141,1.93276,10.0611,9.83095,9.71572,2546.02,6.51233,10.141,36.2588,41.9188,39.1398,31.3322,0.54315,46.5818,2.13388,57.1922,1
158.16,107.171,1.73045,0,9.11717,9.03211,2480.78,6.37792,9.68857,44.8518,49.8051,47.1304,40.4291,0.618883,27.5922,1.74937,56.4876,1
161.001,109.613,1.99986,10.0527,9.82341,9.70873,2530.41,6.6988,10.1589,36.2994,41.8908,39.1733,31.2642,0.555433,47.602,2.16583,59.3054,0
180.377,130.908,0.84025,0,8.41314,8.36886,2732.32,2.08396,8.95302,57.1082,60.4217,58.5873,52.486,0.740983,18.8591,1.47347,19.5809,1
158.452,107.2,1.73658,0,9.18148,9.09627,2493.07,6.3649,9.72046,44.1239,49.1045,46.376,39.8082,0.618367,27.0093,1.71932,55.9642,1
158.638,107.742,1.74982,0.0066935,9.15507,9.06987,2466.6,6.45051,9.72045,44.179,49.1586,46.4029,39.8399,0.6003,27.2722,1.71965,57.7125,1
160.393,109.181,1.91019,10.1269,9.90243,9.78483,2563.17,6.4046,10.1611,35.7792,41.3883,38.7371,30.8065,0.54595,47.1392,2.17157,55.7906,1
161.061,109.481,1.99813,10.0639,9.83754,9.7231,2538.5,6.70902,10.1662,36.2255,41.852,39.1168,31.1454,0.549617,47.6783,2.1833,59.264,0
173.323,122.834,1.1243,0.829817,8.52347,8.46646,2651.81,3.22673,9.19287,54.1939,58.2716,55.7894,49.4684,0.763883,20.1284,1.56577,28.9806,1
160.704,108.656,1.95044,10.0713,9.83801,9.72461,2552.2,6.47316,10.173,36.3542,41.9592,39.2194,31.457,0.551817,46.3365,2.12745,55.9671,1
172.676,123.101,1.13686,0,8.44707,8.39835,2634.69,3.29245,9.00472,56.2798,59.5244,57.9961,51.2461,0.754117,20.8309,1.63788,30.4342,1
156.377,105.832,1.68654,0.0141128,8.51372,8.456,2405.54,6.36522,9.18651,54.4075,58.9645,55.8937,49.6889,0.653733,20.0711,1.53403,57.8891,1
158.639,107.733,1.75742,0.115074,9.15841,9.07391,2465.28,6.45297,9.72252,44.2177,49.1729,46.4169,39.8385,0.614417,27.2665,1.7227,57.7969,1
158.848,107.165,1.75368,0,9.17866,9.0932,2478.68,6.4345,9.73224,44.0766,49.1284,46.3525,39.5782,0.616583,27.9206,1.7753,56.6324,1
158.495,107.207,1.73308,0,9.17194,9.08691,2484.13,6.3544,9.7316,44.0349,49.0147,46.3321,39.6726,0.610067,27.4722,1.7472,56.1471,1
172.841,122.963,1.14326,0.031564,8.43316,8.38601,2620.79,3.34522,8.97643,56.7232,60.3258,58.2879,52.1382,0.736783,18.857,1.48608,31.0762,1
160.493,108.504,1.90676,10.0818,9.85034,9.7342,2562.43,6.37092,10.1563,36.2287,41.8264,39.1063,31.3348,0.53265,46.8279,2.12753,54.8526,1
157.901,107.004,1.71542,0,9.02322,8.94743,2466.25,6.36179,9.62627,46.0087,50.8254,48.1956,41.592,0.631917,27.2741,1.7131,56.7231,1
160.695,108.634,1.93997,10.0685,9.83406,9.72186,2552.15,6.47502,10.1704,36.3494,41.9581,39.2351,31.4347,0.551283,46.5861,2.13658,56.0547,1
156.475,105.435,1.68278,0,8.52038,8.46239,2405.08,6.36197,9.1925,54.4013,58.9055,55.8912,49.6449,0.661416,20.0956,1.54737,57.6045,1
161,109.519,2.01023,1.5758,9.97008,9.84577,2546.08,6.68233,10.1523,35.4531,41.0849,38.4194,30.6184,0.56245,46.1093,2.13543,58.7861,0
158.112,107.166,1.78183,0,8.96874,8.89557,2445.2,6.651,9.60227,47.2171,52.337,49.3564,42.6994,0.600967,26.3737,1.72352,59.836,0
172.838,123.002,1.15364,0.0902045,8.4294,8.38151,2621.56,3.33804,8.96684,56.781,60.2236,58.4086,52.1498,0.722917,19.185,1.51103,30.9287,1
158.682,107.583,1.76325,0,9.18037,9.09389,2479.35,6.48245,9.73422,44.0533,49.1004,46.3342,39.6613,0.615217,27.5052,1.74992,57.6953,1
158.442,107.43,1.74626,0,9.18288,9.09787,2483.01,6.36419,9.7293,44.0026,49.0007,46.3101,39.6128,0.620183,27.7083,1.75643,56.4729,1
172.547,122.959,1.06585,0.001468,8.39804,8.35309,2628.88,3.28431,8.91703,57.3786,60.706,59.0294,52.8061,0.720917,18.9871,1.4948,30.391,1
158.462,107.469,1.73356,0,9.17982,9.09507,2482.59,6.36693,9.72565,44.0197,49.0008,46.2994,39.5936,0.61775,27.6954,1.75707,56.5529,1
172.708,123.087,1.10777,0,8.40146,8.3511,2621.68,3.25715,8.90192,57.1234,60.6284,58.8119,52.5949,0.729533,18.8351,1.49148,30.1718,1
160.253,108.897,1.9358,10.0557,9.82663,9.71326,2556.2,6.4184,10.1642,36.3265,41.8981,39.2164,31.436,0.546133,46.7343,2.12982,55.989,1
156.215,105.266,1.6328,0,8.53232,8.4743,2418.39,6.26359,9.19796,54.1797,58.7176,55.7579,49.6091,0.65435,19.911,1.52282,56.275,1
156.011,104.736,1.6835,0,8.43641,8.38936,2392.72,6.31488,8.99008,56.7812,60.5279,58.2791,52.0848,0.65905,19.0154,1.50083,56.3507,1
158.772,107.412,1.75349,0,9.16283,9.07781,2466.97,6.43399,9.7145,44.0549,49.0548,46.3006,39.6494,0.617883,27.4781,1.74195,57.2971,1
172.677,123.083,1.14198,0,8.44047,8.39241,2632.45,3.28629,8.99451,56.4526,59.7069,58.0866,51.5906,0.743233,20.047,1.57427,30.3562,1
155.508,104.589,1.59425,0,8.41777,8.3717,2401.84,6.24437,8.95948,57.0516,60.7061,58.5505,52.475,0.64635,18.7768,1.46697,55.8575,1
160.64,108.926,1.94186,10.0663,9.83843,9.72341,2552.77,6.50492,10.1674,36.3306,41.9235,39.2035,31.2973,0.554433,47.0343,2.16558,56.7106,1
160.697,108.669,1.9105,10.1722,9.94427,9.82476,2578.39,6.3892,10.2052,35.5729,41.2305,38.4866,30.6427,0.542583,46.9863,2.15648,54.6955,1
157.769,107.016,1.72415,0,8.74315,8.67979,2421.56,6.62204,9.46188,50.5957,55.2128,52.0593,46.4855,0.6413,18.7814,1.42082,60.005,0
173.025,122.606,1.10678,0.0030715,8.46247,8.4134,2641.48,3.23122,9.02844,56.0342,59.6109,57.6666,51.3408,0.741417,19.975,1.53812,29.084,1
172.943,122.476,1.07792,0,8.39311,8.34723,2619.91,3.29666,8.90819,57.6657,61.003,59.2727,52.9712,0.723216,19.1011,1.5147,29.9903,1
156.448,105.692,1.70034,0,8.51734,8.46059,2405.53,6.36577,9.1938,54.422,58.9532,55.8904,49.7088,0.655617,19.9687,1.53095,57.8852,1
161.404,109.128,1.9883,10.164,9.93484,9.8176,2544.1,6.65319,10.172,35.5941,41.2397,38.5198,30.63,0.550917,46.5742,2.16028,58.0924,0
161.129,109.243,1.99669,1.38062,9.85026,9.73528,2542.58,6.69828,10.1715,36.2222,41.8942,39.0998,31.1759,0.542817,47.3984,2.16997,58.8039,0
158.277,107.264,1.73892,0,9.05394,8.975,2468.27,6.47202,9.6513,45.77,50.6454,47.9792,41.3192,0.624367,27.6538,1.73202,57.785,1
157.866,107.149,1.73388,0,9.02508,8.94884,2469.43,6.36776,9.62709,45.9795,50.818,48.1903,41.5833,0.624133,27.0687,1.71385,56.8726,1
172.512,122.928,1.07592,0,8.39395,8.34687,2625.59,3.28451,8.90866,57.5274,60.8523,59.1198,52.8223,0.715967,19.1331,1.51312,30.4183,1
160.672,108.948,1.93042,10.059,9.83011,9.71449,2549.46,6.4866,10.1394,36.3071,41.9456,39.1903,31.3457,0.545533,46.7093,2.14217,56.5713,1
160.938,109.475,1.99493,1.63503,9.95197,9.82846,2541.58,6.67977,10.1366,35.5333,41.1933,38.5213,30.6415,0.560617,46.3158,2.15388,58.8122,0
156.105,105.614,1.64814,0,8.52609,8.47024,2414.63,6.26373,9.1995,54.2562,58.7607,55.7599,49.6497,0.657783,19.7938,1.51422,56.5188,1
160.5,108.794,1.90347,10.1251,9.89822,9.78056,2565.18,6.38951,10.1633,35.8605,41.4458,38.7796,30.9012,0.550583,46.9416,2.15762,55.4035,1
160.63,108.909,1.94768,10.0711,9.84029,9.72686,2552.85,6.5112,10.1694,36.3569,41.9427,39.205,31.3443,0.55185,46.9655,2.15428,56.7779,1
159.322,108.438,1.83248,0,9.0682,8.98374,2478.87,6.6592,9.96442,44.1061,48.5863,45.3651,41.1002,0.5687,18.112,1.14535,59.5844,0
160.742,109.262,1.94258,10.1435,9.91443,9.79544,2549.63,6.49019,10.1584,35.6092,41.259,38.556,30.6424,0.541283,46.9394,2.16477,56.8703,1
173.284,122.781,1.11194,2.10584,8.50817,8.44946,2646.55,3.24015,9.18479,54.3207,58.1223,56.0106,49.7394,0.791817,19.771,1.55313,29.2301,1
172.771,122.655,1.06832,0,8.41616,8.3693,2633.93,3.26802,8.95612,56.9209,60.6399,58.5747,52.484,0.710233,18.8166,1.47032,29.9118,1
160.507,109.117,1.97182,0.452277,9.82671,9.71282,2532.26,6.69203,10.0568,36.9468,42.7483,40.227,31.3969,0.574833,47.2647,2.39272,59.1166,0
158.824,107.133,1.74946,0,9.16689,9.08193,2470.94,6.41726,9.71863,44.0922,49.0611,46.335,39.7105,0.606617,27.3411,1.73488,56.807,1
156.241,105.49,1.7101,0,8.43984,8.39151,2369.65,6.57083,8.97782,56.5288,61.0877,58.0195,52.0388,0.65555,18.5966,1.44492,60.1568,0
156.376,105.063,1.66112,3.25735,8.50941,8.4499,2419.22,6.2399,9.18519,54.5009,58.5267,56.0787,49.7684,0.68525,19.8956,1.56213,55.2191,1
157.905,107.006,1.71399,0,9.02928,8.95341,2466.24,6.36426,9.6283,46.0271,50.8365,48.202,41.5867,0.626033,27.2595,1.71537,56.7317,1
156.853,106.148,1.7596,0,8.50398,8.44638,2396.3,6.59757,9.17134,54.6744,59.3811,56.2372,49.6429,0.65785,20.7101,1.62908,60.4205,0
160.346,108.671,1.92877,10.06,9.82918,9.71461,2557.83,6.40909,10.164,36.3243,41.8994,39.214,31.3971,0.541,47.0252,2.139,55.655,1
158.81,107.093,1.74763,0,9.1745,9.08795,2479.67,6.43652,9.73025,44.142,49.1383,46.3565,39.6451,0.61735,27.5506,1.7601,56.7254,1
160.207,108.887,1.92622,10.0585,9.82959,9.71553,2555.34,6.41978,10.1654,36.3462,41.9016,39.2026,31.4915,0.55445,46.2408,2.11378,55.9873,1
156.277,105.145,1.71781,0,8.42848,8.38095,2369.11,6.5663,8.96482,56.7193,60.9572,58.17,52.0742,0.675317,18.6876,1.47388,59.8266,0
158.404,107.383,1.74987,0,9.18117,9.09512,2490.91,6.36728,9.72768,44.1071,49.1037,46.3937,39.7168,0.609,27.4753,1.7498,56.2349,1
161.025,109.56,2.01431,9.6589,9.92819,9.80904,2546.88,6.69103,10.1789,35.5656,41.2134,38.5071,30.6422,0.544517,47.1782,2.15618,58.9109,0
173.184,123.446,1.14253,0,8.51596,8.45875,2652.47,3.27383,9.1848,54.256,58.727,55.9223,49.4095,0.7431,20.5877,1.60877,30.1427,1
157.025,106.333,1.7463,0,8.58051,8.52258,2399.9,6.60673,9.22919,53.7781,58.338,55.2926,49.1728,0.661317,19.554,1.52197,60.5399,0
174.893,124.498,1.04381,0,8.53581,8.48056,2676.65,3.0191,9.20168,54.1426,58.5936,55.7799,49.5626,0.73675,19.9695,1.54115,27.1264,1
157.263,106.584,1.73049,0,8.5814,8.5227,2405.68,6.61164,9.22707,53.6859,58.2747,55.2929,49.1713,0.65355,19.5565,1.523,60.6025,0
160.795,109.045,1.93675,10.1165,9.88156,9.76347,2553.95,6.50397,10.1806,35.8809,41.512,38.7444,30.8891,0.538467,47.2145,2.1554,56.678,1
172.759,122.912,1.08931,0.0038675,8.37168,8.32759,2604.86,3.32279,8.86854,57.6487,61.0562,59.3191,52.9887,0.721417,19.1676,1.51258,30.9512,1
160.43,109.217,1.91348,10.1605,9.92778,9.81063,2572.81,6.42369,10.201,35.7411,41.309,38.6237,30.7639,0.536883,47.2373,2.15938,55.733,1
173.065,122.536,1.08898,0,8.39267,8.34848,2611.06,3.2599,8.89242,57.2442,61.0508,58.9684,52.7232,0.714017,18.7814,1.49852,29.7196,1
173.072,122.941,1.12235,0.0382747,8.50401,8.44903,2645.34,3.28945,9.12816,54.9476,58.4514,56.6301,50.132,0.77,20.3857,1.59903,30.1748,1
156.489,105.714,1.69872,0,8.5213,8.46338,2405.82,6.37006,9.19683,54.4042,58.9236,55.8913,49.7045,0.659283,19.9726,1.53325,57.883,1
158.663,107.59,1.74607,0,9.18178,9.09479,2479.35,6.47177,9.73323,44.0947,49.1097,46.3188,39.6655,0.61875,27.3437,1.74487,57.5806,1
158.022,106.818,1.71453,0,9.0408,8.9655,2475.49,6.35445,9.63806,45.9426,50.7996,48.1539,41.5925,0.633917,26.634,1.70323,56.1711,1
172.898,122.504,1.07037,0.000230333,8.43567,8.38756,2633.96,3.23433,8.98624,56.3572,59.7381,58.1507,51.9216,0.731283,19.3679,1.50702,29.1901,1
158.228,107.207,1.74765,0,9.04128,8.9626,2458.65,6.46286,9.64585,45.8293,50.6956,48.001,41.3504,0.628917,27.4436,1.72883,57.9208,1
160.6,108.607,1.90314,10.108,9.88208,9.76468,2567.68,6.36926,10.1524,35.9293,41.5719,38.823,30.8884,0.54055,47.4326,2.16942,54.8536,1
172.538,122.938,1.06895,0.000152833,8.39743,8.35207,2630.85,3.28229,8.91607,57.4662,60.7608,59.0719,52.8149,0.712833,19.0855,1.50342,30.3057,1
160.692,108.642,1.93566,10.0662,9.83352,9.71923,2550.78,6.47493,10.1693,36.3529,41.9538,39.2325,31.4569,0.550083,46.4474,2.13027,56.0363,1
172.814,123.03,1.12986,0,8.47262,8.41964,2635.06,3.29056,9.04663,55.8523,59.2291,57.4454,50.8679,0.75285,20.4811,1.60295,30.371,1
160.642,108.924,1.92692,10.0579,9.83121,9.7159,2547.54,6.49542,10.1399,36.2862,41.9465,39.172,31.3224,0.533067,46.7939,2.14455,56.7984,1
157.008,106.333,1.72837,0,8.54338,8.48253,2394.71,6.58986,9.19236,54.1015,58.7416,55.7134,49.4578,0.662017,19.8859,1.54995,60.3751,0
160.638,108.894,1.94666,10.0708,9.84023,9.72787,2552.36,6.51175,10.173,36.3648,41.9489,39.2175,31.4551,0.550117,46.4584,2.12985,56.7654,1
161.028,109.59,2.00609,1.27187,9.97447,9.85489,2546.77,6.68804,10.1677,35.4,41.0185,38.3449,30.522,0.559383,46.4686,2.14442,58.9069,0
158.365,106.754,1.74793,0,9.03631,8.95923,2463.52,6.41683,9.63398,45.9825,50.8164,48.1671,41.5783,0.625,26.7478,1.7113,56.6845,1
158.272,106.626,1.72649,0,9.1005,9.01772,2484.22,6.34604,9.68588,45.1778,50.168,47.4449,40.7741,0.613933,27.914,1.73952,55.6162,1
172.518,122.931,1.06898,0.000758,8.39445,8.34558,2628.14,3.27839,8.91139,57.5733,60.916,59.1583,52.8966,0.717583,18.8733,1.50223,30.2609,1
160.484,108.503,1.8968,10.0911,9.86068,9.74418,2567.88,6.37567,10.1597,36.2003,41.8234,39.0818,31.2997,0.537217,46.9388,2.13102,54.7703,1
156.446,105.717,1.69313,0,8.52011,8.46426,2405.66,6.36803,9.19757,54.43,58.9435,55.8652,49.7053,0.655833,19.911,1.5282,57.8828,1
158.529,107.203,1.76338,0,9.13388,9.05054,2474.55,6.46552,9.69055,44.7311,49.713,47.0078,40.2789,0.597517,27.7839,1.75467,57.3415,1
160.667,108.923,1.95019,10.0732,9.84308,9.72917,2553.17,6.5104,10.169,36.2977,41.9158,39.1991,31.3078,0.548467,46.675,2.16152,56.7617,1
161.06,109.502,1.99855,10.0579,9.83146,9.71632,2537.21,6.70501,10.1603,36.2359,41.8553,39.1205,31.147,0.55225,47.6924,2.18287,59.2249,0
158.092,106.559,1.70559,0,9.02898,8.95367,2469.44,6.31895,9.62716,45.9996,50.8609,48.1787,41.631,0.619983,26.6264,1.69957,55.5254,1
156.958,105.775,1.7496,0,8.48481,8.42698,2394.85,6.5762,9.14649,54.861,59.4514,56.3599,49.9856,0.665117,20.3985,1.5725,59.9924,0
173.304,122.802,1.12659,2.25647,8.52039,8.46289,2648.39,3.23468,9.19006,54.2461,58.1867,55.8416,49.4698,0.776067,20.2104,1.5775,29.1275,1
158.001,106.833,1.70951,0,9.03544,8.95787,2472.26,6.35524,9.62779,45.9875,50.8456,48.2011,41.5954,0.6284,26.6354,1.71453,56.257,1
172.845,122.96,1.14919,0.269842,8.42478,8.37794,2619.15,3.34306,8.95757,56.9212,60.2871,58.4944,52.3134,0.7383,18.9704,1.49298,31.0658,1
160.416,108.757,1.91318,10.0774,9.84681,9.73026,2563.4,6.39685,10.1535,36.2344,41.8428,39.1304,31.345,0.536783,46.8042,2.13048,55.4166,1
158.361,106.743,1.73896,0,9.0407,8.96342,2459.86,6.41883,9.64008,45.9607,50.7919,48.1296,41.4885,0.628367,27.3436,1.72613,56.8113,1
172.696,123.044,1.09183,0.0115898,8.36705,8.32256,2599.17,3.32585,8.86119,57.789,61.1595,59.4232,53.0604,0.729867,19.1437,1.51772,31.1349,1
161.035,109.591,2.00121,2.00792,9.96234,9.84228,2543.66,6.69293,10.1655,35.4094,41.0395,38.3754,30.5386,0.562383,46.448,2.14672,59.0171,0
158.464,107.199,1.72704,0,9.18517,9.1003,2494.03,6.3628,9.73042,44.1177,49.0983,46.3654,39.7815,0.620434,27.0935,1.72645,55.9367,1
172.682,123.014,1.09441,0.0484002,8.37222,8.32755,2604.6,3.33149,8.87109,57.722,61.0911,59.341,52.9924,0.72225,19.2081,1.5174,31.1261,1
161.003,109.532,2.0163,1.55176,9.96041,9.83986,2545.24,6.6971,10.1573,35.4493,41.0645,38.3982,30.4806,0.557967,46.8502,2.16702,59.0446,0
161.283,109.053,1.9824,10.0952,9.86241,9.74679,2539.35,6.6621,10.1728,36.0531,41.6346,38.9068,30.9876,0.557233,47.6806,2.17023,58.148,0
158.546,106.927,1.71418,0,9.18892,9.10444,2496.81,6.33002,9.72709,44.0941,49.1518,46.3564,39.6658,0.608,27.606,1.75492,55.1691,1
172.935,122.45,1.08089,0,8.38752,8.34122,2618.78,3.28252,8.90049,57.7043,61.065,59.339,52.9876,0.715,19.1715,1.52412,29.7609,1
172.765,122.666,1.06852,0.0139467,8.43158,8.38494,2633.82,3.26713,8.9813,56.5179,59.9004,58.26,52.1291,0.729217,19.0696,1.48477,29.8702,1
160.449,108.457,1.91389,10.0817,9.84741,9.73136,2564.02,6.38402,10.1742,36.239,41.8728,39.0895,31.2975,0.54355,47.2693,2.1373,54.9364,1
158.279,107.005,1.73813,0,9.03982,8.96183,2460.4,6.45079,9.64432,45.86,50.7363,48.0167,41.343,0.624933,27.6309,1.73382,57.5382,1
160.397,108.747,1.91055,10.0807,9.85024,9.73378,2560.9,6.39321,10.1546,36.2208,41.8385,39.1185,31.3348,0.538433,46.8501,2.12927,55.4014,1
160.559,109.268,1.94694,10.0836,9.85533,9.74071,2547.16,6.51595,10.1565,36.1914,41.8126,39.0732,31.2205,0.541917,46.8276,2.14967,57.1944,1
172.961,122.744,1.09999,0,8.40356,8.35596,2609.43,3.29968,8.90487,57.1489,60.8589,58.7426,52.515,0.722283,18.846,1.49322,30.5065,1
158.117,107.173,1.78432,0,8.97062,8.89829,2445.75,6.64717,9.6047,47.2359,52.3656,49.4281,42.7619,0.6028,26.3858,1.72518,59.733,0
160.623,108.887,1.95492,10.0707,9.84131,9.72806,2552.92,6.51273,10.1729,36.3683,41.9398,39.208,31.3983,0.550483,46.7435,2.14043,56.803,1
160.163,109.02,1.92062,10.0572,9.82451,9.71097,2554.92,6.41277,10.1606,36.3604,41.9513,39.2249,31.4609,0.544833,46.431,2.12665,55.9694,1
160.593,109.136,1.94426,10.0649,9.8356,9.7205,2547.38,6.51318,10.1454,36.2607,41.8667,39.1428,31.2824,0.545633,47.1849,2.14748,57.1477,1
158.367,106.753,1.73376,0,9.03738,8.9606,2461.21,6.41123,9.63491,45.9605,50.8067,48.1634,41.5142,0.62625,27.0243,1.72572,56.6795,1
158.554,107.228,1.76636,0,9.13471,9.05132,2475.98,6.45829,9.68923,44.6989,49.7031,46.9788,40.2648,0.6137,27.7471,1.75048,57.1624,1
160.726,108.677,1.94254,10.0687,9.83662,9.72355,2552.95,6.47889,10.1673,36.3643,41.9564,39.2278,31.457,0.550533,46.4731,2.12953,56.0122,1
160.338,108.682,1.92884,10.059,9.82839,9.71387,2556.71,6.40508,10.1629,36.3083,41.8661,39.1877,31.3948,0.539633,46.7296,2.13247,55.6367,1
155.641,104.677,1.61099,0,8.39921,8.35222,2389.8,6.34681,8.91898,57.7733,61.6322,59.1872,52.957,0.64055,18.925,1.49722,57.107,1
158.863,107.19,1.758,0,9.16787,9.08288,2469.78,6.42207,9.71471,44.0393,49.0546,46.3313,39.5852,0.610783,27.9665,1.76478,56.8161,1
156.466,105.737,1.69478,0,8.51813,8.46045,2406.21,6.36653,9.19507,54.4082,58.9419,55.9167,49.7071,0.657183,20.0149,1.53738,57.8487,1
160.594,108.569,1.90555,10.126,9.89662,9.77793,2566.95,6.36819,10.1626,35.8655,41.4861,38.7806,30.9027,0.553683,47.247,2.1596,54.7808,1
158.502,107.244,1.73514,0,9.16916,9.08409,2485.43,6.33787,9.73238,44.0692,49.007,46.3291,39.7032,0.609217,27.434,1.73763,55.8019,1
160.178,109.017,1.92796,10.0576,9.82604,9.71297,2555.28,6.4125,10.1616,36.3457,41.9498,39.2185,31.4369,0.548833,46.5609,2.13102,55.9513,1
160.928,108.853,1.94617,10.1548,9.92001,9.80056,2569.26,6.49375,10.2029,35.8565,41.5007,38.741,30.8438,0.529433,47.4498,2.17073,55.9493,1
180.46,130.996,0.855777,0.133489,8.40067,8.3546,2722.81,2.05852,8.91315,57.1611,60.5986,58.6791,52.5182,0.753766,18.7697,1.47748,19.4007,1
158.953,107.757,1.80785,0,9.14436,9.05954,2469.42,6.68042,9.70137,44.5638,49.655,46.8598,40.0753,0.5909,27.7355,1.77278,59.7452,0
158.378,107.54,1.73346,0,9.19437,9.10899,2496.09,6.37371,9.73928,44.1314,49.1092,46.3725,39.7661,0.616117,27.2886,1.73338,56.1947,1
157.6,106.675,1.75742,0,8.86582,8.79729,2426.84,6.61908,9.42809,49.103,54.2631,51.5106,44.4763,0.5933,26.2481,1.7877,59.6636,0
161.036,109.582,2.01193,1.09915,9.96691,9.84623,2547.41,6.68925,10.2099,35.3987,41.0436,38.3926,30.5169,0.5492,46.8913,2.1668,58.8277,0
158.462,107.159,1.73252,0,9.18775,9.10164,2491.5,6.36412,9.72717,44.0802,49.0891,46.3568,39.7172,0.615717,27.3207,1.73885,55.9769,1
159.205,107.349,1.78573,0,9.12296,9.03822,2457.47,6.61589,9.70681,44.5052,49.4643,46.735,40.0134,0.609683,27.5507,1.7579,58.9104,0
160.213,108.862,1.92767,10.0589,9.8279,9.71422,2557,6.41937,10.1649,36.3556,41.9194,39.2253,31.4624,0.546633,46.6718,2.1255,55.9025,1
158.302,107.326,1.802,0.00288817,9.00444,8.92757,2450.95,6.64757,9.60854,46.6214,51.6286,48.8324,42.2097,0.602717,26.4535,1.71332,59.7561,0
158.093,106.542,1.70201,0,9.02851,8.9526,2473.96,6.31689,9.63101,46.0468,50.944,48.2615,41.7371,0.622634,26.7493,1.69597,55.3696,1
156.802,106.078,1.75911,0,8.51536,8.45893,2401.78,6.59694,9.18565,54.5392,59.229,56.0893,49.5877,0.649117,20.5128,1.61017,59.8286,0
160.199,109.054,1.92272,10.0605,9.83408,9.71778,2557.12,6.40691,10.147,36.3268,41.9252,39.2222,31.3792,0.53855,46.913,2.14412,55.9155,1
160.361,108.693,1.92718,10.072,9.84244,9.72653,2559.74,6.39123,10.1528,36.2993,41.8654,39.1619,31.4275,0.53485,46.4249,2.11658,55.4247,1
173.04,122.585,1.10493,0.000211,8.46716,8.41723,2640.99,3.24212,9.03421,56.0059,59.6397,57.6442,51.0759,0.745767,20.7512,1.59822,29.2245,1
158.563,106.873,1.75727,0,9.11953,9.03502,2472.63,6.42661,9.68837,44.8389,49.7879,47.0327,40.3204,0.619933,27.9241,1.75187,56.6115,1
161.021,109.575,2.01036,1.53869,9.94021,9.82096,2542.84,6.68411,10.1722,35.5432,41.208,38.4837,30.6401,0.5625,46.46,2.15052,58.8636,0
160.889,108.815,1.93308,10.1424,9.90846,9.79051,2567.79,6.48821,10.1985,35.866,41.4577,38.7392,30.897,0.539717,47.1394,2.15513,55.9459,1
156.377,105.813,1.68527,0,8.51779,8.45966,2405.8,6.37667,9.1918,54.4046,58.9602,55.8666,49.6287,0.6554,20.2119,1.54732,58.0194,1
167.306,116.618,1.30435,0.013204,8.53886,8.48125,2568.11,4.26579,9.20152,54.1568,58.4188,55.7113,49.5111,0.743633,19.9903,1.5374,38.5336,1
160.507,109.126,1.9295,10.1766,9.94646,9.82607,2579.33,6.43345,10.2057,35.6914,41.2227,38.5781,30.6473,0.538917,47.4968,2.18088,55.6338,1
160.72,109.268,1.9271,10.141,9.91233,9.79396,2548.89,6.49302,10.1612,35.6547,41.2727,38.5893,30.6842,0.547883,47.085,2.16458,56.9125,1
160.58,108.919,1.92163,10.1736,9.94238,9.82314,2578.72,6.41596,10.2035,35.6654,41.231,38.5585,30.6368,0.53765,47.3943,2.17842,55.277,1
172.962,123.074,1.11784,0,8.40557,8.35734,2608.74,3.30819,8.91168,57.1245,60.9923,58.7152,52.5134,0.704717,18.7264,1.48832,30.899,1
158.212,106.938,1.72817,0,9.11246,9.02805,2484.3,6.35738,9.69569,44.8896,49.841,47.1735,40.5115,0.606417,27.7938,1.74147,55.9898,1
158.607,106.989,1.7344,0.0050095,9.18723,9.10224,2489.43,6.33223,9.74585,44.052,49.1127,46.314,39.6675,0.610667,27.4337,1.74475,55.3902,1
160.804,108.731,1.94443,10.06,9.83217,9.71627,2550.28,6.46986,10.1409,36.3413,41.9797,39.2203,31.3575,0.544083,46.8225,2.15028,56.1041,1
160.209,108.856,1.93126,10.0584,9.82816,9.7154,2557.07,6.41906,10.1661,36.3486,41.9239,39.2258,31.4606,0.5457,46.6724,2.12717,55.951,1
156.778,105.414,1.68167,0,8.51625,8.46016,2407.17,6.32308,9.19122,54.4254,58.9231,55.9142,49.689,0.661883,20.0417,1.54325,56.9113,1
158.241,107.262,1.78956,0,8.96848,8.89415,2444.39,6.63169,9.5976,46.8376,51.9356,49.0142,42.4631,0.587483,26.0882,1.69455,59.7158,0
158.51,107.238,1.73694,0,9.17381,9.08895,2485.04,6.34958,9.73702,44.0612,49.0057,46.3305,39.7155,0.599483,27.3673,1.73412,56.0743,1
158.154,107.169,1.73378,0,9.11841,9.03269,2480.43,6.38302,9.69001,44.8798,49.8184,47.1269,40.4356,0.6126,27.7094,1.74758,56.5651,1
160.893,109.507,1.98486,10.0673,9.83568,9.72007,2535.3,6.69227,10.1667,36.2753,41.8993,39.17,31.2893,0.552317,47.2746,2.15752,59.0855,0
158.279,107.277,1.79715,0,8.99512,8.9194,2447.73,6.64351,9.61221,46.7687,51.8469,48.9506,42.3297,0.601717,26.3619,1.71405,59.7249,0
156.815,106.103,1.76634,0.0030355,8.4852,8.42877,2394.05,6.60446,9.14954,54.9048,59.5721,56.4585,49.963,0.668283,20.3228,1.60053,60.5785,0
158.727,107.357,1.76116,0.0015825,9.1886,9.10173,2476.16,6.46048,9.71256,44.0534,49.1075,46.3392,39.5786,0.60835,27.7773,1.77037,57.3796,1
160.433,109.248,1.91597,10.1617,9.9276,9.80919,2574.81,6.43037,10.2111,35.7758,41.3422,38.6479,30.7613,0.539283,47.3583,2.16827,55.7932,1
160.363,108.731,1.92396,10.0693,9.83941,9.72359,2560.54,6.39596,10.1484,36.3012,41.8755,39.1923,31.381,0.537,46.787,2.13567,55.443,1
160.211,108.861,1.92663,10.0588,9.8279,9.71464,2557.64,6.41984,10.1667,36.3726,41.922,39.2228,31.4602,0.5399,46.6883,2.1255,55.9201,1
157.397,106.724,1.72937,0,8.67496,8.61678,2408.23,6.61997,9.32696,52.1563,56.8407,53.6971,47.6525,0.648083,19.5819,1.51955,60.4398,0
158.851,107.174,1.7516,0,9.16621,9.08167,2470.14,6.41641,9.7152,44.0538,49.0602,46.3321,39.6257,0.60575,27.7786,1.75542,56.7105,1
172.801,122.674,1.09379,0.00114083,8.39818,8.3566,2621.81,3.26026,8.91307,57.0144,60.305,58.7167,52.4964,0.739433,18.9436,1.49432,30.0452,1
160.652,109.418,1.95335,10.1167,9.88322,9.76559,2551.51,6.51963,10.1826,35.9722,41.5685,38.8311,30.9991,0.549133,47.083,2.149,57.1886,1
172.879,122.698,1.09562,0.000513,8.40229,8.35255,2608.24,3.29563,8.90222,57.1553,60.6626,58.7455,52.5079,0.726933,18.8446,1.4953,30.4368,1
160.671,109.422,1.95123,10.1585,9.92633,9.80847,2564.4,6.5301,10.2108,35.7901,41.3752,38.6602,30.8162,0.5433,47.0749,2.15798,56.9942,1
161.036,109.601,2.01119,0.000269167,9.94013,9.8204,2540.49,6.69149,10.1702,35.4809,41.119,38.4193,30.554,0.556317,46.7754,2.15528,59.089,0
173.302,123.028,1.11098,0,8.40342,8.35444,2597.22,3.42946,8.92616,57.1634,61.3617,58.7485,52.6143,0.770533,18.9227,1.47653,31.999,0
166.75,116.243,1.28887,0,8.40524,8.35659,2525.81,4.30909,8.90777,57.1629,60.9368,58.7558,52.5457,0.696667,18.7765,1.49085,39.2766,1
172.579,122.942,1.10337,0,8.39666,8.34997,2621.78,3.26132,8.89509,57.2054,60.651,58.854,52.6001,0.724917,18.9165,1.49818,30.2063,1
160.603,109.168,1.93631,10.0629,9.83667,9.72122,2548.65,6.50694,10.1481,36.2613,41.8683,39.1351,31.297,0.5461,46.8452,2.14403,56.9978,1
172.786,122.655,1.07007,0,8.42675,8.38124,2634.92,3.27124,8.97518,56.7112,60.0689,58.3972,52.3193,0.725783,18.869,1.47015,29.9363,1
156.455,105.43,1.68658,0.00981966,8.5214,8.46433,2403.63,6.36131,9.1902,54.4239,58.9068,55.8981,49.6773,0.654683,20.0341,1.5414,57.6222,1
156.337,104.866,1.67431,0,8.39645,8.34887,2370.33,6.53456,8.91309,57.4037,61.7804,58.9144,52.723,0.688883,18.9766,1.48635,59.1343,0
157.883,106.988,1.71367,0,9.02841,8.95347,2467.65,6.36369,9.63293,46.0066,50.8229,48.2091,41.5984,0.629433,27.2698,1.71643,56.6248,1
158.557,106.877,1.75555,0,9.1142,9.02998,2469.12,6.41875,9.68442,44.8181,49.788,47.058,40.3317,0.622067,27.9789,1.7571,56.5265,1
172.748,122.895,1.10936,0.102374,8.4005,8.35562,2619.76,3.26722,8.91344,57.1111,60.7355,58.6614,52.5396,0.736317,18.6829,1.47037,30.2932,1
158.711,107.633,1.76332,0,9.16568,9.08022,2468.71,6.45042,9.71937,44.0731,49.0666,46.3417,39.6576,0.609417,27.7328,1.74953,57.6275,1
157.047,106.359,1.72558,0,8.60183,8.54356,2402.19,6.62183,9.25192,53.4622,57.9247,54.966,48.8712,0.662933,20.0336,1.5181,60.6921,0
161.037,109.472,1.99998,10.0626,9.83518,9.72085,2538.93,6.70538,10.1654,36.2345,41.8409,39.1238,31.1637,0.557117,47.5747,2.17998,59.1925,0
156.798,106.004,1.74326,0,8.62129,8.5623,2400.45,6.59196,9.16374,52.867,58.1208,55.4922,46.8979,0.60815,28.0021,2.12133,59.737,0
172.669,122.335,1.12411,1.40817,8.39367,8.34523,2606.57,3.36,8.89206,57.1256,60.419,58.9512,52.6371,0.774817,19.0207,1.51457,29.9801,1
158.195,107.217,1.77761,0,8.96444,8.8902,2442.56,6.63051,9.59649,47.0047,52.13,49.2342,42.5677,0.605067,26.4399,1.72515,59.6302,0
157.91,106.993,1.71795,0,9.03037,8.95517,2469.23,6.36412,9.63261,46.0067,50.8217,48.1871,41.6071,0.624633,26.9889,1.70898,56.6111,1
160.763,108.684,1.93449,10.0587,9.83086,9.71617,2549.15,6.47251,10.1402,36.3394,41.9744,39.226,31.3673,0.551817,46.728,2.14783,56.1737,1
158.838,107.171,1.7505,0.00872184,9.16868,9.08457,2471.69,6.40919,9.72123,44.0946,49.07,46.331,39.6625,0.611117,27.5657,1.74678,56.6528,1
158.641,107.733,1.7671,0.213931,9.18507,9.10018,2475.04,6.46913,9.73971,44.0906,49.1074,46.3186,39.7018,0.611633,27.3093,1.74002,57.6481,1
173.05,122.921,1.12916,0,8.49351,8.4389,2641.69,3.25954,9.09021,55.2469,58.6739,56.9761,50.4293,0.76065,20.4546,1.60345,29.7576,1
158.976,107.95,1.81001,0,9.14382,9.05932,2457.75,6.66291,9.72271,44.3057,49.3815,46.5814,39.8447,0.605,27.379,1.76392,59.9724,0
160.321,108.944,1.92858,10.0702,9.84353,9.7284,2562.13,6.41231,10.1555,36.3072,41.8909,39.2158,31.3679,0.544417,46.9468,2.14668,55.7591,1
158.28,107.259,1.74606,0,9.03993,8.96159,2460.59,6.46677,9.64287,45.7792,50.6533,47.9936,41.3785,0.630883,27.4457,1.71892,57.9183,1
161.042,109.577,2.00224,0.449865,9.94083,9.8222,2542.26,6.69268,10.195,35.511,41.0774,38.4328,30.5713,0.55505,47.0053,2.16115,59.0524,0
158.194,107.244,1.78861,0,8.96485,8.89009,2442.82,6.62832,9.59552,46.9558,52.0964,49.1857,42.5532,0.6205,26.3288,1.71513,59.6126,0
158.398,107.403,1.78774,0,9.00497,8.92645,2445.05,6.64409,9.61921,46.3795,51.3818,48.6233,41.9768,0.624517,26.4434,1.72183,59.8164,0
172.891,122.465,1.08351,0,8.39147,8.34699,2617,3.28767,8.90903,57.6275,60.9933,59.2868,52.9638,0.718133,19.0995,1.5167,29.894,1
160.35,108.667,1.91673,10.0588,9.82831,9.71304,2557.03,6.40678,10.1626,36.3171,41.8742,39.1984,31.4144,0.543417,46.8849,2.13278,55.6686,1
160.452,108.432,1.90412,10.0772,9.84551,9.73035,2561.56,6.38085,10.173,36.1912,41.826,39.0795,31.2979,0.546333,47.2168,2.13333,54.9533,1
160.193,109.043,1.92219,10.0563,9.82741,9.71289,2553.49,6.41235,10.1435,36.3715,41.934,39.2323,31.4865,0.536967,46.2673,2.1165,56.0609,1
158.472,107.565,1.75985,0,9.13742,9.05193,2469.18,6.46736,9.69199,44.5748,49.5838,46.7848,40.1196,0.6064,27.5501,1.74105,57.6359,1
156.46,105.734,1.68314,0,8.51483,8.45726,2405.48,6.36563,9.1894,54.4168,58.9507,55.9016,49.6466,0.6589,20.2269,1.54907,57.867,1
158.715,107.354,1.75917,0,9.1863,9.1005,2476.05,6.45634,9.73746,44.0906,49.1126,46.3227,39.6394,0.610683,27.5952,1.75518,57.3105,1
161.244,109.807,1.99683,10.2071,9.97851,9.85497,2546.99,6.69847,10.1893,35.333,40.9226,38.2821,30.4209,0.5493,46.5529,2.15885,59.0681,0
172.827,123.138,1.15922,0,8.4277,8.37932,2619.3,3.34526,8.96329,56.7887,60.739,58.4303,52.285,0.7124,18.9411,1.48343,31.2737,1
158.642,107.733,1.75674,0,9.15704,9.07336,2467.51,6.45415,9.72069,44.2298,49.1721,46.4367,39.8403,0.620567,27.3352,1.72835,57.7249,1
161.003,109.611,1.98348,10.0829,9.8561,9.7399,2541.2,6.68042,10.1432,36.0763,41.7023,38.9889,31.0072,0.544967,47.5791,2.18332,58.9185,0
158.611,107.733,1.75091,0,9.17124,9.0854,2474.74,6.46333,9.72771,44.1325,49.1429,46.3544,39.7358,0.6192,27.2534,1.73552,57.6122,1
160.614,109.142,1.96366,10.0888,9.85586,9.74105,2554,6.52197,10.1716,36.1867,41.8373,39.0856,31.2655,0.544933,46.3268,2.14522,57.0322,1
157.887,107.165,1.727,0,9.03102,8.95488,2471.58,6.37235,9.62989,45.9611,50.8038,48.1706,41.5742,0.62435,27.079,1.71225,56.9178,1
161.042,109.593,2.00115,0.342689,9.95634,9.83496,2546.76,6.70545,10.1914,35.482,41.0934,38.4049,30.5671,0.553617,46.6386,2.15402,59.1118,0
173.324,123.093,1.11759,0,8.40116,8.35161,2597.48,3.43099,8.91984,57.2086,61.0837,58.7812,52.5596,0.77435,19.1348,1.49323,32.0409,0
173.004,122.476,1.1058,0,8.39005,8.34561,2607.49,3.26493,8.88277,57.2903,60.6793,58.9862,52.7156,0.726433,18.8363,1.50125,29.7718,1
158.405,107.364,1.75448,0,9.18775,9.10279,2494.52,6.37059,9.74039,44.1514,49.137,46.4172,39.7311,0.61045,27.5083,1.75485,56.2192,1
172.62,122.839,1.06388,0,8.39987,8.35623,2632.47,3.29332,8.9212,57.3615,60.6537,59.0065,52.7381,0.715833,19.1003,1.50673,30.4605,1
158.157,107.159,1.73036,0,9.11324,9.0277,2481.09,6.3739,9.68709,44.8987,49.8323,47.1363,40.4676,0.611117,27.5091,1.7393,56.4602,1
156.56,105.229,1.6455,0,8.5357,8.47861,2422.05,6.22623,9.19811,54.1862,58.7389,55.8082,49.6781,0.656783,19.6955,1.51997,55.5027,1
160.695,108.665,1.94226,10.053,9.8235,9.70955,2545.74,6.46638,10.1395,36.3508,41.9517,39.2348,31.4054,0.540033,46.8446,2.1403,56.2,1
160.671,109.392,1.9493,10.1162,9.89203,9.7739,2549.31,6.49587,10.1593,35.773,41.3869,38.7063,30.8041,0.544267,46.9788,2.16183,56.9316,1
157.013,106.338,1.73436,0,8.59342,8.53349,2406.46,6.61627,9.24138,53.5884,58.0826,55.1465,49.0076,0.66435,20.1927,1.52958,60.4859,0
158.847,107.166,1.74512,0,9.16955,9.08439,2470.85,6.41041,9.72266,44.0879,49.0729,46.3382,39.7053,0.612167,27.4007,1.73597,56.6491,1
160.443,109.031,1.91674,10.1204,9.89551,9.77745,2563.54,6.40161,10.1594,35.8278,41.4161,38.7469,30.8929,0.5437,46.6329,2.15095,55.7859,1
158.504,107.547,1.78386,0,9.00209,8.92555,2446.42,6.64218,9.61739,46.2839,51.2567,48.4966,41.8418,0.605883,26.6288,1.72465,59.7669,0
158.307,107.359,1.78013,0,8.98668,8.90994,2446.95,6.62198,9.60351,46.5947,51.5439,48.6996,42.1026,0.578733,26.5004,1.70868,59.5145,0
158.868,107.091,1.78808,0,9.05555,8.97672,2459.14,6.63372,9.66274,45.7471,50.6657,47.9257,41.2007,0.616033,27.9702,1.75082,58.9064,0
156.388,105.862,1.68701,0,8.51656,8.45885,2407.47,6.34923,9.18917,54.4189,58.9594,55.899,49.7252,0.651183,19.9749,1.52848,57.5703,1
172.851,122.743,1.07481,0,8.39223,8.34625,2621.03,3.32086,8.90977,57.6255,61.3729,59.3256,52.9741,0.697383,19.1782,1.5243,30.5633,1
158.252,107.439,1.76476,0,9.06943,8.98882,2466.43,6.46699,9.67168,45.7187,50.554,47.836,41.2026,0.618017,27.6223,1.72913,57.8673,1
158.547,107.684,1.76539,0,9.17483,9.08736,2477.43,6.46162,9.73003,44.1117,49.1167,46.3483,39.6625,0.6155,27.3705,1.75158,57.4984,1
158.401,107.546,1.74053,0,9.15843,9.07519,2492.55,6.37976,9.72875,44.2825,49.3559,46.5228,39.8,0.609067,27.3829,1.76032,56.3963,1
158.791,107.432,1.76081,0,9.16558,9.07988,2469.26,6.43368,9.71565,44.075,49.069,46.3367,39.635,0.61355,27.6351,1.75297,57.1906,1
156.139,105.461,1.65223,0,8.53041,8.47286,2416.43,6.27523,9.19865,54.1816,58.7289,55.7522,49.4917,0.658517,20.2314,1.55263,56.6604,1
156.399,105.084,1.66543,2.86265,8.53214,8.47382,2424.26,6.24999,9.19978,54.3011,58.762,55.7703,49.3086,0.67615,20.5701,1.60298,55.2338,1
160.705,109.415,1.94841,10.1596,9.92953,9.81073,2551.75,6.50571,10.1677,35.5436,41.1953,38.4864,30.6411,0.552733,46.6822,2.14953,57.0141,1
158.871,107.178,1.76245,0.00439633,9.16614,9.08127,2470.54,6.41149,9.71245,44.0766,49.0716,46.3442,39.6188,0.605233,27.7994,1.76162,56.6582,1
158.325,107.379,1.77962,0,8.99038,8.91407,2444.35,6.63679,9.60884,46.448,51.4505,48.6593,42.0012,0.602283,26.5455,1.72355,59.7955,0
158.127,107.341,1.73242,0,9.1135,9.02971,2481.55,6.36826,9.68757,44.7942,49.7604,47.0428,40.3894,0.615917,27.6712,1.73612,56.4534,1
160.452,108.444,1.90326,10.0683,9.8398,9.72468,2560.23,6.3753,10.1695,36.2247,41.8328,39.095,31.3485,0.542217,46.894,2.12573,54.9097,1
158.159,106.912,1.71755,0,9.11248,9.02872,2483.56,6.36774,9.69341,44.9744,49.9199,47.2177,40.5851,0.61885,27.6261,1.7316,56.0896,1
160.914,108.831,1.93502,10.1567,9.92092,9.80309,2570.55,6.48258,10.2079,35.861,41.4224,38.7318,30.8694,0.538983,47.2726,2.16238,55.763,1
161.039,109.599,1.99708,2.01138,9.93567,9.81665,2542.78,6.67952,10.1934,35.522,41.1329,38.4378,30.5608,0.556733,47.227,2.1639,58.83,0
158.169,107.2,1.78496,0,8.96767,8.8931,2444.29,6.63359,9.60033,46.9978,52.1015,49.1942,42.5885,0.606167,26.2849,1.70882,59.6461,0
160.308,108.929,1.9186,10.0774,9.84963,9.73471,2565.13,6.41605,10.1554,36.3053,41.9025,39.2086,31.3407,0.54655,47.0854,2.1527,55.7813,1
157.032,106.362,1.73029,0,8.58957,8.53051,2401.95,6.61234,9.23519,53.665,58.1777,55.1907,49.0819,0.654783,19.8081,1.52025,60.5061,0
158.256,107.267,1.78792,0,8.98282,8.90891,2442.11,6.63667,9.60444,46.8003,51.8812,48.962,42.3795,0.591633,26.2399,1.70625,59.8053,0
160.772,109.054,1.9355,10.1129,9.88069,9.7616,2553.81,6.5005,10.1752,35.8974,41.4992,38.7963,30.8888,0.542833,47.3451,2.16832,56.6923,1
155.705,105.003,1.68375,0.0521195,8.42193,8.37557,2387.1,6.36534,8.95622,57.0275,60.7477,58.5385,52.3166,0.648467,19.0577,1.50092,57.5701,1
172.536,122.926,1.06834,0.0005915,8.39467,8.34564,2625.9,3.27717,8.90909,57.543,60.89,59.1351,52.868,0.709133,18.9227,1.50542,30.2885,1
160.451,108.445,1.90386,10.0767,9.84409,9.72851,2560.29,6.3814,10.1716,36.1941,41.8246,39.0894,31.2937,0.547083,47.0017,2.1366,54.9726,1
160.566,108.925,1.92864,10.1722,9.94208,9.82272,2577.86,6.41821,10.2012,35.681,41.2225,38.5635,30.6489,0.549033,47.3823,2.1764,55.3176,1
158.793,107.095,1.75144,0,9.17525,9.08794,2479.09,6.42272,9.73134,44.117,49.1236,46.3719,39.6535,0.616783,27.6781,1.76137,56.5091,1
156.411,105.417,1.68541,0,8.5233,8.46562,2402.84,6.35902,9.194,54.4351,58.9205,55.8625,49.6684,0.66375,19.955,1.536,57.6047,1
161.098,109.212,2.00007,10.0761,9.84687,9.73114,2539.86,6.68641,10.1441,36.2216,41.8671,39.1048,31.1633,0.544283,47.1155,2.1714,58.7977,0
172.769,122.657,1.08233,0,8.42641,8.38,2634.59,3.27624,8.97188,56.6607,60.0123,58.3659,52.2504,0.7265,18.9956,1.47897,30.0262,1
158.302,107.341,1.77641,0,8.98639,8.90914,2448.6,6.62381,9.60612,46.5786,51.5312,48.7407,42.1603,0.58415,26.4676,1.7017,59.5,0
161.262,109.597,1.99049,10.1683,9.9379,9.81811,2538.59,6.68802,10.1702,35.5124,41.1109,38.4288,30.545,0.5478,46.5832,2.16107,59.1015,0
156.21,105.475,1.71336,9.53333e-05,8.42893,8.38203,2370.05,6.55664,8.96277,56.7008,61.2111,58.1893,52.1491,0.6504,18.7854,1.45883,59.9269,0
172.806,123.111,1.14761,0.119385,8.42494,8.37841,2616.6,3.33439,8.96277,56.9263,60.4148,58.4725,52.318,0.717133,18.924,1.48652,30.9907,1
158.73,107.377,1.75786,0,9.18481,9.09908,2477.37,6.45694,9.713,44.0496,49.0727,46.273,39.6191,0.6174,27.4265,1.74303,57.339,1
156.217,105.244,1.68617,2.36254,8.43465,8.3864,2396.2,6.35051,8.98087,56.68,60.7886,58.3211,52.1888,0.636483,18.8074,1.48397,57.3398,1
158.612,106.979,1.73789,0,9.18149,9.09758,2489.84,6.33182,9.74481,44.0689,49.162,46.351,39.7358,0.615667,27.2058,1.73668,55.4884,1
158.547,106.934,1.72547,0,9.18406,9.09975,2494.88,6.33416,9.72239,44.1647,49.2036,46.4363,39.7665,0.6121,27.4483,1.74798,55.2583,1
160.608,109.141,1.95587,10.0798,9.85011,9.73532,2548.34,6.52203,10.1699,36.2457,41.8886,39.1426,31.2694,0.550167,46.7377,2.1574,57.1735,1
158.813,107.102,1.75437,0,9.17946,9.0922,2480.67,6.42728,9.73957,44.1107,49.1161,46.3671,39.7694,0.612233,27.1693,1.7321,56.5308,1
156.609,105.253,1.68391,0,8.51475,8.45849,2405.36,6.32308,9.18907,54.4273,58.9289,55.972,49.7118,0.65745,20.1229,1.5478,56.812,1
158.299,107.368,1.78306,0.0571775,9.002,8.9258,2446.94,6.63218,9.61575,46.5176,51.501,48.6607,42.0028,0.5923,26.5146,1.72557,59.5781,0
160.635,109.183,1.95449,10.0905,9.85581,9.74163,2554.67,6.52058,10.1761,36.1861,41.8171,39.085,31.1871,0.547317,46.9462,2.16453,57.062,1
158.298,107.001,1.74851,0,9.04184,8.9652,2462.44,6.45627,9.64727,45.9147,50.7675,48.0858,41.4858,0.636683,27.3131,1.71755,57.5513,1
173.068,122.912,1.12029,0,8.504,8.44865,2641.8,3.27896,9.10322,55.1743,58.5902,56.8239,50.3568,0.756733,20.3254,1.5874,30.035,1
158.32,107.354,1.79355,0,9.00124,8.92445,2447.76,6.63706,9.60946,46.6379,51.6696,48.8165,42.2309,0.60615,26.3335,1.7064,59.6528,0
156.541,105.176,1.67761,0,8.51908,8.46334,2406.12,6.31782,9.18647,54.4292,58.9466,55.9454,49.7068,0.661533,20.0201,1.54465,56.6454,1
172.952,122.792,1.13578,0,8.43655,8.38797,2619.86,3.3311,8.98189,56.6846,60.2446,58.1967,52.0871,0.736767,18.8064,1.47967,30.7824,1
158.394,107.397,1.78204,0,9.00199,8.92303,2442.81,6.65173,9.6149,46.3816,51.3502,48.5925,41.9374,0.615283,26.6305,1.72468,60.0423,0
160.576,109.313,1.94691,10.1002,9.86758,9.74938,2550.07,6.515,10.1752,36.1205,41.701,38.9977,31.1202,0.54315,46.9364,2.16073,57.0799,1
173.395,122.832,1.10666,0.015341,8.37335,8.329,2598.55,3.39456,8.87439,57.6835,61.6158,59.3264,52.9838,0.777833,19.1599,1.51628,31.2645,0
155.701,104.41,1.62124,0,8.39641,8.34859,2389.2,6.31781,8.91378,57.8397,61.5038,59.2808,52.982,0.6345,19.0683,1.5133,56.4115,1
161.408,109.152,1.98646,10.1694,9.93891,9.82052,2545.24,6.65635,10.1732,35.5867,41.2342,38.5211,30.6349,0.560733,46.5575,2.16258,58.1185,0
160.905,108.781,1.94074,10.1235,9.9,9.78071,2553.37,6.46076,10.1639,35.7734,41.3984,38.6918,30.7679,0.54755,46.9298,2.1701,56.0107,1
173.399,122.486,1.08909,0.0532545,8.42416,8.37858,2634.56,3.24053,8.95755,56.4047,59.7103,58.2533,51.7208,0.76325,20.2551,1.57742,28.4505,1
156.801,105.544,1.64115,0,8.53676,8.47923,2428.34,6.23276,9.19822,54.2339,58.6863,55.7916,49.5954,0.659767,19.93,1.53648,55.5948,1
157.088,106.388,1.73913,0,8.56227,8.50093,2400.88,6.58563,9.21197,53.9543,58.5974,55.5477,49.2563,0.678,19.9488,1.561,60.2026,0
173.068,122.588,1.10888,0,8.47732,8.4262,2643.44,3.2385,9.05085,55.9702,59.9653,57.4577,51.0675,0.733283,20.3565,1.55782,29.1285,1
161.336,109.406,1.98852,10.1753,9.94374,9.82451,2543.32,6.66933,10.175,35.5395,41.1752,38.4805,30.5477,0.5567,46.7489,2.17685,58.499,0
160.647,109.422,1.95737,10.1124,9.8796,9.76169,2551.83,6.53334,10.1798,35.9737,41.5595,38.8369,30.9759,0.550383,47.2503,2.15645,57.3671,1
160.816,109.064,1.93039,10.1232,9.8969,9.77909,2547.99,6.47718,10.16,35.7428,41.3428,38.6632,30.8197,0.55345,46.5294,2.14848,56.5058,1
161.031,109.571,2.01061,9.44863,9.92727,9.80944,2543.08,6.69834,10.1861,35.5427,41.1815,38.5002,30.6357,0.547167,47.0692,2.15815,59.1434,0
158.727,107.365,1.75333,0,9.17764,9.09181,2476.79,6.46341,9.73381,44.0505,49.11,46.3236,39.6177,0.618983,27.7187,1.75858,57.3483,1
158.457,107.188,1.7321,0.00115483,9.18214,9.09645,2490.17,6.34989,9.72396,44.1036,49.1094,46.3621,39.6506,0.615083,27.7621,1.75788,55.9109,1
160.99,109.627,2.00463,10.0806,9.85397,9.73685,2539.31,6.69312,10.1437,36.1379,41.8212,39.0338,31.1235,0.54145,46.9714,2.16068,59.0263,0
158.412,107.388,1.7488,0,9.18573,9.10038,2494.6,6.36825,9.73319,44.1264,49.1479,46.4168,39.6686,0.611483,27.7481,1.7706,56.1538,1
160.999,109.513,2.01394,0.710881,9.96714,9.84503,2546.04,6.68591,10.157,35.435,41.0788,38.4026,30.5578,0.551917,46.4308,2.14762,58.8182,0
158.859,107.091,1.80201,0,9.06211,8.98335,2463.53,6.63749,9.66444,45.7092,50.603,47.9065,41.1361,0.626267,28.2907,1.76157,58.8146,0
158.654,107.743,1.76062,0.137289,9.16101,9.07459,2467.9,6.45601,9.71888,44.159,49.1463,46.4046,39.7572,0.61035,27.5581,1.74325,57.7045,1
160.602,109.159,1.92993,10.0668,9.83988,9.72516,2548.68,6.51523,10.1479,36.2625,41.8593,39.128,31.2822,0.548867,46.9172,2.14702,57.1285,1
