bearing_1_rms,bearing_1_peak,bearing_1_kurtosis,bearing_1_crest_factor,bearing_1_hf_rms,bearing_2_rms,bearing_2_peak,bearing_2_kurtosis,bearing_2_crest_factor,bearing_2_hf_rms,bearing_3_rms,bearing_3_peak,bearing_3_kurtosis,bearing_3_crest_factor,bearing_3_hf_rms,bearing_4_rms,bearing_4_peak,bearing_4_kurtosis,bearing_4_crest_factor,bearing_4_hf_rms,anomaly
0.0734749,0.464196,3.62876,6.31775,3.02725,0.0900535,0.500305,3.5068,5.55564,3.25546,0.108434,1.03754,6.21307,9.56845,3.81032,0.0531664,0.253974,3.06596,4.77697,2.29796,0
0.0753381,0.385415,3.64829,5.1158,3.09199,0.0933838,0.478439,3.25301,5.12336,3.29895,0.10979,0.754461,4.39525,6.87187,4.08066,0.0559731,0.252784,3.10754,4.51616,2.57034,0
0.0761893,0.505484,3.51348,6.63458,3.18256,0.0937026,0.501305,3.31079,5.34996,3.24922,0.109849,0.934595,5.63995,8.50797,3.94018,0.0560369,0.357485,3.25724,6.37946,2.53827,0
0.0786908,0.610277,4.15795,7.75538,3.42253,0.0929163,0.571393,3.23534,6.14954,3.36781,0.110622,1.01915,5.68278,9.21291,4.05703,0.0566841,0.521259,3.80619,9.19586,2.59891,0
0.0784375,0.393404,3.60318,5.01551,3.30086,0.0953352,0.484441,3.22631,5.08145,3.42088,0.107499,0.769842,4.57839,7.16136,4.07111,0.0567767,0.246703,3.13895,4.34514,2.58825,0
0.0782978,0.440623,3.45609,5.62753,3.3403,0.0923933,0.575453,3.18564,6.22829,3.21434,0.110514,0.862842,4.86243,7.80753,3.95038,0.0554942,0.249822,3.14941,4.50176,2.56729,0
0.078616,0.406394,3.47861,5.16935,3.4385,0.0939032,0.584696,3.25011,6.22658,3.26922,0.107372,0.897856,4.82203,8.36212,4.05717,0.0562041,0.241905,3.10779,4.30405,2.53708,0
0.0777465,0.417027,3.47198,5.36393,3.39813,0.0932242,0.411744,3.10375,4.4167,3.29497,0.106219,0.774297,4.4449,7.28963,3.77756,0.0554558,0.23133,3.20979,4.17143,2.5057,0
0.0790062,0.387916,3.40451,4.90995,3.38835,0.0958559,0.612199,3.45143,6.38666,3.26202,0.110579,0.968314,5.38455,8.7568,3.92274,0.0557974,0.327461,3.15984,5.86875,2.5214,0
0.0756885,0.380097,3.3252,5.02185,3.13297,0.0947263,0.464283,3.19603,4.90131,3.2269,0.109754,0.782896,4.46151,7.13317,3.81819,0.0553902,0.293773,3.20611,5.3037,2.46137,0
0.0792209,0.413209,3.45521,5.21591,3.45055,0.0951264,0.401936,3.17006,4.22528,3.23109,0.106005,0.612017,4.10144,5.7735,3.83435,0.0554383,0.294075,3.17441,5.30454,2.46379,0
0.0776233,0.475555,3.64152,6.12644,3.40565,0.0933082,0.413026,3.05915,4.42647,3.15178,0.104586,0.868923,4.6361,8.30818,3.97464,0.0547037,0.273223,3.11005,4.9946,2.45161,0
0.0773658,0.402451,3.36473,5.20193,3.32542,0.0943636,0.616786,3.29046,6.53627,3.17328,0.104406,0.616861,4.15452,5.9083,3.8008,0.0545996,0.23714,3.04492,4.34326,2.41224,0
0.079858,0.430966,3.59825,5.39665,3.6522,0.0948318,0.418261,3.10632,4.41056,3.41922,0.104879,0.685752,4.54147,6.53848,3.89474,0.0561795,0.263105,3.10238,4.68329,2.55479,0
0.0791815,0.424372,3.55111,5.35949,3.37614,0.0947672,0.462698,3.14025,4.88247,3.12509,0.103651,0.692581,4.21524,6.68188,3.73719,0.0555491,0.223964,3.0799,4.03182,2.45123,0
0.0786471,0.369479,3.55305,4.69794,3.47096,0.0946232,0.511779,3.19599,5.4086,3.29999,0.104708,0.726827,4.3683,6.94147,4.00782,0.056229,0.294251,3.19387,5.23309,2.54732,0
0.0784274,0.441017,3.47997,5.62325,3.38745,0.0956861,0.477222,3.16585,4.98738,3.26964,0.108696,0.963626,5.07246,8.86535,3.87597,0.0561139,0.297283,3.21398,5.29785,2.56074,0
0.077605,0.442338,3.44775,5.69987,3.34489,0.0929276,0.45567,3.11761,4.9035,3.08089,0.104206,0.985411,5.36699,9.45639,3.69739,0.0547602,0.310765,3.20295,5.67501,2.49642,0
0.0777767,0.402243,3.34145,5.17176,3.35014,0.0949502,0.423226,3.13741,4.45735,3.14017,0.105213,0.677863,4.15267,6.44275,3.78409,0.0555412,0.232075,3.09221,4.17842,2.4595,0
0.0789008,0.473261,3.59643,5.99818,3.46929,0.0954724,0.479766,3.24252,5.02518,3.33155,0.106751,0.933575,5.45507,8.74533,3.78927,0.0546778,0.22593,3.08156,4.13202,2.51431,0
0.0790153,0.416448,3.50638,5.27048,3.35249,0.0956508,0.487682,3.15248,5.09856,3.35342,0.105602,0.890846,4.91391,8.43591,3.92478,0.0552665,0.244985,3.15035,4.4328,2.4604,0
0.0793427,0.382809,3.38441,4.82475,3.47924,0.0960805,0.484746,3.15648,5.04521,3.29104,0.106401,0.702177,4.28671,6.59934,3.87345,0.055169,0.268935,3.16426,4.87475,2.52238,0
0.0794663,0.345802,3.41497,4.35155,3.52358,0.0943237,0.418449,3.13349,4.43631,3.22525,0.106521,0.973292,4.9633,9.13712,3.8839,0.0546861,0.290296,3.22841,5.30841,2.44789,0
0.0797213,0.390754,3.52007,4.9015,3.55428,0.0962615,0.464577,3.18719,4.8262,3.38296,0.105182,0.682652,4.25448,6.4902,3.72828,0.0565633,0.26091,3.08159,4.61271,2.5859,0
0.0793568,0.435023,3.48468,5.48186,3.46886,0.0967324,0.668324,3.37113,6.909,3.32203,0.107976,0.849375,4.38754,7.86631,3.94576,0.0560261,0.222957,3.13583,3.97952,2.60761,0
0.0775614,0.407174,3.30998,5.2497,3.36477,0.0947391,0.604509,3.26159,6.38077,3.28558,0.106575,0.686039,4.02254,6.43714,3.75753,0.0554068,0.255788,3.12719,4.61655,2.52508,0
0.0777262,0.386485,3.36804,4.97238,3.30832,0.0962345,0.443514,3.15666,4.60867,3.34474,0.10561,0.710996,4.61223,6.73231,3.86246,0.0551323,0.233924,3.09496,4.24295,2.49576,0
0.0774813,0.397751,3.40421,5.13351,3.30187,0.0951131,0.446119,3.17382,4.6904,3.23679,0.107429,0.978633,5.3156,9.10957,3.82658,0.055403,0.225186,3.06475,4.06451,2.42588,0
0.0782441,0.393356,3.34199,5.02729,3.4303,0.094674,0.520661,3.23315,5.49951,3.27003,0.106547,0.729292,4.20233,6.84481,3.87244,0.0550811,0.272979,3.12458,4.95595,2.40884,0
0.0788233,0.485555,3.53502,6.16005,3.37639,0.0958649,0.475529,3.29075,4.96041,3.28366,0.104893,0.777786,5.01743,7.41501,3.79324,0.0551705,0.285914,3.23456,5.18237,2.58316,0
0.0785494,0.405275,3.48904,5.15949,3.41291,0.0949,0.45405,3.16551,4.78451,3.23005,0.104863,0.638539,3.9571,6.08926,3.63939,0.0543238,0.225476,3.0735,4.15059,2.43696,0
0.0802103,0.397819,3.48671,4.95969,3.58264,0.0948762,0.464204,3.16574,4.89274,3.26555,0.104891,0.677302,4.13527,6.45723,3.6753,0.0567332,0.236937,3.1435,4.17634,2.63747,0
0.0773982,0.38988,3.50867,5.03732,3.40333,0.0954709,0.467996,3.20123,4.90198,3.2758,0.104235,0.68585,4.43441,6.57983,3.85606,0.055281,0.3065,3.17591,5.5444,2.49448,0
0.0789911,0.377988,3.40449,4.7852,3.56927,0.0962442,0.474219,3.22956,4.92725,3.28475,0.106699,0.873456,4.71433,8.18617,3.80779,0.0558878,0.287756,3.15277,5.14882,2.53041,0
0.0782231,0.360353,3.40668,4.60673,3.32501,0.097843,0.484382,3.30696,4.9506,3.32195,0.108118,0.655309,4.31748,6.06106,3.8284,0.0555238,0.229614,3.11427,4.13542,2.48383,0
0.0781082,0.357791,3.42188,4.58071,3.40044,0.0952434,0.404562,3.11379,4.24767,3.30003,0.102868,0.826162,4.4265,8.03131,3.84634,0.0555422,0.282919,3.19588,5.09377,2.52841,0
0.076835,0.410966,3.40963,5.34869,3.22037,0.095944,0.462472,3.17309,4.82022,3.2957,0.106275,0.752509,4.34721,7.08077,3.74498,0.0555691,0.241189,3.0335,4.34034,2.51462,0
0.0798444,0.45518,3.57065,5.70083,3.48375,0.0964937,0.444276,3.21582,4.6042,3.33503,0.104911,0.765465,4.16638,7.29635,3.75552,0.0563867,0.260988,3.1601,4.62854,2.5615,0
0.0773947,0.375691,3.35697,4.85422,3.25471,0.0954686,0.582729,3.26297,6.10388,3.2695,0.107429,0.800292,4.864,7.44953,3.88002,0.0560333,0.310764,3.25879,5.54607,2.53681,0
0.0784359,0.499994,3.6561,6.37455,3.43921,0.0967774,0.458872,3.27544,4.74152,3.35159,0.106781,0.991112,5.57994,9.28172,3.76639,0.0565362,0.242388,3.09752,4.28731,2.63481,0
0.0785565,0.368509,3.50589,4.69101,3.43674,0.0972293,0.427877,3.1993,4.4007,3.28122,0.107154,0.847239,5.23552,7.90671,3.84017,0.0562342,0.247693,3.13207,4.40467,2.54775,0
0.0786407,0.394804,3.45311,5.02035,3.39562,0.0951154,0.505919,3.14837,5.319,3.275,0.105254,0.753369,4.40176,7.15761,3.65781,0.0557084,0.236697,3.13869,4.24885,2.5464,0
0.0776092,0.450731,3.43076,5.80769,3.33139,0.0950388,0.449998,3.13841,4.73488,3.24579,0.102983,0.655357,4.16343,6.36374,3.77318,0.0549815,0.235708,3.16829,4.28705,2.45828,0
0.0781845,0.416946,3.4884,5.33285,3.46645,0.0945681,0.445854,3.18353,4.71464,3.2509,0.101844,0.608661,4.08461,5.97642,3.77852,0.0554364,0.228037,3.06303,4.11349,2.49935,0
0.0780719,0.470612,3.53678,6.02793,3.39909,0.0968273,0.581896,3.41421,6.00962,3.45407,0.106977,1.06033,6.12322,9.91177,3.90118,0.0552798,0.274655,3.18879,4.96845,2.4809,0
0.0764624,0.359257,3.45767,4.69847,3.39881,0.0947121,0.497939,3.18905,5.2574,3.32367,0.104957,0.817902,4.28726,7.79275,3.69613,0.0557275,0.265526,3.12324,4.76472,2.57459,0
0.0788878,0.366006,3.35648,4.63957,3.41401,0.0957817,0.393924,3.13468,4.11273,3.28161,0.107034,0.746759,4.73361,6.97684,3.77862,0.0559343,0.319897,3.18502,5.71916,2.5101,0
0.0772931,0.398138,3.49829,5.15102,3.39429,0.0944827,0.465722,3.27043,4.92918,3.29935,0.106544,0.615913,4.06872,5.78083,3.75156,0.0556751,0.248715,3.12819,4.46726,2.55614,0
0.0782166,0.412798,3.32976,5.27763,3.47339,0.0960081,0.482917,3.18261,5.02996,3.33906,0.104597,0.668457,3.95362,6.39078,3.62517,0.0561386,0.228812,3.11256,4.07584,2.60371,0
0.0769404,0.402873,3.42431,5.23617,3.36884,0.09471,0.443245,3.33875,4.68002,3.25792,0.102713,0.697304,4.15977,6.78883,3.74217,0.0551426,0.23988,3.15049,4.35016,2.56393,0
0.0784566,0.397901,3.5534,5.07161,3.38549,0.0965363,0.497727,3.20667,5.15585,3.26399,0.104867,0.700574,4.21434,6.68061,3.82328,0.0559096,0.259211,3.10702,4.63625,2.52547,0
0.0785155,0.425056,3.57911,5.41366,3.42692,0.0961041,0.52394,3.27134,5.45179,3.3839,0.103453,0.944069,4.48946,9.12556,3.69426,0.0561488,0.25217,3.1448,4.4911,2.62611,0
0.0793593,0.533852,3.62768,6.72703,3.60924,0.0954831,0.472184,3.14797,4.94521,3.30375,0.104224,0.665582,4.53095,6.38609,3.70346,0.055178,0.250176,3.12846,4.53397,2.56067,0
0.0768859,0.383947,3.39851,4.99373,3.33131,0.0957881,0.67301,3.2914,7.02603,3.34869,0.103151,0.610211,4.08985,5.91569,3.68802,0.0572286,0.267999,3.19007,4.68296,2.59284,0
0.0766035,0.398064,3.42524,5.19643,3.29209,0.0940605,0.392541,3.13222,4.17328,3.21844,0.105225,0.690891,4.39811,6.56585,3.86965,0.0549764,0.235407,3.05259,4.28196,2.50516,0
0.0783109,0.444105,3.61339,5.67105,3.4178,0.0963086,0.503054,3.37006,5.22336,3.3565,0.105124,0.708283,4.01939,6.7376,3.75093,0.056304,0.296358,3.14106,5.26354,2.54038,0
0.0773423,0.458574,3.48432,5.92916,3.3154,0.0957438,0.450419,3.18317,4.70442,3.42033,0.104466,0.965237,5.20356,9.23975,3.74786,0.0551297,0.247039,3.12928,4.48105,2.50419,0
0.0773967,0.449963,3.44942,5.81373,3.35319,0.0949983,0.516617,3.34651,5.43817,3.33926,0.103053,0.745999,4.39882,7.23897,3.59411,0.0542152,0.250462,3.12078,4.61978,2.50374,0
0.0759699,0.349047,3.29858,4.59455,3.34818,0.0940487,0.417355,3.16648,4.43765,3.19173,0.102173,0.704108,4.27826,6.89135,3.60978,0.0540148,0.257302,3.12581,4.76355,2.52029,0
0.0781091,0.389758,3.34793,4.98991,3.35666,0.0971517,0.433414,3.19159,4.46121,3.33248,0.105461,0.646675,4.17337,6.13189,3.70996,0.0541705,0.236838,3.12974,4.37209,2.47253,0
0.0786404,0.414896,3.41299,5.27586,3.45584,0.0956862,0.53387,3.23662,5.57938,3.33916,0.105905,1.13602,5.79511,10.7267,3.66916,0.0558588,0.275861,3.21983,4.93854,2.62598,0
0.0770922,0.344295,3.39507,4.46601,3.34627,0.0955975,0.431943,3.20521,4.51836,3.20807,0.104581,0.616185,4.06548,5.89193,3.7459,0.0544569,0.235136,3.0666,4.31783,2.47047,0
0.0792602,0.393557,3.47239,4.96537,3.51283,0.0952088,0.475758,3.18106,4.99699,3.39201,0.104225,0.587693,3.79344,5.63871,3.70325,0.0566952,0.269952,3.13326,4.76146,2.60464,0
0.0769147,0.410071,3.39446,5.33151,3.3876,0.0960086,0.470821,3.106,4.90394,3.29197,0.102145,0.700062,4.23964,6.85362,3.58314,0.0555371,0.256686,3.01696,4.62188,2.55379,0
0.0771766,0.387876,3.37801,5.02582,3.29629,0.0945093,0.496583,3.17749,5.25433,3.2288,0.105928,0.982465,6.37975,9.27488,3.65517,0.0550644,0.257095,3.07442,4.66898,2.494,0
0.0769755,0.379207,3.43649,4.92633,3.27676,0.0957071,0.484412,3.19902,5.0614,3.26329,0.102069,0.616582,4.00304,6.04084,3.66176,0.0556177,0.233952,3.05587,4.20644,2.55722,0
0.0774227,0.460904,3.49114,5.95309,3.30098,0.0954971,0.496958,3.13886,5.20391,3.31685,0.1048,0.719656,4.2222,6.86696,3.71316,0.0552418,0.26097,3.26273,4.72414,2.52364,0
0.0766165,0.394964,3.346,5.15507,3.38845,0.0958278,0.494009,3.20602,5.15517,3.2378,0.104637,0.886618,4.64682,8.47327,3.67001,0.0549488,0.377162,3.29584,6.86388,2.5035,0
0.076931,0.384053,3.44699,4.99217,3.35809,0.095632,0.440639,3.1303,4.60765,3.31913,0.104003,0.764064,4.39271,7.34653,3.63384,0.054347,0.228922,3.13264,4.21222,2.41673,0
0.0772871,0.446412,3.48804,5.77602,3.4331,0.0959807,0.433124,3.17151,4.51262,3.3341,0.103828,1.0563,4.5792,10.1736,3.71717,0.0557909,0.221708,3.1378,3.97391,2.51997,0
0.0757248,0.502701,3.58816,6.63852,3.30282,0.0941339,0.510216,3.21849,5.42011,3.2086,0.103469,0.821401,4.78581,7.93863,3.58554,0.0553244,0.262067,3.13807,4.73691,2.58361,0
0.0766661,0.392879,3.3624,5.12454,3.3163,0.0964744,0.453243,3.10631,4.69806,3.41182,0.106049,0.845105,4.63633,7.969,3.7791,0.0557258,0.280835,3.17454,5.03958,2.59254,0
0.077368,0.436764,3.54016,5.64528,3.35788,0.0958834,0.555796,3.39208,5.79658,3.26506,0.103846,0.776457,4.24661,7.47704,3.6441,0.0567153,0.301435,3.24515,5.31489,2.62247,0
0.0779397,0.396451,3.32607,5.08664,3.40231,0.097904,0.543556,3.19967,5.55193,3.36734,0.104222,0.755266,4.37199,7.24672,3.6866,0.0556297,0.239105,3.05694,4.29816,2.58587,0
0.0787966,0.435064,3.39483,5.52135,3.44454,0.0969304,0.606772,3.21733,6.25987,3.40968,0.106189,0.799984,4.57393,7.53356,3.72327,0.0563259,0.276148,3.18466,4.90268,2.62116,0
0.0775332,0.385062,3.34016,4.96641,3.35263,0.0948816,0.516523,3.12991,5.44387,3.26804,0.102175,0.725721,4.33608,7.10269,3.52672,0.0561401,0.244906,3.053,4.36242,2.57844,0
0.0768621,0.349909,3.44613,4.55242,3.30457,0.0966969,0.542595,3.31345,5.6113,3.33177,0.104184,0.600101,4.08149,5.76004,3.69855,0.055532,0.276553,3.15652,4.98005,2.46069,0
0.0782203,0.429983,3.44458,5.49708,3.38409,0.0955941,0.439885,3.17475,4.60159,3.33178,0.103751,0.783044,4.44273,7.54734,3.70743,0.0550733,0.250306,3.1409,4.54497,2.52978,0
0.0767066,0.416697,3.6543,5.43234,3.29143,0.0944999,0.457933,3.15312,4.84585,3.29167,0.0995326,0.687092,4.36403,6.90319,3.59386,0.05515,0.263147,3.13452,4.77148,2.42735,0
0.0773707,0.425643,3.38636,5.50135,3.45821,0.0959513,0.419062,3.10635,4.36745,3.35025,0.105738,0.759867,4.09853,7.18633,3.76212,0.0561133,0.411204,3.33711,7.3281,2.635,0
0.0769515,0.363454,3.44906,4.72316,3.40824,0.0942296,0.469524,3.17889,4.98276,3.21111,0.105606,1.07016,5.5399,10.1335,3.78753,0.0545022,0.22744,3.15686,4.17305,2.44751,0
0.0747914,0.366839,3.30275,4.90483,3.23704,0.0944694,0.433554,3.17512,4.58936,3.27495,0.102436,0.726282,4.21155,7.09008,3.56608,0.0556736,0.242007,3.01282,4.34689,2.50761,0
0.0773052,0.459272,3.58163,5.94102,3.42219,0.09546,0.454238,3.21339,4.75841,3.31716,0.103425,0.76884,4.34057,7.43378,3.57229,0.0554267,0.228504,3.13992,4.12264,2.48103,0
0.0767719,0.372158,3.31944,4.84758,3.2895,0.0936626,0.42396,3.17323,4.52646,3.19196,0.101259,0.888227,5.17808,8.77187,3.52927,0.0560084,0.26905,3.14801,4.80374,2.58353,0
0.077703,0.421707,3.43936,5.42716,3.31407,0.0963358,0.491152,3.29135,5.09833,3.40508,0.101036,0.705863,4.451,6.98626,3.6404,0.0547985,0.208892,3.0808,3.81201,2.44721,0
0.0773377,0.443816,3.57306,5.73868,3.31805,0.0949032,0.438768,3.25124,4.62332,3.25531,0.101918,0.664832,4.16947,6.52323,3.56618,0.0560875,0.363121,3.22585,6.4742,2.58674,0
0.0768429,0.405742,3.26313,5.28016,3.29345,0.0939263,0.746976,3.2963,7.95279,3.15474,0.103603,0.891495,5.51841,8.60489,3.77357,0.0548369,0.225549,3.16012,4.11309,2.58033,0
0.0748993,0.360852,3.44096,4.81783,3.24162,0.0938853,0.472787,3.1795,5.0358,3.24385,0.101741,0.692624,4.38162,6.80771,3.63619,0.055766,0.239728,3.08638,4.29881,2.56798,0
0.077615,0.453559,3.60691,5.8437,3.31072,0.0958515,0.602354,3.23521,6.28424,3.37842,0.105659,0.940895,4.86481,8.90501,3.83341,0.0565393,0.241921,3.15475,4.27881,2.6082,0
0.0777603,0.37594,3.42031,4.8346,3.39626,0.095294,0.467627,3.14501,4.9072,3.32786,0.105291,0.643553,4.0178,6.11216,3.61483,0.0553244,0.261844,3.17512,4.73289,2.48873,0
0.078543,0.395698,3.38014,5.03798,3.51813,0.0954698,0.475587,3.24131,4.98154,3.28144,0.103376,0.702394,4.20994,6.79456,3.56305,0.0547699,0.21097,3.08961,3.85193,2.51708,0
0.0759461,0.373403,3.34644,4.91668,3.31112,0.0946735,0.649789,3.23832,6.86347,3.21516,0.104549,1.26091,5.20982,12.0606,3.68416,0.0555418,0.263787,3.12164,4.74935,2.57255,0
0.076689,0.387834,3.35816,5.05723,3.25581,0.0950036,0.488911,3.21091,5.14623,3.25479,0.104869,0.754803,4.12484,7.19758,3.52415,0.0549544,0.344673,3.21329,6.27198,2.49716,0
0.0750163,0.427048,3.35355,5.69274,3.24494,0.0944783,0.472855,3.18549,5.0049,3.16362,0.102885,0.756796,5.03596,7.35574,3.68436,0.0554484,0.256729,3.13645,4.63006,2.52176,0
0.0782261,0.404778,3.54288,5.17447,3.4076,0.0956562,0.586312,3.28849,6.12937,3.35393,0.105627,0.81754,4.97178,7.73985,3.60106,0.055251,0.239313,3.12857,4.33139,2.51687,0
0.0774303,0.421762,3.50085,5.44699,3.34516,0.0956278,0.433088,3.17867,4.52889,3.26561,0.102081,0.608971,3.95062,5.96558,3.67719,0.0552931,0.274858,3.15016,4.97094,2.46177,0
0.0782963,0.435242,3.53663,5.55891,3.50409,0.0956149,0.547754,3.20572,5.72875,3.16338,0.103088,0.619989,4.08379,6.01415,3.46852,0.0559855,0.229867,3.09736,4.10583,2.5229,0
0.0765237,0.446362,3.38922,5.83299,3.23658,0.0961959,0.51351,3.21788,5.33817,3.37807,0.101973,0.69987,4.07177,6.86332,3.61646,0.0559526,0.327739,3.27267,5.85743,2.5441,0
0.0776539,0.380021,3.45086,4.89377,3.37661,0.0948853,0.472831,3.16624,4.98319,3.31247,0.10166,0.95918,4.77015,9.43519,3.65487,0.0563388,0.288619,3.18482,5.12292,2.62728,0
0.0756913,0.394082,3.39253,5.20643,3.25465,0.0952637,0.402281,3.12526,4.22281,3.28704,0.10335,0.965628,5.41236,9.34332,3.69707,0.0558087,0.246667,3.14666,4.41987,2.56188,0
0.0779258,0.389782,3.52486,5.00196,3.45142,0.0948431,0.418885,3.13209,4.41662,3.28756,0.102574,0.716543,4.25157,6.98562,3.53011,0.055292,0.278855,3.16822,5.04332,2.51803,0
0.0765534,0.37851,3.41656,4.94439,3.33506,0.0951453,0.567177,3.17229,5.96117,3.21849,0.102298,0.765185,4.2533,7.47994,3.62068,0.0557164,0.234704,3.0642,4.21247,2.46719,0
0.076379,0.470787,3.44537,6.16383,3.39982,0.0955109,0.415968,3.13526,4.35519,3.38863,0.104166,0.921501,5.24513,8.84645,3.74801,0.0552116,0.234321,3.05877,4.24405,2.55785,0
0.0766042,0.368945,3.40078,4.81625,3.2866,0.0960949,0.489527,3.09721,5.09421,3.2732,0.101214,0.777918,4.25423,7.68586,3.39412,0.0554856,0.263215,3.09091,4.74384,2.5771,0
0.0772601,0.438872,3.53166,5.68044,3.47159,0.0957985,0.489222,3.21095,5.10678,3.38455,0.101651,0.651769,4.25699,6.41186,3.65359,0.0557729,0.240227,3.1444,4.30723,2.59161,0
0.0776103,0.422829,3.44221,5.44811,3.40322,0.0965916,0.46531,3.19642,4.8173,3.35121,0.102705,0.638326,4.19393,6.21514,3.68112,0.0560947,0.261019,3.08466,4.65318,2.5655,0
0.0768083,0.426372,3.4361,5.55112,3.36817,0.0946255,0.462909,3.20017,4.89201,3.2711,0.102564,0.900047,4.78369,8.77551,3.69961,0.0552532,0.25341,3.15073,4.58634,2.52685,0
0.0760414,0.421764,3.47732,5.5465,3.36247,0.0954994,0.514478,3.27115,5.38724,3.31804,0.104693,0.799452,4.87087,7.63615,3.66797,0.0548907,0.245009,3.13624,4.46358,2.57975,0
0.0760204,0.370753,3.44795,4.87702,3.27579,0.0949937,0.533662,3.25397,5.61787,3.21723,0.102377,0.882235,4.88754,8.61748,3.58527,0.0550892,0.261814,3.08127,4.75255,2.51815,0
0.0773396,0.382768,3.41836,4.94918,3.39274,0.094572,0.462631,3.09189,4.89184,3.34484,0.103662,0.765845,4.85384,7.38791,3.57376,0.0568167,0.273476,3.25097,4.8133,2.58932,0
0.0764744,0.363119,3.47654,4.74824,3.41748,0.0955209,0.475133,3.19031,4.97413,3.26166,0.103225,0.774315,5.06781,7.50125,3.68056,0.0555071,0.265954,3.14327,4.79136,2.50181,0
0.0762639,0.362675,3.38784,4.75552,3.35727,0.0932944,0.439029,3.11724,4.70584,3.30551,0.103179,0.907126,5.09586,8.79177,3.71559,0.054724,0.239651,3.05122,4.37927,2.59675,0
0.0779639,0.418446,3.42544,5.36717,3.38412,0.0965003,0.509959,3.22787,5.28453,3.46354,0.105161,0.663221,3.95211,6.30674,3.64707,0.0565313,0.228255,3.08427,4.03767,2.64412,0
0.0760363,0.410897,3.45063,5.40397,3.20976,0.0949518,0.528392,3.18394,5.56484,3.28183,0.102172,0.62911,3.97137,6.15737,3.52492,0.055303,0.246281,3.04664,4.45331,2.50538,0
0.0767803,0.375948,3.47836,4.89641,3.35953,0.0961046,0.445518,3.23254,4.63576,3.29898,0.101597,0.836279,4.82547,8.23136,3.55454,0.0546611,0.267937,3.13456,4.90178,2.5118,0
0.0754889,0.406116,3.39843,5.37981,3.30929,0.0940588,0.397561,3.14906,4.22673,3.35439,0.103728,0.785393,5.02974,7.57165,3.67774,0.0555808,0.249705,3.14065,4.49264,2.52186,0
0.0789332,0.453549,3.52763,5.74598,3.56819,0.0953749,0.444588,3.19422,4.66148,3.35434,0.103802,0.564983,3.96183,5.44287,3.70051,0.0560468,0.247294,3.20068,4.41228,2.60623,0
0.0772012,0.386521,3.48623,5.00667,3.44697,0.0953002,0.445273,3.21069,4.67232,3.30282,0.104474,0.660582,4.18425,6.32294,3.68058,0.0551591,0.291912,3.20072,5.29218,2.49705,0
0.0777279,0.395171,3.51053,5.08404,3.43792,0.0970138,0.462574,3.16619,4.76813,3.36859,0.102862,0.627144,4.11464,6.09692,3.65431,0.0564336,0.253871,3.22013,4.49858,2.57655,0
0.077265,0.418138,3.6149,5.41175,3.42295,0.0952791,0.53098,3.22197,5.57289,3.28123,0.104012,0.728283,4.23947,7.00194,3.63734,0.0555048,0.283142,3.17849,5.10122,2.56458,0
0.0766641,0.423995,3.40408,5.53056,3.30006,0.0960011,0.619461,3.30725,6.45264,3.32932,0.101382,0.782279,4.74404,7.71616,3.61073,0.0556131,0.251118,3.08638,4.51544,2.56718,0
0.0780995,0.407105,3.53789,5.21264,3.45508,0.0959645,0.472244,3.18776,4.92103,3.21974,0.10448,0.686782,4.31439,6.57335,3.50299,0.0545339,0.275315,3.19082,5.04851,2.47787,0
0.0778033,0.435469,3.40025,5.59705,3.41274,0.0946569,0.564663,3.23123,5.96536,3.25908,0.105505,0.892871,4.93537,8.46285,3.97119,0.055653,0.263748,3.12898,4.73915,2.5852,0
0.0791683,0.379394,3.45079,4.79224,3.58108,0.0961702,0.431349,3.24143,4.48527,3.28291,0.102311,0.730663,4.21568,7.1416,3.69202,0.055625,0.246168,3.1438,4.42549,2.52929,0
0.076372,0.367776,3.34664,4.81558,3.24061,0.0938106,0.438573,3.17272,4.67509,3.235,0.10247,1.00983,4.47528,9.85483,3.63249,0.0544817,0.251867,3.12409,4.62296,2.44402,0
0.0770986,0.432487,3.44451,5.60952,3.42244,0.0969596,0.540306,3.29146,5.57249,3.30901,0.103351,0.902731,4.98745,8.73458,3.66392,0.0549215,0.268705,3.09871,4.89254,2.47723,0
0.0761607,0.378367,3.33801,4.96801,3.25735,0.0947004,0.458175,3.16541,4.83815,3.31211,0.101666,0.753376,4.66669,7.41031,3.62091,0.0539299,0.22592,3.0525,4.18915,2.47617,0
0.0763199,0.371907,3.47146,4.873,3.3379,0.0946886,0.467353,3.19892,4.93568,3.17988,0.102271,0.679249,4.18986,6.64162,3.62408,0.0553746,0.286317,3.21837,5.17055,2.58677,0
0.07633,0.398164,3.38005,5.21634,3.31007,0.0950667,0.428977,3.25454,4.51238,3.3247,0.104585,1.09661,6.70125,10.4854,3.67483,0.0556929,0.292314,3.12344,5.24867,2.53043,0
0.0749528,0.34861,3.33858,4.65106,3.27949,0.0942195,0.596354,3.22536,6.32942,3.25388,0.10142,0.989799,4.9583,9.75938,3.70073,0.0550164,0.246795,3.12014,4.48584,2.55356,0
0.0759549,0.334462,3.24451,4.40343,3.22975,0.096247,0.548024,3.2853,5.69393,3.31696,0.104598,0.670122,4.17684,6.40667,3.57808,0.0550332,0.21715,3.06804,3.94581,2.50816,0
0.0763458,0.466116,3.64464,6.10532,3.28421,0.0951886,0.450896,3.17467,4.73687,3.22334,0.105651,0.846254,4.80297,8.00993,3.55418,0.0552456,0.254181,3.07766,4.60092,2.53911,0
0.0761457,0.365407,3.34681,4.79879,3.32477,0.0942468,0.489536,3.15064,5.19419,3.27638,0.102169,0.902107,4.5033,8.82955,3.59885,0.0547988,0.244106,3.13891,4.45459,2.5166,0
0.0767178,0.383765,3.41021,5.00229,3.30931,0.0949943,0.409273,3.08356,4.3084,3.24815,0.105917,0.707982,4.26908,6.68433,3.71819,0.054761,0.236334,3.14327,4.31573,2.51422,0
0.0777365,0.445742,3.50097,5.73401,3.44929,0.09593,0.562825,3.20723,5.86704,3.22836,0.103558,0.821959,4.24848,7.93714,3.59321,0.0554282,0.231951,3.09597,4.18471,2.54371,0
0.0782686,0.401084,3.50432,5.12446,3.46482,0.0950628,0.458695,3.25195,4.82518,3.33045,0.104627,0.914928,4.57233,8.74466,3.62721,0.0548069,0.240897,3.0777,4.39537,2.47307,0
0.0776892,0.397815,3.36575,5.1206,3.38576,0.0965636,0.423188,3.14934,4.38248,3.31853,0.104667,0.848682,5.03579,8.10841,3.68827,0.0558905,0.238884,3.16007,4.27414,2.57215,0
0.0764602,0.359489,3.41434,4.70165,3.20362,0.0960917,0.395381,3.1753,4.11463,3.17365,0.102546,0.720288,4.19759,7.02406,3.58763,0.0554559,0.27396,3.18766,4.94014,2.47777,0
0.0777758,0.414891,3.60145,5.33445,3.33827,0.0966581,0.505872,3.2586,5.23363,3.38063,0.103509,0.643594,4.26937,6.21777,3.59518,0.0561217,0.225923,3.08709,4.02559,2.52927,0
0.0751971,0.34557,3.30698,4.59553,3.20139,0.0951609,0.419006,3.23016,4.40314,3.19152,0.100221,0.760991,4.71576,7.59309,3.54868,0.0535968,0.244012,3.04565,4.55274,2.45474,0
0.076753,0.358712,3.41097,4.6736,3.38647,0.0951043,0.494458,3.11439,5.19912,3.27167,0.100361,0.616257,4.12863,6.1404,3.58789,0.055242,0.25207,3.21427,4.56302,2.60002,0
0.0773812,0.436515,3.50543,5.64109,3.38027,0.0954257,0.428817,3.20947,4.49372,3.27656,0.103897,0.760419,4.60411,7.31898,3.75694,0.055163,0.230701,3.08431,4.18218,2.47306,0
0.0765673,0.516517,3.60147,6.74593,3.39417,0.0949919,0.48976,3.11646,5.15581,3.26245,0.104035,0.868097,4.9699,8.34428,3.61967,0.0556727,0.311787,3.26647,5.60036,2.54838,0
0.0767527,0.372956,3.28597,4.85919,3.30666,0.0961073,0.450761,3.10771,4.69018,3.24698,0.104442,0.95081,4.25277,9.10373,3.64307,0.0548815,0.243818,3.06124,4.44263,2.5462,0
0.0758784,0.414762,3.37371,5.46615,3.31597,0.0946024,0.47532,3.18606,5.02439,3.22453,0.103194,0.771049,3.89647,7.47182,3.58035,0.0554997,0.297201,3.28185,5.355,2.51557,0
0.0758667,0.426658,3.50154,5.62379,3.28139,0.0965219,0.520962,3.2499,5.39735,3.27885,0.108017,1.07038,6.11734,9.90931,3.65369,0.0547225,0.257799,3.12989,4.71103,2.45235,0
0.0760442,0.379604,3.31567,4.99189,3.35318,0.0955832,0.518865,3.24904,5.42841,3.30873,0.102957,0.674958,4.22703,6.55574,3.55913,0.0550979,0.263202,3.15555,4.77698,2.46944,0
0.075574,0.454793,3.41613,6.01786,3.23257,0.0954885,0.406385,3.15343,4.25585,3.17768,0.102015,0.78302,4.43361,7.67557,3.52384,0.0566839,0.278916,3.18341,4.92055,2.60238,0
0.0761903,0.359227,3.44215,4.71486,3.33256,0.0941143,0.634001,3.18039,6.7365,3.13718,0.101696,0.794348,5.28386,7.81101,3.5676,0.0549688,0.313027,3.13866,5.69464,2.5227,0
0.0767798,0.38618,3.38489,5.02971,3.40487,0.0957939,0.540955,3.23006,5.64707,3.32055,0.102584,0.63715,4.10829,6.21103,3.5636,0.0548265,0.311164,3.17654,5.67542,2.56594,0
0.0751439,0.404455,3.48841,5.3824,3.24838,0.0945102,0.499504,3.18824,5.28519,3.2596,0.10094,0.709454,4.10967,7.02848,3.63194,0.0550388,0.251559,3.0654,4.57059,2.54696,0
0.0789091,0.468198,3.53029,5.93338,3.4996,0.0949254,0.470105,3.154,4.95236,3.24123,0.104363,1.0195,5.41325,9.76876,3.66238,0.0559291,0.283768,3.12253,5.07371,2.61596,0
0.0768923,0.437208,3.47766,5.68598,3.33505,0.0959024,0.463124,3.22183,4.82912,3.25165,0.102898,0.63308,4.29251,6.15248,3.59981,0.0549731,0.244436,3.08519,4.44647,2.49483,0
0.076448,0.378584,3.45587,4.95218,3.35217,0.0951603,0.463936,3.18484,4.87531,3.29794,0.104657,0.775422,4.66682,7.40919,3.73868,0.0563314,0.276229,3.19421,4.90363,2.60534,0
0.0764761,0.344189,3.25827,4.50061,3.40828,0.0950945,0.455285,3.28496,4.78771,3.30754,0.101697,0.586604,4.10734,5.76815,3.54387,0.0550054,0.24774,3.09557,4.50393,2.47141,0
0.0773762,0.367141,3.37563,4.74488,3.42511,0.0945231,0.486629,3.19056,5.14825,3.21195,0.100771,0.986694,5.05401,9.79147,3.4376,0.0546665,0.249749,3.16891,4.5686,2.49008,0
0.0784596,0.445209,3.60573,5.67437,3.49314,0.0969154,0.558316,3.2789,5.76086,3.40972,0.105354,0.720661,4.21719,6.84037,3.7106,0.0560756,0.249992,3.18932,4.45813,2.66915,0
0.0790171,0.422863,3.59191,5.35154,3.54844,0.0957627,0.444757,3.17013,4.64437,3.24698,0.100613,0.918856,4.88514,9.13259,3.5859,0.0552605,0.242033,3.09617,4.37985,2.54712,0
0.0766704,0.367513,3.36986,4.79341,3.40892,0.0940672,0.427037,3.19808,4.5397,3.20693,0.102674,0.769117,4.59125,7.4909,3.51494,0.0546361,0.241496,3.17913,4.42008,2.51305,0
0.0772868,0.409944,3.37357,5.3042,3.48329,0.0948014,0.460356,3.16529,4.856,3.29134,0.103382,1.11008,5.43501,10.7377,3.71727,0.0549703,0.272121,3.10161,4.95033,2.53855,0
0.0764805,0.349222,3.3431,4.56616,3.43253,0.0944104,0.403013,3.08017,4.26874,3.30411,0.101202,0.744951,4.56937,7.36105,3.47079,0.0557636,0.235838,3.11316,4.22924,2.57436,0
0.0784963,0.380356,3.42456,4.84552,3.38191,0.0960589,0.418174,3.07255,4.3533,3.30822,0.102315,0.960281,4.4859,9.38556,3.61011,0.0554727,0.308334,3.13053,5.5583,2.50987,0
0.0769207,0.405759,3.51181,5.27503,3.42497,0.0944992,0.43104,3.15792,4.56131,3.30891,0.100009,0.87372,4.81108,8.73645,3.57145,0.0554282,0.234943,3.01744,4.23869,2.51893,0
0.0773413,0.428808,3.52825,5.54437,3.42222,0.0958527,0.432239,3.08918,4.50941,3.24874,0.10391,0.72029,4.13646,6.9319,3.65047,0.0550587,0.277981,3.07284,5.04882,2.45568,0
0.0761473,0.33404,3.32545,4.38676,3.27704,0.0948804,0.462479,3.24225,4.87434,3.32504,0.099321,0.716636,4.43232,7.21535,3.4726,0.0546007,0.227438,3.07843,4.16548,2.50168,0
0.0775913,0.436809,3.44086,5.62962,3.36183,0.0950803,0.413373,3.133,4.34762,3.27113,0.101519,0.653543,4.06487,6.43764,3.50289,0.0538291,0.240943,3.02737,4.47608,2.43337,0
0.0772118,0.436465,3.48864,5.65282,3.45326,0.0958703,0.567077,3.30657,5.91504,3.25362,0.103013,0.590444,4.15583,5.73174,3.52185,0.0550963,0.242191,3.12182,4.39577,2.58372,0
0.0776601,0.436979,3.53794,5.62681,3.383,0.0957494,0.467692,3.17567,4.88455,3.35328,0.103518,0.843381,4.70705,8.14723,3.59085,0.0551388,0.251164,3.11805,4.55512,2.48499,0
0.0777936,0.391068,3.43706,5.027,3.42134,0.0955926,0.558417,3.20826,5.84163,3.32286,0.10102,0.516552,3.67144,5.11334,3.41921,0.0556432,0.257785,3.10816,4.63282,2.57905,0
0.0772636,0.352301,3.25419,4.55972,3.32814,0.0965132,0.472696,3.16739,4.89774,3.32079,0.102262,0.760453,4.47918,7.43629,3.54544,0.0566046,0.317468,3.13736,5.60853,2.59905,0
0.0763541,0.434271,3.33535,5.6876,3.44371,0.0939443,0.489398,3.12342,5.20945,3.19434,0.0997142,0.713716,4.13081,7.15761,3.49729,0.0542128,0.274628,3.10493,5.06574,2.41213,0
0.0781552,0.437145,3.38044,5.59329,3.51673,0.0948923,0.4385,3.10074,4.62103,3.24629,0.101687,0.748117,4.23613,7.35704,3.50715,0.0548092,0.26711,3.047,4.87345,2.48546,0
0.0761418,0.342272,3.31941,4.49519,3.33244,0.094841,0.484928,3.1803,5.11307,3.20319,0.0998382,0.670655,4.20255,6.71741,3.41793,0.0547976,0.324466,3.20553,5.92117,2.46372,0
0.0753248,0.379365,3.29168,5.03639,3.26031,0.0946587,0.467888,3.14967,4.9429,3.1709,0.0997555,0.645533,4.02146,6.47116,3.55856,0.0542482,0.246281,3.13499,4.53989,2.45519,0
0.0768671,0.358045,3.40956,4.65797,3.38395,0.0947835,0.457243,3.20833,4.82408,3.21201,0.099492,0.750054,4.21417,7.53884,3.5066,0.0554222,0.240835,3.12469,4.34546,2.49693,0
0.0754621,0.345824,3.32881,4.58275,3.25899,0.0954815,0.415824,3.22309,4.35502,3.33804,0.100921,0.606197,4.05649,6.00666,3.44824,0.0552704,0.254141,3.1115,4.59814,2.59762,0
0.0782489,0.497489,3.43988,6.35778,3.46832,0.0953437,0.497491,3.12538,5.21787,3.21887,0.100379,0.783198,3.99754,7.80239,3.5813,0.0554939,0.253874,3.15192,4.57481,2.48801,0
0.0754544,0.381275,3.34317,5.05305,3.25282,0.0947078,0.445151,3.12045,4.70026,3.2043,0.100211,0.568541,3.8742,5.67343,3.48406,0.0552035,0.244971,3.07187,4.4376,2.50317,0
0.0755347,0.406982,3.44294,5.38801,3.19362,0.0944185,0.423802,3.19116,4.48855,3.20313,0.100033,0.781878,4.149,7.81619,3.63823,0.0558251,0.255765,3.15329,4.58155,2.52065,0
0.0766514,0.383031,3.42506,4.99705,3.3926,0.0943124,0.437461,3.20396,4.63843,3.23053,0.0979512,0.562017,4.12603,5.73772,3.50765,0.0550996,0.260359,3.13097,4.72524,2.54149,0
0.0767372,0.514444,3.7083,6.70398,3.37867,0.0947638,0.527804,3.2391,5.56967,3.1781,0.100044,0.759112,4.38532,7.58777,3.59262,0.0548235,0.231498,3.12897,4.2226,2.50932,0
0.0760898,0.363138,3.34371,4.7725,3.24879,0.0947728,0.460545,3.09678,4.85946,3.23311,0.102375,0.607349,3.91023,5.93261,3.45292,0.0550674,0.29168,3.09125,5.29679,2.54216,0
0.0751487,0.343569,3.26731,4.57186,3.23815,0.0938567,0.484368,3.20012,5.16072,3.17675,0.0995487,0.719766,4.40956,7.23029,3.54127,0.0542522,0.236741,3.11588,4.36372,2.42438,0
0.0780712,0.33222,3.35412,4.25534,3.38564,0.0951499,0.648793,3.29356,6.81864,3.24359,0.101847,0.74293,4.54057,7.29454,3.52652,0.0557162,0.281376,3.21767,5.05017,2.58689,0
0.0763281,0.429097,3.49909,5.62174,3.24549,0.0950375,0.539466,3.16743,5.67634,3.18156,0.102795,0.74501,4.08949,7.24752,3.50802,0.0547844,0.240604,3.18505,4.39184,2.50234,0
0.07783,0.383434,3.34941,4.92656,3.47326,0.0954671,0.565295,3.25251,5.92136,3.26631,0.100948,0.680967,4.18614,6.74571,3.61295,0.0554521,0.241099,3.11307,4.34788,2.57091,0
0.0765732,0.395382,3.41609,5.16345,3.28058,0.0953659,0.472967,3.16513,4.9595,3.24592,0.105082,0.808764,4.83383,7.69652,3.65883,0.05543,0.291255,3.13858,5.25447,2.54127,0
0.0789881,0.420648,3.62734,5.32547,3.53896,0.0959339,0.530967,3.35574,5.53471,3.29994,0.102039,0.717293,4.31424,7.02959,3.53493,0.0575101,0.380223,3.29279,6.61141,2.6362,0
0.0753605,0.402103,3.50844,5.33573,3.28838,0.0944942,0.433103,3.20552,4.58338,3.28558,0.0996417,0.672561,4.30084,6.7498,3.52405,0.0546332,0.231059,3.06673,4.22928,2.51282,0
0.0772055,0.365994,3.40051,4.74052,3.40861,0.0950192,0.431561,3.09184,4.54183,3.27145,0.100209,0.629235,4.23046,6.27924,3.53589,0.055894,0.306987,3.21095,5.4923,2.56573,0
0.0752866,0.379093,3.29053,5.03533,3.36321,0.0945465,0.455788,3.20463,4.82078,3.19256,0.099323,0.772657,4.39709,7.77924,3.45977,0.0537095,0.236154,2.984,4.39688,2.41056,0
0.0781222,0.477695,3.56645,6.11472,3.33939,0.0941783,0.509348,3.1697,5.40834,3.24871,0.10225,0.847524,4.51642,8.28873,3.70844,0.0564584,0.319551,3.33214,5.65994,2.66921,0
0.077423,0.353973,3.28768,4.57193,3.4238,0.0950017,0.560303,3.26999,5.89782,3.29075,0.0996069,0.678198,4.49898,6.80875,3.45049,0.0559513,0.248262,3.21818,4.43712,2.58024,0
0.0775834,0.422257,3.51622,5.44262,3.49578,0.0948201,0.51816,3.20476,5.46466,3.21105,0.0989767,0.750279,4.28023,7.58036,3.51378,0.055607,0.289364,3.15786,5.20373,2.55413,0
0.0777117,0.382997,3.36586,4.92844,3.38206,0.0950148,0.558194,3.23864,5.87481,3.24703,0.103933,0.794926,4.65071,7.64845,3.6648,0.0561581,0.255993,3.14366,4.55843,2.55115,0
0.0765563,0.40316,3.51255,5.26619,3.3768,0.0957643,0.44073,3.22725,4.60223,3.27004,0.101175,0.642434,4.07045,6.34975,3.5433,0.0557854,0.306006,3.16842,5.48541,2.62887,0
0.0761457,0.402623,3.38105,5.28753,3.30598,0.0952481,0.396092,3.13124,4.15853,3.21269,0.104176,0.711971,4.02035,6.83429,3.66091,0.054232,0.339811,3.11105,6.26588,2.47453,0
0.0752476,0.457004,3.45148,6.07333,3.26735,0.0930144,0.410032,3.17031,4.40827,3.14717,0.100838,0.643014,4.01986,6.37669,3.61185,0.054031,0.238848,3.18356,4.42058,2.52274,0
0.0765142,0.396184,3.35253,5.17791,3.36312,0.0956642,0.490202,3.28838,5.12419,3.21433,0.101011,0.730109,4.31165,7.22799,3.50818,0.0555519,0.244822,3.12145,4.40708,2.59769,0
0.0765764,0.36391,3.34627,4.75225,3.3907,0.0941755,0.424182,3.13765,4.50417,3.27581,0.100404,0.612218,4.07317,6.09755,3.52365,0.0555272,0.275111,3.0799,4.95452,2.54341,0
0.0786244,0.406629,3.36249,5.1718,3.45809,0.0955058,0.492877,3.14676,5.1607,3.26063,0.103984,0.913811,5.38304,8.78799,3.64196,0.055374,0.233914,3.12232,4.22426,2.50807,0
0.0770038,0.443883,3.54252,5.76442,3.35811,0.09422,0.503713,3.16826,5.34614,3.25443,0.0998541,0.65906,3.93251,6.60023,3.52712,0.0554905,0.243996,3.15701,4.39707,2.58206,0
0.0765258,0.440233,3.52002,5.75274,3.31337,0.0957225,0.458384,3.27275,4.78867,3.23565,0.101717,0.673715,4.00563,6.6234,3.52344,0.0546484,0.244251,3.18467,4.4695,2.40736,0
0.0773897,0.36785,3.4319,4.75322,3.42905,0.0952259,0.404594,3.0929,4.24878,3.3009,0.102768,0.891135,4.97974,8.67134,3.61399,0.0557484,0.274529,3.06819,4.92442,2.59759,0
0.0758711,0.472708,3.50983,6.23041,3.42329,0.0935011,0.444367,3.14292,4.75253,3.28931,0.10044,0.658629,4.07923,6.55745,3.45486,0.0557639,0.263488,3.15067,4.72506,2.62662,0
0.075613,0.497847,3.4222,6.58415,3.39095,0.0943156,0.447502,3.1548,4.74473,3.22234,0.100193,0.775489,4.38498,7.73993,3.56484,0.0548063,0.236093,3.10097,4.30778,2.58566,0
0.0758454,0.373706,3.3855,4.9272,3.4021,0.0938331,0.450418,3.19664,4.80021,3.18784,0.10108,0.915045,5.03065,9.05265,3.56877,0.0551863,0.233957,3.07265,4.2394,2.47484,0
0.0771851,0.373369,3.35013,4.83733,3.3844,0.0954662,0.447166,3.11838,4.68403,3.24645,0.0994334,0.763908,4.35014,7.68261,3.47236,0.0558616,0.240668,3.21628,4.30829,2.5166,0
0.0766614,0.371753,3.39745,4.84928,3.3236,0.0951759,0.482869,3.07958,5.07344,3.22645,0.100072,0.851864,4.66206,8.51256,3.5735,0.0564113,0.259249,3.16494,4.5957,2.57929,0
0.0766708,0.513097,3.45426,6.6922,3.35817,0.0928902,0.399331,3.0801,4.29896,3.17952,0.0977158,0.641106,4.11324,6.56093,3.54744,0.0545193,0.333752,3.24902,6.12173,2.47226,0
0.0764013,0.380459,3.46214,4.97975,3.35082,0.0931488,0.529923,3.18357,5.68899,3.23482,0.100022,0.809784,5.04744,8.09607,3.49756,0.054431,0.256072,3.09339,4.70452,2.49895,0
0.0780336,0.378141,3.33115,4.84587,3.37127,0.0952358,0.480468,3.17773,5.04504,3.2142,0.102474,0.770116,4.59291,7.51525,3.50595,0.0563392,0.266785,3.10493,4.73534,2.52212,0
0.0773075,0.390179,3.42701,5.04711,3.38203,0.0950503,0.545947,3.2862,5.74377,3.27649,0.103268,1.03703,5.04977,10.0421,3.6598,0.0557004,0.233678,3.16935,4.19528,2.56396,0
0.0769205,0.37588,3.32011,4.88661,3.39974,0.0937655,0.47643,3.12776,5.08108,3.22485,0.102813,0.91013,5.72532,8.85227,3.55753,0.0540493,0.264406,3.12518,4.89194,2.43676,0
0.0788872,0.412138,3.51862,5.22439,3.54511,0.0959846,0.560652,3.37189,5.84106,3.24216,0.103887,0.817128,4.41827,7.86554,3.63455,0.0561959,0.283168,3.09305,5.03895,2.53292,0
0.0774604,0.382658,3.40646,4.94005,3.3878,0.0939857,0.406133,3.057,4.32122,3.24187,0.101194,0.735831,4.2006,7.27146,3.54725,0.0561642,0.268856,3.09269,4.78697,2.63092,0
0.0768681,0.379582,3.40884,4.9381,3.41881,0.0949494,0.472231,3.25826,4.9735,3.38129,0.099591,0.721815,4.23362,7.24779,3.45142,0.0564461,0.2687,3.18865,4.76029,2.60541,0
0.0773939,0.322446,3.2121,4.16629,3.36257,0.0951999,0.453355,3.22129,4.76213,3.29991,0.102932,0.93521,4.43186,9.08571,3.60881,0.0553661,0.238806,3.07836,4.31321,2.53165,0
0.0776185,0.439705,3.46636,5.66495,3.48746,0.094207,0.440292,3.18754,4.67366,3.2789,0.09918,0.662292,4.06157,6.67768,3.55871,0.0555439,0.303344,3.1909,5.46135,2.55795,0
0.0784263,0.357016,3.39032,4.55224,3.52097,0.0954318,0.504531,3.23754,5.28682,3.29719,0.10118,0.66249,4.12941,6.54764,3.5767,0.055776,0.247812,3.12149,4.44299,2.57125,0
0.077451,0.460493,3.39816,5.9456,3.36509,0.094182,0.46072,3.23243,4.8918,3.23307,0.0984869,0.603458,4.01665,6.12729,3.47027,0.055225,0.268545,3.14399,4.86275,2.56575,0
0.0769864,0.410398,3.32196,5.33078,3.37663,0.0944607,0.423787,3.19369,4.48639,3.3491,0.100437,0.587837,4.1976,5.85278,3.55863,0.0552551,0.273145,3.04079,4.94335,2.52938,0
0.0759901,0.361611,3.37875,4.75866,3.41673,0.0941186,0.448637,3.12787,4.76672,3.25959,0.101683,0.833351,5.2208,8.19554,3.57084,0.0547375,0.288553,3.17476,5.27159,2.54905,0
0.0773581,0.371611,3.34209,4.80377,3.45456,0.0937753,0.434515,3.16165,4.63357,3.23418,0.100777,0.669097,4.40352,6.6394,3.51479,0.0543525,0.220175,3.02388,4.05088,2.43509,0
0.0775409,0.403129,3.47344,5.19892,3.42257,0.0936065,0.503558,3.23736,5.37952,3.23557,0.101455,0.739518,4.90955,7.28913,3.52789,0.0550087,0.299997,3.17944,5.45362,2.5059,0
0.0769818,0.375819,3.4472,4.88192,3.45809,0.0937316,0.416168,3.17567,4.44,3.23549,0.10068,0.704773,4.2773,7.0001,3.51558,0.0552561,0.277872,3.11838,5.0288,2.56672,0
0.0763152,0.384174,3.44715,5.03405,3.27139,0.0939643,0.444589,3.16172,4.73147,3.18265,0.101274,0.951203,5.11218,9.3924,3.64783,0.0546067,0.249991,3.04746,4.57803,2.45287,0
0.0763901,0.454819,3.54693,5.9539,3.39981,0.0943774,0.44799,3.15544,4.7468,3.2955,0.101548,0.833735,5.29364,8.21022,3.66096,0.0561027,0.266362,3.15984,4.74775,2.6149,0
0.0781909,0.436991,3.40368,5.58877,3.40786,0.0950239,0.47759,3.16971,5.026,3.2268,0.0999708,0.726972,4.33302,7.27184,3.56741,0.0553332,0.231792,3.16963,4.18901,2.48816,0
0.0775887,0.390211,3.37911,5.02922,3.40734,0.0952936,0.41804,3.19465,4.38686,3.29653,0.102551,0.867933,4.65361,8.46343,3.68755,0.0558894,0.273185,3.11875,4.88796,2.5566,0
0.077153,0.421653,3.3713,5.46516,3.42775,0.0946344,0.442986,3.1801,4.68102,3.17983,0.0990369,0.678566,4.34345,6.85165,3.52979,0.0559992,0.271477,3.07807,4.84787,2.59485,0
0.0778272,0.441907,3.50507,5.67805,3.46712,0.0940876,0.480346,3.2253,5.10531,3.26137,0.102017,0.725325,4.12474,7.10981,3.56338,0.0569557,0.26089,3.16014,4.58058,2.65082,0
0.0761109,0.405283,3.32861,5.3249,3.33879,0.0942674,0.399423,3.08758,4.23713,3.25485,0.0969716,0.738964,4.28745,7.62042,3.49003,0.0548697,0.236149,3.03921,4.30382,2.52686,0
0.0780864,0.412856,3.42559,5.28717,3.42842,0.0950838,0.493123,3.32068,5.1862,3.21803,0.101103,0.618774,3.95503,6.12024,3.56166,0.0573302,0.311516,3.26468,5.43372,2.67213,0
0.0764435,0.41686,3.35055,5.45317,3.37501,0.0945894,0.486824,3.18823,5.14671,3.26893,0.100078,0.821359,5.34707,8.20716,3.56221,0.0544808,0.226567,3.02841,4.15865,2.48034,0
0.0778212,0.375983,3.30035,4.83137,3.5202,0.0944932,0.533776,3.35003,5.64883,3.23155,0.0986806,0.589153,3.97245,5.9703,3.41899,0.0553604,0.263723,3.12014,4.76376,2.62004,0
0.0780743,0.372154,3.26687,4.76666,3.46324,0.0942649,0.414509,3.10891,4.39728,3.26813,0.104041,0.813338,5.7357,7.81745,3.67111,0.0550924,0.250852,3.08289,4.55331,2.55918,0
0.078508,0.330007,3.36536,4.20348,3.55267,0.0949175,0.479771,3.18578,5.05461,3.23016,0.099447,0.629213,4.05663,6.32712,3.40186,0.0555025,0.256404,3.1342,4.61968,2.51118,0
0.0773863,0.523489,3.50633,6.76463,3.51518,0.0945913,0.445282,3.214,4.70743,3.23851,0.10126,0.678715,4.55053,6.70271,3.58797,0.0562729,0.2482,3.11065,4.41064,2.56133,0
0.0770541,0.449905,3.44447,5.83882,3.43391,0.093791,0.436898,3.15908,4.65821,3.30751,0.100698,0.826454,5.10828,8.20725,3.68132,0.0550737,0.224699,3.07043,4.07997,2.52389,0
0.0778243,0.412836,3.39565,5.30472,3.38554,0.0941247,0.506428,3.16523,5.38039,3.18038,0.0993961,0.695437,4.09605,6.99662,3.55691,0.0548583,0.241192,3.07651,4.39663,2.51027,0
0.0761646,0.390845,3.3712,5.13158,3.32449,0.0927991,0.56326,3.20159,6.06967,3.23308,0.100474,0.88518,4.39804,8.81003,3.51965,0.0550017,0.246966,3.07079,4.49016,2.5509,0
0.0768691,0.449141,3.30749,5.84294,3.4228,0.0945938,0.442636,3.19425,4.67934,3.27465,0.1039,1.07541,4.93018,10.3504,3.38404,0.0566446,0.264198,3.12811,4.66414,2.6478,0
0.0756207,0.38352,3.48816,5.07163,3.35569,0.0930424,0.477766,3.14499,5.13493,3.18817,0.0984134,0.668675,4.31643,6.79455,3.53711,0.0550525,0.268372,3.13002,4.87484,2.58122,0
0.0770759,0.394475,3.47452,5.118,3.39762,0.0959006,0.437665,3.22014,4.56373,3.36544,0.0989568,0.665582,4.20333,6.72599,3.44422,0.0552399,0.251117,3.06167,4.54594,2.60234,0
0.0781052,0.435373,3.46553,5.57419,3.52485,0.0945814,0.484307,3.16549,5.12053,3.23797,0.102384,0.670104,3.90791,6.54499,3.57744,0.0560773,0.328248,3.25311,5.8535,2.62945,0
0.0761465,0.406762,3.55287,5.34184,3.31115,0.0951972,0.533255,3.27254,5.60158,3.21664,0.104216,0.831172,4.58168,7.97546,3.52005,0.0560734,0.261051,3.06465,4.65551,2.58197,0
0.0772935,0.40124,3.48253,5.19112,3.47929,0.0950208,0.444395,3.19389,4.67682,3.22748,0.0994341,0.72832,4.298,7.32465,3.52217,0.0561155,0.258481,3.06517,4.60622,2.6008,0
0.0758597,0.387607,3.27987,5.10953,3.27866,0.0940931,0.463261,3.19518,4.92343,3.18627,0.104307,0.712932,4.18425,6.83495,3.46732,0.0562308,0.241662,3.09041,4.29767,2.51119,0
0.0761812,0.406872,3.32371,5.34084,3.37756,0.0954863,0.492903,3.1778,5.16203,3.17967,0.101037,0.819272,4.55785,8.1086,3.50529,0.0558824,0.246511,3.05015,4.41123,2.58489,0
0.075731,0.344818,3.35182,4.5532,3.33148,0.0941862,0.438539,3.23172,4.65608,3.24755,0.098332,0.574728,4.02401,5.84478,3.39641,0.0552088,0.295075,3.12044,5.34471,2.45361,0
0.0760673,0.387955,3.40188,5.10015,3.2533,0.095762,0.560272,3.39227,5.85067,3.34368,0.0992681,0.963786,4.9612,9.70892,3.48905,0.0557562,0.241919,3.09684,4.33887,2.55281,0
0.0785871,0.378213,3.43975,4.81267,3.42514,0.0944761,0.500856,3.13595,5.3014,3.23633,0.100303,0.642785,3.816,6.40842,3.6305,0.0552193,0.257026,3.11498,4.65464,2.51576,0
0.0765145,0.38324,3.30757,5.00873,3.34332,0.0940728,0.446016,3.21565,4.74118,3.34222,0.100267,0.576702,4.03355,5.75164,3.51091,0.055404,0.28355,3.19492,5.11786,2.57233,0
0.076522,0.393928,3.42756,5.14791,3.41691,0.0939265,0.397845,3.07793,4.2357,3.23144,0.101686,0.904436,5.25366,8.89438,3.55881,0.055719,0.29523,3.13498,5.29855,2.60978,0
0.0769322,0.413272,3.47217,5.3719,3.41065,0.0954046,0.51734,3.22598,5.42259,3.27759,0.100726,0.587588,4.01774,5.83353,3.4007,0.0559514,0.239033,3.10143,4.27215,2.58657,0
0.0766364,0.392999,3.42924,5.1281,3.38013,0.0948955,0.431586,3.13025,4.54802,3.34112,0.100231,0.756861,4.67167,7.55114,3.53415,0.0552795,0.234221,3.06221,4.23703,2.55177,0
0.0771688,0.406381,3.35733,5.26613,3.40006,0.0951417,0.57247,3.23377,6.01702,3.34896,0.100237,0.650259,4.28356,6.4872,3.57978,0.056188,0.274987,3.11355,4.89404,2.53017,0
0.0754658,0.423284,3.38032,5.60895,3.34682,0.0934077,0.459934,3.1953,4.92394,3.18888,0.0989547,0.601717,4.26062,6.08073,3.54222,0.0547807,0.259046,3.06502,4.72879,2.60953,0
0.0784625,0.378054,3.41622,4.81828,3.48115,0.0956997,0.533469,3.26738,5.57441,3.29815,0.102151,0.741365,4.60077,7.25751,3.51741,0.0549975,0.275935,3.12624,5.01723,2.52381,0
0.0774316,0.426629,3.43819,5.50975,3.40373,0.0947095,0.48926,3.1431,5.1659,3.25639,0.100294,0.83197,4.39372,8.29531,3.47868,0.0556976,0.231141,3.03781,4.14992,2.56071,0
0.0774171,0.440869,3.41816,5.69473,3.35927,0.0949402,0.497202,3.19854,5.237,3.23349,0.0994399,0.787589,4.48687,7.92025,3.36484,0.0551547,0.244975,3.07767,4.44161,2.49246,0
0.0772256,0.420191,3.31077,5.44109,3.42143,0.0936791,0.589513,3.22031,6.29289,3.19515,0.100896,0.723341,4.66466,7.1692,3.53357,0.0556651,0.257157,3.08614,4.61971,2.57826,0
0.0756131,0.368768,3.30546,4.87704,3.33368,0.0931335,0.46068,3.18296,4.94645,3.20386,0.100855,0.685415,4.20174,6.79602,3.45664,0.0543929,0.229297,3.08375,4.21557,2.4568,0
0.0761174,0.373782,3.46686,4.9106,3.39211,0.0945316,0.46463,3.15871,4.91507,3.34535,0.101643,0.943285,5.18764,9.28035,3.47597,0.0548759,0.250417,3.21454,4.56334,2.58289,0
0.0785446,0.459585,3.36152,5.85126,3.48381,0.093732,0.445841,3.22151,4.75655,3.16772,0.10131,0.722879,4.49975,7.1353,3.54372,0.0555806,0.24691,3.22274,4.44238,2.51087,0
0.077871,0.353816,3.39054,4.54362,3.4771,0.0948664,0.455907,3.18682,4.80578,3.24654,0.0988669,0.776744,4.18728,7.85647,3.41016,0.0549756,0.251784,3.12832,4.57992,2.46539,0
0.0776748,0.4002,3.41784,5.15225,3.40131,0.0950623,0.506698,3.21395,5.33017,3.26972,0.1014,0.959223,4.86538,9.45983,3.63665,0.0562305,0.257868,3.08838,4.5859,2.58036,0
0.0778422,0.436616,3.29966,5.60898,3.4082,0.0942453,0.443292,3.14858,4.7036,3.0991,0.10268,0.774732,4.45514,7.54508,3.5333,0.0553113,0.246059,3.14331,4.44863,2.57063,0
0.0756917,0.404808,3.31757,5.34812,3.36803,0.0944245,0.443924,3.16625,4.70137,3.36933,0.100855,0.78122,4.30053,7.74597,3.48409,0.0550645,0.252951,3.07428,4.59373,2.56488,0
0.0763667,0.448958,3.48682,5.87898,3.26068,0.0938821,0.497381,3.14044,5.29793,3.148,0.0998903,0.701714,4.27668,7.02485,3.43586,0.0560613,0.246008,3.13894,4.3882,2.59856,0
0.0773467,0.423456,3.4052,5.47477,3.35172,0.0942655,0.401565,3.11424,4.25994,3.22216,0.0999533,0.737041,4.288,7.37386,3.44118,0.0543502,0.257881,3.19939,4.74481,2.48308,0
0.0783925,0.375797,3.4935,4.79379,3.47235,0.0940324,0.44541,3.1748,4.73677,3.21594,0.0989921,0.627131,4.36369,6.33516,3.41921,0.0565366,0.274263,3.17047,4.85107,2.58467,0
0.0762676,0.426431,3.4251,5.59124,3.31824,0.0945054,0.432015,3.17106,4.57133,3.19449,0.10007,0.736686,4.45963,7.36173,3.55254,0.0551478,0.295036,3.15792,5.34991,2.5395,0
0.078194,0.361834,3.42528,4.62739,3.50238,0.0944224,0.491246,3.30185,5.20265,3.17166,0.101655,0.760803,4.34098,7.48416,3.48196,0.0555209,0.244113,3.14692,4.39677,2.51428,0
0.0782388,0.440796,3.54106,5.63398,3.3534,0.0943244,0.400338,3.15118,4.24427,3.2335,0.100302,0.694627,4.45065,6.92535,3.57069,0.0562704,0.274804,3.16778,4.88364,2.54578,0
0.0788186,0.470498,3.49236,5.96938,3.49532,0.094356,0.455455,3.14866,4.82698,3.21433,0.10097,0.756148,4.87814,7.48885,3.57838,0.0556919,0.278983,3.17904,5.00941,2.54837,0
0.0769426,0.441242,3.50179,5.73468,3.37849,0.0940685,0.489217,3.23141,5.20065,3.30423,0.0982377,0.583125,4.20853,5.93586,3.44324,0.0551665,0.280859,3.16674,5.09112,2.52791,0
0.0786708,0.465623,3.4955,5.91863,3.54872,0.0937247,0.52557,3.19414,5.60759,3.25583,0.0988948,0.731385,4.22036,7.39559,3.44603,0.0555669,0.272237,3.1301,4.89926,2.55489,0
0.0762624,0.410071,3.39153,5.37711,3.35006,0.0935169,0.436203,3.22069,4.66443,3.25063,0.0968152,0.716388,4.36541,7.39954,3.48092,0.0551292,0.241131,3.07711,4.37392,2.51859,0
0.077566,0.350615,3.35163,4.52022,3.44018,0.0946406,0.418549,3.21927,4.42251,3.29604,0.0990962,0.69889,4.23891,7.05264,3.39167,0.0552524,0.227756,3.11176,4.1221,2.56124,0
0.0768796,0.359392,3.29797,4.67474,3.35761,0.0929157,0.407109,3.09279,4.38149,3.22032,0.100097,0.677209,4.1975,6.76552,3.36415,0.0551764,0.244394,3.06792,4.42932,2.55011,0
0.0767782,0.357794,3.39614,4.66011,3.37991,0.0916707,0.499477,3.29446,5.4486,3.17838,0.0997634,0.749483,4.39938,7.5126,3.39451,0.0546995,0.285349,3.20852,5.21666,2.57336,0
0.0775995,0.43992,3.43957,5.66912,3.41407,0.0934132,0.550616,3.18197,5.89441,3.25693,0.102224,0.884573,5.02247,8.65326,3.46764,0.0549339,0.27525,3.20475,5.01057,2.55108,0
0.078044,0.347239,3.40587,4.44927,3.38394,0.0944118,0.431597,3.12989,4.57143,3.16181,0.0997573,0.74734,4.6952,7.49159,3.46817,0.0558122,0.245091,3.10644,4.39134,2.53281,0
0.0761328,0.367421,3.38835,4.82605,3.36993,0.0929583,0.41866,3.1025,4.50374,3.23003,0.0986793,0.943335,5.20136,9.5596,3.4945,0.0550463,0.2319,3.11526,4.21282,2.5541,0
0.0777374,0.404375,3.5667,5.20181,3.48996,0.0950772,0.452562,3.14777,4.75994,3.23972,0.10004,0.665124,4.15261,6.64854,3.50205,0.0547423,0.252926,3.15182,4.6203,2.50358,0
0.0760316,0.418902,3.41784,5.50957,3.3515,0.0930623,0.465191,3.11248,4.99871,3.28228,0.0987538,0.814282,4.34812,8.24558,3.48205,0.0547795,0.240988,3.09433,4.39924,2.45704,0
0.0768771,0.363536,3.34968,4.72879,3.34287,0.0950496,0.42906,3.17525,4.51406,3.18305,0.101067,0.789986,4.37327,7.81644,3.49019,0.055685,0.276165,3.15156,4.95942,2.57676,0
0.0762318,0.424047,3.38218,5.56261,3.3309,0.093584,0.467632,3.14728,4.99692,3.22415,0.0976886,0.533083,3.95717,5.45696,3.35277,0.0549817,0.228701,3.09151,4.15959,2.5824,0
0.0774802,0.404896,3.57824,5.2258,3.36306,0.0958685,0.455806,3.2121,4.7545,3.33538,0.0989638,0.836034,4.5597,8.44787,3.5434,0.0559996,0.280157,3.20851,5.00283,2.59195,0
0.076878,0.411423,3.54708,5.35163,3.47264,0.0929453,0.458355,3.2712,4.93145,3.19071,0.101692,0.686497,4.34012,6.75074,3.53183,0.0556801,0.266256,3.14955,4.7819,2.57526,0
0.0776181,0.383377,3.33118,4.93927,3.47239,0.0945728,0.409375,3.16079,4.32868,3.23329,0.103342,0.860964,4.24716,8.3312,3.55346,0.0567125,0.26304,3.15478,4.63812,2.56434,0
0.076963,0.447012,3.42823,5.80815,3.36233,0.0940398,0.423572,3.18326,4.50418,3.25358,0.104119,0.711536,4.08597,6.83387,3.58671,0.0569176,0.283747,3.15474,4.98522,2.6215,0
0.078117,0.445761,3.55722,5.70633,3.45994,0.094462,0.464805,3.16908,4.92054,3.29738,0.10019,0.684589,4.21466,6.83291,3.55625,0.0562475,0.244342,3.10886,4.34406,2.62317,0
0.0765161,0.416713,3.44632,5.44608,3.36338,0.0933259,0.386395,3.16269,4.14027,3.19533,0.100544,0.841397,4.55505,8.36848,3.39699,0.0559487,0.25023,3.10902,4.47248,2.63654,0
0.0784113,0.395409,3.47493,5.04275,3.3768,0.0938835,0.420831,3.24325,4.48248,3.26067,0.100437,0.606609,4.06064,6.03968,3.50532,0.0560276,0.263794,3.07966,4.70829,2.60451,0
0.0777793,0.410672,3.51917,5.27997,3.44953,0.0955104,0.418064,3.22102,4.37716,3.2528,0.104958,0.662447,4.15739,6.31154,3.58642,0.0553743,0.250747,3.13837,4.52822,2.51755,0
0.0772861,0.370597,3.3969,4.79513,3.40115,0.0943597,0.395788,3.12587,4.19446,3.19048,0.101585,0.726922,4.08167,7.15582,3.48433,0.0566196,0.270349,3.08339,4.77483,2.6205,0
0.0781093,0.397418,3.44814,5.08798,3.4964,0.0939259,0.443304,3.13512,4.71972,3.25363,0.101371,0.97846,4.98029,9.65225,3.48649,0.0550803,0.255565,3.11977,4.63986,2.53927,0
0.079208,0.433987,3.35899,5.47908,3.50864,0.0950233,0.48566,3.2489,5.11096,3.19807,0.100153,0.703085,4.14138,7.02007,3.41883,0.0559728,0.246977,3.17553,4.41245,2.60274,0
0.0753602,0.452224,3.5002,6.00083,3.25865,0.0945233,0.457637,3.19668,4.84153,3.20451,0.102109,0.804424,4.86982,7.87807,3.52864,0.0551198,0.25302,3.18481,4.59037,2.5615,0
0.0769424,0.394263,3.35591,5.12413,3.42536,0.0932899,0.392813,3.14455,4.21067,3.18541,0.0992979,0.688862,4.17996,6.93733,3.51461,0.056012,0.231922,3.15169,4.14057,2.54635,0
0.0761818,0.44704,3.52398,5.86807,3.33292,0.0936411,0.477083,3.07225,5.0948,3.19267,0.100096,0.705534,4.05953,7.04859,3.5775,0.054666,0.257128,3.11546,4.70361,2.52158,0
0.0785222,0.353795,3.36186,4.50567,3.50244,0.0936832,0.497731,3.24434,5.31292,3.2394,0.100694,0.99729,5.8103,9.90412,3.58423,0.0555786,0.246595,3.11921,4.43686,2.59065,0
0.0770129,0.423957,3.39812,5.50502,3.41975,0.093265,0.416699,3.1904,4.4679,3.18062,0.0978986,0.849448,4.98324,8.67681,3.48386,0.0555158,0.259233,3.05161,4.66953,2.58277,0
0.0777947,0.37548,3.432,4.82655,3.41267,0.0935797,0.504647,3.17611,5.3927,3.25986,0.0982774,0.694285,4.21677,7.06454,3.46682,0.0555364,0.272934,3.09219,4.9145,2.63204,0
0.0769964,0.380994,3.41201,4.9482,3.36291,0.0951966,0.448718,3.33485,4.71359,3.29325,0.099433,0.757995,4.39372,7.62318,3.46771,0.0553336,0.228673,3.07172,4.13263,2.54928,0
0.0760335,0.384866,3.42089,5.0618,3.29017,0.0923615,0.458147,3.07722,4.96037,3.21217,0.0992781,0.860123,4.85759,8.66377,3.50075,0.0550014,0.229117,2.98652,4.16566,2.48244,0
0.0776115,0.380218,3.41776,4.89898,3.48274,0.0934995,0.429359,3.07745,4.5921,3.30638,0.0977811,0.79403,4.80251,8.12049,3.46512,0.0567026,0.308777,3.23997,5.44555,2.67191,0
0.0782324,0.406565,3.46261,5.19689,3.51533,0.0958012,0.44059,3.20654,4.599,3.22685,0.101927,0.730235,4.22392,7.16427,3.6012,0.0556644,0.250893,3.11953,4.50723,2.60601,0
0.0784634,0.418763,3.36638,5.33705,3.50936,0.0955231,0.489013,3.23144,5.11931,3.28741,0.101578,0.791049,4.86737,7.7876,3.50196,0.0557622,0.283876,3.19449,5.09084,2.58968,0
0.0777668,0.369047,3.29536,4.74556,3.50804,0.0930082,0.367594,3.0301,3.95227,3.20295,0.0961118,0.682952,4.36322,7.10581,3.37058,0.0549178,0.258117,3.04883,4.70006,2.54792,0
0.0765062,0.37304,3.35526,4.87595,3.33281,0.0939464,0.543031,3.3155,5.78023,3.23125,0.0974638,0.689354,4.47407,7.07292,3.50301,0.0558807,0.237255,3.04771,4.24574,2.63805,0
0.0776872,0.412758,3.43795,5.31308,3.4117,0.0940592,0.646363,3.23576,6.87187,3.20727,0.100084,0.750619,4.46853,7.49991,3.62607,0.0555628,0.25589,3.14876,4.60543,2.55875,0
0.0769178,0.360609,3.41624,4.68824,3.44012,0.0929606,0.450594,3.12536,4.84715,3.20649,0.100477,0.985527,5.27003,9.80848,3.5933,0.0541405,0.258967,3.11779,4.78324,2.4745,0
0.0783901,0.435347,3.44322,5.55359,3.52594,0.09402,0.497135,3.16554,5.28754,3.28455,0.0990212,0.909115,4.75211,9.18101,3.56101,0.0550543,0.253863,3.11097,4.61114,2.48866,0
0.0763365,0.3684,3.38362,4.82601,3.33843,0.0930317,0.455003,3.17387,4.89083,3.21034,0.0999952,0.688488,4.27089,6.88521,3.42739,0.0549866,0.250218,3.17734,4.55053,2.62386,0
0.0768388,0.396455,3.36019,5.15957,3.32738,0.0932357,0.399601,3.09101,4.28592,3.11427,0.0989406,0.715017,4.24058,7.22673,3.37203,0.0549785,0.274202,3.12448,4.98744,2.51674,0
0.0768521,0.390503,3.47939,5.08123,3.33754,0.093525,0.404362,3.17073,4.32357,3.15293,0.0973693,0.647583,4.2091,6.65079,3.44661,0.0544729,0.243566,3.16511,4.47133,2.53673,0
0.0781571,0.430123,3.42219,5.50331,3.53429,0.093757,0.401757,3.13867,4.28508,3.21496,0.100607,0.87437,4.99374,8.69093,3.55281,0.0550967,0.2412,3.078,4.37775,2.6138,0
0.0782394,0.41878,3.47185,5.35255,3.44558,0.0927461,0.620855,3.34421,6.69413,3.2746,0.100155,0.855973,4.42562,8.54651,3.49415,0.0556827,0.295983,3.21372,5.31552,2.61334,0
0.075955,0.397294,3.30439,5.23065,3.27236,0.0947793,0.407113,3.08145,4.29538,3.18469,0.0984813,0.89256,4.63263,9.06324,3.5507,0.0556554,0.248575,3.0863,4.46633,2.5354,0
0.0775425,0.376044,3.27221,4.84952,3.36873,0.0931584,0.480408,3.15843,5.15689,3.19964,0.0986868,0.733758,4.28404,7.43522,3.43411,0.055266,0.240019,3.04158,4.34298,2.57912,0
0.0773137,0.384551,3.22582,4.9739,3.33979,0.0944738,0.482755,3.13928,5.10993,3.26462,0.0995013,0.670774,4.2566,6.74136,3.49325,0.0550283,0.211681,3.00716,3.84677,2.50623,0
0.0765049,0.39216,3.47243,5.12594,3.30138,0.0936641,0.493957,3.22257,5.2737,3.15895,0.100149,0.674228,4.44089,6.73226,3.52309,0.0549088,0.239176,3.04192,4.35589,2.5165,0
0.0787239,0.463463,3.65523,5.8872,3.55863,0.094391,0.455344,3.13614,4.82403,3.26079,0.0983267,0.762865,4.43286,7.75847,3.60741,0.0553886,0.283981,3.14849,5.12706,2.53552,0
0.0756227,0.376665,3.29403,4.98085,3.3017,0.0929968,0.467224,3.19273,5.02409,3.16477,0.101095,0.55611,4.03741,5.50088,3.44034,0.0557932,0.23133,3.02519,4.1462,2.58284,0
0.0776325,0.355643,3.3089,4.58111,3.37858,0.0946544,0.484835,3.1337,5.12216,3.30718,0.10082,0.874941,4.63007,8.67823,3.36512,0.0553187,0.317485,3.13157,5.7392,2.49997,0
0.0782936,0.423708,3.4207,5.41178,3.44217,0.0947555,0.438717,3.20656,4.62999,3.29856,0.0979357,0.637637,3.8498,6.51077,3.40284,0.0550162,0.245299,3.1337,4.45866,2.55158,0
0.0774642,0.398086,3.42612,5.13897,3.46651,0.093461,0.401278,3.12252,4.29353,3.27358,0.0991614,0.638919,4.36971,6.44322,3.41183,0.0555675,0.280016,3.21116,5.03919,2.58691,0
0.0766134,0.404965,3.41426,5.28582,3.34971,0.0938927,0.479362,3.19459,5.10542,3.24213,0.100163,0.892928,4.71719,8.91471,3.51982,0.0551179,0.247711,3.09558,4.49421,2.58589,0
0.0750998,0.375819,3.43224,5.00426,3.27343,0.0930622,0.399876,3.03164,4.29687,3.20347,0.0977752,0.670115,4.24212,6.85363,3.4878,0.0559213,0.239028,3.12282,4.27436,2.54393,0
0.0749768,0.356142,3.26409,4.75003,3.30429,0.0929574,0.450587,3.09208,4.84724,3.18921,0.097003,0.621377,4.10208,6.40575,3.37225,0.0548702,0.345095,3.21264,6.2893,2.45697,0
0.0763621,0.359245,3.33281,4.70449,3.3569,0.0929789,0.562338,3.13255,6.04801,3.10589,0.099753,0.53332,4.15155,5.34641,3.39803,0.0541358,0.266453,3.05937,4.92194,2.48863,0
0.0778484,0.366227,3.37843,4.70435,3.48532,0.0939266,0.482894,3.25433,5.14119,3.23221,0.0984402,0.560678,4.17732,5.69562,3.49963,0.0552625,0.241677,3.09893,4.37326,2.5648,0
0.0752529,0.399797,3.43814,5.31272,3.35098,0.093742,0.443018,3.09888,4.72593,3.16386,0.0987942,0.855344,4.62343,8.65784,3.36277,0.0556054,0.257082,3.07761,4.62333,2.59261,0
0.0791515,0.380234,3.41326,4.80388,3.55283,0.0953785,0.501324,3.25401,5.25616,3.2832,0.101134,0.898567,4.77176,8.88489,3.57537,0.0556763,0.264154,3.11319,4.74445,2.56607,0
0.0780011,0.381972,3.34815,4.89701,3.55268,0.0940902,0.472202,3.15801,5.01861,3.24344,0.100288,0.784817,4.44645,7.82565,3.55609,0.0562313,0.283587,3.11857,5.04323,2.59858,0
0.0782298,0.37898,3.32123,4.84445,3.46841,0.0936853,0.482454,3.10392,5.14973,3.12989,0.0996427,0.971492,4.50657,9.74975,3.45142,0.0551004,0.243893,3.15942,4.42634,2.60024,0
0.0775459,0.426582,3.57018,5.50103,3.39389,0.0947268,0.458121,3.21331,4.83623,3.32611,0.0990946,0.819193,4.43837,8.26678,3.50227,0.0563861,0.275044,3.1307,4.87786,2.63231,0
0.0768738,0.377826,3.36327,4.91488,3.39416,0.0934822,0.462324,3.12845,4.94558,3.10854,0.0970207,0.764358,4.15994,7.8783,3.54136,0.0544494,0.245126,3.00648,4.50191,2.48758,0
0.076733,0.398292,3.3774,5.19062,3.48789,0.09329,0.455395,3.15964,4.8815,3.16523,0.0984991,0.636315,4.01251,6.46011,3.53059,0.0551212,0.234842,3.06274,4.26048,2.61422,0
0.0770368,0.392919,3.33766,5.1004,3.29169,0.0931115,0.428476,3.07894,4.60175,3.28657,0.100359,0.587128,3.93568,5.85028,3.43125,0.0551778,0.253373,3.07836,4.59195,2.48347,0
0.0764572,0.366959,3.40368,4.79953,3.4269,0.0913186,0.472164,3.25928,5.17051,3.09234,0.0985768,0.666342,4.08419,6.75962,3.46961,0.0558231,0.247109,3.18049,4.42664,2.614,0
0.0780232,0.455979,3.4955,5.84414,3.51555,0.0936258,0.528219,3.19592,5.64181,3.21552,0.101605,0.82094,5.26576,8.07976,3.62178,0.0556103,0.25656,3.07395,4.61354,2.58796,0
0.0764761,0.349869,3.32143,4.57488,3.44746,0.0932992,0.528495,3.18736,5.66452,3.24358,0.100995,0.831074,4.68007,8.22887,3.53858,0.0555438,0.285746,3.18248,5.14452,2.57883,0
0.0786809,0.459049,3.55188,5.83432,3.58071,0.0931989,0.445639,3.17877,4.78159,3.19127,0.0998185,0.610889,4.16158,6.12,3.51985,0.0557763,0.291795,3.09541,5.23152,2.59619,0
0.0771954,0.386024,3.42249,5.00061,3.42783,0.0916556,0.371818,3.09363,4.05668,3.19752,0.0987555,0.877264,5.1118,8.8832,3.5535,0.0558581,0.256398,3.10205,4.59017,2.60393,0
0.0766564,0.411947,3.30615,5.37394,3.42442,0.0922999,0.399817,3.03582,4.33171,3.13225,0.098011,0.991002,5.10823,10.1111,3.55597,0.0541418,0.225703,3.02792,4.16874,2.47251,0
0.0755688,0.395346,3.38979,5.23161,3.35528,0.0918472,0.425525,3.16611,4.63297,3.21864,0.0989983,1.00965,5.85518,10.1987,3.5123,0.0539468,0.239054,3.1448,4.43129,2.54049,0
0.0764043,0.368038,3.27409,4.81698,3.42047,0.0924101,0.462289,3.20273,5.00258,3.20059,0.100686,0.919287,5.10418,9.13021,3.48173,0.0554349,0.230765,3.11217,4.16281,2.57281,0
0.0773481,0.371419,3.46868,4.80192,3.40691,0.0936007,0.452575,3.11851,4.83517,3.19766,0.101647,0.926639,4.81012,9.11624,3.4876,0.0553452,0.278074,3.113,5.02435,2.56005,0
0.0767143,0.523659,3.41505,6.8261,3.34589,0.094027,0.46556,3.2258,4.95134,3.26834,0.0984889,0.680126,4.22178,6.90561,3.49967,0.0553782,0.239519,3.04389,4.32516,2.59413,0
0.0778512,0.447113,3.52099,5.74318,3.36772,0.0935122,0.406608,3.08305,4.34818,3.09649,0.099191,0.838076,4.95733,8.44911,3.48038,0.0552893,0.237126,3.05452,4.28883,2.54589,0
0.0760935,0.460136,3.46806,6.04698,3.38045,0.0937715,0.489097,3.22491,5.21584,3.11052,0.0972071,0.763951,5.20281,7.85901,3.56807,0.0553003,0.241446,3.08012,4.3661,2.58367,0
0.0784288,0.392772,3.39247,5.00801,3.47815,0.0948717,0.454822,3.20473,4.79407,3.22157,0.100518,0.696917,4.50611,6.93324,3.49652,0.0549139,0.240089,3.13142,4.37211,2.5449,0
0.0783712,0.376467,3.47027,4.80364,3.48496,0.0940413,0.459055,3.19081,4.88142,3.26509,0.0995457,0.666447,4.50925,6.69489,3.48122,0.055518,0.283558,3.16665,5.10749,2.56422,0
0.0763811,0.394246,3.41557,5.16156,3.30894,0.0936245,0.506954,3.20988,5.41475,3.21232,0.0998454,0.731331,4.53738,7.32463,3.53992,0.0550903,0.213824,3.13417,3.88134,2.48878,0
0.0775539,0.400301,3.41611,5.16158,3.43673,0.0941524,0.477531,3.13723,5.07189,3.23813,0.0983521,0.714272,4.56326,7.2624,3.47426,0.0549365,0.315235,3.15891,5.73817,2.51631,0
0.0762862,0.401818,3.25974,5.26724,3.33704,0.0934329,0.45373,3.18453,4.85621,3.19963,0.10008,0.960806,5.06158,9.60042,3.48261,0.0547728,0.278554,3.21377,5.08563,2.54538,0
0.0753339,0.379931,3.4606,5.0433,3.38767,0.0922144,0.420819,3.19537,4.56348,3.24102,0.0959507,0.663224,3.92005,6.91214,3.46155,0.0545126,0.227847,3.10203,4.17972,2.54554,0
0.0768134,0.368718,3.2965,4.80018,3.36935,0.092555,0.431651,3.15889,4.66372,3.16789,0.0992719,0.827688,4.61879,8.33758,3.53439,0.0553723,0.253057,3.16841,4.5701,2.54112,0
0.077854,0.364285,3.4006,4.67908,3.49032,0.0934667,0.44554,3.24015,4.76683,3.33906,0.100143,0.829091,4.76763,8.27906,3.54642,0.0559747,0.246265,3.1726,4.39957,2.66229,0
0.0775263,0.51012,3.41182,6.57996,3.40723,0.0938161,0.514687,3.21269,5.48612,3.21876,0.10156,0.887453,4.96459,8.73824,3.59032,0.0559429,0.263269,3.18008,4.70604,2.58321,0
0.0766364,0.405073,3.40498,5.28565,3.39095,0.0948226,0.489311,3.37589,5.16028,3.29581,0.100823,0.94891,5.58454,9.41162,3.45396,0.0550676,0.290144,3.10765,5.26888,2.47591,0
0.0775279,0.4586,3.59416,5.91528,3.50282,0.0930657,0.480299,3.07204,5.16086,3.21643,0.0985072,0.597077,3.95198,6.06125,3.55518,0.0555866,0.273906,3.09546,4.92755,2.60905,0
0.0774659,0.395123,3.3911,5.10061,3.43172,0.0942806,0.525533,3.23251,5.57414,3.30173,0.103127,0.699613,4.64496,6.78401,3.62207,0.0556515,0.241421,3.14928,4.33809,2.55713,0
0.0769445,0.418664,3.47199,5.44112,3.35137,0.0929601,0.431106,3.07883,4.63754,3.1561,0.0989927,0.886691,5.66598,8.95714,3.49122,0.0543813,0.269651,3.13241,4.95851,2.50084,0
0.0782462,0.358893,3.37341,4.58672,3.58459,0.0935339,0.438329,3.26622,4.68631,3.1873,0.0990605,0.68288,4.5415,6.89357,3.39372,0.0551176,0.261702,3.19394,4.74806,2.54151,0
0.0757392,0.374031,3.39368,4.93841,3.31887,0.0926384,0.41465,3.07493,4.476,3.12427,0.0991872,0.773515,4.521,7.79853,3.53938,0.0548974,0.274956,3.13512,5.00855,2.5405,0
0.0749348,0.347378,3.30357,4.63574,3.25908,0.0938983,0.394961,3.13422,4.20626,3.22314,0.0959773,0.590079,4.079,6.14811,3.42217,0.0554883,0.272146,3.09653,4.90456,2.50636,0
0.0759887,0.452116,3.59263,5.94977,3.28161,0.0931218,0.440423,3.15411,4.72953,3.11814,0.098819,0.787559,4.81951,7.96971,3.5632,0.0551479,0.246111,3.10702,4.46275,2.57572,0
0.07783,0.435414,3.46916,5.59442,3.46761,0.0926189,0.467122,3.24283,5.04349,3.2222,0.100439,0.963691,5.65121,9.59476,3.65671,0.0554911,0.261238,3.17445,4.70774,2.60069,0
0.0777425,0.376137,3.31991,4.83825,3.50429,0.0937809,0.455334,3.20039,4.85529,3.31582,0.0982811,0.66246,4.04873,6.74046,3.45133,0.0548831,0.256131,3.21181,4.66684,2.46823,0
0.0760738,0.389234,3.42323,5.11654,3.30316,0.0934967,0.460442,3.09602,4.92469,3.18998,0.10284,0.971575,5.34106,9.44741,3.50408,0.0546892,0.230856,3.07393,4.22123,2.50929,0
0.0778952,0.38296,3.36961,4.91635,3.48253,0.0939008,0.450042,3.14338,4.79274,3.2127,0.0993295,0.951488,4.92326,9.57911,3.36367,0.0568525,0.238498,3.1569,4.19504,2.6072,0
0.0768418,0.467369,3.38187,6.08223,3.32589,0.0929511,0.470617,3.15935,5.06305,3.20497,0.0972627,0.623968,4.23972,6.41529,3.4974,0.0556572,0.236218,3.17343,4.24416,2.59922,0
0.0767215,0.372829,3.36469,4.85952,3.4841,0.0920025,0.401708,3.09123,4.36627,3.1273,0.0987279,0.944222,5.38801,9.56388,3.51891,0.0553385,0.305848,3.26478,5.52687,2.5613,0
0.0758098,0.367256,3.33242,4.84444,3.33552,0.0932392,0.440857,3.08879,4.72823,3.12988,0.0982079,0.789858,4.8348,8.04272,3.48914,0.0547902,0.214006,3.07901,3.90592,2.44845,0
0.0784345,0.494253,3.56474,6.30148,3.494,0.0927715,0.458009,3.28193,4.93696,3.17348,0.0989888,0.730409,4.01335,7.37871,3.42691,0.0546901,0.268682,3.09367,4.91281,2.53148,0
0.0772891,0.363829,3.25865,4.70738,3.44035,0.0938037,0.440213,3.1457,4.69291,3.21176,0.103022,0.719098,4.21536,6.98008,3.48507,0.0557925,0.263777,3.1611,4.72781,2.57824,0
0.0773667,0.368648,3.31676,4.76494,3.40022,0.0924094,0.448213,3.23153,4.85029,3.24142,0.101018,0.992335,5.63813,9.8234,3.60436,0.0553707,0.304953,3.19123,5.50748,2.51074,0
0.0769934,0.381144,3.3113,4.95034,3.40783,0.0937247,0.440779,3.17336,4.70292,3.13512,0.101412,0.914826,4.78687,9.02087,3.43061,0.0543285,0.275347,3.16029,5.06819,2.47513,0
0.0751969,0.340496,3.36492,4.52805,3.35738,0.0916511,0.367591,3.15806,4.01077,3.02161,0.100891,0.892818,4.53467,8.84931,3.55218,0.0544514,0.236344,3.11774,4.34045,2.48344,0
0.0768514,0.410389,3.40478,5.34003,3.34295,0.0943151,0.477869,3.15257,5.06673,3.27237,0.100531,0.87107,5.17218,8.66469,3.55832,0.0558673,0.258917,3.08616,4.63449,2.55027,0
0.0763267,0.400623,3.4449,5.24879,3.33773,0.0928889,0.383992,3.20298,4.13389,3.15627,0.100219,0.824937,4.60967,8.23138,3.43315,0.0544318,0.235577,3.12544,4.32793,2.45766,0
0.0758368,0.378942,3.36504,4.99682,3.28641,0.0917544,0.49773,3.22362,5.42459,3.14445,0.0979835,0.685043,4.37791,6.99141,3.41862,0.0562497,0.252716,3.06718,4.49275,2.58986,0
0.0750895,0.392181,3.36804,5.22285,3.23501,0.0939618,0.452649,3.13089,4.81737,3.25444,0.0987705,0.704532,4.45793,7.13302,3.4393,0.0546459,0.22242,3.06414,4.0702,2.49611,0
0.0779744,0.430204,3.42318,5.51724,3.4997,0.0923797,0.401978,3.16303,4.35136,3.20408,0.100633,0.735003,4.14231,7.30383,3.47384,0.0558489,0.287837,3.08697,5.15386,2.66196,0
0.0779485,0.35438,3.26794,4.54634,3.40224,0.0936514,0.428192,3.11683,4.57219,3.25956,0.098501,0.628595,4.35533,6.38161,3.49771,0.055417,0.234922,3.04938,4.23916,2.5601,0
0.077958,0.402167,3.48422,5.15876,3.46615,0.0927552,0.436665,3.14746,4.70771,3.2066,0.0999001,0.86066,4.44268,8.61521,3.41319,0.0547497,0.232395,3.07956,4.24468,2.46259,0
0.0778054,0.373904,3.33711,4.80563,3.34933,0.0949402,0.388986,3.13464,4.09717,3.20211,0.101153,0.831162,4.92927,8.21686,3.49784,0.0558483,0.244157,3.18579,4.3718,2.61988,0
0.078948,0.411994,3.36113,5.21855,3.48043,0.0938538,0.438252,3.08356,4.66951,3.29033,0.0999724,0.642817,4.29256,6.42994,3.5214,0.0545591,0.274208,3.17192,5.02589,2.46522,0
0.0786157,0.445571,3.4299,5.66771,3.44983,0.0944837,0.459075,3.187,4.85878,3.34032,0.0993786,0.851706,4.47879,8.57032,3.44065,0.0549201,0.267082,3.13075,4.8631,2.47949,0
0.0772409,0.461155,3.43831,5.97034,3.44303,0.0937715,0.466973,3.17327,4.97991,3.23344,0.0990198,0.853364,4.46561,8.61811,3.40821,0.0555349,0.217971,3.08165,3.92494,2.47751,0
0.0768414,0.450903,3.30778,5.86798,3.38428,0.0944083,0.450521,3.17147,4.77205,3.25641,0.0994302,0.768272,4.33207,7.72674,3.51946,0.0556168,0.245762,3.1648,4.41884,2.56118,0
0.0785758,0.431705,3.52752,5.49412,3.44617,0.0929896,0.492198,3.17805,5.29305,3.18127,0.0990096,0.88094,4.53592,8.89752,3.34392,0.0550446,0.246863,3.11488,4.48478,2.47705,0
0.0740393,0.313016,3.16087,4.2277,3.21651,0.0916802,0.414169,3.06578,4.51754,3.19669,0.0951864,0.627618,4.00321,6.59357,3.40657,0.0546683,0.252039,3.15165,4.61033,2.49582,0
0.0771685,0.387497,3.33603,5.02144,3.37781,0.0934218,0.474782,3.17669,5.08213,3.19705,0.101836,1.15583,5.13793,11.35,3.44817,0.0549998,0.231607,3.1283,4.21105,2.47053,0
0.0775906,0.47573,3.58306,6.13128,3.51148,0.0931354,0.470694,3.13864,5.05387,3.20417,0.0993852,0.877715,4.37682,8.83144,3.45987,0.0551375,0.252942,3.11215,4.58748,2.48331,0
0.0753317,0.406866,3.38734,5.40098,3.35321,0.0921244,0.440007,3.14706,4.77623,3.16311,0.0979468,0.904509,4.61538,9.23469,3.41085,0.054687,0.250242,3.18251,4.5759,2.53649,0
0.0765552,0.383799,3.32952,5.01337,3.31866,0.093658,0.399157,3.13969,4.26185,3.22562,0.100503,0.765537,4.74578,7.61708,3.41495,0.054466,0.276242,3.16969,5.07182,2.52319,0
0.0739753,0.363845,3.34658,4.91846,3.28265,0.0916697,0.398387,3.2323,4.34589,3.22066,0.0954404,0.616942,4.15592,6.46416,3.35157,0.0547026,0.277889,3.14993,5.08,2.53245,0
0.0772207,0.374439,3.41211,4.84895,3.43211,0.092377,0.494935,3.13688,5.35777,3.14555,0.0977611,0.853638,4.894,8.73188,3.48392,0.0557222,0.229086,3.09069,4.11121,2.56511,0
0.0763572,0.350046,3.22273,4.58432,3.38891,0.0929796,0.422282,3.1642,4.54167,3.15966,0.099816,0.822829,4.84921,8.24346,3.57364,0.0559082,0.251728,3.10394,4.50253,2.53904,0
0.0765309,0.368491,3.36811,4.81493,3.43027,0.0937024,0.401444,3.06149,4.28425,3.19004,0.0984886,0.846116,4.84183,8.591,3.50156,0.0545313,0.212033,3.0646,3.88828,2.54252,0
0.0762049,0.340809,3.31402,4.47227,3.36762,0.0912913,0.401499,3.15756,4.398,3.11787,0.097012,0.59322,3.82762,6.11491,3.36776,0.0548874,0.233906,3.1222,4.26155,2.51092,0
0.0760964,0.357504,3.23864,4.69804,3.40065,0.0927984,0.523814,3.21197,5.64465,3.25248,0.10078,0.736937,4.54793,7.31233,3.55967,0.0544778,0.233716,3.06826,4.29012,2.44052,0
0.0762072,0.429059,3.48025,5.63016,3.38847,0.0921125,0.473087,3.14798,5.13597,3.17067,0.0998745,0.975819,5.51636,9.77045,3.48493,0.0561369,0.262046,3.07796,4.66798,2.54113,0
0.0770543,0.400806,3.40569,5.2016,3.40965,0.091778,0.44077,3.12342,4.80257,3.05763,0.0993714,0.705048,4.40569,7.09508,3.40851,0.0548923,0.229306,3.08695,4.17738,2.5068,0
0.0774501,0.493331,3.66706,6.36967,3.51458,0.0947423,0.503073,3.24945,5.30991,3.17403,0.0995122,0.814834,4.77749,8.18829,3.49443,0.0558204,0.2572,3.19097,4.60763,2.60663,0
0.0760862,0.394244,3.30226,5.18154,3.38561,0.0927913,0.448847,3.15753,4.83716,3.21901,0.0997154,0.883168,5.09535,8.85689,3.56949,0.054767,0.248748,3.09865,4.54193,2.53442,0
0.0763286,0.369189,3.44313,4.83685,3.45266,0.0910198,0.430586,3.21107,4.73068,3.14288,0.0969316,0.627128,4.08388,6.4698,3.45658,0.0555016,0.258288,3.1065,4.6537,2.57442,0
0.0770364,0.39797,3.36952,5.166,3.34964,0.0929043,0.517212,3.1046,5.56715,3.15498,0.0999043,0.621845,4.19157,6.22441,3.34298,0.0549343,0.267284,3.17265,4.86552,2.54131,0
0.0769726,0.367104,3.39193,4.76928,3.45732,0.0930094,0.535343,3.17956,5.7558,3.28709,0.1001,0.784513,4.81451,7.83733,3.46314,0.0554029,0.25614,3.17966,4.62323,2.6015,0
0.0772621,0.379674,3.48064,4.9141,3.46824,0.0926018,0.413507,3.14173,4.46543,3.22459,0.0995497,0.65831,4.41549,6.61287,3.62408,0.0546352,0.256979,3.18306,4.70355,2.51032,0
0.0777792,0.406979,3.37358,5.23249,3.58482,0.0931973,0.635213,3.27528,6.81579,3.2977,0.0985047,0.827333,4.87812,8.39893,3.55312,0.0552586,0.275068,3.15386,4.97784,2.60471,0
0.0768157,0.376307,3.40134,4.89883,3.36877,0.0917468,0.458418,3.1043,4.99656,3.10755,0.0990628,0.834679,4.52928,8.42575,3.48178,0.05578,0.252897,3.10878,4.53383,2.57525,0
0.0765765,0.391257,3.34258,5.10936,3.32219,0.0922992,0.431681,3.24445,4.67698,3.2063,0.0976374,0.625013,4.34579,6.40137,3.49351,0.0541852,0.239135,3.12286,4.4133,2.39648,0
0.0763826,0.450193,3.42086,5.89392,3.40533,0.0933115,0.426374,3.06042,4.56936,3.15852,0.101038,0.914118,5.17083,9.04728,3.49262,0.0558123,0.252823,3.14041,4.52988,2.53999,0
0.0780481,0.43484,3.35235,5.57144,3.37963,0.0937448,0.425538,3.16227,4.53933,3.28001,0.0994432,0.774805,4.48752,7.79143,3.5602,0.0550947,0.238631,3.05791,4.33128,2.46029,0
0.0771114,0.425278,3.40006,5.51512,3.34975,0.092746,0.450749,3.19088,4.86004,3.27782,0.0991402,0.673134,4.10397,6.78971,3.59056,0.0554954,0.247787,3.17268,4.465,2.55164,0
0.0766365,0.380508,3.37034,4.96511,3.3252,0.0936207,0.514474,3.15926,5.4953,3.14823,0.100683,0.805609,4.28983,8.00145,3.5421,0.0549326,0.311758,3.2095,5.67527,2.43877,0
0.0761485,0.436742,3.33794,5.7354,3.31487,0.0934407,0.463138,3.23871,4.95649,3.30685,0.0982006,0.80914,4.86887,8.23966,3.52413,0.0552741,0.256802,3.2266,4.64597,2.58142,0
0.0776787,0.399332,3.44446,5.14082,3.42731,0.0942503,0.405953,3.20239,4.30718,3.26299,0.100443,0.75089,4.39704,7.47578,3.49113,0.0557881,0.268086,3.12441,4.80543,2.57279,0
0.077019,0.417038,3.42451,5.41475,3.43838,0.0928451,0.453469,3.13223,4.88414,3.19169,0.0989652,0.77444,4.55164,7.82538,3.48907,0.0555824,0.352838,3.20325,6.34801,2.53408,0
0.0761628,0.324972,3.20491,4.2668,3.28005,0.0923527,0.405105,3.07712,4.3865,3.07107,0.0998334,0.768014,4.55783,7.69296,3.42654,0.0544713,0.26684,3.13375,4.89873,2.48777,0
0.0762489,0.413349,3.47739,5.42104,3.35653,0.0927893,0.503372,3.20138,5.42489,3.25207,0.0984435,0.680958,4.46032,6.91724,3.46647,0.056667,0.302857,3.18355,5.34451,2.64819,0
0.0768453,0.4103,3.34439,5.33929,3.41581,0.0938888,0.550878,3.19227,5.86734,3.23489,0.0989492,0.59823,3.95729,6.04583,3.48343,0.0553738,0.328355,3.13682,5.92979,2.49974,0
0.077567,0.407044,3.34169,5.24764,3.54877,0.0932454,0.467433,3.33956,5.01293,3.23935,0.0987108,0.841098,4.46126,8.52082,3.44925,0.0551243,0.224978,3.10909,4.08129,2.61063,0
0.077489,0.468122,3.41849,6.04114,3.4197,0.092842,0.421446,3.11865,4.53939,3.16154,0.0984182,0.697053,4.17922,7.08256,3.57638,0.0550202,0.257134,3.03881,4.67344,2.50252,0
0.077253,0.375516,3.34358,4.86086,3.36784,0.093857,0.472922,3.21874,5.03875,3.18366,0.0990995,0.87782,5.00704,8.85796,3.46233,0.0545302,0.206145,3.14932,3.78038,2.44494,0
0.0762794,0.418756,3.29133,5.48977,3.35306,0.0922598,0.455816,3.18446,4.94057,3.13523,0.0972729,0.778616,4.47598,8.00444,3.46818,0.0546131,0.250834,3.16489,4.59292,2.42144,0
0.0777922,0.379859,3.37658,4.883,3.55376,0.0932488,0.450366,3.13325,4.82972,3.18868,0.0990747,0.597381,4.08126,6.0296,3.51182,0.055346,0.346188,3.44009,6.25498,2.51988,0
0.077954,0.388179,3.27285,4.9796,3.46995,0.0940368,0.458818,3.14248,4.87914,3.22727,0.0980645,0.699461,4.15634,7.13266,3.54845,0.0546327,0.256985,3.06988,4.70387,2.51464,0
0.0771632,0.362785,3.44334,4.70153,3.43015,0.0928226,0.407812,3.17566,4.39346,3.26149,0.10153,1.03248,4.96924,10.1692,3.52487,0.0568137,0.283085,3.23846,4.98269,2.70346,0
0.0765544,0.384343,3.49352,5.02052,3.41243,0.0916636,0.450239,3.09799,4.91187,3.16842,0.0986798,0.696483,4.10016,7.05801,3.36945,0.0545969,0.241172,3.04511,4.41732,2.54698,0
0.0782045,0.389828,3.43874,4.98473,3.4368,0.0943592,0.472742,3.19107,5.01003,3.17318,0.0972576,0.621247,4.34982,6.38764,3.52766,0.0561022,0.253744,3.12946,4.52288,2.49478,0
0.0781915,0.343928,3.28988,4.39853,3.48023,0.0928901,0.420484,3.18749,4.52669,3.14482,0.0989592,1.01624,5.18269,10.2693,3.47704,0.0553399,0.219881,3.08973,3.97328,2.48303,0
0.0773612,0.445817,3.53359,5.7628,3.37589,0.0933339,0.48714,3.18282,5.21933,3.1485,0.101256,0.857716,4.736,8.47079,3.43907,0.0548682,0.263104,3.11198,4.79519,2.55317,0
0.0772326,0.400208,3.36212,5.18185,3.4058,0.0929543,0.489752,3.17858,5.26874,3.24824,0.098584,1.01967,4.94724,10.3431,3.50454,0.0548412,0.266256,3.19005,4.85505,2.51267,0
0.0769741,0.428745,3.39847,5.57,3.45494,0.0923841,0.580397,3.22552,6.28244,3.17244,0.0985709,0.689336,4.62243,6.99331,3.60815,0.0551497,0.275309,3.08375,4.99203,2.54686,0
0.0768716,0.380423,3.40446,4.94881,3.38425,0.0938064,0.448602,3.20275,4.78221,3.26192,0.101753,0.903176,5.12763,8.87613,3.53462,0.0557393,0.289227,3.16411,5.18892,2.61198,0
0.0772956,0.368919,3.44919,4.77284,3.40044,0.0924131,0.474336,3.21099,5.13278,3.18255,0.101221,0.778986,5.34295,7.69592,3.51232,0.0540109,0.230985,3.14766,4.27664,2.42627,0
0.0782778,0.395656,3.39381,5.05451,3.4745,0.0932778,0.467853,3.15363,5.01569,3.19676,0.103317,0.818155,4.75783,7.91889,3.52995,0.0557223,0.248351,3.10091,4.45694,2.52895,0
0.0783037,0.384628,3.31385,4.912,3.43642,0.0932479,0.432874,3.10612,4.64218,3.15572,0.0982337,0.699262,4.48029,7.11835,3.42986,0.0548245,0.245912,3.06038,4.48543,2.48182,0
0.0786179,0.547375,3.65681,6.96247,3.46994,0.0930573,0.430543,3.14404,4.62664,3.20472,0.0989344,0.842811,5.14429,8.51888,3.48793,0.056325,0.261213,3.10353,4.6376,2.53702,0
0.0758763,0.39428,3.33265,5.19635,3.37664,0.0933406,0.447178,3.2201,4.79081,3.18366,0.0977482,0.819617,4.5252,8.38498,3.52732,0.0553063,0.245767,3.10272,4.44374,2.55503,0
0.075951,0.361499,3.36302,4.75963,3.34176,0.0930752,0.440568,3.11275,4.73346,3.24595,0.0997156,0.790567,4.49747,7.92822,3.4664,0.054711,0.268104,3.19242,4.90036,2.5782,0
0.0766877,0.392985,3.3933,5.12448,3.39482,0.0934853,0.411843,3.0854,4.40543,3.17031,0.0997163,0.697408,4.34224,6.99392,3.44495,0.0554987,0.265529,3.11452,4.78441,2.52033,0
0.0788616,0.375532,3.31719,4.76191,3.67498,0.0938119,0.433401,3.15025,4.6199,3.23589,0.100033,0.90291,4.94956,9.02613,3.61035,0.0552917,0.248086,3.17771,4.48686,2.65916,0
0.0769651,0.430187,3.39603,5.58938,3.38253,0.093802,0.494524,3.28929,5.27199,3.21526,0.10019,0.708462,4.83898,7.07121,3.53266,0.0540723,0.267112,3.12512,4.9399,2.45945,0
0.0786692,0.422209,3.39872,5.36689,3.53715,0.0935248,0.48901,3.29035,5.22867,3.21979,0.100453,0.747855,4.32163,7.44486,3.53257,0.0550813,0.236791,3.07911,4.29894,2.6128,0
0.0790892,0.404087,3.58478,5.10926,3.50455,0.093217,0.477006,3.20442,5.11715,3.23221,0.100258,0.792362,4.74829,7.90319,3.49489,0.0555601,0.251219,3.18451,4.52157,2.59492,0
0.078498,0.411025,3.39722,5.23612,3.50604,0.09251,0.501631,3.16956,5.42245,3.19862,0.0979383,0.738591,4.30882,7.5414,3.43997,0.0558464,0.250906,3.14508,4.49279,2.61204,0
0.0776264,0.395211,3.48903,5.09119,3.43692,0.0929376,0.436457,3.17913,4.69623,3.15974,0.0961158,0.568515,3.93346,5.9149,3.40404,0.055486,0.257897,3.11579,4.64796,2.54341,0
0.0773189,0.431976,3.44604,5.58694,3.42612,0.0933576,0.45537,3.14827,4.8777,3.21148,0.0980589,0.685687,4.24862,6.9926,3.46512,0.055082,0.373354,3.16034,6.77815,2.52093,0
0.0794573,0.53984,3.42562,6.79409,3.61852,0.0943709,0.480862,3.23173,5.09545,3.23553,0.0994828,0.716295,4.45046,7.20019,3.45109,0.0562391,0.251007,3.07559,4.46321,2.55391,0
0.0787663,0.4079,3.43939,5.1786,3.58334,0.092744,0.637772,3.23371,6.87669,3.15468,0.100909,0.802998,4.49467,7.95768,3.4243,0.0560556,0.259053,3.13894,4.62136,2.57629,0
0.0781438,0.405331,3.3073,5.187,3.4475,0.0941182,0.511608,3.26051,5.4358,3.26584,0.0990025,0.704496,4.47471,7.11594,3.53918,0.0557109,0.244809,3.11816,4.39427,2.55957,0
0.079328,0.423634,3.36044,5.34028,3.48755,0.0945182,0.460517,3.17895,4.87226,3.1864,0.103667,0.877817,4.58942,8.46764,3.61784,0.0566482,0.247145,3.10964,4.36281,2.59556,0
0.077891,0.386271,3.39723,4.95913,3.41282,0.09441,0.43639,3.09985,4.62229,3.27166,0.101061,0.676964,4.21504,6.69859,3.42568,0.0556085,0.311726,3.26662,5.60573,2.51623,0
0.0773896,0.379127,3.44608,4.89895,3.5093,0.0923282,0.402067,3.14146,4.35476,3.16315,0.0988224,0.70944,4.28692,7.17895,3.4303,0.0554681,0.269119,3.12579,4.85178,2.58264,0
0.0771484,0.373065,3.28008,4.83568,3.31408,0.0929008,0.397635,3.12957,4.28021,3.10517,0.0980436,0.673647,3.85507,6.8709,3.39498,0.0543005,0.231768,3.0445,4.26826,2.52127,0
0.0761059,0.368858,3.41735,4.84663,3.29941,0.091895,0.552777,3.21802,6.01532,3.18588,0.0969666,0.649538,4.23113,6.69858,3.46023,0.0549301,0.260877,3.14381,4.74925,2.55014,0
0.0772917,0.398242,3.30207,5.15246,3.38827,0.0933873,0.455123,3.14186,4.87351,3.12704,0.100937,0.755335,4.29362,7.48325,3.43481,0.0546374,0.243285,3.14029,4.45272,2.5284,0
0.0766066,0.354213,3.374,4.62379,3.47546,0.091262,0.444767,3.12211,4.87351,3.1945,0.0994794,0.787649,4.75259,7.9177,3.47847,0.0548777,0.249602,3.10006,4.54834,2.56193,0
0.0780393,0.378023,3.33869,4.84401,3.52797,0.0934059,0.487771,3.25686,5.22206,3.24559,0.10091,0.93674,4.37218,9.28295,3.53088,0.0559913,0.261544,3.2016,4.67116,2.61034,0
0.0757652,0.39989,3.40806,5.27802,3.34845,0.0918564,0.403694,3.11941,4.39484,3.15561,0.0987701,0.890878,5.17895,9.0197,3.47326,0.053826,0.263266,3.09595,4.89105,2.4997,0
0.0769052,0.397884,3.46816,5.17369,3.41905,0.0931314,0.467717,3.07358,5.02212,3.16108,0.100608,1.04109,4.75733,10.348,3.51452,0.055149,0.269065,3.1705,4.87887,2.50525,0
0.0773095,0.376263,3.41129,4.86697,3.38719,0.0935595,0.414439,3.14271,4.42969,3.12269,0.0977159,0.587716,3.95547,6.01454,3.48809,0.056,0.246051,3.15764,4.39377,2.54523,0
0.0784096,0.379984,3.37334,4.84615,3.53046,0.0931689,0.462783,3.15468,4.96714,3.23122,0.0991425,0.882028,5.54032,8.89657,3.36312,0.054529,0.224787,3.0607,4.12235,2.47754,0
0.0757012,0.350784,3.25597,4.6338,3.30026,0.0910593,0.509959,3.2136,5.6003,3.1641,0.0990496,0.733435,4.85624,7.40472,3.35113,0.0560071,0.258548,3.11906,4.61634,2.66605,0
0.0784667,0.457341,3.30591,5.82847,3.47698,0.0938077,0.403673,3.13178,4.3032,3.22046,0.0984643,0.815082,4.49571,8.27794,3.51708,0.0546661,0.259002,3.11198,4.7379,2.49566,0
0.0776577,0.410533,3.32213,5.28644,3.46705,0.0924068,0.480456,3.19769,5.19936,3.15786,0.100418,0.851071,4.96423,8.47528,3.46698,0.0548291,0.252734,3.18162,4.60948,2.58706,0
0.0768176,0.37314,3.3544,4.85748,3.37378,0.0931905,0.52847,3.21206,5.67085,3.14646,0.0999409,0.941238,4.8692,9.41795,3.48423,0.0546362,0.207022,2.96819,3.7891,2.47705,0
0.0774689,0.345969,3.30962,4.46591,3.37547,0.0916929,0.455132,3.14297,4.96366,3.19043,0.0980326,0.724131,4.04124,7.38663,3.54105,0.0558392,0.321669,3.26971,5.76064,2.55329,0
0.0768706,0.377915,3.34907,4.91624,3.41345,0.0930174,0.466677,3.2093,5.01709,3.20016,0.100004,0.66619,4.26434,6.66166,3.51868,0.0542477,0.256397,3.09262,4.72641,2.46839,0
0.0775348,0.385027,3.41122,4.96586,3.37147,0.0933363,0.541005,3.31041,5.7963,3.18213,0.102418,0.914117,5.54213,8.92538,3.60243,0.0544588,0.237092,3.12222,4.3536,2.55553,0
0.0757615,0.376054,3.40646,4.96366,3.3618,0.0915099,0.467605,3.10792,5.10988,3.11483,0.0992369,0.851959,4.90445,8.58511,3.40061,0.0544469,0.213276,3.03321,3.91714,2.51651,0
0.0766301,0.3937,3.37002,5.13767,3.37417,0.0923765,0.425601,3.14831,4.60724,3.13604,0.0993838,0.829104,4.3139,8.34244,3.40175,0.0546773,0.24382,2.98825,4.45926,2.49719,0
0.0767788,0.407221,3.53258,5.30381,3.39177,0.0936849,0.506045,3.1937,5.40157,3.1781,0.0980696,0.83686,5.19978,8.53333,3.40548,0.0552647,0.247977,3.19974,4.48706,2.57786,0
0.0754565,0.388799,3.40471,5.15262,3.31345,0.0925013,0.547434,3.28193,5.91813,3.19502,0.0988757,0.727534,4.66363,7.35807,3.47086,0.0558162,0.257803,3.16905,4.61878,2.49473,0
0.0767038,0.494845,3.36956,6.45138,3.49966,0.0914352,0.550238,3.18577,6.01779,3.16115,0.100242,0.982464,5.37797,9.80089,3.51112,0.0548708,0.239208,3.1155,4.35948,2.58008,0
0.0765744,0.458668,3.4331,5.98983,3.38804,0.0931386,0.528987,3.18341,5.67957,3.11111,0.0992135,1.00939,4.73135,10.1739,3.45719,0.0549241,0.293948,3.21816,5.35188,2.5403,0
0.0760964,0.463067,3.26809,6.08526,3.3365,0.0914646,0.4375,3.18123,4.78327,3.1137,0.0987431,1.00098,4.80039,10.1372,3.48493,0.0552861,0.23938,3.08564,4.32984,2.54991,0
0.0758385,0.344623,3.32597,4.54418,3.31037,0.0921722,0.450252,3.29149,4.8849,3.11433,0.0988666,0.669806,4.28857,6.77484,3.44672,0.0558071,0.271573,3.17176,4.86627,2.59037,0
0.0786396,0.410078,3.49377,5.21465,3.53111,0.093626,0.422143,3.17529,4.50882,3.2858,0.100441,1.03306,5.21343,10.2853,3.50298,0.0556512,0.254084,3.24361,4.56565,2.66895,0
0.0748572,0.322196,3.29258,4.30415,3.27358,0.0919252,0.420025,3.12418,4.56921,3.09584,0.0978241,0.727177,4.70852,7.43352,3.51102,0.0546191,0.269147,3.07433,4.92771,2.48515,0
0.0754796,0.405827,3.48153,5.37665,3.31521,0.0919962,0.465815,3.12397,5.06341,3.1241,0.0979632,0.834669,4.44177,8.52023,3.43003,0.0539437,0.241358,3.17596,4.47426,2.41984,0
0.0774549,0.37729,3.44193,4.8711,3.32519,0.0921652,0.411362,3.2251,4.46331,3.05515,0.0990375,0.752824,4.77224,7.6014,3.49921,0.0555945,0.250322,3.13208,4.50264,2.52611,0
0.0778489,0.397801,3.52181,5.10991,3.51429,0.0919998,0.440141,3.22848,4.78415,3.18188,0.098517,0.831093,4.95643,8.43604,3.54921,0.0560068,0.261866,3.21617,4.67561,2.59112,0
0.0780972,0.445991,3.45362,5.71072,3.48386,0.0926094,0.545694,3.24371,5.89243,3.22726,0.0980475,0.873031,4.67694,8.90416,3.44717,0.0554844,0.295128,3.14646,5.31911,2.54818,0
0.0760786,0.412675,3.42368,5.42433,3.34248,0.0922943,0.465358,3.22111,5.0421,3.22898,0.095809,0.804743,4.73544,8.39945,3.41104,0.0544162,0.284069,3.22486,5.22029,2.44264,0
0.0774498,0.406196,3.2983,5.24464,3.34603,0.0917078,0.480599,3.09993,5.24055,3.18975,0.0974779,0.877786,5.38035,9.00498,3.48466,0.0547921,0.268374,3.17361,4.89804,2.53273,0
0.0769018,0.395239,3.39924,5.13952,3.43128,0.0918234,0.422333,3.14465,4.5994,3.15412,0.0997089,0.710942,4.56277,7.13018,3.46401,0.0560265,0.268151,3.19903,4.78615,2.62191,0
0.0784161,0.390657,3.42221,4.98186,3.46865,0.0933563,0.480303,3.18357,5.14484,3.27595,0.0998298,0.789834,4.31726,7.91181,3.48658,0.0564049,0.256761,3.09353,4.5521,2.52498,0
0.0770905,0.38034,3.47644,4.93368,3.48025,0.093274,0.519938,3.09321,5.57431,3.22627,0.0986194,0.640302,3.94722,6.49265,3.41954,0.0545499,0.241086,3.06793,4.41955,2.57607,0
0.0766185,0.388167,3.36494,5.06623,3.33727,0.091751,0.405817,3.08256,4.42302,3.09581,0.100245,0.771885,4.12797,7.7,3.46096,0.0541004,0.2952,3.14743,5.45652,2.50746,0
0.0760744,0.392861,3.4047,5.16417,3.39721,0.0909711,0.483868,3.22142,5.31891,3.19904,0.09769,0.978265,5.11628,10.014,3.58186,0.0552964,0.258311,3.1478,4.67138,2.5136,0
0.0774515,0.433691,3.41643,5.59951,3.47563,0.0924221,0.399079,3.14491,4.31801,3.17906,0.0977471,0.732577,4.67222,7.49462,3.42099,0.0548603,0.231369,3.04413,4.21742,2.58152,0
0.0779795,0.519999,3.54859,6.66841,3.58556,0.0921761,0.462262,3.1684,5.01499,3.17414,0.099883,0.799072,4.55188,8.00008,3.4513,0.0550831,0.251959,3.14761,4.57415,2.5582,0
0.0776182,0.401688,3.37794,5.17518,3.46424,0.0937847,0.459913,3.07665,4.90393,3.12625,0.0999066,0.882194,4.76118,8.83019,3.48822,0.0550229,0.258994,3.11738,4.70702,2.49118,0
0.0791598,0.417128,3.32241,5.26944,3.51943,0.093892,0.536915,3.22193,5.71843,3.23266,0.100118,0.855321,4.87084,8.5431,3.57142,0.0562369,0.244696,3.18008,4.35116,2.60253,0
0.0775223,0.393018,3.26772,5.06974,3.4331,0.0934137,0.369228,3.08494,3.95261,3.22784,0.099345,0.722584,3.9054,7.27349,3.4957,0.0553758,0.254002,3.08872,4.58687,2.53374,0
0.0785306,0.451834,3.38851,5.75361,3.50286,0.0929064,0.401087,3.16694,4.31711,3.22778,0.0984314,0.738071,4.37738,7.49833,3.56247,0.0556422,0.258732,3.09911,4.64993,2.52423,0
0.0789626,0.440251,3.407,5.57544,3.54248,0.094026,0.398931,3.17876,4.24278,3.22168,0.100328,0.760268,4.64917,7.5778,3.51866,0.0553524,0.25688,3.11642,4.64081,2.55739,0
0.0790592,0.389355,3.34747,4.92486,3.59745,0.093336,0.480747,3.20756,5.15071,3.17838,0.0991072,0.611571,4.02796,6.1708,3.42949,0.0553148,0.268749,3.31828,4.85854,2.49125,0
0.078199,0.455169,3.54592,5.82065,3.45877,0.0935081,0.373103,3.09523,3.99006,3.16226,0.0983814,0.725201,4.44745,7.37133,3.39275,0.0551683,0.279334,3.03834,5.06332,2.50527,0
0.0778051,0.404272,3.4327,5.19595,3.45507,0.0928157,0.462707,3.1367,4.98522,3.11738,0.0985892,0.670613,4.32411,6.8021,3.50237,0.0549852,0.253787,3.11638,4.61556,2.49221,0
0.0774871,0.368552,3.303,4.7563,3.38434,0.0919614,0.428228,3.05342,4.6566,3.09997,0.102047,0.713048,4.27094,6.98747,3.53481,0.0545725,0.255771,3.14606,4.68681,2.50085,0
0.0815182,0.481325,3.56669,5.9045,3.70034,0.0937359,0.428472,3.17406,4.57105,3.21844,0.100465,0.726302,4.34885,7.22941,3.49577,0.0558674,0.272758,3.17519,4.88223,2.57146,0
0.0767838,0.475662,3.35617,6.19483,3.4781,0.0929298,0.494506,3.24894,5.32128,3.09671,0.0991429,0.648368,4.08019,6.53973,3.46058,0.0555338,0.259231,3.09074,4.66799,2.52438,0
0.0782844,0.371814,3.38899,4.74953,3.38478,0.0912766,0.397632,3.14402,4.35634,3.06467,0.0989246,0.854399,4.90264,8.63687,3.40757,0.0555148,0.230698,3.07273,4.15561,2.49158,0
0.07712,0.362882,3.3528,4.70542,3.52656,0.0926764,0.469372,3.22735,5.06464,3.27635,0.0999293,0.827167,4.90777,8.27752,3.32435,0.0560015,0.250154,3.14408,4.46691,2.59852,0
0.0783157,0.419532,3.44222,5.35694,3.59973,0.0918867,0.38491,3.15423,4.18897,3.11661,0.0986876,0.602171,4.04105,6.10179,3.49737,0.054943,0.265778,3.15833,4.83733,2.48112,0
0.0773844,0.380384,3.28392,4.91551,3.4126,0.0936454,0.48194,3.24764,5.14644,3.25803,0.101231,1.0243,5.78355,10.1184,3.60079,0.0549151,0.245961,3.09492,4.47894,2.55223,0
0.0755417,0.402128,3.37181,5.32326,3.35632,0.0917702,0.46075,3.06146,5.0207,3.08625,0.0997968,0.887123,4.66886,8.88929,3.41994,0.0539791,0.231937,3.06097,4.2968,2.50706,0
0.0778738,0.360196,3.33129,4.62538,3.40199,0.092564,0.54813,3.20746,5.92163,3.18613,0.0989725,0.741261,4.77889,7.48956,3.41333,0.0549512,0.246426,3.13526,4.48446,2.44015,0
0.079017,0.435169,3.47311,5.50728,3.53812,0.0927977,0.528925,3.17317,5.69977,3.12669,0.100305,0.689516,4.18416,6.87417,3.41133,0.0554204,0.266943,3.1232,4.8167,2.54926,0
0.0764806,0.399827,3.44336,5.22782,3.41019,0.0917255,0.458839,3.06906,5.0023,3.18427,0.0989806,0.765744,4.66792,7.7363,3.44491,0.0542205,0.213332,3.0502,3.93453,2.49028,0
0.0781815,0.393473,3.3202,5.03281,3.46363,0.0921923,0.383017,3.18693,4.15454,3.09694,0.0999243,0.747125,4.89189,7.47691,3.50231,0.0554702,0.250999,3.09042,4.52493,2.59792,0
0.079586,0.407378,3.37007,5.11872,3.59983,0.0934104,0.438284,3.21624,4.69202,3.14311,0.102534,0.778012,4.80391,7.58787,3.3788,0.0565242,0.271964,3.17781,4.81147,2.64928,0
0.0795249,0.427244,3.37558,5.37246,3.56222,0.092862,0.49266,3.10467,5.30529,3.17656,0.099193,0.877853,4.87804,8.84994,3.45605,0.0555559,0.236637,3.1008,4.25945,2.57697,0
0.0800961,0.496603,3.526,6.20009,3.597,0.0940217,0.497204,3.26473,5.28819,3.27293,0.0997492,0.760108,4.87509,7.62019,3.51919,0.0567845,0.244714,3.14807,4.30952,2.66564,0
0.0778762,0.389043,3.33876,4.99566,3.4344,0.0925795,0.416649,3.16678,4.50044,3.1925,0.0993474,0.869042,4.73987,8.74751,3.47636,0.0551379,0.28581,3.16327,5.18354,2.54527,0
0.0784635,0.394225,3.27771,5.02432,3.62237,0.092013,0.4043,3.11647,4.39394,3.16472,0.0997495,0.883201,5.01871,8.85418,3.47074,0.055928,0.241954,3.17531,4.32616,2.61159,0
0.0781415,0.436761,3.37019,5.58935,3.42827,0.0929339,0.506938,3.15218,5.45482,3.23661,0.0997072,0.749009,4.45488,7.51208,3.58805,0.0552828,0.236832,3.08925,4.284,2.57751,0
0.0778046,0.399925,3.45898,5.14012,3.5584,0.0909144,0.431697,3.18752,4.74839,3.08469,0.0993949,0.945303,5.14885,9.51058,3.58441,0.054808,0.251709,3.13241,4.59257,2.51277,0
0.0794377,0.361955,3.33044,4.55647,3.61585,0.0937866,0.434153,3.167,4.62915,3.27496,0.0997972,0.847436,4.3274,8.49158,3.55643,0.0563483,0.262964,3.11273,4.66676,2.6106,0
0.0770987,0.399804,3.39377,5.18561,3.51091,0.0919652,0.535039,3.14702,5.81785,3.24412,0.098995,0.819855,4.81715,8.28178,3.50355,0.0555787,0.269878,3.21885,4.85578,2.59754,0
0.0822399,0.454962,3.50037,5.53213,3.78525,0.0930753,0.406932,3.13054,4.37207,3.25249,0.100443,0.705252,4.61705,7.02145,3.56548,0.0562875,0.226203,3.10825,4.0187,2.57669,0
0.0842945,0.427701,3.45084,5.07388,3.9764,0.0941232,0.509943,3.26081,5.41783,3.29602,0.10005,0.862752,4.67653,8.62321,3.52344,0.0563471,0.238581,3.14672,4.23414,2.63259,0
0.0842636,0.401664,3.37838,4.76676,3.92256,0.0928389,0.411359,3.11255,4.43089,3.20261,0.0986138,0.921781,5.26379,9.34738,3.4501,0.055484,0.240211,3.09755,4.32937,2.61161,0
0.0830804,0.418263,3.29113,5.03444,3.84567,0.0922607,0.545809,3.37804,5.91594,3.30413,0.0978971,0.617103,4.10789,6.30358,3.47183,0.0566625,0.324403,3.29328,5.72519,2.62302,0
0.0826501,0.394723,3.20898,4.77583,3.75068,0.0934591,0.409222,3.09547,4.37862,3.23844,0.0978751,0.755914,4.4981,7.72325,3.4225,0.055827,0.222033,3.07523,3.97717,2.55117,1
0.0842472,0.422014,3.39806,5.00924,3.94743,0.0916954,0.514748,3.15781,5.61368,3.09302,0.100677,1.2857,6.30024,12.7705,3.48916,0.0558586,0.264025,3.11999,4.72667,2.64702,1
0.0859558,0.478325,3.47031,5.56477,3.99175,0.0952005,0.511772,3.23675,5.37573,3.29288,0.102689,0.880357,4.59581,8.57301,3.81727,0.0576358,0.276163,3.10713,4.79152,2.74549,1
0.08442,0.516967,3.48651,6.12375,3.94016,0.0937319,0.426263,3.22511,4.54768,3.25055,0.100896,0.924782,4.7111,9.16573,3.58066,0.057273,0.244883,3.11807,4.27572,2.65925,1
0.0826676,0.394572,3.26596,4.773,3.81373,0.0930419,0.409923,3.18618,4.40579,3.26245,0.101626,0.828834,4.74075,8.15569,3.47026,0.0556665,0.241793,3.09303,4.34359,2.52612,1
0.0836185,0.401804,3.38181,4.8052,3.90803,0.0934187,0.394534,3.15847,4.22329,3.1279,0.0990559,0.880342,4.54559,8.88732,3.46775,0.0558675,0.255732,3.10727,4.57747,2.61732,1
0.0837856,0.441753,3.38767,5.27242,3.93421,0.0934443,0.474904,3.22433,5.08222,3.19403,0.0991917,0.780874,4.42296,7.87237,3.44851,0.0558925,0.259098,3.09902,4.63565,2.59212,1
0.0854843,0.417653,3.3946,4.88572,4.07369,0.0923791,0.40666,3.06195,4.40208,3.24463,0.0999088,0.716376,4.39309,7.1703,3.52892,0.0560308,0.250611,3.08294,4.47274,2.59057,1
0.0842799,0.411895,3.36587,4.88723,3.94639,0.0925479,0.415558,3.21005,4.4902,3.14922,0.0975379,0.675847,4.12688,6.92907,3.44582,0.0553349,0.239192,3.08247,4.32262,2.64733,1
0.0869546,0.400053,3.43642,4.60071,4.07886,0.0930387,0.416632,3.14998,4.47805,3.17633,0.098244,0.965045,5.00007,9.82294,3.55069,0.055895,0.233773,3.0264,4.18235,2.59474,1
0.0847389,0.520821,3.42876,6.14619,4.01518,0.0918016,0.468308,3.15064,5.10131,3.12187,0.0990475,0.695981,4.34959,7.02674,3.4312,0.0560196,0.273163,3.11129,4.8762,2.57418,1
0.0851458,0.411036,3.32895,4.82744,4.10766,0.0933437,0.433602,3.13284,4.64522,3.23887,0.100437,0.800845,4.43826,7.97357,3.49922,0.0559692,0.234919,3.07867,4.19729,2.64067,1
0.0869737,0.404769,3.43401,4.65393,4.17462,0.0929859,0.435981,3.1747,4.68868,3.29938,0.098631,0.729201,4.27327,7.39323,3.49387,0.0557287,0.241071,3.10884,4.3258,2.66401,1
0.0869207,0.393548,3.31669,4.52767,4.23056,0.0946092,0.448171,3.14554,4.73708,3.33697,0.0992368,0.81639,4.4177,8.22669,3.50462,0.0558788,0.256061,3.08727,4.58244,2.62006,1
0.0878693,0.466645,3.43015,5.31068,4.21874,0.0937732,0.466114,3.1692,4.97065,3.28887,0.101865,0.838691,4.69637,8.23333,3.58545,0.0574633,0.318098,3.16905,5.53566,2.74482,1
0.0856158,0.39843,3.43636,4.6537,4.0756,0.093962,0.461948,3.16215,4.91633,3.19328,0.100297,0.958674,5.11145,9.55837,3.58439,0.0565655,0.262821,3.19496,4.6463,2.65486,1
0.0854134,0.529626,3.47801,6.20073,4.07176,0.0920227,0.444122,3.09438,4.82622,3.16212,0.0986523,0.757279,4.1721,7.67624,3.51817,0.0572762,0.284301,3.21184,4.96369,2.65455,1
0.0865982,0.443604,3.48622,5.12255,4.18172,0.0929711,0.496427,3.17343,5.33959,3.21065,0.0996229,0.850045,4.63941,8.53262,3.4621,0.0555286,0.233942,3.09635,4.21301,2.56129,1
0.0875834,0.436916,3.44438,4.98857,4.15127,0.0930237,0.461972,3.09994,4.96617,3.16718,0.102906,0.969976,5.09384,9.42583,3.47984,0.0558424,0.275084,3.19727,4.92608,2.59511,1
0.0881747,0.441094,3.46548,5.0025,4.25275,0.09192,0.47586,3.1294,5.1769,3.23666,0.0990665,0.728203,4.48587,7.35065,3.4171,0.0561834,0.245044,3.16194,4.36149,2.67744,1
0.0860408,0.404502,3.49273,4.70128,4.14981,0.0912652,0.41674,3.10518,4.56625,3.08932,0.0984001,0.81102,4.75034,8.24206,3.33228,0.0546057,0.228789,3.00867,4.18983,2.48732,1
0.0891546,0.495944,3.40009,5.56275,4.42235,0.0930536,0.580076,3.19112,6.23378,3.17953,0.100183,0.853698,5.13433,8.52135,3.48063,0.0565233,0.245161,3.11811,4.33734,2.58577,1
0.0855928,0.395961,3.40488,4.6261,4.13523,0.0923856,0.428537,3.30628,4.63857,3.21729,0.0960252,0.653482,4.4482,6.80532,3.41008,0.0558007,0.231025,3.1347,4.14017,2.58777,1
0.0882457,0.398221,3.36594,4.51264,4.26874,0.09351,0.526978,3.15573,5.63553,3.23209,0.0989211,0.987946,5.06903,9.98721,3.50828,0.0558303,0.224063,3.12903,4.01329,2.6434,1
0.088806,0.478211,3.37709,5.3849,4.29683,0.0927065,0.509771,3.21412,5.49876,3.14877,0.0996841,0.900267,4.77284,9.03121,3.52984,0.0564732,0.273855,3.20667,4.84929,2.6186,1
0.0872871,0.453788,3.3762,5.19881,4.2112,0.0930603,0.445797,3.11552,4.79041,3.21116,0.0993424,0.996146,4.82462,10.0274,3.54178,0.0558339,0.26319,3.12763,4.71382,2.6538,1
0.0874598,0.462174,3.4396,5.28442,4.22599,0.0927552,0.433562,3.11328,4.67426,3.21238,0.0994195,0.846497,4.4892,8.5144,3.4251,0.0564469,0.273883,3.18845,4.85205,2.60097,1
0.088888,0.481275,3.44025,5.4144,4.28804,0.0936352,0.537072,3.10799,5.73579,3.1879,0.098157,0.807835,4.57546,8.23003,3.49346,0.0557394,0.234058,3.03683,4.19915,2.62049,1
0.0860379,0.397828,3.3213,4.62386,4.07178,0.0926264,0.587438,3.25565,6.34201,3.21494,0.0996095,0.743359,4.36812,7.46273,3.46428,0.0554518,0.251109,3.11986,4.52842,2.54283,1
0.088484,0.457456,3.54121,5.16992,4.18531,0.0931982,0.606362,3.22554,6.50615,3.16176,0.0990772,0.735445,4.54407,7.42295,3.362,0.0555979,0.207201,3.03741,3.72677,2.5494,1
0.0878315,0.552231,3.57604,6.28739,4.17155,0.0938769,0.500265,3.20045,5.32895,3.15115,0.100048,0.858058,4.65391,8.57646,3.49953,0.0565665,0.244816,3.04712,4.32793,2.67838,1
0.0869025,0.398037,3.46677,4.58027,4.17099,0.0916775,0.389991,3.06322,4.25394,3.05332,0.0987314,0.664811,4.30553,6.73353,3.36414,0.0554463,0.218107,3.08522,3.93366,2.66352,1
0.0867193,0.478959,3.44799,5.52309,4.20484,0.0911978,0.472081,3.13153,5.17645,3.07387,0.0985595,0.974577,4.80586,9.88821,3.48853,0.0562683,0.287998,3.15805,5.1183,2.69085,1
0.0885143,0.506969,3.44239,5.72753,4.23975,0.0936029,0.433237,3.10795,4.62846,3.21509,0.0993335,0.711261,4.72519,7.16033,3.53212,0.0562305,0.248242,3.10932,4.41473,2.59598,1
0.0881193,0.462949,3.42207,5.25366,4.26563,0.0927419,0.386487,3.10129,4.16734,3.15224,0.101418,0.733744,4.50455,7.23488,3.4737,0.0553223,0.268501,3.11285,4.85339,2.55333,1
0.0899718,0.370652,3.41862,4.11964,4.42336,0.0935226,0.397513,3.08794,4.25044,3.334,0.0996166,0.737707,4.31475,7.40547,3.46913,0.0556795,0.267424,3.07409,4.80292,2.63207,1
0.0883772,0.449217,3.56026,5.08295,4.26235,0.0926285,0.437103,3.06634,4.71888,3.27544,0.0973408,0.761512,4.56948,7.82316,3.51772,0.0555651,0.260898,3.21508,4.69536,2.62253,1
0.0876224,0.422066,3.41373,4.81687,4.14833,0.0926814,0.384386,3.11677,4.14739,3.22333,0.102348,0.933786,4.85904,9.12366,3.42955,0.0556466,0.23026,3.11432,4.13791,2.60315,1
0.0894999,0.443884,3.49796,4.9596,4.33345,0.0922094,0.443638,3.09008,4.8112,3.0759,0.0993925,0.731731,4.5877,7.36204,3.3973,0.0554535,0.258475,3.07081,4.66111,2.50032,1
0.0891188,0.420222,3.44916,4.7153,4.3542,0.0948855,0.435875,3.11517,4.5937,3.20832,0.101967,0.815983,4.21731,8.00241,3.52793,0.0556351,0.251231,3.0877,4.51568,2.51603,1
0.0881704,0.471903,3.51349,5.35217,4.2482,0.0931565,0.426137,3.09733,4.57442,3.13528,0.0988977,0.921062,4.46649,9.31328,3.3688,0.0556532,0.34897,3.12655,6.27044,2.49836,1
0.0884359,0.423084,3.48489,4.78408,4.29249,0.0928713,0.516635,3.1486,5.56291,3.14679,0.0978368,0.730288,4.3647,7.46435,3.50819,0.0560515,0.21431,3.02988,3.82345,2.65522,1
0.0901324,0.484821,3.62178,5.37899,4.33509,0.0927373,0.480183,3.14149,5.17789,3.09616,0.0978289,0.881032,4.75363,9.00584,3.49158,0.0551145,0.218843,3.0358,3.97069,2.53935,1
0.0906818,0.449722,3.48881,4.95934,4.38838,0.0950564,0.63864,3.33858,6.71853,3.3281,0.0979431,0.663023,4.17041,6.76947,3.45456,0.0574061,0.295193,3.12144,5.14219,2.68922,1
0.0898812,0.451555,3.44962,5.02391,4.27269,0.092626,0.452993,3.20208,4.89056,3.02852,0.098809,0.739697,4.33562,7.48613,3.44496,0.0554534,0.245843,3.17083,4.43333,2.50548,1
0.0910185,0.440839,3.36341,4.8434,4.41569,0.0933729,0.467008,3.08968,5.00153,3.1382,0.0991875,0.841796,4.31993,8.48692,3.47776,0.055881,0.256784,3.06878,4.5952,2.51476,1
0.0900892,0.493084,3.54523,5.47328,4.42572,0.0923077,0.458634,3.20163,4.96853,3.13552,0.098077,0.682096,4.43387,6.9547,3.41573,0.0557723,0.263664,3.12366,4.72751,2.60468,1
0.0920694,0.461841,3.62747,5.01622,4.57506,0.0934379,0.408367,3.14422,4.37047,3.25412,0.101057,0.738963,4.40552,7.31232,3.46821,0.0568286,0.239071,3.07348,4.20687,2.68262,1
0.0891926,0.403321,3.58712,4.52191,4.28674,0.09211,0.46094,3.13515,5.00423,3.13809,0.099011,0.829,4.30171,8.37281,3.37832,0.0556623,0.248132,3.10319,4.45781,2.61789,1
0.0897054,0.507052,3.51467,5.65241,4.3145,0.0925751,0.423662,3.12386,4.57641,3.19202,0.0973786,0.64174,4.35483,6.59015,3.36877,0.0556561,0.256976,3.09334,4.61722,2.55028,1
0.0910745,0.401122,3.45952,4.40432,4.47335,0.0935423,0.436815,3.14324,4.6697,3.11116,0.0990835,0.790936,4.99217,7.98252,3.57382,0.0567394,0.234133,3.08226,4.12647,2.63655,1
0.0918006,0.46807,3.58326,5.09876,4.43498,0.0927331,0.422077,3.162,4.55152,3.20583,0.100285,0.970966,5.10105,9.68209,3.53546,0.0571916,0.248104,3.06038,4.33811,2.63913,1
0.0897993,0.545721,3.53135,6.07712,4.41132,0.0930003,0.551095,3.21617,5.92573,3.19334,0.0985793,0.79438,4.65056,8.05829,3.47339,0.055636,0.234722,3.07784,4.21888,2.56474,1
0.0911908,0.419097,3.43073,4.59583,4.53057,0.0934207,0.569727,3.26511,6.0985,3.24487,0.100263,0.838122,4.4879,8.35921,3.51712,0.0570215,0.276224,3.13326,4.84421,2.73056,1
0.0908438,0.451866,3.54312,4.9741,4.50676,0.0926383,0.516201,3.20015,5.57222,3.203,0.0972633,0.831045,4.95005,8.54428,3.59895,0.0565842,0.244292,3.10806,4.31732,2.54088,1
0.0896033,0.491052,3.50006,5.4803,4.4063,0.0924746,0.401082,3.14126,4.33721,3.21836,0.0972799,0.664632,3.96643,6.83217,3.34663,0.055165,0.241111,3.06479,4.37072,2.59692,1
0.0898013,0.500021,3.44308,5.56808,4.31162,0.0932466,0.496584,3.19474,5.3255,3.29865,0.100906,0.851493,5.34783,8.43844,3.55181,0.0554442,0.280585,3.06471,5.06067,2.58294,1
0.0913929,0.501556,3.58281,5.48791,4.41735,0.0934137,0.477462,3.17089,5.11126,3.23701,0.0980875,0.715679,4.36629,7.29634,3.40889,0.0569549,0.256289,3.12393,4.49986,2.72142,1
0.0919322,0.422797,3.43597,4.59902,4.37321,0.0943332,0.497268,3.27227,5.27141,3.23236,0.0991241,0.763663,4.37674,7.70411,3.43663,0.0568157,0.269873,3.18068,4.74996,2.65023,1
0.0903805,0.387816,3.47913,4.29093,4.43713,0.0920851,0.418344,3.10093,4.54302,3.21476,0.0987568,0.614825,4.25729,6.22565,3.41626,0.0566041,0.270305,3.1595,4.77536,2.71578,1
0.0915979,0.452057,3.47732,4.93523,4.52166,0.0938467,0.462128,3.17448,4.92429,3.24742,0.0982767,0.899471,4.67242,9.15244,3.44108,0.0551115,0.258084,3.06246,4.68294,2.59467,1
0.0914273,0.4473,3.57552,4.89242,4.50108,0.0944255,0.453574,3.21303,4.80352,3.18136,0.101459,0.70518,4.33588,6.95036,3.43983,0.0559235,0.275479,3.12874,4.926,2.62436,1
0.0903547,0.478294,3.38541,5.29351,4.33092,0.0946178,0.462768,3.15029,4.89092,3.2267,0.100159,0.751901,4.7484,7.5071,3.31102,0.0560397,0.227629,3.10153,4.06192,2.55759,1
0.0909948,0.389754,3.50697,4.28326,4.43597,0.0936067,0.46068,3.16945,4.92144,3.26744,0.0999992,0.957196,4.80293,9.57203,3.47287,0.0561117,0.220116,3.06054,3.92282,2.60798,1
0.0910999,0.49766,3.542,5.46279,4.48221,0.093259,0.506401,3.20901,5.43005,3.17716,0.100576,0.891963,4.14866,8.86855,3.47407,0.0566086,0.251938,3.16547,4.45053,2.62787,1
0.0931485,0.548758,3.56098,5.89122,4.49206,0.0928,0.397633,3.03487,4.28483,3.25766,0.0973932,0.98062,5.48591,10.0687,3.50502,0.0556542,0.271947,3.05106,4.88637,2.5306,1
0.0919426,0.448805,3.39487,4.88136,4.49243,0.0931391,0.453576,3.223,4.86988,3.22113,0.0980546,0.990549,4.3899,10.102,3.34466,0.0551195,0.23194,3.09923,4.20796,2.47519,1
0.0921813,0.50507,3.7433,5.4791,4.47189,0.0939433,0.421461,3.12011,4.48633,3.17631,0.0986552,0.798183,4.15416,8.09063,3.41821,0.0560997,0.229316,3.08018,4.08766,2.57483,1
0.0918043,0.439834,3.55178,4.79099,4.54614,0.0931909,0.404945,3.16618,4.34533,3.17194,0.0983876,0.721378,4.66459,7.332,3.46233,0.0559799,0.289785,3.09529,5.17659,2.4916,1
0.0933821,0.497677,3.46252,5.32947,4.67137,0.0938637,0.448828,3.10738,4.78169,3.23986,0.101361,0.912511,4.61016,9.00259,3.53396,0.0555932,0.263231,3.11967,4.73494,2.52212,1
0.0931379,0.448464,3.62156,4.81505,4.61212,0.0935967,0.479139,3.23237,5.11919,3.21365,0.098181,1.0401,5.13095,10.5937,3.48621,0.0543667,0.244916,3.09782,4.50489,2.47809,1
0.0935911,0.500996,3.59444,5.35303,4.64301,0.0946634,0.401784,3.04486,4.24434,3.38543,0.0991447,0.780293,4.29516,7.87025,3.43214,0.0561857,0.257134,3.0609,4.5765,2.70019,1
0.0945084,0.446698,3.49482,4.72654,4.70314,0.094934,0.519341,3.19846,5.47055,3.23833,0.101779,0.790178,4.44335,7.76363,3.5044,0.0565009,0.254259,3.08677,4.50009,2.62349,1
0.0948646,0.426807,3.45458,4.49912,4.68908,0.0935561,0.484677,3.16265,5.1806,3.15442,0.100219,0.885231,4.9462,8.83295,3.42096,0.0554981,0.267861,3.08276,4.8265,2.62685,1
0.0958829,0.500327,3.51213,5.2181,4.7993,0.0942018,0.498184,3.13604,5.28847,3.28419,0.0981757,0.650026,4.17468,6.62105,3.46233,0.0573514,0.260717,3.13936,4.54595,2.68374,1
0.0945186,0.480824,3.4503,5.08709,4.79856,0.0936814,0.467355,3.14972,4.98877,3.20095,0.0980765,0.77725,4.60839,7.92494,3.44182,0.0560433,0.236668,3.1952,4.22295,2.66399,1
0.0948191,0.454173,3.53624,4.78989,4.75839,0.093759,0.42366,3.14633,4.51861,3.27047,0.0985703,0.793323,4.45628,8.0483,3.41369,0.0570018,0.2571,3.12174,4.51037,2.60926,1
0.095583,0.450265,3.47004,4.71073,4.76934,0.0920847,0.406349,3.07795,4.41277,3.19326,0.100621,0.965274,4.60209,9.59321,3.51032,0.0563236,0.34975,3.1921,6.20965,2.63034,1
0.0962509,0.435049,3.48215,4.51995,4.7564,0.0949077,0.430859,3.23357,4.53977,3.29119,0.0992861,0.807699,4.9461,8.13506,3.44726,0.0571861,0.261767,3.17023,4.57746,2.61101,1
0.0962751,0.426877,3.48091,4.43393,4.80369,0.093252,0.440065,3.14681,4.7191,3.22858,0.0984037,0.855367,4.39748,8.69243,3.48496,0.0571252,0.237286,3.15704,4.15379,2.64341,1
0.0949752,0.509585,3.75116,5.36546,4.74859,0.0940986,0.414333,3.15399,4.40318,3.31796,0.098433,0.935954,4.85772,9.50854,3.45997,0.0568339,0.324187,3.15781,5.70412,2.68129,1
0.0954924,0.505325,3.65648,5.29178,4.84678,0.0943995,0.482521,3.26271,5.11148,3.23307,0.0993719,0.714224,4.25353,7.18738,3.58082,0.0572957,0.232146,3.06715,4.05172,2.65955,1
0.094903,0.462942,3.5195,4.87805,4.66187,0.0949707,0.42266,3.14812,4.45043,3.24124,0.100885,0.703898,4.36409,6.97727,3.43793,0.0572864,0.311693,3.17978,5.44096,2.67127,1
0.0942656,0.477238,3.47956,5.0627,4.72166,0.0944771,0.462629,3.16815,4.89673,3.28032,0.0996018,0.765005,4.65267,7.68063,3.46762,0.0568971,0.288622,3.20131,5.07271,2.68736,1
0.0932847,0.495435,3.69007,5.311,4.5592,0.0930034,0.430758,3.13775,4.63164,3.1602,0.0966015,0.825693,5.05187,8.54741,3.52591,0.055601,0.258974,3.04931,4.65773,2.50316,1
0.0984501,0.550251,3.6142,5.58914,4.91517,0.0934737,0.574275,3.2723,6.1437,3.21062,0.100573,0.647338,4.27197,6.43652,3.4951,0.0578168,0.234926,3.07205,4.06327,2.70833,1
0.0950387,0.445346,3.52144,4.68595,4.74542,0.0937724,0.468699,3.1524,4.99826,3.27851,0.0988763,0.806478,4.19782,8.15643,3.46096,0.0566831,0.231029,3.11567,4.07581,2.5868,1
0.0955789,0.433448,3.5462,4.53498,4.811,0.0933085,0.477984,3.20031,5.12262,3.25768,0.100291,0.846424,4.42317,8.43966,3.6003,0.056634,0.280021,3.12246,4.94439,2.71184,1
0.0969281,0.535204,3.7066,5.52166,4.88787,0.0940384,0.453657,3.08077,4.82417,3.26015,0.100623,0.721012,4.21351,7.16546,3.41102,0.0564835,0.250478,3.07913,4.43453,2.66783,1
0.0964938,0.511155,3.58681,5.29728,4.88154,0.0946523,0.519602,3.14347,5.48959,3.21931,0.0978293,0.741984,4.28104,7.58448,3.42682,0.0562134,0.258345,3.10423,4.59579,2.65334,1
0.0961031,0.429064,3.55742,4.46462,4.8344,0.0928574,0.512187,3.07577,5.51585,3.18723,0.0967666,0.658713,3.91934,6.80724,3.48934,0.0566911,0.323769,3.1591,5.71111,2.6308,1
0.0961254,0.54232,3.56439,5.64179,4.87471,0.0929882,0.438641,3.14317,4.71717,3.166,0.0983865,0.799517,4.44416,8.12628,3.42672,0.0561461,0.294971,3.1028,5.25364,2.60514,1
0.0956526,0.444706,3.54362,4.64918,4.72053,0.0949943,0.413827,3.06316,4.35633,3.28297,0.099417,0.797746,4.15775,8.02423,3.3949,0.0573421,0.238791,3.10352,4.16432,2.73084,1
0.0958713,0.462649,3.5676,4.82573,4.8957,0.092001,0.436918,3.11826,4.74906,3.16438,0.100625,1.05829,5.06263,10.5172,3.33421,0.0567507,0.244764,3.12236,4.31297,2.60421,1
0.0935672,0.434118,3.57718,4.63964,4.63559,0.0938606,0.447351,3.06642,4.76612,3.21528,0.0992346,0.722156,4.76652,7.27726,3.47632,0.0562476,0.24554,3.08407,4.36534,2.56643,1
0.0977825,0.540076,3.67719,5.52324,4.98597,0.0938392,0.547689,3.29361,5.83646,3.18577,0.0983147,0.819413,4.34668,8.33459,3.44018,0.0566832,0.245501,2.98793,4.3311,2.57079,1
0.0970823,0.493181,3.64999,5.08003,4.89538,0.0928671,0.431246,3.21196,4.64369,3.16746,0.102701,0.768711,4.37408,7.48497,3.4582,0.0570088,0.266791,3.08464,4.67983,2.69361,1
0.0940688,0.456069,3.59739,4.84825,4.68035,0.0920224,0.431677,3.10005,4.691,3.15774,0.0991687,0.790613,4.63054,7.9724,3.51389,0.0563561,0.280315,3.23529,4.974,2.6188,1
0.0963141,0.559103,3.54722,5.80499,4.82992,0.0937559,0.411539,3.11799,4.38948,3.2131,0.098307,0.629478,3.96534,6.40318,3.4454,0.0569806,0.251029,3.09959,4.40551,2.6751,1
0.0958748,0.508178,3.68119,5.30043,4.85738,0.0924031,0.448508,3.23945,4.85382,3.20908,0.0995804,0.764804,4.57505,7.68026,3.60873,0.0572769,0.440054,3.3127,7.68293,2.65285,1
0.0973952,0.554164,3.57902,5.68985,4.90627,0.0929694,0.445102,3.10733,4.78761,3.15266,0.0976265,0.721037,4.82055,7.38567,3.43519,0.0561575,0.26109,3.1276,4.64925,2.68373,1
0.0976442,0.455725,3.61339,4.6672,4.95899,0.092304,0.404742,3.10688,4.38488,3.10434,0.0998293,0.815875,5.01453,8.1727,3.48585,0.0567711,0.281511,3.18395,4.9587,2.74506,1
0.0948211,0.494732,3.65128,5.21753,4.66534,0.0942395,0.43378,3.21029,4.60296,3.19954,0.097143,0.751821,4.40701,7.73933,3.52573,0.0567913,0.246972,3.03071,4.34876,2.64172,1
0.0974899,0.47698,3.52073,4.8926,4.97598,0.0933731,0.423224,3.11499,4.53261,3.27315,0.100019,0.65191,4.02147,6.51788,3.52141,0.0566286,0.258825,3.14912,4.57057,2.6268,1
0.0984364,0.458513,3.53869,4.65796,5.04246,0.0938036,0.406488,3.18381,4.3334,3.34099,0.0978272,0.888605,4.92639,9.08342,3.49111,0.0562728,0.235769,3.13231,4.18975,2.67391,1
0.0994038,0.440765,3.67252,4.43408,5.13278,0.0929616,0.40938,3.25829,4.40375,3.26031,0.0980546,0.789639,4.26513,8.05305,3.51878,0.0568993,0.311279,3.16185,5.4707,2.68159,1
0.0983651,0.494681,3.55208,5.02903,4.99719,0.0942274,0.470474,3.14969,4.99296,3.31241,0.0977695,0.898225,5.00253,9.18717,3.53375,0.0570694,0.305171,3.18063,5.34736,2.69566,1
0.0980337,0.411143,3.65524,4.19389,4.95042,0.093173,0.461992,3.19348,4.95843,3.34516,0.0978738,0.79225,4.70917,8.09461,3.34873,0.0565399,0.263775,3.19348,4.66529,2.65179,1
0.0979149,0.477569,3.61113,4.87739,4.87953,0.0940681,0.408936,3.13426,4.34724,3.22875,0.0984242,0.662418,4.16181,6.73023,3.47634,0.0561646,0.3534,3.12605,6.29221,2.55365,1
0.0972595,0.489373,3.57248,5.03162,4.94495,0.093713,0.416187,3.09977,4.44108,3.28065,0.0982258,0.829903,4.146,8.44893,3.43589,0.0568103,0.27309,3.14962,4.80706,2.76754,1
0.0983764,0.465409,3.54032,4.7309,4.96965,0.0934422,0.452404,3.13086,4.84154,3.16773,0.0996249,0.741145,4.07081,7.43936,3.36528,0.0564607,0.256916,3.13234,4.55036,2.58505,1
0.103769,0.498264,4.05798,4.80166,5.4016,0.0934909,0.578093,3.21107,6.18342,3.27987,0.101429,0.792084,4.47413,7.80923,3.43917,0.0567607,0.251176,3.10416,4.42517,2.66908,1
0.106374,0.498369,3.85938,4.68507,5.52698,0.092689,0.446439,3.16053,4.81653,3.28537,0.0982737,0.804832,4.51373,8.1897,3.44999,0.0578548,0.352835,3.1341,6.09863,2.79578,1
0.105006,0.500165,3.8594,4.76322,5.37557,0.0936323,0.442668,3.28484,4.72772,3.21784,0.101336,0.768495,4.76653,7.58365,3.51158,0.057341,0.2584,3.11929,4.50637,2.76113,1
0.105341,0.511676,3.83451,4.8573,5.40999,0.0949758,0.421273,3.15184,4.43558,3.19307,0.098755,0.790666,4.16424,8.00634,3.43527,0.0579849,0.227807,3.04117,3.92873,2.74358,1
0.106256,0.529089,3.899,4.9794,5.51169,0.0935597,0.416476,3.09718,4.45145,3.24291,0.0973561,0.802314,4.09826,8.24102,3.37581,0.0572323,0.291909,3.19276,5.10042,2.70911,1
0.10427,0.45485,3.78059,4.36223,5.35148,0.092995,0.467508,3.12196,5.02724,3.18923,0.0980729,0.907731,4.41299,9.25568,3.51475,0.057246,0.245909,3.03127,4.29566,2.65322,1
0.105835,0.510224,3.93244,4.82096,5.51712,0.0935024,0.511656,3.16156,5.47211,3.20441,0.0983671,0.790022,4.66833,8.03136,3.23714,0.0587819,0.26419,3.12636,4.49442,2.81369,1
0.106197,0.479336,3.76181,4.51366,5.557,0.0930696,0.531688,3.10265,5.7128,3.18626,0.0988943,0.713589,4.38153,7.21568,3.46558,0.0563433,0.251595,3.10242,4.46539,2.62878,1
0.102991,0.573244,4.0353,5.56593,5.30136,0.0935671,0.535836,3.17209,5.72676,3.25716,0.0994998,0.930327,4.68249,9.35003,3.51905,0.0579669,0.257761,3.14983,4.4467,2.76931,1
0.105959,0.494483,3.74462,4.66674,5.50713,0.0929394,0.475144,3.12507,5.11241,3.25263,0.0982611,0.840592,4.77878,8.55468,3.41874,0.0578345,0.260861,3.09802,4.51048,2.68466,1
0.105949,0.528534,3.85443,4.98856,5.50163,0.0932299,0.645569,3.27455,6.92448,3.25573,0.100311,0.766635,4.3671,7.64259,3.41519,0.0577224,0.245011,3.04808,4.24464,2.70595,1
0.104624,0.54713,3.95033,5.22951,5.29506,0.0930498,0.428421,3.12349,4.60421,3.24875,0.100498,0.921202,4.4362,9.16636,3.60318,0.0569584,0.24613,3.04586,4.32122,2.69443,1
0.105618,0.485767,3.89518,4.59927,5.47512,0.0940098,0.407175,3.15659,4.33119,3.17805,0.101964,0.732155,4.07504,7.18053,3.45809,0.0573444,0.261711,2.97918,4.56384,2.65227,1
0.104347,0.497632,3.78163,4.76903,5.451,0.094326,0.534053,3.2519,5.66178,3.25965,0.0985745,0.690102,4.53399,7.00081,3.41525,0.05874,0.285594,3.15634,4.86201,2.78784,1
0.106611,0.503128,3.76786,4.71927,5.57233,0.0939886,0.47253,3.23509,5.02753,3.28616,0.0975277,0.685803,4.34842,7.03188,3.4231,0.058177,0.240806,3.10309,4.1392,2.74508,1
0.106609,0.487659,3.76547,4.57428,5.5143,0.0937139,0.399725,3.14213,4.26537,3.28046,0.0999783,0.698025,4.21533,6.98176,3.50048,0.0596161,0.352255,3.18291,5.90872,2.8325,1
0.104676,0.632648,3.78698,6.04385,5.5036,0.0922466,0.428487,3.16485,4.64501,3.26056,0.0966636,0.792807,4.28809,8.20171,3.34386,0.0577936,0.268243,3.07587,4.6414,2.72183,1
0.104194,0.492825,3.89164,4.72987,5.43904,0.0930719,0.409714,3.1638,4.40212,3.2458,0.0973006,0.782306,4.26907,8.04009,3.4563,0.0577317,0.271797,3.17108,4.70793,2.77169,1
0.106106,0.525105,3.815,4.94886,5.53229,0.0932845,0.494306,3.23493,5.29891,3.31874,0.0993117,0.796773,4.57235,8.02295,3.42664,0.0579078,0.230994,3.03601,3.98899,2.75198,1
0.106844,0.530354,3.92595,4.96383,5.50929,0.0928511,0.436553,3.21957,4.70164,3.25188,0.0995882,0.632799,4.15832,6.35416,3.47307,0.0598202,0.268944,3.19098,4.49588,2.84221,1
0.104831,0.604406,3.7773,5.76552,5.37406,0.0928862,0.44537,3.08856,4.79479,3.21618,0.0972649,0.77053,4.30638,7.92198,3.47235,0.0573102,0.266645,3.1773,4.65266,2.67507,1
0.103583,0.475847,3.81764,4.59387,5.31106,0.0923941,0.475043,3.22203,5.14149,3.21934,0.095818,0.688088,4.33962,7.1812,3.28988,0.05802,0.243879,3.15635,4.20336,2.81494,1
0.106147,0.557295,3.64305,5.25021,5.52567,0.0928403,0.46728,3.12869,5.03316,3.20192,0.0990182,0.940435,4.72904,9.49759,3.52113,0.0577492,0.251065,3.12794,4.34751,2.64595,1
0.106296,0.493192,3.77469,4.6398,5.49531,0.092302,0.494363,3.20153,5.35593,3.20319,0.0978138,0.652796,4.09811,6.67386,3.5738,0.0589372,0.258066,3.18407,4.37866,2.88584,1
0.1049,0.48765,3.75949,4.64873,5.517,0.0945368,0.54541,3.16068,5.76929,3.31462,0.0996814,0.965479,4.63518,9.68565,3.5081,0.0570951,0.242075,3.04618,4.23986,2.65034,1
0.10294,0.485229,3.73451,4.71372,5.20654,0.0946384,0.417407,3.19322,4.41055,3.24999,0.100905,0.830052,4.55765,8.22608,3.46104,0.0572914,0.348497,3.17513,6.08288,2.69624,1
0.101988,0.553762,3.9054,5.42967,5.1955,0.0930839,0.482568,3.14327,5.18422,3.2378,0.10151,0.788487,4.3836,7.76759,3.59013,0.0579673,0.248586,3.09415,4.28838,2.74447,1
0.104867,0.458743,3.76539,4.37452,5.43946,0.0937564,0.458426,3.15193,4.88955,3.28222,0.0975582,0.781047,4.41019,8.00596,3.43448,0.0584228,0.252844,3.07794,4.32783,2.74296,1
0.102811,0.498388,3.80568,4.84762,5.33421,0.0928995,0.48455,3.12187,5.21585,3.23073,0.0987352,0.63888,4.25718,6.47064,3.44802,0.0574535,0.28769,3.09145,5.00736,2.69728,1
0.104118,0.534926,3.76735,5.13769,5.42993,0.0933184,0.494979,3.16399,5.30419,3.18837,0.0986399,0.867017,4.91112,8.78972,3.6056,0.0573568,0.27772,3.16741,4.84198,2.68823,1
0.105244,0.532402,3.8042,5.05876,5.45219,0.0947018,0.440449,3.12859,4.6509,3.25368,0.100018,0.652963,4.09882,6.52846,3.52274,0.057705,0.278507,3.05532,4.82639,2.77269,1
0.105297,0.509976,3.83746,4.8432,5.41277,0.0947134,0.486391,3.16452,5.1354,3.19653,0.098301,0.742503,4.3098,7.55336,3.49319,0.0581476,0.25424,3.07342,4.37233,2.69912,1
0.103195,0.453993,3.78768,4.39937,5.25178,0.0936283,0.445097,3.03518,4.75387,3.19583,0.0979668,1.04691,4.89062,10.6863,3.54933,0.0579019,0.280305,3.18297,4.84104,2.75322,1
0.10399,0.48637,3.76571,4.67707,5.29421,0.093826,0.446818,3.09678,4.7622,3.18093,0.100328,0.821512,4.58343,8.18823,3.53165,0.0574657,0.263357,3.08632,4.58285,2.73396,1
0.104786,0.501727,3.85137,4.7881,5.3682,0.0930391,0.555492,3.1842,5.97052,3.20111,0.0969158,0.759814,4.51428,7.83994,3.36368,0.0566864,0.229811,3.06931,4.05408,2.64355,1
0.10485,0.527862,3.80112,5.03445,5.38027,0.0940435,0.377599,3.13375,4.01516,3.28276,0.0977805,0.777892,4.47285,7.95549,3.43403,0.0573657,0.245135,3.0719,4.27319,2.68572,1
0.10447,0.533458,3.88754,5.10631,5.449,0.093182,0.455803,3.25638,4.89154,3.21955,0.0985014,0.794364,4.90747,8.0645,3.48958,0.0584213,0.332709,3.22194,5.695,2.72126,1
0.105304,0.539099,3.82399,5.11946,5.51041,0.0940403,0.412402,3.15891,4.38538,3.36297,0.0985102,0.777319,4.66906,7.89075,3.55007,0.0580007,0.248159,3.10975,4.27855,2.73769,1
0.107093,0.563746,3.92594,5.26406,5.71528,0.0923463,0.439031,3.12943,4.75418,3.20826,0.0973669,0.653836,4.26481,6.71518,3.52932,0.057691,0.351584,3.25172,6.09426,2.74822,1
0.107115,0.516595,4.04998,4.8228,5.60078,0.0946718,0.51957,3.21806,5.48812,3.38186,0.0991158,0.896842,4.28709,9.04842,3.52253,0.0582056,0.287755,3.06585,4.94377,2.74101,1
0.105185,0.54483,3.8788,5.17972,5.42205,0.0921386,0.382279,3.06331,4.14895,3.23989,0.0978763,0.692971,4.08776,7.08007,3.4226,0.0573211,0.246932,3.11073,4.30787,2.67941,1
0.105143,0.512123,3.8321,4.87071,5.3518,0.0946179,0.429865,3.25335,4.54317,3.23052,0.0996921,0.607114,4.05747,6.08989,3.4349,0.0583927,0.244311,3.06456,4.18394,2.67794,1
0.105719,0.48847,3.86053,4.62044,5.58333,0.0940662,0.578363,3.28242,6.14847,3.29147,0.099343,0.722232,4.49073,7.27008,3.48041,0.0582538,0.250479,3.09689,4.29978,2.82335,1
0.105426,0.581316,3.95399,5.51398,5.42662,0.094239,0.444479,3.17827,4.71651,3.26007,0.0993366,0.690392,4.20993,6.95002,3.41858,0.0579822,0.272249,3.08432,4.69539,2.75094,1
0.106672,0.485121,3.9485,4.54779,5.49592,0.0939338,0.488151,3.23256,5.19675,3.30489,0.0978746,0.770743,4.59347,7.8748,3.45945,0.058786,0.305357,3.11715,5.19439,2.72299,1
0.107131,0.558803,3.93249,5.21608,5.56113,0.0930809,0.428233,3.15967,4.60065,3.24356,0.101484,0.80038,4.47697,7.88677,3.52975,0.0574986,0.328797,3.16522,5.71835,2.69937,1
0.108234,0.50656,4.04239,4.68021,5.62753,0.0947152,0.507347,3.23789,5.35655,3.28909,0.0991356,0.620058,4.00716,6.25464,3.46651,0.05855,0.269708,3.02073,4.60646,2.73525,1
0.106633,0.546084,4.11781,5.12117,5.46215,0.0942212,0.500129,3.1279,5.30803,3.22584,0.0981321,0.709758,4.03296,7.23267,3.54073,0.0579222,0.257793,3.0598,4.45067,2.69194,1
0.105733,0.493019,3.98388,4.66286,5.48236,0.0928402,0.43935,3.15079,4.73232,3.22326,0.0976455,0.91466,5.03299,9.36714,3.4623,0.0576385,0.228761,3.09392,3.9689,2.71331,1
0.107271,0.555364,4.06853,5.17719,5.55553,0.0953045,0.532407,3.29234,5.58637,3.4319,0.0990567,0.672672,4.10154,6.79078,3.56548,0.0584425,0.237249,3.0751,4.05952,2.7708,1
0.109258,0.528376,4.13768,4.83605,5.73099,0.0934259,0.549197,3.12264,5.87842,3.20004,0.0982501,0.697017,4.46044,7.09431,3.42973,0.0569543,0.26128,3.10797,4.58754,2.64444,1
0.106474,0.507406,3.94901,4.76556,5.41533,0.0932139,0.41908,3.05382,4.4959,3.26463,0.0979573,0.773191,4.44727,7.89314,3.45421,0.0566389,0.234968,3.08961,4.14852,2.66787,1
0.10977,0.578151,4.01417,5.26696,5.64716,0.0949589,0.426676,3.10794,4.49327,3.28029,0.0993528,0.755927,4.14736,7.60852,3.4477,0.0586456,0.278944,3.11853,4.75645,2.86452,1
0.112755,0.550293,4.07759,4.88044,5.93372,0.0941646,0.531078,3.21564,5.63989,3.35904,0.0996531,0.880169,4.75931,8.83233,3.44861,0.0588396,0.23958,3.12127,4.07175,2.75291,1
0.120271,0.590074,4.34596,4.90621,6.41219,0.0947623,0.484137,3.21999,5.10897,3.35728,0.0989925,0.782624,4.43654,7.9059,3.43932,0.0599482,0.241968,3.10504,4.03628,2.85708,1
0.166885,0.806086,5.38907,4.83018,9.33857,0.0974254,0.404357,3.08282,4.15043,3.56638,0.104339,0.770918,4.30812,7.3886,3.55242,0.0641783,0.286029,3.16506,4.45679,3.1451,1
0.171752,0.882823,5.38509,5.1401,9.73518,0.0982742,0.426298,3.12651,4.33784,3.49002,0.104131,0.663109,3.80579,6.36805,3.55577,0.0645072,0.291208,3.12756,4.51434,3.23933,1
0.173738,0.90059,5.62681,5.18362,9.87798,0.0976875,0.425992,3.19402,4.36076,3.58205,0.100562,0.612647,3.94603,6.09222,3.50929,0.0647268,0.275902,3.23402,4.26257,3.17102,1
0.171767,0.976024,5.6189,5.68225,9.66722,0.0979981,0.416157,3.1184,4.24659,3.50992,0.102636,0.784012,4.39838,7.63875,3.50688,0.0647818,0.291901,3.19135,4.50591,3.24485,1
0.169111,0.848405,5.50713,5.01684,9.52314,0.0969087,0.464848,3.16798,4.79676,3.38224,0.100711,0.589448,3.9087,5.85288,3.51751,0.0646042,0.366913,3.16938,5.6794,3.17293,1
0.17368,0.869006,5.50641,5.00348,9.7843,0.0978723,0.455283,3.30366,4.6518,3.50825,0.101411,0.781476,3.88329,7.70601,3.56578,0.0629995,0.265726,3.18891,4.2179,3.11706,1
0.168589,0.870855,5.46727,5.16554,9.43871,0.0979898,0.479875,3.22378,4.8972,3.51498,0.102689,0.76042,4.49229,7.40505,3.70581,0.0649883,0.297697,3.17097,4.58078,3.23652,1
0.166847,0.844476,5.68652,5.06137,9.29784,0.098393,0.587266,3.20712,5.96858,3.43272,0.103791,0.684775,4.01128,6.59765,3.56079,0.0640063,0.333072,3.32459,5.20374,3.15603,1
0.172507,0.778374,5.22158,4.51213,9.74728,0.0975734,0.535162,3.26421,5.48472,3.38026,0.101426,0.78264,4.34465,7.71638,3.59316,0.0644125,0.302733,3.20629,4.69991,3.2249,1
0.169814,1.00091,5.54756,5.89412,9.50497,0.0981287,0.477682,3.07495,4.86791,3.42059,0.103068,0.840352,4.49092,8.15334,3.61671,0.0641253,0.279976,3.17207,4.36607,3.11904,1
0.16882,0.859371,5.24878,5.09045,9.69005,0.0968231,0.575055,3.18667,5.93923,3.47972,0.100404,0.792398,4.2363,7.89212,3.57352,0.0641507,0.274939,3.26281,4.28583,3.13292,1
0.168484,0.794768,5.29543,4.71717,9.49642,0.0976664,0.44493,3.17472,4.55561,3.57387,0.102561,1.17053,5.01121,11.413,3.56909,0.0652228,0.329322,3.21924,5.04919,3.24049,1
0.169501,0.768675,5.23606,4.53492,9.51818,0.0978434,0.589714,3.19456,6.02712,3.55905,0.101315,0.78228,3.89156,7.72127,3.62214,0.064656,0.283485,3.25291,4.38451,3.14424,1
0.169922,0.898148,5.38418,5.28563,9.61276,0.09774,0.438017,3.11885,4.48145,3.5355,0.100291,0.664945,4.28863,6.63013,3.65014,0.0635534,0.253815,3.09242,3.99374,3.12068,1
0.165079,0.856344,5.75901,5.18749,9.18243,0.0973115,0.490996,3.15942,5.04561,3.54208,0.102698,0.858889,4.54681,8.36326,3.4285,0.0648206,0.281103,3.15212,4.33662,3.20574,1
0.165516,0.870939,5.50988,5.26197,9.34161,0.0976396,0.472581,3.12735,4.84006,3.52807,0.100139,0.629226,4.00855,6.28354,3.71445,0.0640871,0.301222,3.18181,4.7002,3.16031,1
0.165028,0.855725,5.37361,5.18534,9.13801,0.0972129,0.414271,3.01809,4.26149,3.42348,0.10133,0.780176,4.23574,7.69933,3.55373,0.0646539,0.278741,3.16944,4.31127,3.23933,1
0.168089,0.761041,5.37061,4.52761,9.56206,0.0972258,0.470624,3.16806,4.84052,3.39408,0.101985,0.647491,4.11189,6.3489,3.6246,0.0638408,0.297917,3.2647,4.66657,3.12657,1
0.164076,0.847772,5.51589,5.16696,9.14408,0.0970581,0.568291,3.2904,5.85516,3.49534,0.100962,0.757805,4.30626,7.50585,3.48827,0.0650934,0.300918,3.23999,4.62286,3.18247,1
0.16515,0.820164,5.34215,4.96617,9.3762,0.0964737,0.520984,3.14252,5.40027,3.45861,0.0997927,0.826151,4.17756,8.27867,3.37458,0.0632914,0.272955,3.15828,4.31268,3.07189,1
0.164114,0.827126,5.57831,5.03994,9.04448,0.0974452,0.433776,3.13225,4.45149,3.5021,0.0992415,0.688007,4.12575,6.93265,3.51391,0.0643428,0.308183,3.25007,4.7897,3.13049,1
0.163823,0.803124,5.53189,4.90239,9.07155,0.0978274,0.647454,3.188,6.61833,3.55024,0.101186,0.777809,4.32907,7.6869,3.47994,0.0638252,0.296751,3.16353,4.64943,3.06822,1
0.1632,0.781719,5.62417,4.78994,9.05838,0.0975076,0.416848,3.1403,4.27503,3.40311,0.102149,0.800428,4.48099,7.83585,3.58954,0.0655274,0.302968,3.23258,4.62352,3.18093,1
0.168459,0.830403,5.39844,4.92941,9.39422,0.0986112,0.462725,3.17307,4.69242,3.55069,0.103,0.802448,4.50368,7.79077,3.57445,0.0648161,0.278417,3.17694,4.29549,3.13716,1
0.16696,0.849132,5.30449,5.08584,9.23184,0.0975322,0.516336,3.17742,5.294,3.57925,0.101098,0.837759,4.21854,8.2866,3.60063,0.0653836,0.272057,3.17365,4.16093,3.19533,1
0.165631,0.853575,5.66106,5.15349,9.1544,0.098259,0.450502,3.13569,4.58484,3.52268,0.102225,0.925794,4.43657,9.05647,3.56883,0.0653081,0.290056,3.15897,4.44134,3.16102,1
0.164142,0.844311,5.44818,5.14377,9.21646,0.0975803,0.462558,3.14198,4.74028,3.51382,0.0993034,0.743869,4.01503,7.49086,3.55452,0.0646054,0.267073,3.1354,4.13392,3.17497,1
0.165239,0.867079,5.34874,5.24744,9.20058,0.0976623,0.52398,3.16402,5.36522,3.42001,0.0998197,0.553836,4.01503,5.54836,3.51427,0.0635295,0.270084,3.17988,4.25132,3.11181,1
0.166293,0.866078,5.55534,5.20815,9.43465,0.0977578,0.457819,3.15161,4.6832,3.53032,0.100948,0.830309,4.41966,8.22512,3.46775,0.0651779,0.284968,3.15414,4.37215,3.17082,1
0.157535,0.878244,5.75687,5.57491,8.73623,0.0978555,0.438215,3.12499,4.47819,3.56158,0.102594,0.754117,4.05668,7.35053,3.53925,0.0642655,0.308892,3.26464,4.80651,3.07644,1
0.162113,0.790874,5.53983,4.87852,9.07792,0.0982862,0.608485,3.26685,6.19095,3.54818,0.100819,0.786018,4.38392,7.79633,3.51227,0.0640692,0.297101,3.28962,4.6372,3.08235,1
0.155817,0.804712,5.46409,5.16448,8.55071,0.0972134,0.472822,3.15649,4.86376,3.4167,0.100892,0.715567,4.31523,7.09241,3.54446,0.0637773,0.282939,3.18187,4.43637,3.06062,1
0.156764,0.881833,5.39782,5.62521,8.75856,0.0983624,0.51647,3.13501,5.25068,3.49668,0.101457,0.892155,4.53136,8.7934,3.46215,0.064486,0.345624,3.25365,5.35968,3.08676,1
0.154163,0.786072,5.38099,5.09898,8.56377,0.0979289,0.419694,3.10246,4.2857,3.39635,0.101551,0.787128,3.91403,7.75103,3.61421,0.0627681,0.300965,3.15832,4.79486,3.04756,1
0.155015,0.855955,5.38572,5.52174,8.74558,0.0972331,0.436644,3.13986,4.49069,3.53058,0.101559,0.782924,4.07494,7.70908,3.57478,0.0630791,0.307931,3.15666,4.88166,3.05687,1
0.154791,0.84362,5.32624,5.45006,8.63048,0.09834,0.445102,3.14418,4.52615,3.52162,0.100277,0.770426,4.17265,7.68296,3.58366,0.0646993,0.313535,3.22154,4.84603,3.1042,1
0.145053,0.773098,5.26039,5.32974,8.10517,0.0966143,0.477463,3.12625,4.94195,3.35845,0.101178,0.868935,4.32926,8.58816,3.40129,0.0634213,0.272881,3.12529,4.30267,3.00819,1
0.142505,0.74146,5.39857,5.20303,7.72844,0.0953548,0.437332,3.13429,4.58637,3.39789,0.100074,0.656164,4.01733,6.55679,3.41476,0.0636265,0.304911,3.16999,4.7922,3.04123,1
0.148078,0.794815,5.15849,5.36755,7.98457,0.0970354,0.404275,3.11686,4.16626,3.47319,0.102212,0.792686,4.50093,7.75533,3.63877,0.0642969,0.272035,3.13417,4.23092,3.09168,1
0.145257,0.834959,5.20446,5.74816,8.05383,0.0977331,0.479609,3.138,4.90733,3.36872,0.0993732,0.698201,4.20676,7.02605,3.48229,0.0637713,0.297249,3.21309,4.66117,3.09934,1
0.143907,0.716668,5.02715,4.98008,7.84592,0.0972126,0.418972,3.14685,4.30985,3.4976,0.100693,0.809372,4.6715,8.038,3.42494,0.063807,0.253841,3.11979,3.97826,3.13624,1
0.139717,0.707695,5.34264,5.06521,7.64678,0.0983378,0.431554,3.14075,4.38849,3.47164,0.101672,0.791142,4.16926,7.78133,3.55777,0.0633153,0.278297,3.12641,4.39541,3.06779,1
0.139405,0.703878,4.98661,5.04916,7.54913,0.0984169,0.493945,3.02332,5.0189,3.42271,0.099111,0.567959,3.9101,5.73053,3.416,0.0636829,0.260595,3.09261,4.09208,3.0732,1
0.139753,0.70431,5.07165,5.03966,7.59516,0.0980496,0.414119,3.0696,4.22357,3.44835,0.101353,0.868674,4.57586,8.5708,3.49488,0.0627938,0.280068,3.18391,4.46013,2.97718,1
0.14241,0.738204,4.99983,5.18366,7.69039,0.0977472,0.467124,3.1187,4.7789,3.40987,0.101138,0.795745,4.30953,7.86791,3.50736,0.0622602,0.307888,3.16605,4.94518,3.00583,1
0.138554,0.779013,5.22516,5.62245,7.54977,0.0985423,0.450961,3.15196,4.57632,3.43728,0.102271,0.817037,4.26274,7.98891,3.53945,0.0636138,0.301073,3.1943,4.73283,3.04845,1
0.140578,0.717185,5.08841,5.10167,7.57818,0.0978309,0.447571,3.08638,4.57494,3.40668,0.102296,0.721588,4.18525,7.05391,3.44344,0.0643723,0.296815,3.17945,4.61091,3.08733,1
0.134471,0.758387,5.51431,5.63978,7.13061,0.0984606,0.414741,3.16584,4.21225,3.40473,0.101476,0.769141,4.27827,7.57954,3.63246,0.062428,0.284759,3.13733,4.5614,2.96546,1
0.140521,0.695033,5.02942,4.94612,7.63806,0.0980981,0.440417,3.16379,4.48955,3.36869,0.10003,0.653353,4.32408,6.53156,3.48836,0.0636847,0.285857,3.11954,4.48863,3.03415,1
0.139543,0.74676,5.17492,5.35147,7.63265,0.0978864,0.456455,3.18455,4.66311,3.493,0.102222,0.711547,4.05455,6.96077,3.53562,0.0623743,0.286304,3.07488,4.5901,2.89561,1
0.135083,0.702757,5.22298,5.2024,7.23151,0.0976281,0.466674,3.14673,4.78012,3.5488,0.10066,0.654386,4.04647,6.50095,3.46891,0.0633279,0.313003,3.14785,4.94258,3.03974,1
0.135635,0.798526,5.11207,5.88733,7.12645,0.0982505,0.464985,3.07749,4.73265,3.49312,0.0983634,0.669659,3.69526,6.80801,3.48525,0.063323,0.267182,3.16175,4.21936,3.0138,1
0.134965,0.797325,5.2538,5.90765,7.33032,0.0972911,0.394837,3.02904,4.05831,3.38283,0.101013,0.960607,4.25106,9.50978,3.62721,0.0632759,0.295275,3.14834,4.66647,2.96635,1
0.131884,0.852129,5.27969,6.46122,7.01353,0.0984833,0.450853,3.16487,4.57797,3.42065,0.102694,0.690185,4.22719,6.72077,3.57695,0.0635684,0.376773,3.15258,5.92704,3.04695,1
0.128504,0.687842,4.94548,5.35268,6.66161,0.096497,0.443654,3.20336,4.5976,3.39814,0.100396,0.809909,4.3937,8.06714,3.47208,0.0621726,0.269013,3.05887,4.32687,2.98887,1
0.12588,0.674231,4.99754,5.35615,6.62442,0.0964773,0.472629,3.1077,4.89886,3.32381,0.100276,0.879527,4.77068,8.77102,3.4043,0.0620231,0.238849,3.03734,3.85097,2.9153,1
0.125751,0.70478,4.90926,5.60457,6.4953,0.0983705,0.580529,3.26124,5.90145,3.42917,0.0999653,0.692724,4.11196,6.92964,3.45872,0.062642,0.236385,2.98661,3.77358,3.00652,1
0.124343,0.732105,5.08022,5.88781,6.53475,0.0989631,0.543613,3.24085,5.49309,3.42877,0.101105,0.754456,4.37395,7.46207,3.50417,0.0634775,0.444729,3.41335,7.00609,2.99717,1
0.122733,0.679048,4.84994,5.53272,6.43886,0.0958258,0.420616,3.11881,4.38939,3.38113,0.101342,0.722131,4.61386,7.12567,3.4191,0.0617384,0.295778,3.19285,4.79082,2.90231,1
0.120498,0.904862,4.83634,7.50937,6.16819,0.0976097,0.467732,3.09476,4.79186,3.36963,0.101152,0.747002,4.20198,7.38497,3.45862,0.0621815,0.258023,3.08086,4.14951,2.93119,1
0.116646,0.673001,4.49479,5.76959,5.80922,0.097911,0.409755,3.10672,4.18497,3.31607,0.104786,0.856271,4.18439,8.1716,3.47988,0.0635414,0.278361,3.09791,4.38079,2.99172,1
0.117915,0.831618,4.77355,7.05268,6.00335,0.09705,0.43441,3.11226,4.47614,3.38467,0.10165,0.632625,4.23215,6.22355,3.38689,0.0613481,0.317625,3.10013,5.17743,2.80478,1
0.112836,0.620267,4.42461,5.49707,5.61926,0.096578,0.46052,3.12597,4.76838,3.33876,0.100526,0.775871,4.73282,7.71815,3.38724,0.062131,0.272711,3.17711,4.38929,2.97527,1
0.112479,0.581317,4.55229,5.16825,5.49913,0.096578,0.458994,3.0393,4.75257,3.32637,0.0992544,0.597163,3.94961,6.01649,3.42461,0.0600838,0.273946,3.05628,4.5594,2.71153,1
0.111316,0.646634,4.33096,5.80898,5.50546,0.0970304,0.563506,3.15015,5.80752,3.31276,0.101728,0.621471,3.85565,6.10912,3.32503,0.0611267,0.295859,3.08353,4.84009,2.81825,1
0.111096,0.600828,4.38669,5.40818,5.47499,0.0966472,0.458477,3.13453,4.74382,3.33331,0.0990485,0.770443,4.1669,7.77844,3.43633,0.060983,0.280374,3.08831,4.59758,2.90131,1
0.110858,0.608549,4.60934,5.48945,5.41911,0.0969725,0.443524,3.16751,4.57371,3.38764,0.102283,0.628337,4.1287,6.14314,3.51299,0.0630008,0.264273,3.06467,4.19475,2.99915,1
0.110163,0.621627,4.36896,5.64277,5.39108,0.0981026,0.433751,3.12284,4.4214,3.35022,0.103728,0.711596,4.01925,6.86019,3.42549,0.0611091,0.325306,3.11618,5.32337,2.79512,1
0.110021,0.550746,4.27387,5.00582,5.36581,0.097658,0.54219,3.14765,5.55192,3.29353,0.100487,0.748715,4.24365,7.45089,3.33278,0.0610799,0.246658,3.07961,4.03828,2.75437,1
0.107,0.555784,4.22208,5.19424,5.22277,0.0972405,0.499743,3.14493,5.13925,3.29876,0.101028,0.775783,4.50607,7.67887,3.5191,0.0623618,0.27898,3.16111,4.47357,2.93994,1
0.107275,0.535576,4.0733,4.99253,5.0887,0.0968895,0.418701,3.07319,4.32143,3.3818,0.100241,0.73673,4.28871,7.34958,3.3598,0.0618063,0.340983,3.18482,5.51696,2.88178,1
0.107796,0.712829,4.23315,6.61277,5.15942,0.0978839,0.500413,3.26777,5.11231,3.35164,0.101183,0.724882,4.40893,7.16406,3.41098,0.0604932,0.290724,3.08731,4.80589,2.75417,1
0.105718,0.575983,4.15289,5.44827,4.95592,0.098168,0.47221,3.14693,4.81022,3.43046,0.099725,0.831143,4.13526,8.33435,3.37738,0.0604407,0.291122,3.04561,4.81665,2.77356,1
0.103841,0.645415,3.94324,6.21544,4.74786,0.0995526,0.528414,3.20497,5.30789,3.42209,0.103102,0.672912,4.20607,6.52664,3.44153,0.0606957,0.268168,3.08814,4.41823,2.79679,1
0.106779,0.64747,4.1755,6.06365,5.08607,0.0987259,0.550197,3.09664,5.57297,3.3963,0.101639,0.885245,5.11321,8.70967,3.44247,0.0614388,0.253464,3.03325,4.12548,2.80861,1
0.105285,0.531612,3.87992,5.04925,5.02573,0.0987988,0.460591,3.13916,4.66191,3.33923,0.105016,0.833194,4.21772,7.93394,3.54259,0.0610384,0.270442,3.19178,4.4307,2.86893,1
0.104222,0.520259,4.03318,4.99183,4.83644,0.0974427,0.501304,3.11615,5.1446,3.3141,0.101965,0.826388,5.02543,8.10459,3.5531,0.0615668,0.291907,3.16828,4.74131,2.87949,1
0.103456,0.52075,4.00036,5.03354,4.8013,0.0988235,0.443229,3.03546,4.48506,3.20305,0.103495,0.754294,3.97228,7.28822,3.45571,0.0602013,0.265846,3.10047,4.41595,2.73383,1
0.103012,0.555978,3.90844,5.39719,4.8784,0.0979773,0.492714,3.13431,5.02886,3.45755,0.100443,0.664278,3.93837,6.61346,3.32554,0.0613524,0.26374,3.08179,4.29876,2.84163,1
0.0993062,0.5301,3.77179,5.33804,4.3215,0.0971578,0.438963,2.99707,4.51804,3.26063,0.100954,0.686519,4.17418,6.80032,3.37244,0.0603012,0.287686,3.07516,4.77081,2.73937,1
0.102758,0.540346,3.92684,5.25844,4.7594,0.0985714,0.436209,3.10402,4.42531,3.27771,0.100265,0.672111,3.96111,6.70337,3.46461,0.0612438,0.248766,3.13476,4.06189,2.84158,1
0.101502,0.691685,3.96672,6.8145,4.66334,0.0995785,0.542648,3.16427,5.44945,3.39274,0.100446,0.838338,4.45009,8.34617,3.43652,0.0602105,0.366806,3.20144,6.09206,2.70606,1
0.100483,0.484916,3.66521,4.82586,4.49573,0.0975085,0.467525,3.15499,4.79471,3.31635,0.100954,0.7044,4.27647,6.97747,3.40666,0.0603627,0.305182,3.11668,5.0558,2.75111,1
0.099363,0.469168,3.74881,4.72176,4.3903,0.0982563,0.45524,3.08856,4.63319,3.31896,0.102128,0.699475,3.95733,6.849,3.48666,0.0606894,0.323256,3.09903,5.32641,2.77547,1
0.102586,0.53294,3.82222,5.19503,4.60449,0.0986413,0.431054,3.17007,4.36991,3.39873,0.102431,0.753274,3.97341,7.35397,3.4307,0.0603422,0.241984,3.05851,4.0102,2.76109,1
0.1,0.540432,3.65272,5.40432,4.28802,0.0982863,0.484036,3.05501,4.92475,3.43009,0.101051,0.765911,4.12758,7.57947,3.36407,0.0592449,0.29392,3.07412,4.96111,2.63755,1
0.102748,0.516071,3.64115,5.02268,4.52306,0.0989818,0.533191,3.06522,5.38675,3.34575,0.100484,0.601686,3.9089,5.98788,3.54058,0.0604422,0.260828,3.05178,4.31533,2.74344,1
0.100773,0.484972,3.68853,4.81251,4.36716,0.0966177,0.435679,3.09608,4.50931,3.27528,0.10205,0.829501,4.22034,8.12838,3.36826,0.0602625,0.262344,3.089,4.35335,2.69229,1
0.100699,0.498068,3.86937,4.94612,4.37137,0.0989839,0.51925,3.17111,5.24581,3.48438,0.105187,0.689869,3.9084,6.55847,3.43965,0.0603194,0.267342,3.10528,4.43211,2.73683,1
0.102112,0.548691,3.81221,5.37343,4.40724,0.0977953,0.404434,3.07714,4.13551,3.30015,0.101216,0.758765,4.14331,7.4965,3.4056,0.0605876,0.275023,3.06659,4.53926,2.72171,1
0.102746,0.606594,3.76437,5.90382,4.65668,0.0972765,0.520015,3.16336,5.34574,3.3263,0.100277,0.624762,4.21127,6.23037,3.34744,0.0601009,0.283768,3.0502,4.72152,2.72538,1
0.103233,0.528276,3.83054,5.11733,4.52361,0.0977193,0.389567,3.07623,3.98659,3.16941,0.100119,0.738538,4.48574,7.3766,3.34803,0.0600654,0.273804,3.01074,4.55843,2.71193,1
0.104725,0.557265,3.86731,5.32124,4.76363,0.0974757,0.516329,3.18231,5.297,3.23475,0.101843,0.699664,3.98869,6.87003,3.32811,0.0611577,0.27631,3.06956,4.518,2.7128,1
0.105442,0.533033,4.04,5.05522,4.69989,0.0982897,0.633434,3.17881,6.44456,3.28585,0.102142,0.737068,4.08037,7.21611,3.38157,0.0606618,0.280168,3.09978,4.61852,2.68481,1
0.10416,0.558816,3.97792,5.36496,4.53433,0.0972786,0.468898,3.04696,4.82015,3.26678,0.102061,0.705986,4.11846,6.91729,3.38029,0.060225,0.271442,3.17031,4.50713,2.67471,1
0.105118,0.545442,3.86773,5.18887,4.6258,0.0984446,0.443356,3.18199,4.50361,3.31198,0.0999606,0.874944,4.64361,8.75289,3.48587,0.0604147,0.281024,3.19619,4.65158,2.68677,1
0.103017,0.633738,3.98359,6.15181,4.56342,0.0964936,0.514836,3.13203,5.33544,3.26026,0.0999767,0.719838,4.07103,7.20005,3.42237,0.0600421,0.329063,3.15369,5.48055,2.68028,1
0.106134,0.583937,3.96463,5.5019,4.79545,0.0975018,0.436158,3.07435,4.47333,3.26039,0.104303,0.73035,3.93538,7.00219,3.49708,0.0600372,0.27779,3.11126,4.62696,2.6534,1
0.105773,0.530147,3.85229,5.01212,4.85424,0.0990547,0.456584,3.08925,4.60941,3.38253,0.100789,0.645195,3.92257,6.40144,3.35049,0.0599652,0.266783,3.12594,4.44897,2.70425,1
0.106232,0.536683,4.06165,5.052,4.94396,0.0985354,0.538793,3.12485,5.46802,3.31758,0.103049,0.791696,4.38327,7.68271,3.46837,0.0595083,0.242302,3.11117,4.07173,2.65521,1
0.106344,0.524684,3.94326,4.93382,4.79952,0.0978241,0.452936,3.14609,4.6301,3.28491,0.102498,0.826281,4.4901,8.06141,3.43994,0.060513,0.270711,3.15597,4.4736,2.80576,1
0.10593,0.577263,4.03656,5.44945,4.86044,0.0960256,0.428596,3.07456,4.46335,3.2701,0.100429,0.63824,4.12963,6.35511,3.48264,0.0598863,0.263514,3.06781,4.40024,2.65637,1
0.108894,0.642891,4.00717,5.90384,5.01038,0.0976725,0.462482,3.14571,4.73503,3.41037,0.101681,0.697206,3.91744,6.85682,3.49899,0.0608425,0.263058,3.09879,4.32359,2.76883,1
0.107406,0.534911,3.90727,4.98027,4.88781,0.0974317,0.519609,3.08231,5.33306,3.2555,0.10051,0.728284,4.38707,7.24587,3.43402,0.0595567,0.267116,3.08152,4.48507,2.69103,1
0.108716,0.555542,4.06075,5.11003,5.13434,0.0981821,0.442962,3.12677,4.51164,3.45819,0.100791,0.906331,4.61707,8.99221,3.40584,0.0601026,0.267156,3.22657,4.445,2.70564,1
0.110179,0.59332,4.03056,5.38507,5.1626,0.0979045,0.44228,3.113,4.51746,3.28542,0.102988,0.706987,4.18825,6.86477,3.46202,0.0603245,0.265976,3.07452,4.40909,2.68452,1
0.109818,0.627405,3.91644,5.71313,5.09846,0.0982859,0.463157,3.17477,4.71234,3.26193,0.102916,0.834296,4.25933,8.10656,3.44259,0.0618218,0.345696,3.1374,5.59182,2.77147,1
0.108537,0.505749,3.89357,4.65971,5.05642,0.0968597,0.440438,3.1158,4.54718,3.34504,0.101825,0.857879,4.79929,8.42502,3.37375,0.0593002,0.24497,3.09147,4.13101,2.63847,1
0.109699,0.498147,3.84866,4.54104,5.19214,0.0971805,0.458048,3.14612,4.71337,3.36075,0.101013,0.911424,4.676,9.02287,3.45707,0.0591638,0.274825,2.99394,4.64515,2.68033,1
0.110202,0.509722,3.90635,4.62536,5.10885,0.096269,0.511896,3.07439,5.31736,3.21823,0.101308,0.768988,4.22803,7.59056,3.3361,0.0586521,0.256929,3.18809,4.38056,2.62053,1
0.108409,0.632927,4.01268,5.8383,5.10778,0.098273,0.411427,3.04161,4.18658,3.31584,0.103341,0.774871,4.61057,7.49816,3.5146,0.0603383,0.299704,3.18595,4.96707,2.75817,1
0.108751,0.539186,3.83238,4.95799,5.08285,0.0969587,0.411699,3.07332,4.24613,3.24589,0.101675,1.00254,4.76232,9.86029,3.47634,0.0591124,0.299977,3.08636,5.07469,2.6216,1
0.109444,0.503415,3.82267,4.59976,5.09291,0.0975834,0.519792,3.09308,5.32664,3.23906,0.103765,0.860648,4.23709,8.29418,3.46309,0.0596459,0.252981,3.10218,4.24137,2.6766,1
0.110201,0.532682,3.82733,4.83374,5.11695,0.0970288,0.437185,3.0744,4.50572,3.21923,0.102516,0.662038,3.98115,6.45788,3.3357,0.0594206,0.244215,3.04509,4.10994,2.62748,1
0.110059,0.608283,3.90885,5.52689,5.1453,0.0996241,0.45851,3.13758,4.6024,3.39859,0.102862,0.764142,4.27748,7.42882,3.46017,0.0594012,0.234181,3.04872,3.94236,2.62497,1
0.11047,0.583133,3.88001,5.27864,5.26045,0.0988911,0.468098,3.11497,4.73347,3.36657,0.102157,0.838556,4.2439,8.20851,3.42871,0.0608682,0.252944,3.0823,4.15561,2.79826,1
0.111066,0.565898,3.91032,5.09515,5.19478,0.097871,0.467963,3.20242,4.78143,3.30504,0.100641,0.683416,4.13812,6.79061,3.36368,0.058947,0.291257,3.14985,4.941,2.6354,1
0.111793,0.524969,3.78212,4.69592,5.19426,0.0988713,0.423506,3.07331,4.28341,3.26059,0.102952,0.90974,4.47011,8.83653,3.34041,0.0601798,0.270085,3.06383,4.48797,2.68259,1
0.113766,0.655299,4.05251,5.76007,5.36379,0.0987171,0.537293,3.09877,5.44276,3.2881,0.101167,0.848648,4.14072,8.38857,3.3474,0.0603342,0.312747,3.14686,5.18358,2.73671,1
0.111202,0.621571,4.00371,5.58957,5.19993,0.0981231,0.481049,3.21174,4.9025,3.24561,0.100723,0.640104,3.91538,6.3551,3.36951,0.0601181,0.271764,3.0762,4.5205,2.66752,1
0.112779,0.578117,3.98664,5.12612,5.35467,0.0992897,0.44553,3.03473,4.48718,3.30274,0.103969,0.564152,3.72725,5.42615,3.4442,0.059942,0.247329,3.11634,4.12614,2.7145,1
0.13759,0.659171,4.43408,4.79084,6.94999,0.0989536,0.462606,3.13176,4.67498,3.20561,0.103583,0.959627,4.23611,9.26436,3.61992,0.0608108,0.256894,3.14081,4.22448,2.64152,1
0.137145,0.690935,4.42774,5.03799,7.01157,0.0995903,0.441083,3.03866,4.42898,3.3244,0.10367,0.693979,4.07786,6.69412,3.4632,0.0616266,0.266059,3.09989,4.31728,2.81117,1
0.135816,0.735377,4.52537,5.41452,6.83503,0.100136,0.432857,3.07673,4.3227,3.3759,0.104346,0.755192,4.05183,7.23741,3.40454,0.0624707,0.279995,3.15394,4.48203,2.81447,1
0.141272,0.711226,4.31802,5.03445,7.36118,0.102297,0.528326,3.2493,5.16461,3.40117,0.10413,0.61148,3.89572,5.87228,3.4931,0.0615176,0.290973,3.14974,4.72991,2.79683,1
0.13923,0.775969,4.65418,5.57329,7.11246,0.0988322,0.460379,3.1044,4.65819,3.30201,0.102913,0.589409,3.77437,5.72726,3.45472,0.0609967,0.296032,3.18155,4.85325,2.76093,1
0.141476,0.654134,4.35263,4.62364,7.2716,0.101469,0.480559,3.12629,4.73604,3.46715,0.104972,0.741808,4.24128,7.06674,3.48337,0.0622826,0.300891,3.1506,4.83107,2.81371,1
0.145444,0.786753,4.43799,5.40931,7.57897,0.0994738,0.545478,3.14376,5.48363,3.27688,0.104857,0.799464,4.13661,7.6243,3.51587,0.0631028,0.305862,3.22223,4.84705,2.80005,1
0.142256,0.66733,4.48579,4.69104,7.31291,0.101124,0.492077,3.05745,4.86609,3.39129,0.105272,0.708683,3.84415,6.73193,3.48226,0.0617331,0.33446,3.19182,5.41783,2.74081,1
0.148473,0.691124,4.62127,4.65487,7.72141,0.100257,0.423915,3.11691,4.22827,3.35338,0.10263,0.779261,3.96873,7.59289,3.53874,0.0626143,0.347282,3.14157,5.54637,2.85309,1
0.147329,0.721902,4.79015,4.89993,7.59109,0.101176,0.699239,3.28236,6.91111,3.392,0.103966,0.772521,4.21649,7.43049,3.47675,0.0626446,0.351288,3.16543,5.60764,2.86758,1
0.150193,0.700075,4.6045,4.66117,8.0559,0.100074,0.458006,3.11767,4.57668,3.32362,0.103084,1.00947,4.64712,9.79269,3.48218,0.0627908,0.27307,3.13781,4.34889,2.86287,1
0.152348,0.728077,4.81127,4.77903,8.03906,0.0997167,0.392543,3.10508,3.93659,3.37595,0.105843,1.01433,4.2871,9.5833,3.41936,0.0612398,0.295871,3.11727,4.83135,2.83485,1
0.157961,0.886055,4.73984,5.60932,8.44717,0.0997172,0.489276,3.21412,4.90664,3.35078,0.10557,0.851032,4.08207,8.06128,3.51114,0.062806,0.258295,3.14755,4.11259,2.80096,1
0.156418,0.819618,5.043,5.23993,8.21262,0.100709,0.465812,3.06758,4.6253,3.42583,0.104413,0.819498,4.20147,7.84864,3.43094,0.0629276,0.248017,3.18436,3.94132,2.90402,1
0.158546,0.767717,4.72221,4.84225,8.32306,0.102307,0.482526,3.18527,4.71646,3.43352,0.104265,0.857959,4.00823,8.22866,3.44544,0.0635471,0.351223,3.19454,5.52696,2.9133,1
0.161843,0.753898,4.67807,4.65822,8.65338,0.100989,0.460755,3.12089,4.56242,3.38897,0.104551,0.829847,4.00698,7.93725,3.55923,0.0634826,0.267898,3.15064,4.22003,2.85152,1
0.163239,0.804768,5.01479,4.93,8.77087,0.102111,0.576836,3.21164,5.64913,3.51224,0.104584,0.860598,4.25657,8.22877,3.4785,0.0630238,0.273236,3.12892,4.33545,2.81748,1
0.161165,0.952043,4.79757,5.90726,8.53547,0.101157,0.472532,3.07677,4.67128,3.37022,0.107668,0.699478,4.05168,6.49662,3.43349,0.064806,0.375159,3.19652,5.78896,2.94853,1
0.163847,0.793098,4.93896,4.84048,8.60124,0.102185,0.460413,3.16182,4.50567,3.53869,0.104856,0.766647,4.37687,7.31146,3.48596,0.0632487,0.283694,3.16042,4.48538,2.78586,1
0.164127,0.752159,4.71505,4.5828,8.83297,0.101609,0.49275,3.24777,4.84946,3.42851,0.105629,0.788041,4.30036,7.46044,3.40623,0.0638484,0.256393,3.08018,4.01566,2.8708,1
0.16522,0.76929,4.98282,4.65616,8.77541,0.103382,0.455093,3.11147,4.40203,3.49041,0.104291,0.786784,4.00292,7.54408,3.58924,0.0641611,0.357307,3.28187,5.56891,2.90962,1
0.166644,0.881063,5.07087,5.28709,8.91536,0.102076,0.550493,3.2063,5.39298,3.50464,0.105357,0.639769,3.72952,6.0724,3.5768,0.0637091,0.285731,3.22842,4.48494,2.8814,1
0.167653,0.809644,5.18197,4.82927,8.91897,0.102781,0.492543,3.17077,4.79214,3.44541,0.105752,0.657575,3.77856,6.21807,3.56772,0.0652148,0.295027,3.19319,4.52393,2.91236,1
0.166486,0.902412,5.24665,5.42036,8.96295,0.101026,0.433289,3.11181,4.28889,3.43253,0.104881,0.668531,4.01398,6.3742,3.43361,0.0647515,0.283157,3.22878,4.37298,2.96168,1
0.164212,0.860423,5.04876,5.23971,8.70743,0.10002,0.494731,3.12727,4.94634,3.35519,0.106352,0.796936,4.06644,7.49339,3.50556,0.063058,0.30708,3.14704,4.8698,2.91803,1
0.170273,0.819908,4.76397,4.81526,9.11348,0.10184,0.482034,3.07253,4.73326,3.44276,0.106271,0.719492,3.89177,6.77034,3.52821,0.0644392,0.284808,3.20008,4.41979,2.96475,1
0.17362,0.858303,4.94866,4.94356,9.30194,0.103524,0.453754,3.17491,4.3831,3.51985,0.104762,0.657957,3.8535,6.28052,3.43522,0.0650806,0.270255,3.16943,4.15262,2.95485,1
0.172978,0.760329,4.85381,4.39551,9.44212,0.101628,0.554989,3.17609,5.46101,3.36293,0.105819,0.798698,4.52758,7.54776,3.49361,0.0648157,0.301959,3.2385,4.65873,2.95758,1
0.173283,0.870952,4.95018,5.02618,9.42568,0.102857,0.472539,3.05791,4.59415,3.474,0.106246,0.729934,3.85785,6.8702,3.5331,0.0656675,0.301964,3.18522,4.59838,3.00035,1
0.168471,0.817602,4.92341,4.85306,9.21384,0.102073,0.455467,3.12541,4.46219,3.41904,0.108117,0.682851,3.84041,6.31584,3.6052,0.0646404,0.307688,3.20939,4.76,3.01373,1
0.162906,0.747489,4.85419,4.58846,8.86039,0.10207,0.465167,3.08229,4.55735,3.37009,0.104581,0.689354,3.81944,6.59158,3.67191,0.0636673,0.274777,3.1586,4.31583,2.83022,1
0.161053,0.753229,4.86696,4.67691,8.76709,0.101353,0.471478,3.24532,4.65182,3.4591,0.105604,0.882218,4.48014,8.35404,3.64043,0.0644557,0.312275,3.17965,4.8448,2.96378,1
0.163241,0.780825,4.88557,4.78325,8.88036,0.1021,0.482299,3.14889,4.72381,3.39205,0.105197,0.689301,3.7921,6.55245,3.5412,0.0646796,0.293749,3.13021,4.5416,2.86442,1
0.165556,0.788147,5.04224,4.76061,8.94095,0.103672,0.484123,3.17651,4.66975,3.53706,0.106759,0.668775,3.85305,6.26436,3.43403,0.0658874,0.294984,3.14542,4.4771,2.9929,1
0.171369,0.8094,4.97058,4.72314,9.43133,0.103037,0.482588,3.17676,4.68365,3.40904,0.106617,0.716869,4.06266,6.72379,3.48334,0.0647984,0.301898,3.22377,4.65904,2.95688,1
0.161583,0.818744,4.65694,5.06701,8.72159,0.101664,0.460472,3.12847,4.52935,3.43749,0.105078,0.967301,4.34685,9.20553,3.49432,0.065192,0.345666,3.24232,5.30229,3.01546,1
0.160475,0.782876,4.98539,4.87849,8.6725,0.100853,0.460038,3.07617,4.56148,3.29676,0.10605,0.74638,3.84853,7.03801,3.61069,0.0646317,0.275017,3.25485,4.25514,2.96862,1
0.162632,0.787699,4.73719,4.84343,8.73366,0.101522,0.491981,3.17983,4.84604,3.45744,0.105566,0.828875,4.13049,7.85172,3.49026,0.0647642,0.257002,3.07809,3.96828,2.91593,1
0.159655,0.817758,4.93001,5.12202,8.67297,0.10162,0.546215,3.04782,5.37508,3.39429,0.106332,0.680195,3.7518,6.3969,3.54712,0.0647364,0.28818,3.15932,4.45159,2.96318,1
0.165228,0.753976,4.69791,4.56325,9.15708,0.104191,0.477746,3.13167,4.5853,3.49424,0.108076,0.773805,3.93195,7.15979,3.404,0.0652598,0.3124,3.13258,4.78701,2.88208,1
0.16352,0.748968,4.79729,4.58029,9.04474,0.101671,0.519274,3.10158,5.10738,3.34892,0.104514,0.70801,3.69829,6.7743,3.54976,0.0641436,0.298116,3.21587,4.64764,2.94198,1
0.161799,0.734148,4.86228,4.53741,8.89307,0.102262,0.438455,3.16746,4.28758,3.49916,0.105934,0.864404,3.80918,8.15983,3.54384,0.0647856,0.30186,3.19345,4.65936,2.96521,1
0.160132,0.799972,4.80244,4.99571,8.77791,0.101246,0.48431,3.11968,4.7835,3.40121,0.104379,0.651564,4.05556,6.24229,3.55906,0.0635395,0.39663,3.2507,6.24226,2.86039,1
0.153615,0.790413,4.98979,5.14542,8.3368,0.102816,0.484305,3.12605,4.7104,3.39185,0.105915,0.668217,3.7417,6.30899,3.47515,0.0650011,0.294798,3.07594,4.53527,2.86171,1
0.151167,0.77323,4.90974,5.11506,7.95739,0.100308,0.425122,3.05197,4.23817,3.28431,0.107738,0.746835,3.83645,6.93198,3.39158,0.0636324,0.297363,3.15271,4.67315,2.87758,1
0.149808,0.816578,5.01003,5.45083,7.9798,0.101094,0.492188,3.0564,4.86861,3.23659,0.105776,0.756018,3.88178,7.14738,3.46008,0.0636021,0.294805,3.19412,4.63514,2.81269,1
0.149326,0.829617,4.85159,5.55573,7.83892,0.101559,0.496929,3.08428,4.89303,3.41489,0.10554,0.685839,3.96845,6.49841,3.61064,0.0653665,0.278165,3.10033,4.25547,2.96972,1
0.149801,0.822687,4.82471,5.49188,7.88498,0.102104,0.499488,3.07926,4.89197,3.34532,0.107037,0.765336,3.8805,7.1502,3.50053,0.0640522,0.289121,3.11284,4.51383,2.83481,1
0.149846,0.795733,5.14378,5.31035,7.91022,0.101214,0.426578,3.06676,4.2146,3.31933,0.106345,0.812444,3.86359,7.63968,3.53097,0.0646511,0.300893,3.15281,4.65411,2.8739,1
0.167173,0.879068,5.34887,5.25845,9.31741,0.103708,0.475782,3.09885,4.58769,3.43997,0.107596,0.701742,3.76307,6.52201,3.40382,0.0674177,0.319227,3.13246,4.73507,3.07604,1
0.169987,0.888945,5.20794,5.2295,9.40424,0.103341,0.567321,3.20465,5.48979,3.36365,0.107394,0.672128,3.69671,6.25854,3.5109,0.0662032,0.255926,3.12437,3.86576,3.04566,1
0.160341,0.988126,5.15995,6.16263,8.64347,0.104856,0.416775,3.02232,3.97474,3.39955,0.109019,0.85245,3.92122,7.81927,3.4926,0.0670088,0.307658,3.13122,4.59131,3.00006,1
0.159417,0.838087,5.31221,5.2572,8.69702,0.10464,0.459743,3.09085,4.39359,3.40063,0.107867,0.710872,3.64424,6.59025,3.49362,0.0683377,0.285308,3.1513,4.17498,3.13304,1
0.159392,0.838486,4.93571,5.26054,8.66344,0.103952,0.476356,3.10527,4.58246,3.33313,0.108233,0.65132,3.6815,6.01775,3.48918,0.0673705,0.288138,3.09892,4.27692,3.11267,1
0.154352,0.825521,5.01636,5.34829,8.07305,0.104952,0.594351,3.17448,5.66309,3.32647,0.109994,0.752234,3.8459,6.83886,3.54656,0.0672163,0.323758,3.20983,4.81665,2.97105,1
0.150208,0.782225,4.95902,5.20761,7.82396,0.105316,0.419528,3.01193,3.98351,3.25495,0.108321,0.820902,4.01336,7.57844,3.37372,0.0669824,0.297372,3.11369,4.43956,2.97903,1
0.153777,0.921797,5.32467,5.99436,8.02312,0.105503,0.462758,3.06276,4.38622,3.33707,0.109511,0.829999,3.94826,7.57912,3.57164,0.0669305,0.296905,3.15633,4.43603,2.89174,1
0.155576,0.856602,5.14319,5.50599,8.1946,0.105507,0.504238,3.06712,4.7792,3.38604,0.110227,0.716962,3.78556,6.50443,3.43005,0.0682188,0.312874,3.23875,4.58633,3.05002,1
0.151882,0.864322,5.41335,5.69073,7.69465,0.105563,0.477212,3.06961,4.52064,3.37483,0.109169,0.668283,3.72624,6.12155,3.3852,0.0677117,0.302109,3.11115,4.4617,2.99033,1
0.150229,0.821294,5.70274,5.46696,7.62989,0.1069,0.47979,3.01447,4.4882,3.30579,0.109028,0.762465,3.86783,6.99331,3.44075,0.0680344,0.311542,3.16928,4.57918,3.14661,1
0.151966,0.797893,5.34281,5.25047,7.85017,0.107138,0.414707,3.10759,3.87075,3.44488,0.108424,0.585942,3.5203,5.40415,3.43432,0.068338,0.322358,3.19256,4.71712,3.06932,1
0.15544,0.935694,5.45509,6.01966,8.11897,0.106671,0.472079,3.07596,4.42558,3.34203,0.109106,0.718223,3.6973,6.58283,3.40582,0.0682211,0.356575,3.15341,5.22676,3.11598,1
0.155915,0.769212,5.24156,4.93353,8.10242,0.108064,0.588262,3.14603,5.44367,3.38012,0.111292,0.583609,3.41925,5.24394,3.42019,0.0680349,0.314229,3.19622,4.61865,3.02024,1
0.155325,0.971631,5.61753,6.25549,8.06115,0.107001,0.606291,3.21726,5.66622,3.39745,0.108249,0.655477,3.55799,6.05527,3.43096,0.0695367,0.312955,3.13503,4.50057,3.12784,1
0.154437,0.85827,5.78442,5.5574,7.96576,0.108962,0.474888,3.15406,4.35831,3.37246,0.113071,0.810569,3.95907,7.1687,3.35155,0.0695555,0.300133,3.17927,4.31501,3.11589,1
0.155343,0.843184,5.61616,5.42788,8.15438,0.107083,0.496909,3.03576,4.64042,3.37173,0.110665,0.872679,3.94063,7.88574,3.35455,0.0683347,0.30668,3.15844,4.4879,3.08471,1
0.163656,0.916232,5.82646,5.59852,8.75887,0.108654,0.497976,3.12115,4.58314,3.34198,0.112215,0.582299,3.42549,5.18913,3.36816,0.0713641,0.306787,3.14667,4.2989,3.18853,1
0.156237,0.935262,5.98603,5.98619,8.1112,0.10908,0.434988,3.02147,3.9878,3.45091,0.109753,0.686401,3.51703,6.25403,3.42834,0.0693452,0.290249,3.15509,4.18557,3.14206,1
0.14537,0.89172,5.50077,6.13416,7.47299,0.107615,0.537256,3.06888,4.99239,3.31002,0.111413,0.826902,3.68296,7.42197,3.35148,0.0675896,0.283622,3.07446,4.19624,2.95385,1
0.135743,0.757532,4.85749,5.58063,6.77174,0.110224,0.523147,3.17325,4.74622,3.36604,0.113671,0.804299,3.79836,7.07568,3.56122,0.0697105,0.323936,3.14061,4.64688,3.16661,1
0.131943,0.710525,4.72842,5.38511,6.37107,0.110889,0.457364,3.02512,4.12453,3.35607,0.11413,0.732439,3.42563,6.4176,3.52945,0.0685681,0.307428,2.99229,4.48355,2.93657,1
0.125568,0.626738,4.17002,4.99124,5.99283,0.108324,0.446283,2.98482,4.11987,3.2715,0.112668,0.637721,3.51699,5.66015,3.41296,0.0691097,0.376504,3.08789,5.44792,3.03118,1
0.122485,0.700796,3.75778,5.72146,5.62669,0.111823,0.561285,3.0571,5.0194,3.31835,0.114911,0.70092,3.46644,6.09969,3.48995,0.0684009,0.288018,3.05321,4.21073,2.98799,1
0.121928,0.599939,3.85356,4.92045,5.6894,0.110546,0.639116,3.17377,5.78146,3.46048,0.115154,0.709078,3.64603,6.15765,3.50842,0.0686772,0.268092,3.03487,3.90365,2.9519,1
0.118854,0.57352,3.74423,4.82542,5.41337,0.111337,0.516293,3.04348,4.63722,3.3189,0.113134,0.703341,3.5286,6.21686,3.41056,0.0677672,0.295121,3.03466,4.35493,2.80728,1
0.121214,0.588924,3.74466,4.85855,5.57893,0.112972,0.554377,3.08905,4.9072,3.46085,0.115962,0.66461,3.45512,5.73127,3.54301,0.0678975,0.307387,3.0814,4.52723,2.93502,1
0.120182,0.626963,3.62165,5.21677,5.39067,0.110946,0.536229,3.03552,4.83327,3.31391,0.115118,0.701675,3.50903,6.09529,3.35082,0.0677065,0.302062,3.12406,4.46135,2.82674,1
0.120702,0.609525,3.65468,5.04986,5.42564,0.110531,0.56998,3.01493,5.15673,3.30388,0.116222,0.886618,3.57478,7.62866,3.3849,0.0674932,0.279841,3.07502,4.14622,2.78082,1
0.126006,0.567787,3.65127,4.50605,5.86282,0.115201,0.538454,3.11817,4.67405,3.43562,0.117108,0.797655,3.62466,6.81127,3.43485,0.0690171,0.325359,3.13522,4.71417,2.8842,1
0.128882,0.67701,3.70793,5.25296,6.15204,0.113,0.494509,3.00924,4.37619,3.34828,0.116732,0.691846,3.47835,5.9268,3.43346,0.0688866,0.300329,3.04302,4.35976,2.9408,1
0.143859,0.728486,3.89124,5.0639,7.08472,0.116027,0.506481,2.99796,4.36521,3.43257,0.119334,0.678114,3.34295,5.68247,3.4075,0.0695069,0.329069,3.10902,4.73434,2.94517,1
0.153044,0.70552,3.94299,4.60991,7.79196,0.114874,0.489396,3.05009,4.26027,3.39456,0.118889,0.561772,3.26804,4.72517,3.36866,0.0683344,0.312496,3.06118,4.57304,2.80739,1
0.166229,0.834901,4.34803,5.0226,8.55236,0.117582,0.58937,3.07906,5.01241,3.57418,0.119133,0.76327,3.556,6.40687,3.50283,0.0699315,0.294389,3.10897,4.20967,2.90978,1
0.175446,0.748221,4.18329,4.26468,9.22881,0.119061,0.497456,3.08913,4.17816,3.53418,0.121666,0.740857,3.53899,6.08925,3.47123,0.0717723,0.305683,3.13907,4.25907,3.01758,1
0.182842,0.972066,4.38566,5.31644,9.81879,0.117944,0.51399,3.02992,4.35793,3.65058,0.12282,0.618605,3.3823,5.03666,3.40823,0.0698539,0.279062,3.14824,3.99495,2.89895,1
0.183039,0.765173,4.23368,4.18039,9.91119,0.119371,0.525543,3.05396,4.4026,3.67911,0.124334,0.777132,3.44346,6.25035,3.42741,0.071674,0.32741,3.14278,4.56804,2.96813,1
0.184322,0.790341,4.30337,4.28784,10.0623,0.116433,0.550758,3.08134,4.73027,3.69972,0.120481,0.647254,3.30902,5.37224,3.45364,0.071365,0.322636,3.08449,4.52092,3.10096,1
0.173683,0.7719,4.02037,4.4443,9.32246,0.117448,0.504678,3.01808,4.29702,3.50401,0.122432,0.675455,3.47377,5.51698,3.41421,0.0707899,0.369162,3.25539,5.2149,2.99341,1
0.165095,0.80145,4.06727,4.85449,8.79544,0.116882,0.483983,2.9671,4.14079,3.54199,0.122481,0.731107,3.22203,5.96915,3.46618,0.0696748,0.343594,3.07821,4.93139,2.86058,1
0.173171,0.787528,4.1462,4.54768,9.19242,0.120603,0.503724,3.04618,4.17671,3.55896,0.127035,0.85156,3.49777,6.70333,3.57976,0.0712059,0.300055,3.13037,4.2139,2.97311,1
0.177687,0.914735,4.35261,5.148,9.54276,0.118702,0.528993,3.09608,4.4565,3.66808,0.124354,0.788603,3.40661,6.34157,3.54547,0.0700459,0.322241,3.19771,4.60042,2.94426,1
0.176544,0.777885,4.33996,4.40617,9.30904,0.119337,0.48797,3.08999,4.089,3.49622,0.123901,0.764779,3.33636,6.1725,3.47707,0.0720599,0.296086,3.14157,4.10889,3.00066,1
0.193024,0.993686,4.83006,5.148,10.4071,0.121988,0.481729,3.09426,3.949,3.63255,0.126464,0.722059,3.24724,5.70958,3.45248,0.0733516,0.32193,3.2231,4.38886,3.11076,1
0.176903,0.786758,4.36798,4.44739,9.30297,0.123008,0.496629,3.07423,4.03737,3.46195,0.129403,0.793021,3.23648,6.12833,3.40621,0.073593,0.327407,3.29305,4.44888,3.05601,1
0.171013,0.927095,4.69659,5.42121,8.83767,0.120817,0.486707,3.02449,4.02846,3.46144,0.127828,0.736923,3.22843,5.76497,3.4553,0.0756927,0.319111,3.31737,4.21587,3.16362,1
0.175143,0.86985,4.74479,4.96652,9.17624,0.121114,0.521468,3.1746,4.30561,3.62722,0.126845,0.704228,3.32026,5.5519,3.39492,0.075451,0.366317,3.3369,4.85504,3.17556,1
0.169925,0.927826,5.25506,5.46022,8.57819,0.123412,0.589867,3.14132,4.77964,3.66343,0.129388,0.827233,3.29053,6.39341,3.3897,0.0769159,0.375304,3.42224,4.87941,3.26938,1
0.175514,0.892362,5.06303,5.08429,8.82871,0.125818,0.579935,3.20528,4.60931,3.65894,0.129423,0.613581,3.10915,4.7409,3.50509,0.077604,0.371031,3.29344,4.78108,3.16481,1
0.169582,0.873801,5.11457,5.15268,8.26507,0.125856,0.58071,3.04008,4.61408,3.59659,0.133077,0.844556,3.29031,6.34635,3.41423,0.0794618,0.350195,3.39652,4.40709,3.31322,1
0.184589,0.957177,5.41083,5.18545,9.16907,0.128,0.669134,3.144,5.22759,3.60545,0.13432,0.778095,3.30096,5.79282,3.55109,0.0828558,0.34373,3.51382,4.14853,3.50944,1
0.179644,0.909213,5.00815,5.06118,8.85367,0.127663,0.557431,3.12702,4.36644,3.57789,0.134907,0.760212,3.1648,5.63506,3.51736,0.0841485,0.382861,3.45572,4.54983,3.52856,1
0.171559,0.938196,4.31351,5.46863,7.89845,0.129624,0.591933,3.15256,4.56652,3.56558,0.133705,0.736248,3.13771,5.5065,3.41536,0.0820858,0.394587,3.37125,4.80701,3.43304,1
0.169235,0.83481,4.07643,4.93284,7.6324,0.130406,0.511784,3.01721,3.92453,3.61837,0.137801,0.712981,3.27398,5.17397,3.51853,0.0823188,0.339093,3.38389,4.11926,3.35109,1
0.157953,0.73268,3.71121,4.63861,6.61078,0.13071,0.518997,2.94965,3.9706,3.5006,0.137852,0.852867,3.09256,6.18681,3.45447,0.0809975,0.380004,3.26017,4.69156,3.17578,1
0.150922,0.704549,3.87865,4.6683,6.10691,0.128651,0.479823,2.87229,3.72964,3.41378,0.137994,0.634244,3.00629,4.59617,3.49395,0.0789342,0.37715,3.25485,4.77803,3.04678,1
0.158322,0.71505,3.5093,4.51643,6.78236,0.129044,0.499526,2.86496,3.87098,3.58743,0.138563,0.778189,3.09827,5.61612,3.58391,0.0808584,0.390783,3.29347,4.83293,3.09451,1
0.170493,0.720082,3.35986,4.22353,7.74778,0.130717,0.607217,2.94073,4.64527,3.57957,0.13958,0.824545,3.1929,5.90732,3.49227,0.0823737,0.371972,3.19501,4.51567,3.17317,1
0.167693,0.719756,3.3978,4.29209,7.75619,0.12646,0.454013,2.79188,3.59018,3.4979,0.137841,0.726368,3.08486,5.2696,3.37964,0.0770275,0.314636,3.2032,4.08473,2.90756,1
0.179606,0.856688,3.53024,4.76983,8.6715,0.12685,0.545344,2.84597,4.29914,3.41475,0.136969,0.681142,2.99067,4.97296,3.36148,0.0799985,0.376742,3.36854,4.70936,3.01094,1
0.192035,0.945029,3.7571,4.92112,9.37597,0.130202,0.510803,2.78095,3.92316,3.40587,0.14158,0.742739,3.0821,5.24606,3.36262,0.0805409,0.371176,3.33317,4.60854,3.0317,1
0.199987,0.855965,3.86094,4.28011,10.1769,0.129958,0.592578,2.86832,4.55978,3.55511,0.142822,0.942682,3.05115,6.60039,3.47464,0.0809241,0.379767,3.34741,4.69288,3.06732,1
0.224452,1.00142,4.43137,4.46161,12.0011,0.130177,0.536073,2.83822,4.11805,3.79776,0.143413,0.892825,3.4931,6.22555,3.69437,0.0823484,0.350585,3.50776,4.25733,3.31363,1
0.265924,1.20926,5.18836,4.54738,14.7868,0.133645,0.569157,3.00436,4.25872,3.99527,0.141848,0.758207,3.1703,5.3452,3.70696,0.0891464,0.378784,3.62758,4.24901,3.72721,1
0.201147,1.06192,4.81622,5.27931,10.1112,0.133027,0.564488,2.99372,4.2434,3.68361,0.143723,0.670023,2.98524,4.66192,3.57081,0.0845143,0.356139,3.53957,4.21394,3.41072,1
0.196895,1.02557,4.42841,5.20871,9.72867,0.130877,0.550056,2.95388,4.20284,3.71986,0.14653,0.912672,3.07252,6.22855,3.58191,0.0884683,0.466406,3.56877,5.27201,3.58356,1
0.19559,0.962287,4.19071,4.91992,9.80451,0.134035,0.523972,2.96267,3.90921,3.93817,0.148812,0.892304,3.06687,5.99618,3.72783,0.0897544,0.400061,3.5477,4.45728,3.69864,1
0.166464,0.784324,3.70693,4.71166,7.55657,0.130398,0.584112,3.00714,4.47945,3.79267,0.145048,0.799713,3.0054,5.51342,3.5216,0.0846654,0.398738,3.47051,4.70958,3.31181,1
0.162382,0.803583,3.83651,4.9487,7.18847,0.132174,0.585184,2.90519,4.42737,3.66103,0.146589,0.742703,3.03525,5.06658,3.3753,0.0852932,0.363431,3.43055,4.26096,3.27109,1
0.170059,0.831103,3.80798,4.88715,7.59874,0.133025,0.525074,3.05968,3.94719,3.74056,0.14634,0.934188,3.03267,6.38369,3.39276,0.0884037,0.380189,3.46199,4.30059,3.37317,1
0.163065,0.773561,3.2386,4.74389,7.05271,0.133921,0.55337,2.93071,4.13208,3.62225,0.148125,0.598924,2.83859,4.04338,3.46073,0.0870988,0.3928,3.11605,4.50982,3.115,1
0.197983,0.823517,3.69188,4.15954,9.78661,0.135287,0.620797,2.88784,4.58873,3.81412,0.150344,0.71345,2.96854,4.74544,3.53646,0.0885887,0.373503,3.05833,4.21614,3.27341,1
0.188466,0.827984,3.64316,4.39329,9.27157,0.133935,0.472376,2.79381,3.52689,3.69275,0.150384,0.733373,2.95613,4.87668,3.6166,0.0866095,0.363015,3.15353,4.1914,3.1048,1
0.215431,1.11641,4.45871,5.18222,10.9138,0.135693,0.530223,2.93509,3.90752,3.98107,0.150555,0.736002,2.87591,4.88859,3.50216,0.089616,0.342472,3.23706,3.82155,3.35643,1
0.183842,1.01917,3.88558,5.54371,8.13229,0.138924,0.52382,2.98244,3.77054,3.68435,0.156486,0.826185,2.9582,5.27962,3.53806,0.0889475,0.345133,3.09531,3.88019,3.04441,1
0.163867,0.726312,3.26448,4.43232,6.71239,0.136321,0.631414,2.95375,4.63182,3.68664,0.155656,0.895639,3.01257,5.75396,3.49396,0.0869011,0.357098,3.25833,4.10924,2.96341,1
0.158307,0.693898,3.32691,4.38323,6.94483,0.128852,0.520711,2.84501,4.04115,3.31966,0.150227,0.867427,3.05444,5.77409,3.5159,0.0849239,0.322107,3.08292,3.79289,2.87255,1
0.161192,0.767089,3.59628,4.75885,7.00745,0.126957,0.516678,2.83705,4.06971,3.47173,0.148223,0.617736,2.93743,4.16762,3.47782,0.083884,0.348628,2.91649,4.15607,2.89421,1
0.18293,0.916525,3.91184,5.01024,8.93135,0.135755,0.542408,2.88572,3.9955,3.95131,0.151296,0.743504,2.93535,4.91424,3.48643,0.0923863,0.346722,3.02196,3.75296,3.27958,1
0.214418,1.08929,4.37405,5.08021,10.4984,0.142942,0.569832,3.13507,3.98645,4.34956,0.154083,0.618838,2.87838,4.01625,3.48864,0.0994787,0.43801,3.29018,4.40305,3.88959,1
0.237279,1.22802,4.25214,5.17543,12.2646,0.143922,0.645224,3.33371,4.48314,4.58601,0.152384,0.939076,3.00836,6.16258,3.65703,0.101341,0.451832,3.38526,4.45855,4.04149,1
0.198753,0.757397,3.39301,3.81074,10.1069,0.132064,0.630241,2.83676,4.77225,4.06952,0.144329,0.694414,2.98571,4.81134,3.46763,0.0922853,0.366053,2.85791,3.96654,3.37358,1
0.236133,0.97182,3.61248,4.11556,12.5731,0.136432,0.503273,2.84085,3.68882,4.33338,0.144429,0.677352,3.04734,4.68984,3.63216,0.0953817,0.386236,2.87994,4.04937,3.62643,1
0.202979,0.860084,3.56114,4.2373,10.7149,0.121839,0.560558,2.91987,4.6008,3.71317,0.13519,0.749435,3.12692,5.54358,3.62388,0.0898672,0.44093,2.8342,4.90647,3.44217,1
0.221037,0.921509,3.46557,4.16903,11.4753,0.121884,0.523371,2.98464,4.294,3.87034,0.126623,0.711666,3.1194,5.62034,3.42497,0.0939567,0.383002,2.89842,4.07637,3.62968,1
0.207205,0.805406,3.16874,3.887,10.2621,0.120704,0.591698,2.99085,4.90206,3.60467,0.121649,0.733697,3.26727,6.03126,3.52596,0.0891233,0.336811,2.82197,3.77916,3.45866,1
0.261519,1.06149,3.81991,4.05893,13.3544,0.13502,0.550035,3.08827,4.07374,4.13226,0.127366,0.665931,3.1836,5.22849,3.77769,0.0995017,0.368529,2.99565,3.70375,3.94621,1
0.20162,0.804949,3.50093,3.99241,10.4476,0.1277,0.513866,2.86481,4.024,3.74783,0.122137,0.937817,3.47518,7.67839,3.608,0.0910264,0.384254,2.82089,4.22134,3.45898,1
0.222893,1.11474,3.57095,5.00122,10.4679,0.158537,0.623375,3.0094,3.93206,3.92841,0.148586,0.899446,3.03014,6.05337,3.6439,0.101765,0.432317,2.80478,4.2482,3.66183,1
0.259228,1.29827,3.16828,5.00822,12.6712,0.172318,0.699729,3.23552,4.06069,4.19968,0.16392,0.740909,2.80384,4.51996,3.60185,0.110663,0.407535,2.84611,3.68265,4.23389,1
0.231657,1.06397,3.2931,4.59287,10.1431,0.177881,0.643214,2.50075,3.61597,3.79869,0.18334,0.861914,2.65613,4.70119,3.64655,0.106266,0.412255,2.6587,3.87944,3.62409,1
0.234569,1.02108,3.44631,4.353,10.8821,0.139409,0.511199,2.66618,3.66689,3.8949,0.164899,0.715827,2.59236,4.341,3.5989,0.0957709,0.323314,2.74345,3.37591,3.67376,1
0.247496,0.991914,3.16235,4.00781,12.4887,0.140205,0.527821,2.90396,3.76464,4.31591,0.15023,0.702431,2.93242,4.67571,3.53789,0.091489,0.372146,2.75728,4.06766,3.73747,1
0.297187,1.19837,3.46687,4.03238,14.9067,0.170513,0.63092,2.65306,3.70012,4.46575,0.164425,0.680557,2.79861,4.13901,3.85412,0.108626,0.400143,2.99796,3.68366,4.28816,1
0.291645,1.16396,3.1737,3.99101,15.6099,0.176789,0.628104,2.43787,3.55285,4.39612,0.163915,0.872983,2.78736,5.32582,3.75447,0.109962,0.467356,3.04637,4.25014,4.25108,1
0.343735,1.25618,2.73546,3.65449,18.8576,0.175371,0.59809,2.54231,3.41043,4.86621,0.16105,0.616925,2.7639,3.83064,3.80735,0.11693,0.501176,3.65162,4.28611,4.69666,1
0.314805,1.08793,2.74113,3.45589,17.0227,0.14647,0.744263,3.21909,5.08134,4.62444,0.150016,0.729049,2.94556,4.85982,3.67292,0.109334,0.44053,3.05433,4.02921,3.93285,1
0.325715,2.27938,4.59614,6.99807,16.457,0.14836,0.644284,2.94024,4.3427,5.00195,0.156088,0.678679,2.92057,4.34805,3.94487,0.118744,0.484337,3.04655,4.07883,4.41537,1
0.353077,2.57997,5.23725,7.30709,17.0585,0.184211,0.70485,2.74119,3.82633,6.27048,0.183824,0.944251,3.00112,5.1367,3.85227,0.134141,0.535099,3.18023,3.98908,4.79361,1
0.429673,3.63713,9.02287,8.46486,22.1573,0.190949,0.76989,2.83392,4.03191,5.68744,0.187361,0.8762,3.01363,4.67654,4.23485,0.142417,0.686778,3.76069,4.8223,5.83423,1
0.415563,2.6757,5.71083,6.43872,22.2222,0.162803,0.807805,3.15673,4.96187,6.00557,0.155378,0.876598,3.46522,5.64172,4.34239,0.127804,0.529759,3.81346,4.14508,5.69069,1
0.371674,3.46671,11.7874,9.32728,18.0374,0.13659,0.616446,3.32119,4.51311,5.65416,0.12072,0.778609,3.57099,6.44972,4.07357,0.117382,0.549778,3.77302,4.68365,5.96199,1
0.447666,3.11756,6.16155,6.96402,21.6399,0.190849,0.709784,2.93865,3.71909,6.33233,0.165188,0.844117,2.78599,5.11005,3.95281,0.129864,0.56545,3.35809,4.35416,5.47741,1
0.672129,5.00339,17.11,7.44409,31.1715,0.191073,0.852715,3.4743,4.46276,7.53194,0.176175,0.970113,2.8366,5.50653,4.05982,0.124598,0.550403,3.78602,4.41742,5.2426,1
0.53093,4.24472,12.7965,7.99488,26.3481,0.171063,0.752043,3.61825,4.39628,7.1995,0.160415,0.713053,3.15035,4.44506,4.23144,0.146858,0.709272,3.97025,4.82965,7.32115,1
0.445907,3.0628,4.62428,6.8687,21.959,0.173189,0.677549,3.12831,3.91219,6.33653,0.149464,0.798037,3.28271,5.33934,4.19919,0.146387,0.545876,2.95739,3.729,6.00094,1
0.386975,2.31736,3.46886,5.98841,20.3936,0.176685,0.771448,3.09927,4.36624,6.10828,0.139393,0.791122,3.12648,5.67548,4.1705,0.143374,0.539348,2.88323,3.76182,6.6516,1
0.724996,5.00075,15.5777,6.89763,32.5326,0.218293,1.11884,5.45274,5.1254,8.3071,0.170566,0.767089,2.90196,4.49731,4.31411,0.148322,0.544939,2.90671,3.67403,6.30372,1
0.46199,2.87651,6.75997,6.22636,22.8095,0.170814,0.90891,3.91126,5.32103,7.48909,0.177873,0.765348,2.68079,4.30278,4.22739,0.116583,0.530315,3.25959,4.54883,5.89999,1
0.483832,3.6943,7.89176,7.63549,23.1127,0.193634,0.892632,3.33063,4.60989,8.60047,0.1874,0.846366,2.86434,4.51635,4.31928,0.13054,0.628311,3.69717,4.81315,6.31497,1
